date,company,ticker,open,high,low,close,adj_close,volume,daily_return
2020-12-28,JYP,035900.KQ,37150.0,38800.0,36400.0,38500.0,36848.77734375,1101597,
2020-12-29,JYP,035900.KQ,38500.0,38800.0,37650.0,38650.0,37140.91015625,552737,0.007927883462042429
2020-12-30,JYP,035900.KQ,38650.0,39100.0,38050.0,38400.0,36900.671875,483327,-0.006468292786561469
2021-01-04,JYP,035900.KQ,38400.0,38450.0,37450.0,37550.0,36083.859375,677984,-0.02213543706648291
2021-01-05,JYP,035900.KQ,37550.0,37650.0,36650.0,37250.0,35795.5703125,757871,-0.00798941874548309
2021-01-06,JYP,035900.KQ,37400.0,37850.0,36650.0,36700.0,35267.046875,572010,-0.01476505145429785
2021-01-07,JYP,035900.KQ,36650.0,37050.0,36500.0,36650.0,35218.99609375,668591,-0.0013624838342805035
2021-01-08,JYP,035900.KQ,37300.0,38250.0,36650.0,37800.0,36324.09765625,1220627,0.03137799724780099
2021-01-11,JYP,035900.KQ,38100.0,38150.0,35550.0,36200.0,34786.5703125,1719033,-0.04232802582737938
2021-01-12,JYP,035900.KQ,36200.0,37300.0,35650.0,36900.0,35459.23828125,921925,0.019337001685052257
2021-01-13,JYP,035900.KQ,36900.0,38200.0,36550.0,37000.0,35555.3359375,1090658,0.002710088002674693
2021-01-14,JYP,035900.KQ,37150.0,37950.0,37000.0,37050.0,35603.3828125,633453,0.001351326706192868
2021-01-15,JYP,035900.KQ,37450.0,38100.0,36150.0,36250.0,34834.6171875,681564,-0.021592488248900144
2021-01-18,JYP,035900.KQ,36150.0,36600.0,35200.0,35900.0,34498.28125,449879,-0.009655221290064575
2021-01-19,JYP,035900.KQ,35600.0,36600.0,35600.0,36500.0,35074.85546875,357336,0.01671312882435272
2021-01-20,JYP,035900.KQ,36700.0,38750.0,36550.0,38500.0,36996.765625,1984739,0.05479452817595587
2021-01-21,JYP,035900.KQ,38600.0,38750.0,37500.0,37850.0,36372.14453125,740982,-0.016883127030107747
2021-01-22,JYP,035900.KQ,37850.0,38800.0,37300.0,38000.0,36516.28515625,1011279,0.00396293996017083
2021-01-25,JYP,035900.KQ,38400.0,38600.0,37600.0,37700.0,36228.00390625,690233,-0.007894594117842768
2021-01-26,JYP,035900.KQ,37750.0,37800.0,36250.0,36400.0,34978.76171875,870210,-0.03448277721104265
2021-01-27,JYP,035900.KQ,36900.0,36900.0,35000.0,35200.0,33825.6171875,1510032,-0.032966991242342036
2021-01-28,JYP,035900.KQ,34450.0,35500.0,34000.0,34150.0,32816.61328125,999684,-0.029829578590006345
2021-01-29,JYP,035900.KQ,34500.0,34700.0,32050.0,32500.0,31231.03515625,1119411,-0.048316324156031376
2021-02-01,JYP,035900.KQ,32050.0,33700.0,31400.0,33600.0,32288.0859375,754544,0.033846165391621996
2021-02-02,JYP,035900.KQ,33750.0,35550.0,33400.0,34100.0,32768.5625,939832,0.01488092429604082
2021-02-03,JYP,035900.KQ,34300.0,34600.0,33950.0,34300.0,32960.7578125,402083,0.005865234781049722
2021-02-04,JYP,035900.KQ,34350.0,34350.0,33350.0,33450.0,32143.943359375,420001,-0.024781422131478825
2021-02-05,JYP,035900.KQ,33600.0,33800.0,32900.0,33350.0,32047.845703125,318179,-0.0029896038322246854
2021-02-08,JYP,035900.KQ,33050.0,33750.0,32800.0,33400.0,32095.896484375,292457,0.0014993451258820123
2021-02-09,JYP,035900.KQ,33700.0,33700.0,33000.0,33150.0,31855.658203125,314183,-0.007485015455697019
2021-02-10,JYP,035900.KQ,33300.0,34450.0,33200.0,33800.0,32480.275390625,528299,0.019607731333541434
2021-02-15,JYP,035900.KQ,33900.0,34500.0,33800.0,34150.0,32816.61328125,396487,0.01035514282376071
2021-02-16,JYP,035900.KQ,34250.0,36450.0,33850.0,36450.0,35026.8046875,1548236,0.06734977151078558
2021-02-17,JYP,035900.KQ,36500.0,38200.0,35500.0,37600.0,36131.90625,2257281,0.03155016771753605
2021-02-18,JYP,035900.KQ,37750.0,38200.0,36400.0,37000.0,35555.3359375,1048365,-0.0159573732011441
2021-02-19,JYP,035900.KQ,36950.0,37150.0,35200.0,36700.0,35267.046875,826583,-0.0081081799650764
2021-02-22,JYP,035900.KQ,36700.0,37150.0,35400.0,35650.0,34258.046875,572125,-0.028610277565237707
2021-02-23,JYP,035900.KQ,35200.0,36250.0,34700.0,35500.0,34113.90625,562824,-0.004207496870032856
2021-02-24,JYP,035900.KQ,35850.0,37450.0,35100.0,35500.0,34113.90625,1259163,0.0
2021-02-25,JYP,035900.KQ,36150.0,37700.0,35700.0,37450.0,35987.76171875,1558779,0.05492937264403719
2021-02-26,JYP,035900.KQ,36300.0,36900.0,35850.0,36500.0,35074.85546875,1054336,-0.025367130557729767
2021-03-02,JYP,035900.KQ,37050.0,38200.0,36750.0,37800.0,36324.09765625,1482936,0.035616460019714635
2021-03-03,JYP,035900.KQ,37700.0,38250.0,37150.0,37950.0,36468.2421875,910732,0.003968289387780599
2021-03-04,JYP,035900.KQ,37500.0,37500.0,36350.0,36950.0,35507.28125,1044756,-0.026350623991122424
2021-03-05,JYP,035900.KQ,36300.0,38400.0,36000.0,37450.0,35987.76171875,2420151,0.013531885625571505
2021-03-08,JYP,035900.KQ,37550.0,37600.0,35500.0,35700.0,34306.09375,1642690,-0.04672888472177006
2021-03-09,JYP,035900.KQ,35400.0,35750.0,33600.0,34200.0,32864.66015625,1078608,-0.04201683829858949
2021-03-10,JYP,035900.KQ,34750.0,35250.0,33200.0,33300.0,31999.802734375,607663,-0.026315726916486204
2021-03-11,JYP,035900.KQ,33400.0,34400.0,33400.0,34300.0,32960.7578125,518613,0.030030031313059258
2021-03-12,JYP,035900.KQ,34400.0,34950.0,34300.0,34500.0,33152.9453125,644453,0.0058307973710214345
2021-03-15,JYP,035900.KQ,34500.0,34500.0,33650.0,34300.0,32960.7578125,356628,-0.005796996260466147
2021-03-16,JYP,035900.KQ,34400.0,35150.0,34300.0,35000.0,33633.421875,410465,0.020408027822858443
2021-03-17,JYP,035900.KQ,35000.0,35400.0,34800.0,35150.0,33777.56640625,328527,0.004285752778462992
2021-03-18,JYP,035900.KQ,35600.0,35850.0,35050.0,35200.0,33825.6171875,385881,0.0014225649258470252
2021-03-19,JYP,035900.KQ,34650.0,35350.0,34500.0,35350.0,33969.76171875,312519,0.004261401364858752
2021-03-22,JYP,035900.KQ,35100.0,35400.0,34800.0,35400.0,34017.8046875,232718,0.0014142863040302878
2021-03-23,JYP,035900.KQ,35400.0,35900.0,35200.0,35400.0,34017.8046875,397899,0.0
2021-03-24,JYP,035900.KQ,35050.0,36200.0,34750.0,36150.0,34738.52734375,692674,0.021186630438701837
2021-03-25,JYP,035900.KQ,36200.0,36600.0,35500.0,36500.0,35074.85546875,433751,0.009681703593014124
2021-03-26,JYP,035900.KQ,36500.0,36500.0,35500.0,35700.0,34306.09375,464541,-0.02191774444900929
2021-03-29,JYP,035900.KQ,35500.0,35500.0,34850.0,34850.0,33489.28125,375023,-0.023809545498021056
2021-03-30,JYP,035900.KQ,34950.0,35750.0,34700.0,35600.0,34209.99609375,318517,0.02152076177358997
2021-03-31,JYP,035900.KQ,35550.0,36200.0,35100.0,35600.0,34209.99609375,309757,0.0
2021-04-01,JYP,035900.KQ,35650.0,35700.0,34550.0,34700.0,33345.13671875,511779,-0.025280896631204364
2021-04-02,JYP,035900.KQ,34750.0,35150.0,34550.0,34900.0,33537.328125,278205,0.0057637012518809705
2021-04-05,JYP,035900.KQ,34900.0,35100.0,34500.0,34550.0,33200.9921875,286915,-0.010028704023361978
2021-04-06,JYP,035900.KQ,34600.0,34700.0,34200.0,34400.0,33056.8515625,290748,-0.004341455345249212
2021-04-07,JYP,035900.KQ,34600.0,35900.0,34300.0,35000.0,33633.421875,576216,0.017441779396621948
2021-04-08,JYP,035900.KQ,35400.0,35500.0,34800.0,34950.0,33585.37890625,295998,-0.001428429403601994
2021-04-09,JYP,035900.KQ,35000.0,35100.0,34050.0,34300.0,32960.7578125,529463,-0.018598006456725158
2021-04-12,JYP,035900.KQ,34450.0,34450.0,33900.0,34050.0,32720.515625,411895,-0.00728873373806016
2021-04-13,JYP,035900.KQ,33900.0,34200.0,33800.0,34200.0,32864.66015625,272240,0.00440532578709929
2021-04-14,JYP,035900.KQ,33900.0,34100.0,33800.0,33950.0,32624.41796875,327811,-0.00731004630377452
2021-04-15,JYP,035900.KQ,34000.0,34250.0,33850.0,34100.0,32768.5625,250118,0.004418302002753727
2021-04-16,JYP,035900.KQ,34100.0,34800.0,34100.0,34800.0,33441.234375,484837,0.02052796411194424
2021-04-19,JYP,035900.KQ,34800.0,34800.0,34200.0,34350.0,33008.80078125,341022,-0.012931149278188059
2021-04-20,JYP,035900.KQ,34350.0,34600.0,34150.0,34500.0,33152.9453125,226884,0.004366851501369284
2021-04-21,JYP,035900.KQ,34300.0,34300.0,33750.0,33850.0,32528.32421875,429752,-0.018840591321896638
2021-04-22,JYP,035900.KQ,34100.0,34350.0,33950.0,34150.0,32816.61328125,207036,0.008862708713835987
2021-04-23,JYP,035900.KQ,34050.0,34050.0,33700.0,33800.0,32480.275390625,241592,-0.010249012832081905
2021-04-26,JYP,035900.KQ,33950.0,34050.0,33700.0,33800.0,32480.275390625,194767,0.0
2021-04-27,JYP,035900.KQ,33750.0,34000.0,33700.0,33950.0,32624.41796875,207850,0.004437849630012813
2021-04-28,JYP,035900.KQ,33950.0,34000.0,33300.0,33350.0,32047.845703125,288469,-0.017673028410109315
2021-04-29,JYP,035900.KQ,33600.0,33750.0,33000.0,33350.0,32047.845703125,198668,0.0
2021-04-30,JYP,035900.KQ,33400.0,33500.0,32500.0,32900.0,31615.41796875,356831,-0.013493191972427487
2021-05-03,JYP,035900.KQ,32800.0,33150.0,31150.0,31500.0,30270.080078125,746714,-0.042553221720958656
2021-05-04,JYP,035900.KQ,31200.0,31700.0,30300.0,31550.0,30318.12890625,609705,0.001587337331153016
2021-05-06,JYP,035900.KQ,31200.0,31450.0,30600.0,30950.0,29741.556640625,582659,-0.01901740926717088
2021-05-07,JYP,035900.KQ,30950.0,33150.0,30900.0,33050.0,31759.560546875,783825,0.0678513209861229
2021-05-10,JYP,035900.KQ,33200.0,34050.0,32950.0,34000.0,32672.46875,524690,0.028744358782219592
2021-05-11,JYP,035900.KQ,33500.0,33550.0,32850.0,33050.0,31759.560546875,354275,-0.027941206711690536
2021-05-12,JYP,035900.KQ,33250.0,34000.0,32750.0,33900.0,32576.375,602064,0.025718695065677588
2021-05-13,JYP,035900.KQ,33150.0,34100.0,32850.0,33450.0,32143.943359375,472059,-0.013274394116134736
2021-05-14,JYP,035900.KQ,33750.0,36500.0,33650.0,35900.0,34498.28125,2127257,0.0732435925581092
2021-05-17,JYP,035900.KQ,36200.0,38000.0,35600.0,37650.0,36179.953125,3014488,0.048746540814986306
2021-05-18,JYP,035900.KQ,37650.0,38450.0,37300.0,38250.0,36756.52734375,1477008,0.01593628982210027
2021-05-20,JYP,035900.KQ,37950.0,38500.0,37350.0,38200.0,36708.48046875,824705,-0.0013071657871991382
2021-05-21,JYP,035900.KQ,37950.0,38550.0,37000.0,37050.0,35603.3828125,883571,-0.030104696302827638
2021-05-24,JYP,035900.KQ,37000.0,37700.0,36700.0,36950.0,35507.28125,784225,-0.0026992256046596275
2021-05-25,JYP,035900.KQ,37450.0,39000.0,37250.0,38650.0,37140.91015625,1199877,0.04600827911176664
2021-05-26,JYP,035900.KQ,38850.0,39000.0,37700.0,38600.0,37092.86328125,688127,-0.001293637522555846
2021-05-27,JYP,035900.KQ,38850.0,39050.0,37700.0,39000.0,37477.24609375,719829,0.01036271612642814
2021-05-28,JYP,035900.KQ,39000.0,39000.0,38000.0,38250.0,36756.52734375,520079,-0.019230835376673916
2021-05-31,JYP,035900.KQ,38400.0,40500.0,38000.0,39600.0,38053.81640625,1665267,0.03529411389622439
2021-06-01,JYP,035900.KQ,39850.0,39900.0,38750.0,39650.0,38101.8671875,677980,0.0012627059724319434
2021-06-02,JYP,035900.KQ,39650.0,39750.0,38750.0,38800.0,37285.0546875,491573,-0.021437597689909826
2021-06-03,JYP,035900.KQ,38950.0,40200.0,38750.0,39400.0,37861.62890625,667047,0.015463949927993603
2021-06-04,JYP,035900.KQ,39350.0,39600.0,37900.0,38650.0,37140.91015625,527736,-0.019035598066437842
2021-06-07,JYP,035900.KQ,39100.0,40400.0,39100.0,39450.0,37909.671875,557026,0.020698515882240365
2021-06-08,JYP,035900.KQ,39100.0,39750.0,38950.0,39500.0,37957.72265625,340565,0.001267507178865479
2021-06-09,JYP,035900.KQ,39250.0,39950.0,38800.0,38950.0,37429.19921875,410011,-0.013924002825100312
2021-06-10,JYP,035900.KQ,39000.0,39650.0,38600.0,38900.0,37381.14453125,386569,-0.0012838823299197166
2021-06-11,JYP,035900.KQ,38950.0,40150.0,38900.0,39950.0,38390.15234375,575913,0.026992426934827618
2021-06-14,JYP,035900.KQ,40400.0,41850.0,40150.0,40850.0,39255.00390625,967535,0.0225279533864835
2021-06-15,JYP,035900.KQ,41050.0,42250.0,40700.0,41300.0,39687.4375,999850,0.011016011991305641
2021-06-16,JYP,035900.KQ,41300.0,41500.0,40200.0,40300.0,38726.484375,585151,-0.024213030256740598
2021-06-17,JYP,035900.KQ,39900.0,40950.0,39600.0,40800.0,39206.96484375,527508,0.012407025231037316
2021-06-18,JYP,035900.KQ,41100.0,43400.0,41050.0,42950.0,41273.015625,1637073,0.052696014330202656
2021-06-21,JYP,035900.KQ,42500.0,43500.0,42250.0,43050.0,41369.11328125,644465,0.0023283410430468
2021-06-22,JYP,035900.KQ,43800.0,44900.0,41900.0,42150.0,40504.25,910557,-0.020906014479212587
2021-06-23,JYP,035900.KQ,42200.0,44200.0,41600.0,42900.0,41224.97265625,1145979,0.017793753896196085
2021-06-24,JYP,035900.KQ,43000.0,43050.0,41650.0,42150.0,40504.25,454305,-0.01748267154134142
2021-06-25,JYP,035900.KQ,42000.0,42150.0,40000.0,40200.0,38630.38671875,892116,-0.04626337436812189
2021-06-28,JYP,035900.KQ,40100.0,40300.0,39400.0,39950.0,38390.15234375,502771,-0.006218792909039039
2021-06-29,JYP,035900.KQ,39950.0,40250.0,39200.0,39750.0,38197.9609375,549942,-0.005006268392193314
2021-06-30,JYP,035900.KQ,39800.0,40600.0,39700.0,40500.0,38918.67578125,443636,0.018867887867869193
2021-07-01,JYP,035900.KQ,40500.0,40900.0,40100.0,40750.0,39158.9140625,1298971,0.006172827734435504
2021-07-02,JYP,035900.KQ,41900.0,41950.0,38950.0,40100.0,38534.29296875,1547696,-0.015950929914784306
2021-07-05,JYP,035900.KQ,40450.0,41200.0,40100.0,40750.0,39158.9140625,666903,0.016209486294624487
2021-07-06,JYP,035900.KQ,40200.0,40750.0,39800.0,40100.0,38534.29296875,430892,-0.015950929914784306
2021-07-07,JYP,035900.KQ,40100.0,40150.0,39000.0,39100.0,37573.34375,528911,-0.02493750746975676
2021-07-08,JYP,035900.KQ,39500.0,39650.0,38300.0,39000.0,37477.24609375,443342,-0.002557601923571129
2021-07-09,JYP,035900.KQ,38300.0,38800.0,37750.0,38650.0,37140.91015625,513881,-0.00897440373976921
2021-07-12,JYP,035900.KQ,38850.0,39400.0,38200.0,39150.0,37621.38671875,327743,0.012936585573122938
2021-07-13,JYP,035900.KQ,39250.0,41050.0,39150.0,39950.0,38390.15234375,882981,0.020434271356001288
2021-07-14,JYP,035900.KQ,40050.0,41200.0,39950.0,40700.0,39110.86328125,652753,0.01877332840585444
2021-07-15,JYP,035900.KQ,41000.0,41250.0,40100.0,40300.0,38726.484375,406506,-0.009827932037344556
2021-07-16,JYP,035900.KQ,40300.0,40800.0,39900.0,40250.0,38678.43359375,425612,-0.0012407731304683312
2021-07-19,JYP,035900.KQ,40000.0,40050.0,39300.0,39850.0,38294.05859375,353624,-0.009937708544177193
2021-07-20,JYP,035900.KQ,39200.0,40150.0,39200.0,39600.0,38053.81640625,280940,-0.006273615185286463
2021-07-21,JYP,035900.KQ,39900.0,40950.0,39750.0,40150.0,38582.33984375,483653,0.013888841840662192
2021-07-22,JYP,035900.KQ,40550.0,40950.0,40250.0,40550.0,38966.72265625,393921,0.00996266203803775
2021-07-23,JYP,035900.KQ,40850.0,42100.0,40250.0,41850.0,40215.96484375,636567,0.03205920596711076
2021-07-26,JYP,035900.KQ,42400.0,43800.0,41900.0,42350.0,40696.4453125,986606,0.011947505688768123
2021-07-27,JYP,035900.KQ,42600.0,42800.0,40600.0,40600.0,39014.76953125,557060,-0.041322424313394945
2021-07-28,JYP,035900.KQ,40600.0,41150.0,39950.0,40250.0,38678.43359375,351257,-0.0086207336744768
2021-07-29,JYP,035900.KQ,40250.0,41000.0,40000.0,40500.0,38918.67578125,226916,0.006211269826056798
2021-07-30,JYP,035900.KQ,40500.0,40500.0,39600.0,40000.0,38438.203125,367430,-0.012345555099320227
2021-08-02,JYP,035900.KQ,40000.0,40400.0,39550.0,40000.0,38438.203125,182025,0.0
2021-08-03,JYP,035900.KQ,40250.0,40300.0,38900.0,39450.0,37909.671875,426738,-0.013750154976839846
2021-08-04,JYP,035900.KQ,39650.0,41200.0,39450.0,40750.0,39158.9140625,679397,0.03295312583076804
2021-08-05,JYP,035900.KQ,41000.0,41750.0,40550.0,41300.0,39687.4375,487996,0.01349688698354723
2021-08-06,JYP,035900.KQ,41200.0,44250.0,40800.0,43800.0,42089.828125,1494434,0.060532772492555065
2021-08-09,JYP,035900.KQ,44000.0,46200.0,43400.0,44600.0,42858.58984375,1463199,0.018264786362797825
2021-08-10,JYP,035900.KQ,44800.0,45750.0,43850.0,43900.0,42185.92578125,521383,-0.015694964882240314
2021-08-11,JYP,035900.KQ,44150.0,45950.0,43450.0,43600.0,41897.640625,688210,-0.006833680923464036
2021-08-12,JYP,035900.KQ,43450.0,45550.0,42300.0,45450.0,43675.40625,964214,0.042431163150967954
2021-08-13,JYP,035900.KQ,45400.0,45550.0,43200.0,44600.0,42858.58984375,653559,-0.01870197615505864
2021-08-17,JYP,035900.KQ,44800.0,45400.0,42600.0,43400.0,41705.4453125,737004,-0.026905797308171664
2021-08-18,JYP,035900.KQ,41750.0,43900.0,40800.0,42250.0,40600.3515625,1708132,-0.026497589025114232
2021-08-19,JYP,035900.KQ,42000.0,42050.0,40250.0,40300.0,38726.484375,1017126,-0.04615396456888743
2021-08-20,JYP,035900.KQ,40300.0,40700.0,38250.0,38800.0,37285.0546875,857255,-0.03722077309012117
2021-08-23,JYP,035900.KQ,39550.0,40950.0,39200.0,40800.0,39206.96484375,573354,0.05154639499279945
2021-08-24,JYP,035900.KQ,41450.0,43400.0,40700.0,42950.0,41273.015625,1053517,0.052696014330202656
2021-08-25,JYP,035900.KQ,44000.0,44650.0,43150.0,43900.0,42185.92578125,766911,0.022118814010213317
2021-08-26,JYP,035900.KQ,44300.0,45200.0,43800.0,44850.0,43098.828125,781590,0.021639974158294883
2021-08-27,JYP,035900.KQ,44500.0,45000.0,42900.0,43800.0,42089.828125,622935,-0.023411309399726243
2021-08-30,JYP,035900.KQ,43650.0,43850.0,41250.0,42300.0,40648.39453125,803222,-0.034246602040501894
2021-08-31,JYP,035900.KQ,41950.0,43300.0,41750.0,42650.0,40984.7265625,346941,0.008274177495286583
2021-09-01,JYP,035900.KQ,42500.0,43000.0,42000.0,42350.0,40696.4453125,236057,-0.007033870277513787
2021-09-02,JYP,035900.KQ,42700.0,42900.0,41300.0,41300.0,39687.4375,332886,-0.024793512179062005
2021-09-03,JYP,035900.KQ,41500.0,41550.0,40100.0,40650.0,39062.8203125,830737,-0.01573841061167025
2021-09-06,JYP,035900.KQ,40800.0,40850.0,39800.0,40700.0,39110.86328125,327093,0.0012298899149028042
2021-09-07,JYP,035900.KQ,40950.0,42150.0,40100.0,41400.0,39783.53515625,598215,0.017199105787125024
2021-09-08,JYP,035900.KQ,41200.0,41250.0,40050.0,40100.0,38534.29296875,513084,-0.03140098491985688
2021-09-09,JYP,035900.KQ,40000.0,40550.0,39500.0,40100.0,38534.29296875,511563,0.0
2021-09-10,JYP,035900.KQ,40100.0,40600.0,38750.0,39800.0,38246.0078125,660357,-0.0074812623780016185
2021-09-13,JYP,035900.KQ,39350.0,40150.0,39350.0,39500.0,37957.72265625,421274,-0.007537653541862754
2021-09-14,JYP,035900.KQ,39700.0,40450.0,39550.0,40250.0,38678.43359375,288963,0.01898720173564805
2021-09-15,JYP,035900.KQ,40300.0,40500.0,39900.0,40050.0,38486.24609375,229416,-0.004968854272088596
2021-09-16,JYP,035900.KQ,40500.0,40900.0,39600.0,39700.0,38149.9140625,275142,-0.008739018880425942
2021-09-17,JYP,035900.KQ,39750.0,40300.0,39450.0,40150.0,38582.33984375,288517,0.011334908396951171
2021-09-23,JYP,035900.KQ,39650.0,40050.0,39200.0,39750.0,38197.9609375,245822,-0.009962560793530195
2021-09-24,JYP,035900.KQ,39950.0,39950.0,39300.0,39350.0,37813.578125,208300,-0.010062914434855075
2021-09-27,JYP,035900.KQ,39350.0,40000.0,39200.0,39700.0,38149.9140625,231891,0.008894581104918808
2021-09-28,JYP,035900.KQ,39750.0,41200.0,39750.0,40100.0,38534.29296875,659126,0.010075485507523796
2021-09-29,JYP,035900.KQ,39650.0,40950.0,39100.0,40200.0,38630.38671875,596016,0.0024937203357520143
2021-09-30,JYP,035900.KQ,40850.0,42700.0,40350.0,42650.0,40984.7265625,1186168,0.06094528281300571
2021-10-01,JYP,035900.KQ,42650.0,42850.0,41350.0,41400.0,39783.53515625,561674,-0.029308269372451012
2021-10-05,JYP,035900.KQ,41000.0,43950.0,40250.0,43400.0,41705.4453125,1308794,0.04830918491033254
2021-10-06,JYP,035900.KQ,43900.0,44550.0,42350.0,42800.0,41128.87109375,774905,-0.013824914574816605
2021-10-07,JYP,035900.KQ,43150.0,44600.0,42300.0,43100.0,41417.15625,1077193,0.007009313617990509
2021-10-08,JYP,035900.KQ,43000.0,43050.0,41800.0,42200.0,40552.30078125,478010,-0.020881575343551062
2021-10-12,JYP,035900.KQ,41850.0,42950.0,40550.0,40750.0,39158.9140625,476715,-0.034360238307224567
2021-10-13,JYP,035900.KQ,40800.0,41600.0,40700.0,41050.0,39447.203125,231769,0.007362029039923668
2021-10-14,JYP,035900.KQ,41350.0,42450.0,40750.0,42100.0,40456.20703125,500188,0.025578591796550754
2021-10-15,JYP,035900.KQ,42100.0,42500.0,41500.0,41950.0,40312.0625,421948,-0.0035629769033626024
2021-10-18,JYP,035900.KQ,42200.0,43150.0,41900.0,42800.0,41128.87109375,462842,0.02026213850382863
2021-10-19,JYP,035900.KQ,43300.0,44350.0,42600.0,43900.0,42185.92578125,740315,0.02570103820964431
2021-10-20,JYP,035900.KQ,44350.0,49850.0,44200.0,48950.0,47038.74609375,5016388,0.11503410729122576
2021-10-21,JYP,035900.KQ,48900.0,51400.0,48650.0,49500.0,47567.2734375,2203924,0.011235999843546507
2021-10-22,JYP,035900.KQ,49350.0,50600.0,49000.0,50000.0,48047.74609375,998742,0.01010090807246522
2021-10-25,JYP,035900.KQ,50300.0,51600.0,48700.0,49000.0,47086.79296875,887598,-0.019999962602304078
2021-10-26,JYP,035900.KQ,49300.0,53500.0,49000.0,53400.0,51314.99609375,1524111,0.08979594613305109
2021-10-27,JYP,035900.KQ,52900.0,54500.0,52700.0,53600.0,51507.1875,1010302,0.0037453263349933597
2021-10-28,JYP,035900.KQ,53500.0,54300.0,51600.0,52300.0,50257.9453125,840163,-0.024253744926375553
2021-10-29,JYP,035900.KQ,52700.0,53200.0,51100.0,52400.0,50354.03515625,584619,0.0019119333898853785
2021-11-01,JYP,035900.KQ,53600.0,54800.0,51100.0,53300.0,51218.8984375,954565,0.01717564994674814
2021-11-02,JYP,035900.KQ,54200.0,54300.0,52400.0,53700.0,51603.28125,552262,0.007504706743528322
2021-11-03,JYP,035900.KQ,53700.0,54200.0,52500.0,52900.0,50834.51953125,465570,-0.01489753558549145
2021-11-04,JYP,035900.KQ,53600.0,54300.0,52200.0,53000.0,50930.61328125,677561,0.0018903247416537372
2021-11-05,JYP,035900.KQ,53300.0,54300.0,50200.0,51100.0,49104.80078125,1222269,-0.0358490185444551
2021-11-08,JYP,035900.KQ,51100.0,52800.0,50200.0,52600.0,50546.234375,669219,0.02935422954206124
2021-11-09,JYP,035900.KQ,52800.0,54800.0,51800.0,54200.0,52083.7578125,848226,0.030418159859213034
2021-11-10,JYP,035900.KQ,53700.0,54000.0,51000.0,52100.0,50065.75,832933,-0.038745434224711106
2021-11-11,JYP,035900.KQ,51400.0,53500.0,50900.0,53000.0,50930.61328125,755274,0.017274549592286137
2021-11-12,JYP,035900.KQ,54000.0,54600.0,51600.0,51800.0,49777.46484375,739942,-0.02264155805727419
2021-11-15,JYP,035900.KQ,52100.0,53300.0,51600.0,53300.0,51218.8984375,643162,0.028957553348179177
2021-11-16,JYP,035900.KQ,53800.0,54200.0,51800.0,54000.0,51891.5703125,800004,0.013133274934072015
2021-11-17,JYP,035900.KQ,54400.0,58500.0,53400.0,55400.0,53236.90234375,1867416,0.025925830017248908
2021-11-18,JYP,035900.KQ,55700.0,56000.0,53000.0,54700.0,52564.2421875,711919,-0.012635223437807097
2021-11-19,JYP,035900.KQ,54900.0,55400.0,51500.0,51500.0,49489.1796875,914282,-0.05850103363101966
2021-11-22,JYP,035900.KQ,51500.0,52000.0,48800.0,50400.0,48432.12890625,1016121,-0.02135923019788888
2021-11-23,JYP,035900.KQ,49100.0,50300.0,48900.0,49800.0,47855.55859375,533877,-0.011904707175190765
2021-11-24,JYP,035900.KQ,49800.0,51400.0,49100.0,50600.0,48624.3203125,658063,0.016064209494994763
2021-11-25,JYP,035900.KQ,50300.0,51100.0,49800.0,49900.0,47951.65625,363312,-0.013833901598560239
2021-11-26,JYP,035900.KQ,49950.0,50500.0,46700.0,47400.0,45549.26953125,907002,-0.05010018227993951
2021-11-29,JYP,035900.KQ,45950.0,48450.0,45500.0,47050.0,45212.93359375,634264,-0.007384002882181218
2021-11-30,JYP,035900.KQ,47500.0,48150.0,45100.0,45400.0,43627.35546875,452038,-0.03506912732641576
2021-12-01,JYP,035900.KQ,45600.0,45850.0,44050.0,45650.0,43867.58984375,463046,0.005506507841670061
2021-12-02,JYP,035900.KQ,45000.0,45550.0,43000.0,44350.0,42618.3515625,630586,-0.028477477009783425
2021-12-03,JYP,035900.KQ,45200.0,47400.0,44550.0,47200.0,45357.07421875,743507,0.0642615811227154
2021-12-06,JYP,035900.KQ,47050.0,47150.0,45500.0,46500.0,44684.40625,475762,-0.014830497344379578
2021-12-07,JYP,035900.KQ,47200.0,49000.0,46550.0,48000.0,46125.8359375,841361,0.03225800247709465
2021-12-08,JYP,035900.KQ,49100.0,49250.0,47650.0,48250.0,46366.078125,553613,0.005208408316448088
2021-12-09,JYP,035900.KQ,48600.0,49600.0,48300.0,48650.0,46750.45703125,484493,0.008290088827735964
2021-12-10,JYP,035900.KQ,48350.0,49400.0,47650.0,47650.0,45789.5078125,415727,-0.020554862556908526
2021-12-13,JYP,035900.KQ,47900.0,48400.0,47200.0,47200.0,45357.07421875,304312,-0.009443945008553944
2021-12-14,JYP,035900.KQ,46550.0,48000.0,46500.0,46850.0,45020.7421875,229882,-0.007415205611100983
2021-12-15,JYP,035900.KQ,46850.0,47100.0,46350.0,46700.0,44876.59765625,195048,-0.003201736005365552
2021-12-16,JYP,035900.KQ,47450.0,49300.0,47400.0,48450.0,46558.265625,435808,0.03747316099209219
2021-12-17,JYP,035900.KQ,47950.0,48050.0,46800.0,47650.0,45789.5078125,435864,-0.016511736469994376
2021-12-20,JYP,035900.KQ,47500.0,48300.0,46950.0,47000.0,45164.88671875,279593,-0.013641140156118614
2021-12-21,JYP,035900.KQ,47050.0,49200.0,47050.0,49150.0,47230.93359375,586572,0.04574453796077593
2021-12-22,JYP,035900.KQ,49700.0,50300.0,49250.0,49650.0,47711.41796875,356866,0.010173086543933563
2021-12-23,JYP,035900.KQ,49850.0,50200.0,48400.0,48700.0,46798.5078125,274377,-0.019133997586236906
2021-12-24,JYP,035900.KQ,48800.0,49250.0,48500.0,48850.0,46942.6484375,176544,0.0030800260892398512
2021-12-27,JYP,035900.KQ,48900.0,49450.0,48000.0,49200.0,47278.984375,241640,0.007164826627705123
2021-12-28,JYP,035900.KQ,49600.0,51700.0,49500.0,51400.0,49393.0859375,813314,0.04471546058882536
2021-12-29,JYP,035900.KQ,51000.0,52000.0,49650.0,50300.0,48685.546875,455947,-0.01432465797733895
2021-12-30,JYP,035900.KQ,50500.0,51000.0,49550.0,50700.0,49072.70703125,274095,0.007952260600954775
2022-01-04,JYP,035900.KQ,51000.0,51100.0,47800.0,48050.0,46507.76171875,659142,-0.052268266164053556
2022-01-05,JYP,035900.KQ,48000.0,48000.0,46500.0,46950.0,45443.0703125,361791,-0.022892768151015153
2022-01-06,JYP,035900.KQ,46150.0,46700.0,44800.0,44850.0,43410.47265625,578260,-0.04472844027202305
2022-01-07,JYP,035900.KQ,44900.0,46000.0,44900.0,45750.0,44281.5859375,317765,0.02006689234065684
2022-01-10,JYP,035900.KQ,45050.0,45500.0,43900.0,45250.0,43797.63671875,367839,-0.01092890438551719
2022-01-11,JYP,035900.KQ,45450.0,45900.0,44800.0,45700.0,44233.19140625,414539,0.00994470752604637
2022-01-12,JYP,035900.KQ,46150.0,46500.0,45650.0,45900.0,44426.7734375,400997,0.004376397566978385
2022-01-13,JYP,035900.KQ,46000.0,46650.0,45500.0,45500.0,44039.609375,511383,-0.008714656333183135
2022-01-14,JYP,035900.KQ,44400.0,45100.0,43900.0,44400.0,42974.91796875,441431,-0.024175768617384574
2022-01-17,JYP,035900.KQ,44000.0,45200.0,44000.0,44700.0,43265.2890625,230541,0.006756757370919297
2022-01-18,JYP,035900.KQ,45050.0,45800.0,44300.0,45050.0,43604.05078125,315711,0.007829873001903076
2022-01-19,JYP,035900.KQ,44750.0,45000.0,43350.0,44000.0,42587.75,362730,-0.023307485498274327
2022-01-20,JYP,035900.KQ,43750.0,45500.0,43750.0,45400.0,43942.8203125,366209,0.03181831189720041
2022-01-21,JYP,035900.KQ,44650.0,45250.0,43900.0,44500.0,43071.70703125,276215,-0.019823790895874827
2022-01-24,JYP,035900.KQ,43800.0,44100.0,41800.0,42050.0,40700.33984375,464135,-0.05505626200929281
2022-01-25,JYP,035900.KQ,42400.0,43000.0,41400.0,41850.0,40506.76171875,393877,-0.0047561795735159285
2022-01-26,JYP,035900.KQ,41850.0,41850.0,41850.0,41850.0,40506.76171875,0,0.0
2022-01-27,JYP,035900.KQ,39750.0,40300.0,37600.0,38350.0,37119.1015625,989018,-0.0836319669237322
2022-01-28,JYP,035900.KQ,38700.0,41100.0,38200.0,41000.0,39684.04296875,730383,0.06910030949782642
2022-02-03,JYP,035900.KQ,41800.0,43400.0,41800.0,42150.0,40797.13671875,642943,0.028048899928783122
2022-02-04,JYP,035900.KQ,41700.0,44350.0,41450.0,44250.0,42829.73046875,551402,0.04982197069398353
2022-02-07,JYP,035900.KQ,43950.0,44750.0,43350.0,44000.0,42587.75,437237,-0.005649824691905447
2022-02-08,JYP,035900.KQ,44000.0,44000.0,44000.0,44000.0,42587.75,0,0.0
2022-02-09,JYP,035900.KQ,44000.0,44000.0,44000.0,44000.0,42587.75,0,0.0
2022-02-10,JYP,035900.KQ,44550.0,44900.0,43200.0,43700.0,42297.37890625,374313,-0.006818183485861495
2022-02-11,JYP,035900.KQ,42600.0,44000.0,42350.0,42800.0,41426.265625,359079,-0.020594970747023766
2022-02-14,JYP,035900.KQ,42250.0,43150.0,41550.0,42650.0,41281.08203125,402154,-0.0035046266314283647
2022-02-15,JYP,035900.KQ,42250.0,42850.0,41250.0,41800.0,40458.3671875,304533,-0.019929585254746973
2022-02-16,JYP,035900.KQ,42800.0,44450.0,42450.0,44450.0,43023.30859375,398354,0.06339705688969244
2022-02-17,JYP,035900.KQ,44650.0,45400.0,42900.0,44350.0,42926.51953125,647479,-0.0022496889631138384
2022-02-18,JYP,035900.KQ,43600.0,44900.0,43550.0,44650.0,43216.890625,299807,0.006764375423882418
2022-02-21,JYP,035900.KQ,44650.0,44650.0,44650.0,44650.0,43216.890625,0,0.0
2022-02-22,JYP,035900.KQ,44650.0,44650.0,44650.0,44650.0,43216.890625,0,0.0
2022-02-23,JYP,035900.KQ,44650.0,44650.0,44650.0,44650.0,43216.890625,0,0.0
2022-02-24,JYP,035900.KQ,48650.0,49500.0,47250.0,47500.0,45975.41796875,959066,0.06382984300481476
2022-02-25,JYP,035900.KQ,48600.0,49550.0,47700.0,49250.0,47669.24609375,967707,0.03684203863358704
2022-02-28,JYP,035900.KQ,49250.0,49250.0,49250.0,49250.0,47669.24609375,0,0.0
2022-03-02,JYP,035900.KQ,50100.0,51600.0,49650.0,51200.0,49556.65625,592825,0.03959387468679654
2022-03-03,JYP,035900.KQ,50600.0,52000.0,49850.0,50600.0,48975.91796875,519763,-0.01171867363932566
2022-03-04,JYP,035900.KQ,50600.0,50600.0,50600.0,50600.0,48975.91796875,0,0.0
2022-03-07,JYP,035900.KQ,49950.0,50800.0,49300.0,50200.0,48588.7578125,425108,-0.007905112804563186
2022-03-08,JYP,035900.KQ,49500.0,51000.0,48900.0,50000.0,48395.17578125,373007,-0.0039840909701173155
2022-03-10,JYP,035900.KQ,50000.0,50000.0,50000.0,50000.0,48395.17578125,0,0.0
2022-03-11,JYP,035900.KQ,51800.0,54300.0,51800.0,53300.0,51589.25390625,680936,0.0659999281630359
2022-03-14,JYP,035900.KQ,53500.0,54200.0,52100.0,52800.0,51105.3046875,474373,-0.009380814454681863
2022-03-15,JYP,035900.KQ,52800.0,52800.0,52800.0,52800.0,51105.3046875,0,0.0
2022-03-16,JYP,035900.KQ,53500.0,53900.0,51500.0,53300.0,51589.25390625,433084,0.00946964746045964
2022-03-17,JYP,035900.KQ,53300.0,53300.0,53300.0,53300.0,51589.25390625,0,0.0
2022-03-18,JYP,035900.KQ,52400.0,53200.0,51700.0,52800.0,51105.3046875,385559,-0.009380814454681863
2022-03-21,JYP,035900.KQ,52800.0,52800.0,52800.0,52800.0,51105.3046875,0,0.0
2022-03-22,JYP,035900.KQ,53100.0,56800.0,52800.0,56300.0,54492.96875,1602869,0.06628791439978632
2022-03-23,JYP,035900.KQ,56400.0,57500.0,55700.0,57000.0,55170.5,651408,0.012433370130894073
2022-03-24,JYP,035900.KQ,56900.0,57900.0,56200.0,57500.0,55654.44921875,569744,0.0087718838645654
2022-03-25,JYP,035900.KQ,57500.0,57900.0,56800.0,57200.0,55364.078125,405106,-0.00521739228087037
2022-03-28,JYP,035900.KQ,58000.0,58100.0,56800.0,57100.0,55267.29296875,361953,-0.0017481580029469201
2022-03-29,JYP,035900.KQ,57300.0,58300.0,56800.0,57500.0,55654.44921875,427304,0.007005160361643004
2022-03-30,JYP,035900.KQ,58000.0,62300.0,57600.0,60800.0,58848.53125,1655170,0.0573913150895744
2022-03-31,JYP,035900.KQ,61000.0,61900.0,60100.0,61400.0,59429.2734375,552664,0.009868422799422127
2022-04-01,JYP,035900.KQ,61400.0,64300.0,60700.0,62900.0,60881.125,807102,0.024429905979363342
2022-04-04,JYP,035900.KQ,64000.0,64400.0,61200.0,62400.0,60397.1796875,586362,-0.007949020529761874
2022-04-05,JYP,035900.KQ,61900.0,62900.0,60700.0,62000.0,60010.01953125,561397,-0.0064102356807586025
2022-04-06,JYP,035900.KQ,61300.0,63200.0,60900.0,62600.0,60590.75390625,532570,0.009677290218137458
2022-04-07,JYP,035900.KQ,62100.0,63100.0,61700.0,62600.0,60590.75390625,373055,0.0
2022-04-08,JYP,035900.KQ,62700.0,66200.0,62400.0,64700.0,62623.35546875,979051,0.0335463982779447
2022-04-11,JYP,035900.KQ,64500.0,65300.0,63900.0,64500.0,62429.7734375,434703,-0.003091211414671058
2022-04-12,JYP,035900.KQ,63600.0,64800.0,61400.0,62500.0,60493.96875,916634,-0.031007716044941014
2022-04-13,JYP,035900.KQ,62900.0,63800.0,60900.0,63500.0,61461.87109375,556191,0.015999980886524323
2022-04-14,JYP,035900.KQ,62800.0,63900.0,61900.0,62100.0,60106.8046875,535138,-0.022047269016315263
2022-04-15,JYP,035900.KQ,62100.0,63800.0,61500.0,63400.0,61365.08203125,429390,0.020934024862773626
2022-04-18,JYP,035900.KQ,63400.0,63400.0,58000.0,58800.0,56912.7265625,1100620,-0.0725551946053401
2022-04-19,JYP,035900.KQ,59200.0,61100.0,58900.0,60600.0,58654.94921875,702178,0.03061218046435954
2022-04-20,JYP,035900.KQ,60100.0,60200.0,57800.0,58900.0,57009.515625,775788,-0.02805276648716304
2022-04-21,JYP,035900.KQ,59600.0,60300.0,58500.0,58900.0,57009.515625,403485,0.0
2022-04-22,JYP,035900.KQ,58500.0,58600.0,57400.0,57600.0,55751.24609375,420504,-0.02207121947021451
2022-04-25,JYP,035900.KQ,57100.0,60000.0,56700.0,58600.0,56719.1484375,659106,0.0173610889722966
2022-04-26,JYP,035900.KQ,59500.0,60800.0,59000.0,60000.0,58074.21484375,563506,0.02389081013342742
2022-04-27,JYP,035900.KQ,58500.0,61100.0,58400.0,60300.0,58364.58203125,570458,0.004999933073244867
2022-04-28,JYP,035900.KQ,60500.0,60700.0,58000.0,58900.0,57009.515625,346951,-0.023217272515109633
2022-04-29,JYP,035900.KQ,59100.0,60300.0,58900.0,59400.0,57493.46875,254143,0.008488988543305043
2022-05-02,JYP,035900.KQ,58600.0,60100.0,57800.0,59500.0,57590.2578125,292781,0.0016834792647644203
2022-05-03,JYP,035900.KQ,59800.0,61600.0,59300.0,60100.0,58171.0,361141,0.010084035209405595
2022-05-04,JYP,035900.KQ,60700.0,60900.0,59600.0,60000.0,58074.21484375,191642,-0.0016638042366471373
2022-05-06,JYP,035900.KQ,59200.0,60900.0,58600.0,59800.0,57880.62890625,280190,-0.0033334232416374343
2022-05-10,JYP,035900.KQ,55000.0,57300.0,51200.0,56700.0,54880.12890625,2108883,-0.05183945055019956
2022-05-11,JYP,035900.KQ,56400.0,59600.0,55800.0,56500.0,54686.546875,715970,-0.0035273610887592843
2022-05-12,JYP,035900.KQ,55400.0,55800.0,52800.0,53900.0,52170.0,934007,-0.046017659164916846
2022-05-13,JYP,035900.KQ,54500.0,55800.0,54200.0,54700.0,52944.32421875,299223,0.014842327367260877
2022-05-16,JYP,035900.KQ,55700.0,58100.0,55300.0,56600.0,54783.33984375,745870,0.03473489655664963
2022-05-17,JYP,035900.KQ,57500.0,59000.0,56000.0,57000.0,55170.5,615641,0.007067114881170733
2022-05-18,JYP,035900.KQ,57500.0,58300.0,56900.0,57000.0,55170.5,412108,0.0
2022-05-19,JYP,035900.KQ,55700.0,56100.0,53800.0,54600.0,52847.53125,673627,-0.04210526912027257
2022-05-20,JYP,035900.KQ,55000.0,55300.0,53600.0,54400.0,52653.953125,545211,-0.0036629549275303264
2022-05-23,JYP,035900.KQ,54500.0,54600.0,52200.0,53500.0,51782.83984375,628209,-0.016544119283541492
2022-05-24,JYP,035900.KQ,53600.0,54400.0,52600.0,52900.0,51202.09765625,334018,-0.011214954399031307
2022-05-25,JYP,035900.KQ,53000.0,54600.0,51900.0,54100.0,52363.578125,483727,0.022684236035556804
2022-05-26,JYP,035900.KQ,54500.0,55100.0,53200.0,53300.0,51589.25390625,278784,-0.014787458124071784
2022-05-27,JYP,035900.KQ,54000.0,55500.0,53900.0,54400.0,52653.953125,328133,0.020638003811507266
2022-05-30,JYP,035900.KQ,55400.0,57700.0,55100.0,56600.0,54783.33984375,588328,0.04044115574180829
2022-05-31,JYP,035900.KQ,56700.0,57100.0,56100.0,56900.0,55073.703125,363362,0.005300211379557274
2022-06-02,JYP,035900.KQ,57300.0,57400.0,54700.0,55400.0,53621.8515625,378058,-0.02636197459257017
2022-06-03,JYP,035900.KQ,56300.0,56500.0,55100.0,55300.0,53525.06640625,187306,-0.0018049573714773448
2022-06-07,JYP,035900.KQ,55300.0,56400.0,54800.0,55300.0,53525.06640625,214423,0.0
2022-06-08,JYP,035900.KQ,55600.0,59500.0,55600.0,58700.0,56815.9375,949775,0.06148280263255734
2022-06-09,JYP,035900.KQ,58400.0,59800.0,58000.0,59400.0,57493.46875,545235,0.01192502103833104
2022-06-10,JYP,035900.KQ,58900.0,59700.0,58400.0,58400.0,56525.56640625,248750,-0.016834996475143083
2022-06-13,JYP,035900.KQ,56900.0,57400.0,56000.0,56300.0,54492.96875,401198,-0.03595890825120962
2022-06-14,JYP,035900.KQ,55100.0,55500.0,52800.0,54700.0,52944.32421875,600785,-0.028419162449283886
2022-06-15,JYP,035900.KQ,53700.0,54900.0,51800.0,54300.0,52557.1640625,615320,-0.007312590385522122
2022-06-16,JYP,035900.KQ,55400.0,56100.0,52700.0,54800.0,53041.11328125,729079,0.009208054265913201
2022-06-17,JYP,035900.KQ,53300.0,54400.0,52900.0,53800.0,52073.20703125,340224,-0.018248226519448907
2022-06-20,JYP,035900.KQ,54300.0,54600.0,52900.0,54000.0,52266.79296875,351608,0.0037175727890894628
2022-06-21,JYP,035900.KQ,54100.0,54400.0,53400.0,53700.0,51976.41796875,214951,-0.005555630707505088
2022-06-22,JYP,035900.KQ,53700.0,54600.0,48900.0,49000.0,47427.2734375,1310638,-0.08752324052005855
2022-06-23,JYP,035900.KQ,48900.0,50700.0,47400.0,47450.0,45927.015625,688247,-0.031632807533771734
2022-06-24,JYP,035900.KQ,48600.0,51900.0,48000.0,51800.0,50137.3984375,681641,0.09167551505802862
2022-06-27,JYP,035900.KQ,52300.0,53500.0,50900.0,52100.0,50427.76953125,401846,0.0057915069947629405
2022-06-28,JYP,035900.KQ,52100.0,52200.0,50100.0,50600.0,48975.91796875,209585,-0.028790715433096636
2022-06-29,JYP,035900.KQ,49500.0,49850.0,48300.0,49200.0,47620.85546875,380825,-0.027667934695264407
2022-06-30,JYP,035900.KQ,49200.0,49750.0,48050.0,48250.0,46701.34375,324577,-0.019309013030087363
2022-07-01,JYP,035900.KQ,48900.0,49550.0,47900.0,48000.0,46459.37109375,325718,-0.005181278242127663
2022-07-04,JYP,035900.KQ,48350.0,51000.0,47950.0,49550.0,47959.6171875,557338,0.032291571289733145
2022-07-05,JYP,035900.KQ,49750.0,51100.0,49400.0,50200.0,48588.7578125,421130,0.013118132751984923
2022-07-06,JYP,035900.KQ,50800.0,54400.0,50000.0,51900.0,50234.1953125,1029490,0.03386457226071937
2022-07-07,JYP,035900.KQ,52700.0,53600.0,52100.0,52600.0,50911.7265625,393279,0.01348745104375948
2022-07-08,JYP,035900.KQ,53400.0,54200.0,53000.0,53400.0,51686.046875,385157,0.015209075880572076
2022-07-11,JYP,035900.KQ,53900.0,55100.0,52900.0,53500.0,51782.83984375,399296,0.0018727098434145883
2022-07-12,JYP,035900.KQ,53100.0,53900.0,52100.0,52400.0,50718.14453125,347975,-0.020560774876631327
2022-07-13,JYP,035900.KQ,52900.0,55000.0,52600.0,54800.0,53041.11328125,508291,0.04580153259685393
2022-07-14,JYP,035900.KQ,54800.0,55900.0,54100.0,55300.0,53525.06640625,466667,0.009124113259724398
2022-07-15,JYP,035900.KQ,55800.0,56400.0,54600.0,55100.0,53331.48046875,374935,-0.0036167341863847513
2022-07-18,JYP,035900.KQ,55600.0,55700.0,53000.0,55100.0,53331.48046875,358018,0.0
2022-07-19,JYP,035900.KQ,55100.0,56300.0,54400.0,55800.0,54009.015625,309874,0.012704225539866831
2022-07-20,JYP,035900.KQ,56300.0,57700.0,55900.0,56500.0,54686.546875,399216,0.012544780573382264
2022-07-21,JYP,035900.KQ,56700.0,57000.0,56000.0,56500.0,54686.546875,188700,0.0
2022-07-22,JYP,035900.KQ,56500.0,57700.0,55600.0,55700.0,53912.22265625,269195,-0.014159318205260174
2022-07-25,JYP,035900.KQ,55700.0,57700.0,55000.0,57100.0,55267.29296875,364147,0.025134751374286113
2022-07-26,JYP,035900.KQ,57800.0,57800.0,55200.0,56000.0,54202.59765625,463844,-0.01926447371145923
2022-07-27,JYP,035900.KQ,56000.0,56500.0,54200.0,55200.0,53428.2734375,306277,-0.014285740024135407
2022-07-28,JYP,035900.KQ,55800.0,56300.0,54600.0,55400.0,53621.8515625,290994,0.0036231401942352637
2022-07-29,JYP,035900.KQ,55700.0,56300.0,55000.0,55500.0,53718.64453125,264800,0.0018051030676771163
2022-08-01,JYP,035900.KQ,55700.0,55700.0,54700.0,54900.0,53137.90234375,235423,-0.010810812383066803
2022-08-02,JYP,035900.KQ,55300.0,56100.0,54700.0,55400.0,53621.8515625,293224,0.009107420455164439
2022-08-03,JYP,035900.KQ,55400.0,58000.0,55300.0,57900.0,56041.61328125,475279,0.04512641112233129
2022-08-04,JYP,035900.KQ,58200.0,58600.0,56700.0,57300.0,55460.87109375,327851,-0.010362695745133044
2022-08-05,JYP,035900.KQ,57700.0,57700.0,55900.0,57000.0,55170.5,245037,-0.0052356028317543934
2022-08-08,JYP,035900.KQ,56800.0,57900.0,56100.0,57400.0,55557.6640625,251848,0.00701759205553687
2022-08-09,JYP,035900.KQ,57700.0,60800.0,57400.0,59200.0,57299.890625,608163,0.03135888795720554
2022-08-10,JYP,035900.KQ,59000.0,59700.0,56700.0,56800.0,54976.921875,446813,-0.04054054422551523
2022-08-11,JYP,035900.KQ,57800.0,59500.0,57100.0,59100.0,57203.09765625,442148,0.040492914214288245
2022-08-12,JYP,035900.KQ,59500.0,59500.0,58400.0,59000.0,57106.3046875,207153,-0.001692093133341399
2022-08-16,JYP,035900.KQ,59500.0,61700.0,58300.0,61200.0,59235.6953125,570050,0.03728818799697442
2022-08-17,JYP,035900.KQ,60600.0,61600.0,58500.0,59300.0,57396.67578125,668135,-0.031045799691354792
2022-08-18,JYP,035900.KQ,59800.0,61300.0,59100.0,61000.0,59042.1171875,498884,0.028667886839319756
2022-08-19,JYP,035900.KQ,61100.0,62700.0,60000.0,60000.0,58074.21484375,427547,-0.016393422015613557
2022-08-22,JYP,035900.KQ,59200.0,60500.0,58900.0,59200.0,57299.890625,303276,-0.013333356651197725
2022-08-23,JYP,035900.KQ,59000.0,59600.0,57800.0,58400.0,56525.56640625,296820,-0.013513537465849268
2022-08-24,JYP,035900.KQ,58900.0,60500.0,58700.0,60400.0,58461.375,338240,0.034246602322165476
2022-08-25,JYP,035900.KQ,60800.0,62900.0,60500.0,61700.0,59719.64453125,542144,0.021523091635289093
2022-08-26,JYP,035900.KQ,61800.0,62200.0,60300.0,60700.0,58751.74609375,314198,-0.016207371043434837
2022-08-29,JYP,035900.KQ,58400.0,59300.0,58000.0,58900.0,57009.515625,402047,-0.029654105360033545
2022-08-30,JYP,035900.KQ,59300.0,60400.0,58700.0,60300.0,58364.58203125,267510,0.02376912680969645
2022-08-31,JYP,035900.KQ,59400.0,61100.0,59400.0,61100.0,59138.90234375,216446,0.013266955498548949
2022-09-01,JYP,035900.KQ,60400.0,60500.0,59500.0,59600.0,57687.05078125,234705,-0.024549856439015194
2022-09-02,JYP,035900.KQ,60200.0,62100.0,59600.0,60900.0,58945.3203125,415316,0.021811992712565065
2022-09-05,JYP,035900.KQ,60900.0,62600.0,60800.0,61400.0,59429.2734375,266843,0.008210204345897365
2022-09-06,JYP,035900.KQ,61900.0,62000.0,60100.0,61500.0,59526.06640625,243833,0.0016287086001782747
2022-09-07,JYP,035900.KQ,61800.0,62700.0,61200.0,61600.0,59622.85546875,323956,0.0016259945993986058
2022-09-08,JYP,035900.KQ,62300.0,63400.0,61700.0,63000.0,60977.921875,544362,0.022727298040266186
2022-09-13,JYP,035900.KQ,64000.0,64500.0,62400.0,63000.0,60977.921875,323222,0.0
2022-09-14,JYP,035900.KQ,61200.0,62100.0,60300.0,61100.0,59138.90234375,408935,-0.03015877672938494
2022-09-15,JYP,035900.KQ,61600.0,62700.0,61000.0,61600.0,59622.85546875,263552,0.008183329514419801
2022-09-16,JYP,035900.KQ,61700.0,62500.0,60500.0,61700.0,59719.64453125,477148,0.0016233550328821345
2022-09-19,JYP,035900.KQ,61700.0,63500.0,61000.0,61300.0,59332.48828125,476046,-0.006482896089534007
2022-09-20,JYP,035900.KQ,61600.0,62600.0,61300.0,62300.0,60300.390625,231828,0.01631319318957125
2022-09-21,JYP,035900.KQ,61800.0,62700.0,61600.0,62400.0,60397.1796875,229847,0.0016051150166160877
2022-09-22,JYP,035900.KQ,62000.0,62000.0,58800.0,60400.0,58461.375,639580,-0.0320512430798261
2022-09-23,JYP,035900.KQ,60400.0,61500.0,59100.0,59800.0,57880.62890625,370688,-0.009933842537059756
2022-09-26,JYP,035900.KQ,58600.0,59500.0,56700.0,57100.0,55267.29296875,407908,-0.045150441294147914
2022-09-27,JYP,035900.KQ,57700.0,58400.0,56100.0,58400.0,56525.56640625,289262,0.022767053892280842
2022-09-28,JYP,035900.KQ,58000.0,58200.0,54000.0,54700.0,52944.32421875,453164,-0.06335614864540351
2022-09-29,JYP,035900.KQ,56000.0,59000.0,55800.0,58100.0,56235.19140625,527678,0.06215712894744163
2022-09-30,JYP,035900.KQ,57500.0,59300.0,57300.0,58800.0,56912.7265625,306060,0.01204824131130633
2022-10-04,JYP,035900.KQ,59700.0,60100.0,58500.0,59600.0,57687.05078125,310248,0.013605466923108267
2022-10-05,JYP,035900.KQ,59900.0,60200.0,56800.0,57100.0,55267.29296875,347017,-0.04194629088728685
2022-10-06,JYP,035900.KQ,57500.0,57900.0,55900.0,56700.0,54880.12890625,319252,-0.007005301720113488
2022-10-07,JYP,035900.KQ,56900.0,57200.0,54900.0,55700.0,53912.22265625,365894,-0.017636734265938814
2022-10-11,JYP,035900.KQ,54700.0,54800.0,52100.0,53300.0,51589.25390625,362487,-0.04308797959994137
2022-10-12,JYP,035900.KQ,52800.0,56600.0,52800.0,56500.0,54686.546875,404416,0.06003756081408973
2022-10-13,JYP,035900.KQ,56000.0,57800.0,54500.0,54600.0,52847.53125,399525,-0.03362830037894948
2022-10-14,JYP,035900.KQ,56700.0,58000.0,56100.0,57000.0,55170.5,303139,0.043956050454107
2022-10-17,JYP,035900.KQ,57000.0,58200.0,56100.0,57400.0,55557.6640625,727926,0.00701759205553687
2022-10-18,JYP,035900.KQ,58500.0,58600.0,55800.0,56800.0,54976.921875,310736,-0.01045296265240181
2022-10-19,JYP,035900.KQ,57300.0,57800.0,55100.0,55100.0,53331.48046875,258532,-0.029929675036940218
2022-10-20,JYP,035900.KQ,55100.0,55300.0,51700.0,52900.0,51202.09765625,608554,-0.03992731485764267
2022-10-21,JYP,035900.KQ,52300.0,52900.0,51200.0,51800.0,50137.3984375,304190,-0.020794054686937957
2022-10-24,JYP,035900.KQ,52800.0,54800.0,52600.0,54300.0,52557.1640625,418288,0.04826268814119694
2022-10-25,JYP,035900.KQ,54500.0,56100.0,53800.0,55300.0,53525.06640625,284779,0.01841618285566149
2022-10-26,JYP,035900.KQ,54800.0,55200.0,54000.0,54100.0,52363.578125,252481,-0.021699894259531005
2022-10-27,JYP,035900.KQ,54600.0,56000.0,54400.0,55400.0,53621.8515625,184331,0.024029554177835255
2022-10-28,JYP,035900.KQ,54900.0,55700.0,54500.0,54800.0,53041.11328125,126635,-0.010830254165563602
2022-10-31,JYP,035900.KQ,55300.0,55800.0,53000.0,55500.0,53718.64453125,243843,0.012773699647052883
2022-11-01,JYP,035900.KQ,55800.0,56900.0,54500.0,55500.0,53718.64453125,232187,0.0
2022-11-02,JYP,035900.KQ,55400.0,56400.0,54400.0,55500.0,53718.64453125,229580,0.0
2022-11-03,JYP,035900.KQ,54500.0,54800.0,52700.0,52900.0,51202.09765625,569230,-0.046846805182063744
2022-11-04,JYP,035900.KQ,52600.0,53200.0,51600.0,53000.0,51298.88671875,296861,0.001890333930258059
2022-11-07,JYP,035900.KQ,53200.0,54000.0,52700.0,53200.0,51492.46875,218676,0.0037736107668637775
2022-11-08,JYP,035900.KQ,53400.0,55500.0,53400.0,54800.0,53041.11328125,447733,0.03007516572508484
2022-11-09,JYP,035900.KQ,55300.0,56900.0,54900.0,55300.0,53525.06640625,361087,0.009124113259724398
2022-11-10,JYP,035900.KQ,54700.0,56500.0,54700.0,56000.0,54202.59765625,318013,0.01265820475321977
2022-11-11,JYP,035900.KQ,57800.0,58400.0,55500.0,56800.0,54976.921875,541650,0.014285740024135407
2022-11-14,JYP,035900.KQ,56500.0,56900.0,54900.0,56800.0,54976.921875,515415,0.0
2022-11-15,JYP,035900.KQ,57900.0,59600.0,57400.0,58200.0,56331.98046875,673942,0.024647771238101912
2022-11-16,JYP,035900.KQ,58700.0,60400.0,58300.0,60300.0,58364.58203125,526564,0.03608255107642777
2022-11-17,JYP,035900.KQ,59900.0,62200.0,59900.0,61500.0,59526.06640625,425608,0.019900500176255997
2022-11-18,JYP,035900.KQ,61500.0,61600.0,59400.0,59500.0,57590.2578125,389579,-0.03252035134555353
2022-11-21,JYP,035900.KQ,59600.0,60300.0,58800.0,59400.0,57493.46875,293172,-0.0016806499254634621
2022-11-22,JYP,035900.KQ,59000.0,60400.0,57900.0,59100.0,57203.09765625,283421,-0.005050505736792887
2022-11-23,JYP,035900.KQ,60100.0,61700.0,60000.0,61200.0,59235.6953125,406475,0.0355329997767686
2022-11-24,JYP,035900.KQ,61000.0,62000.0,60600.0,61700.0,59719.64453125,244646,0.008169891755248404
2022-11-25,JYP,035900.KQ,61900.0,62600.0,60800.0,61600.0,59622.85546875,186750,-0.0016207240223834463
2022-11-28,JYP,035900.KQ,61400.0,61600.0,58800.0,60300.0,58364.58203125,358079,-0.021103877491400858
2022-11-29,JYP,035900.KQ,59600.0,61700.0,59500.0,61200.0,59235.6953125,223551,0.014925375132192054
2022-11-30,JYP,035900.KQ,61200.0,61600.0,59900.0,60600.0,58654.94921875,192278,-0.009803988805841657
2022-12-01,JYP,035900.KQ,61500.0,65400.0,61400.0,64600.0,62526.56640625,845909,0.06600665824568441
2022-12-02,JYP,035900.KQ,64200.0,65100.0,63400.0,64500.0,62429.7734375,281564,-0.001548029490714642
2022-12-05,JYP,035900.KQ,64500.0,66100.0,64200.0,64200.0,62139.40234375,234140,-0.004651163663771718
2022-12-06,JYP,035900.KQ,64200.0,64500.0,62800.0,63800.0,61752.2421875,262581,-0.006230509815789098
2022-12-07,JYP,035900.KQ,63300.0,64200.0,62700.0,63300.0,61268.29296875,286153,-0.007836949746384492
2022-12-08,JYP,035900.KQ,63300.0,64200.0,62300.0,63400.0,61365.08203125,356146,0.0015797577802496576
2022-12-09,JYP,035900.KQ,64000.0,65800.0,64000.0,65000.0,62913.7265625,358533,0.02523657558970349
2022-12-12,JYP,035900.KQ,65200.0,67800.0,65100.0,65100.0,63010.51953125,427119,0.001538503185848361
2022-12-13,JYP,035900.KQ,65800.0,65900.0,63400.0,63800.0,61752.2421875,309323,-0.019969321838807508
2022-12-14,JYP,035900.KQ,63900.0,65500.0,63700.0,65300.0,63204.09375,262979,0.02351091249596582
2022-12-15,JYP,035900.KQ,64900.0,66200.0,64100.0,64200.0,62139.40234375,194212,-0.016845291864500456
2022-12-16,JYP,035900.KQ,63200.0,65700.0,63200.0,65200.0,63107.30859375,258990,0.015576368833507992
2022-12-19,JYP,035900.KQ,65200.0,67700.0,65000.0,67500.0,65333.48828125,395890,0.035276099347397505
2022-12-20,JYP,035900.KQ,67200.0,68200.0,66200.0,66300.0,64172.00390625,262712,-0.01777777990362306
2022-12-21,JYP,035900.KQ,67200.0,67200.0,64500.0,66200.0,64075.21484375,245824,-0.0015082755190471975
2022-12-22,JYP,035900.KQ,66900.0,68100.0,65800.0,67900.0,65720.6484375,233040,0.025679720275030737
2022-12-23,JYP,035900.KQ,66100.0,67500.0,66000.0,66900.0,64752.74609375,346656,-0.014727522730857867
2022-12-26,JYP,035900.KQ,67400.0,67800.0,66600.0,67300.0,65139.90234375,468354,0.005978993530860732
2022-12-27,JYP,035900.KQ,67300.0,68400.0,67000.0,68200.0,66011.015625,462339,0.013372959582485189
2022-12-28,JYP,035900.KQ,67700.0,68100.0,65700.0,66900.0,65105.0,468211,-0.01372521868390808
2022-12-29,JYP,035900.KQ,66500.0,67900.0,66200.0,67800.0,65980.8515625,361815,0.013452907802780079
2023-01-02,JYP,035900.KQ,67800.0,68200.0,64300.0,67200.0,65396.9453125,467158,-0.008849631918540712
2023-01-03,JYP,035900.KQ,66900.0,69400.0,66500.0,68000.0,66175.4921875,514102,0.011904942521087314
2023-01-04,JYP,035900.KQ,67500.0,67600.0,64600.0,65100.0,63353.29296875,724974,-0.04264719649917603
2023-01-05,JYP,035900.KQ,65100.0,65800.0,63200.0,64600.0,62866.7109375,391061,-0.007680453666236597
2023-01-06,JYP,035900.KQ,64500.0,64500.0,62200.0,63100.0,61406.95703125,483954,-0.023219823090494418
2023-01-09,JYP,035900.KQ,63500.0,65900.0,63500.0,65600.0,63839.87890625,405861,0.03961964560077269
2023-01-10,JYP,035900.KQ,65600.0,65900.0,63600.0,63800.0,62088.17578125,384585,-0.027439010772128958
2023-01-11,JYP,035900.KQ,64300.0,65700.0,64000.0,65400.0,63645.24609375,297456,0.025078371089301887
2023-01-12,JYP,035900.KQ,65900.0,66700.0,64700.0,66000.0,64229.14453125,437126,0.00917426631739171
2023-01-13,JYP,035900.KQ,66000.0,66600.0,63600.0,63900.0,62185.4921875,527302,-0.031818146709951645
2023-01-16,JYP,035900.KQ,63900.0,64400.0,63400.0,63800.0,62088.17578125,232508,-0.001564937460920568
2023-01-17,JYP,035900.KQ,64000.0,64800.0,63200.0,63900.0,62185.4921875,330709,0.001567390328761853
2023-01-18,JYP,035900.KQ,64200.0,65200.0,63800.0,64800.0,63061.34375,357493,0.014084499964383213
2023-01-19,JYP,035900.KQ,64600.0,67400.0,64400.0,66900.0,65105.0,534076,0.03240743264371049
2023-01-20,JYP,035900.KQ,67100.0,67600.0,65700.0,66900.0,65105.0,434430,0.0
2023-01-25,JYP,035900.KQ,67400.0,68200.0,66700.0,67500.0,65688.90625,1224,0.008968685200829496
2023-01-26,JYP,035900.KQ,67600.0,69600.0,66800.0,68600.0,66759.3828125,1820,0.016296154459110035
2023-01-27,JYP,035900.KQ,69000.0,71500.0,68800.0,71100.0,69192.3046875,1777,0.03644314510565638
2023-01-30,JYP,035900.KQ,71300.0,71800.0,70100.0,70300.0,68413.7734375,1936,-0.011251702823256937
2023-01-31,JYP,035900.KQ,70200.0,73000.0,70100.0,72500.0,70554.7421875,1265,0.031294411087496865
2023-02-01,JYP,035900.KQ,72800.0,73000.0,71500.0,72100.0,70165.4765625,512,-0.005517214193278774
2023-02-02,JYP,035900.KQ,72600.0,73100.0,70800.0,72100.0,70165.4765625,908,0.0
2023-02-03,JYP,035900.KQ,72300.0,73500.0,71400.0,72900.0,70944.0078125,1188,0.011095645439057611
2023-02-06,JYP,035900.KQ,72800.0,73100.0,71100.0,71500.0,69581.5703125,465,-0.019204405587020523
2023-02-07,JYP,035900.KQ,71800.0,73300.0,70900.0,71800.0,69873.5234375,671,0.004195839842199511
2023-02-08,JYP,035900.KQ,72400.0,73400.0,71700.0,72600.0,70652.0625,671,0.011142118275978774
2023-02-09,JYP,035900.KQ,72700.0,74000.0,71600.0,72800.0,70846.703125,1266,0.0027549178058319246
2023-02-10,JYP,035900.KQ,74100.0,75600.0,72600.0,73300.0,71333.28125,1699,0.006868041892386989
2023-02-13,JYP,035900.KQ,73300.0,74800.0,72600.0,72800.0,70846.703125,812,-0.006821193648651858
2023-02-14,JYP,035900.KQ,73300.0,73300.0,71700.0,73200.0,71235.96875,3313,0.0054944776232310755
2023-02-15,JYP,035900.KQ,73600.0,73700.0,71100.0,71700.0,69776.2109375,1663,-0.020491864406630977
2023-02-16,JYP,035900.KQ,71800.0,72500.0,71400.0,72300.0,70360.1171875,2347,0.008368271107799474
2023-02-17,JYP,035900.KQ,71300.0,72100.0,70500.0,71800.0,69873.5234375,1021,-0.006915760937454052
2023-02-20,JYP,035900.KQ,71800.0,74900.0,71800.0,74000.0,72014.5,1796,0.030640741402071292
2023-02-21,JYP,035900.KQ,74000.0,74400.0,72300.0,73000.0,71041.328125,2452,-0.013513554561928487
2023-02-22,JYP,035900.KQ,74100.0,77600.0,73600.0,76000.0,73960.8359375,6492,0.041095906981961416
2023-02-23,JYP,035900.KQ,76000.0,76500.0,73700.0,76300.0,74252.78125,2084,0.003947296008751211
2023-02-24,JYP,035900.KQ,76400.0,76700.0,75000.0,75900.0,73863.515625,7948,-0.005242438309339459
2023-02-27,JYP,035900.KQ,75300.0,76800.0,74900.0,76100.0,74058.15625,234522,0.002635138922823188
2023-02-28,JYP,035900.KQ,76600.0,79500.0,76000.0,78700.0,76588.390625,440422,0.03416550590941836
2023-03-02,JYP,035900.KQ,78700.0,79100.0,77000.0,77500.0,75420.5859375,321114,-0.01524780293684358
2023-03-03,JYP,035900.KQ,77900.0,78000.0,75700.0,77500.0,75420.5859375,333365,0.0
2023-03-06,JYP,035900.KQ,77200.0,77800.0,75200.0,76700.0,74642.0546875,495800,-0.010322529854715823
2023-03-07,JYP,035900.KQ,77600.0,80000.0,77000.0,77900.0,75809.859375,548056,0.015645398460548687
2023-03-08,JYP,035900.KQ,78700.0,81300.0,78100.0,80000.0,77853.515625,615694,0.02695765784092652
2023-03-09,JYP,035900.KQ,80000.0,80000.0,77600.0,78500.0,76393.765625,425733,-0.01874995609743857
2023-03-10,JYP,035900.KQ,77800.0,79800.0,77200.0,77700.0,75615.21875,281856,-0.010191235745881544
2023-03-13,JYP,035900.KQ,74800.0,75700.0,70300.0,71100.0,69192.3046875,1150978,-0.08494208135184422
2023-03-14,JYP,035900.KQ,72100.0,72800.0,71100.0,71500.0,69581.5703125,562632,0.005625851411628524
2023-03-15,JYP,035900.KQ,72400.0,72700.0,70700.0,71700.0,69776.2109375,499599,0.002797301413662412
2023-03-16,JYP,035900.KQ,71100.0,71200.0,68500.0,69800.0,67927.1953125,648855,-0.02649922660111481
2023-03-17,JYP,035900.KQ,70900.0,73600.0,69900.0,72100.0,70165.4765625,477963,0.03295118015255527
2023-03-20,JYP,035900.KQ,72500.0,72800.0,69800.0,70100.0,68219.140625,461972,-0.027739224941575102
2023-03-21,JYP,035900.KQ,71000.0,71100.0,68700.0,69900.0,68024.5078125,387766,-0.0028530528340996453
2023-03-22,JYP,035900.KQ,70200.0,70200.0,67900.0,68300.0,66467.4375,517985,-0.022889843125243114
2023-03-23,JYP,035900.KQ,68200.0,69500.0,67500.0,69100.0,67245.96875,364333,0.011712972235464969
2023-03-24,JYP,035900.KQ,69200.0,73200.0,68500.0,72600.0,70652.0625,658413,0.05065127045255036
2023-03-27,JYP,035900.KQ,73000.0,75000.0,71300.0,72100.0,70165.4765625,317553,-0.006887073360384965
2023-03-28,JYP,035900.KQ,72700.0,77700.0,72500.0,77300.0,75225.953125,708284,0.0721220293856677
2023-03-29,JYP,035900.KQ,76600.0,77600.0,75900.0,77200.0,75128.6328125,289666,-0.0012937066059939273
2023-03-30,JYP,035900.KQ,76900.0,78100.0,76500.0,77500.0,75420.5859375,240194,0.003886043364167646
2023-03-31,JYP,035900.KQ,77100.0,78100.0,76100.0,77400.0,75323.2734375,179550,-0.001290264438950972
2023-04-03,JYP,035900.KQ,77900.0,79100.0,76200.0,76900.0,74836.6875,244576,-0.0064599680190976505
2023-04-04,JYP,035900.KQ,77300.0,78100.0,76600.0,78100.0,76004.4921875,279564,0.015604708419249658
2023-04-05,JYP,035900.KQ,78400.0,78800.0,77000.0,77200.0,75128.6328125,197312,-0.011523784315791374
2023-04-06,JYP,035900.KQ,77100.0,79800.0,76600.0,77900.0,75809.859375,443413,0.009067469179163012
2023-04-07,JYP,035900.KQ,78700.0,78800.0,76400.0,77200.0,75128.6328125,321493,-0.008985989000853456
2023-04-10,JYP,035900.KQ,77700.0,77700.0,75800.0,76400.0,74350.1015625,219876,-0.01036264365335915
2023-04-11,JYP,035900.KQ,76500.0,77300.0,75600.0,76600.0,74544.734375,181235,0.0026177881187745555
2023-04-12,JYP,035900.KQ,76400.0,77100.0,75000.0,75900.0,73863.515625,237099,-0.009138388589234325
2023-04-13,JYP,035900.KQ,76500.0,81200.0,76500.0,80600.0,78437.4140625,1227532,0.061923649298272876
2023-04-14,JYP,035900.KQ,82400.0,87700.0,82000.0,85000.0,82719.3515625,1110757,0.05459049805731864
2023-04-17,JYP,035900.KQ,86500.0,89000.0,85400.0,88300.0,85930.8046875,503184,0.03882348041103212
2023-04-18,JYP,035900.KQ,88300.0,91500.0,87200.0,87800.0,85444.2265625,502716,-0.005662441155642739
2023-04-19,JYP,035900.KQ,88200.0,88600.0,86700.0,88000.0,85638.859375,250351,0.0022778930810221087
2023-04-20,JYP,035900.KQ,88800.0,89300.0,85300.0,86300.0,83984.4765625,550265,-0.019318132265817578
2023-04-21,JYP,035900.KQ,86200.0,86800.0,83600.0,85700.0,83400.578125,344010,-0.006952456708656962
2023-04-24,JYP,035900.KQ,85600.0,87400.0,84800.0,86100.0,83789.84375,281343,0.004667421182819265
2023-04-25,JYP,035900.KQ,86100.0,87500.0,84900.0,85800.0,83497.8984375,228941,-0.0034842565570484263
2023-04-26,JYP,035900.KQ,85500.0,89000.0,85400.0,87700.0,85346.9140625,482878,0.022144457041443077
2023-04-27,JYP,035900.KQ,87800.0,89600.0,86800.0,88000.0,85638.859375,359270,0.003420689730928128
2023-04-28,JYP,035900.KQ,88500.0,91500.0,88000.0,90200.0,87779.8359375,484950,0.025000059296971466
2023-05-02,JYP,035900.KQ,90400.0,96100.0,90100.0,93800.0,91283.2421875,754480,0.03991128728577764
2023-05-03,JYP,035900.KQ,94000.0,96800.0,93300.0,94800.0,92256.4140625,609696,0.01066101347497117
2023-05-04,JYP,035900.KQ,94800.0,95500.0,92700.0,94900.0,92353.7265625,301352,0.001054804709123891
2023-05-08,JYP,035900.KQ,96000.0,96000.0,91400.0,92200.0,89726.1640625,387678,-0.02845107174123407
2023-05-09,JYP,035900.KQ,92200.0,93200.0,91100.0,91900.0,89434.21875,226317,-0.0032537366948690583
2023-05-10,JYP,035900.KQ,92400.0,93500.0,91600.0,92800.0,90310.0703125,191761,0.009793248878802396
2023-05-11,JYP,035900.KQ,93400.0,93400.0,90000.0,92000.0,89531.546875,421970,-0.008620560639650443
2023-05-12,JYP,035900.KQ,93600.0,96400.0,92500.0,94300.0,91769.828125,836365,0.024999917103241787
2023-05-15,JYP,035900.KQ,94600.0,95500.0,92200.0,95500.0,92937.625,601239,0.01272528127010708
2023-05-16,JYP,035900.KQ,105000.0,115800.0,105000.0,115400.0,112303.6953125,3329160,0.20837707346728518
2023-05-17,JYP,035900.KQ,112300.0,120400.0,112200.0,119500.0,116293.6796875,1478262,0.03552852258242556
2023-05-18,JYP,035900.KQ,118900.0,120900.0,116500.0,119800.0,116585.6328125,599196,0.002510481444774282
2023-05-19,JYP,035900.KQ,120100.0,120500.0,114500.0,115700.0,112595.640625,594242,-0.03422370399547381
2023-05-22,JYP,035900.KQ,115700.0,115700.0,112500.0,114100.0,111038.5703125,459449,-0.01382886854106391
2023-05-23,JYP,035900.KQ,114800.0,116300.0,113700.0,115700.0,112595.640625,422033,0.014022787830551886
2023-05-24,JYP,035900.KQ,116400.0,116400.0,111400.0,113500.0,110454.6640625,435191,-0.0190147376098736
2023-05-25,JYP,035900.KQ,111800.0,114500.0,109600.0,112300.0,109286.859375,416122,-0.010572705982240915
2023-05-26,JYP,035900.KQ,112400.0,116100.0,110200.0,113700.0,110649.296875,307002,0.012466617741525798
2023-05-30,JYP,035900.KQ,114400.0,122500.0,113300.0,122200.0,118921.234375,841508,0.07475815693022225
2023-05-31,JYP,035900.KQ,120100.0,126600.0,118400.0,122000.0,118726.609375,867700,-0.0016365874523828206
2023-06-01,JYP,035900.KQ,122200.0,128900.0,121400.0,127300.0,123884.3984375,776275,0.04344257020099884
2023-06-02,JYP,035900.KQ,127300.0,130300.0,124700.0,128700.0,125246.8359375,577949,0.010997651981878409
2023-06-05,JYP,035900.KQ,127300.0,128700.0,123300.0,126300.0,122911.2265625,417960,-0.018648050926935222
2023-06-07,JYP,035900.KQ,125500.0,129200.0,123700.0,127500.0,124079.0390625,426654,0.00950126796925388
2023-06-08,JYP,035900.KQ,126800.0,129000.0,126500.0,128300.0,124857.5703125,425623,0.006274478396047556
2023-06-09,JYP,035900.KQ,128700.0,134300.0,127700.0,131200.0,127679.7578125,619138,0.02260325499636484
2023-06-12,JYP,035900.KQ,132400.0,132800.0,129000.0,132400.0,128847.5703125,393686,0.009146418508366505
2023-06-13,JYP,035900.KQ,132500.0,134500.0,130900.0,133200.0,129626.09375,332287,0.006042205030423187
2023-06-14,JYP,035900.KQ,133200.0,138700.0,133200.0,135000.0,131377.8125,612243,0.01351362753689389
2023-06-15,JYP,035900.KQ,136200.0,138600.0,135300.0,137000.0,133324.140625,364569,0.014814739931828358
2023-06-16,JYP,035900.KQ,137400.0,137900.0,135000.0,136000.0,132350.984375,261448,-0.00729917511890954
2023-06-19,JYP,035900.KQ,136200.0,136400.0,133300.0,136100.0,132448.28125,244897,0.0007351428133266502
2023-06-20,JYP,035900.KQ,135800.0,139200.0,135100.0,138800.0,135075.84375,371580,0.019838403905297897
2023-06-21,JYP,035900.KQ,138700.0,140600.0,133500.0,134400.0,130793.890625,425154,-0.031700361856891957
2023-06-22,JYP,035900.KQ,132400.0,135900.0,132200.0,134000.0,130404.6171875,275296,-0.0029762356302718285
2023-06-23,JYP,035900.KQ,134300.0,134400.0,129900.0,131300.0,127777.078125,451279,-0.020149125998522255
2023-06-26,JYP,035900.KQ,129300.0,131400.0,128500.0,130000.0,126511.953125,329926,-0.009901032474403326
2023-06-27,JYP,035900.KQ,129300.0,130300.0,122300.0,124900.0,121548.7890625,794119,-0.03923079155687492
2023-06-28,JYP,035900.KQ,126300.0,126500.0,122500.0,122600.0,119310.5078125,413691,-0.018414673377363577
2023-06-29,JYP,035900.KQ,122300.0,128000.0,122300.0,124900.0,121548.7890625,376280,0.018760135138453427
2023-06-30,JYP,035900.KQ,127400.0,133600.0,126700.0,130800.0,127290.4921875,627590,0.04723784719934665
2023-07-03,JYP,035900.KQ,130800.0,131000.0,126400.0,130300.0,126803.90625,397182,-0.003822641653260739
2023-07-04,JYP,035900.KQ,130300.0,138400.0,128000.0,136000.0,132350.984375,569405,0.04374532527463049
2023-07-05,JYP,035900.KQ,134600.0,137600.0,131000.0,135800.0,132156.328125,429583,-0.0014707578558574852
2023-07-06,JYP,035900.KQ,136000.0,136900.0,131800.0,132500.0,128944.8671875,445269,-0.02430047038279126
2023-07-07,JYP,035900.KQ,132000.0,133300.0,129100.0,130800.0,127290.4921875,306242,-0.012830095808267883
2023-07-10,JYP,035900.KQ,130500.0,133300.0,126800.0,128100.0,124662.9375,405758,-0.020642191277174038
2023-07-11,JYP,035900.KQ,128300.0,134900.0,126000.0,134300.0,130696.578125,419228,0.04839963461473862
2023-07-12,JYP,035900.KQ,136300.0,137000.0,132700.0,135000.0,131377.8125,307102,0.0052123352024446845
2023-07-13,JYP,035900.KQ,137700.0,138900.0,131100.0,132100.0,128555.6171875,444489,-0.02148152156590366
2023-07-14,JYP,035900.KQ,133800.0,134100.0,126000.0,127100.0,123689.7734375,598564,-0.03785010609768302
2023-07-17,JYP,035900.KQ,127500.0,128600.0,123400.0,124000.0,120672.9375,543300,-0.024390342496862893
2023-07-18,JYP,035900.KQ,126100.0,128100.0,124800.0,126000.0,122619.28125,424824,0.01612908238021471
2023-07-19,JYP,035900.KQ,126200.0,129200.0,122700.0,128700.0,125246.8359375,393599,0.021428560506262073
2023-07-20,JYP,035900.KQ,128900.0,135900.0,126600.0,133600.0,130015.3671875,568410,0.03807306758934459
2023-07-21,JYP,035900.KQ,133600.0,134900.0,129900.0,132700.0,129139.515625,335736,-0.006736523392937843
2023-07-24,JYP,035900.KQ,132900.0,133300.0,128200.0,129000.0,125538.7890625,442444,-0.027882453678670482
2023-07-25,JYP,035900.KQ,128900.0,146600.0,128800.0,141100.0,137314.140625,1378409,0.09379851160295649
2023-07-26,JYP,035900.KQ,141600.0,141700.0,130500.0,130500.0,126998.546875,896601,-0.07512404551379392
2023-07-27,JYP,035900.KQ,133200.0,138500.0,132600.0,134400.0,130793.890625,835171,0.029884938398040184
2023-07-28,JYP,035900.KQ,135000.0,138700.0,132100.0,135000.0,131377.8125,372222,0.004464443042482502
2023-07-31,JYP,035900.KQ,136800.0,138400.0,133700.0,136400.0,132740.234375,439002,0.010370258486378736
2023-08-01,JYP,035900.KQ,135500.0,136000.0,126800.0,129700.0,126220.0,1059214,-0.04912025661021435
2023-08-02,JYP,035900.KQ,128200.0,129600.0,124900.0,126400.0,123008.546875,689523,-0.025443298407542336
2023-08-03,JYP,035900.KQ,125700.0,127900.0,119700.0,121000.0,117753.4296875,833600,-0.04272156139556871
2023-08-04,JYP,035900.KQ,122400.0,126800.0,122200.0,125800.0,122424.640625,617264,0.03966942576446986
2023-08-07,JYP,035900.KQ,127200.0,128500.0,125200.0,126300.0,122911.2265625,591894,0.003974575175519357
2023-08-08,JYP,035900.KQ,128000.0,133200.0,123000.0,128900.0,125441.4765625,983777,0.020585995850536776
2023-08-09,JYP,035900.KQ,127900.0,129000.0,122700.0,128100.0,124662.9375,589718,-0.006206392684736106
2023-08-10,JYP,035900.KQ,128100.0,128700.0,124300.0,127200.0,123787.078125,420597,-0.007025820123964244
2023-08-11,JYP,035900.KQ,130000.0,131400.0,123000.0,129700.0,126220.0,1480486,0.01965408596641427
2023-08-14,JYP,035900.KQ,120400.0,121400.0,113300.0,119000.0,115807.09375,2757044,-0.08249806884804312
2023-08-16,JYP,035900.KQ,115700.0,119700.0,113900.0,114300.0,111233.203125,1046609,-0.039495772468601476
2023-08-17,JYP,035900.KQ,114200.0,121100.0,114200.0,119300.0,116099.0546875,895633,0.04374459626980198
2023-08-18,JYP,035900.KQ,117100.0,117200.0,111600.0,112500.0,109481.5,758300,-0.056999212485512984
2023-08-21,JYP,035900.KQ,111900.0,113000.0,110200.0,110400.0,107437.84375,565038,-0.01866668112877523
2023-08-22,JYP,035900.KQ,110400.0,112100.0,108500.0,109000.0,106075.40625,660136,-0.012681169431976835
2023-08-23,JYP,035900.KQ,110000.0,112300.0,109200.0,109600.0,106659.3046875,428119,0.005504559993141589
2023-08-24,JYP,035900.KQ,110900.0,112400.0,109300.0,111000.0,108021.7421875,421731,0.01277373318710251
2023-08-25,JYP,035900.KQ,109200.0,112400.0,108500.0,110600.0,107632.484375,314889,-0.0036035135577089372
2023-08-28,JYP,035900.KQ,111200.0,114400.0,109400.0,113900.0,110843.9375,444360,0.02983721079791346
2023-08-29,JYP,035900.KQ,114700.0,118800.0,111900.0,116600.0,113471.4921875,738326,0.02370499232310297
2023-08-30,JYP,035900.KQ,117400.0,118200.0,115700.0,116600.0,113471.4921875,600909,0.0
2023-08-31,JYP,035900.KQ,117000.0,118000.0,112200.0,112200.0,109189.5546875,3518801,-0.03773579969253016
2023-09-01,JYP,035900.KQ,112800.0,113900.0,105800.0,106000.0,103155.8984375,1101709,-0.05525854801100982
2023-09-04,JYP,035900.KQ,106100.0,107000.0,104000.0,106600.0,103739.796875,651239,0.005660349493769035
2023-09-05,JYP,035900.KQ,106500.0,107100.0,104300.0,107000.0,104129.0703125,488578,0.003752402156416812
2023-09-06,JYP,035900.KQ,105600.0,107800.0,104700.0,105200.0,102377.3671875,372374,-0.016822421632527673
2023-09-07,JYP,035900.KQ,105400.0,106600.0,103600.0,105400.0,102572.0,473360,0.0019011312543673053
2023-09-08,JYP,035900.KQ,106000.0,108200.0,104500.0,107700.0,104810.2890625,395615,0.02182163809324189
2023-09-11,JYP,035900.KQ,108300.0,108300.0,104300.0,106300.0,103447.8515625,391723,-0.012999081599589513
2023-09-12,JYP,035900.KQ,107000.0,109400.0,106500.0,107100.0,104226.3828125,406224,0.007525832951007505
2023-09-13,JYP,035900.KQ,107200.0,111700.0,105800.0,107600.0,104712.9765625,459681,0.004668623594808796
2023-09-14,JYP,035900.KQ,109400.0,112200.0,108400.0,112100.0,109092.234375,532602,0.04182153880313155
2023-09-15,JYP,035900.KQ,111800.0,112200.0,109200.0,110600.0,107632.484375,311562,-0.013380879109893051
2023-09-18,JYP,035900.KQ,109900.0,111600.0,108400.0,108800.0,105880.78125,283953,-0.01627485545067353
2023-09-19,JYP,035900.KQ,109400.0,111100.0,108800.0,109600.0,106659.3046875,248782,0.007352830497744378
2023-09-20,JYP,035900.KQ,110100.0,110400.0,106800.0,108800.0,105880.78125,244971,-0.007299161004105437
2023-09-21,JYP,035900.KQ,108500.0,108700.0,103800.0,104000.0,101209.5703125,340439,-0.044117647058823484
2023-09-22,JYP,035900.KQ,102200.0,105700.0,101100.0,105500.0,102669.3203125,329301,0.014423043151875925
2023-09-25,JYP,035900.KQ,104500.0,114000.0,104500.0,113200.0,110162.71875,847047,0.07298576064097784
2023-09-26,JYP,035900.KQ,113200.0,115800.0,111300.0,111900.0,108897.59375,404852,-0.011484148306751929
2023-09-27,JYP,035900.KQ,110900.0,112800.0,107600.0,112300.0,109286.859375,306142,0.003574602629821566
2023-10-04,JYP,035900.KQ,111700.0,112800.0,107900.0,109200.0,106270.046875,403116,-0.027604531022785594
2023-10-05,JYP,035900.KQ,112100.0,115000.0,109000.0,111400.0,108411.0078125,401492,0.020146419432921725
2023-10-06,JYP,035900.KQ,112400.0,113800.0,109300.0,110000.0,107048.578125,267177,-0.01256726337104408
2023-10-10,JYP,035900.KQ,110100.0,110300.0,105300.0,105600.0,102766.6328125,382321,-0.0400000204346479
2023-10-11,JYP,035900.KQ,106900.0,109000.0,106500.0,107600.0,104712.9765625,252232,0.018939452395517753
2023-10-12,JYP,035900.KQ,107900.0,114400.0,107700.0,114300.0,111233.203125,431076,0.06226760786050489
2023-10-13,JYP,035900.KQ,113500.0,117000.0,112500.0,113500.0,110454.6640625,280212,-0.006999160687884753
2023-10-16,JYP,035900.KQ,112400.0,114000.0,109700.0,111300.0,108313.6953125,289415,-0.019383235358794382
2023-10-17,JYP,035900.KQ,113000.0,113500.0,108300.0,108700.0,105783.453125,312448,-0.02336031634965363
2023-10-18,JYP,035900.KQ,108700.0,109500.0,106900.0,107900.0,105004.9296875,294240,-0.007359595612558167
2023-10-19,JYP,035900.KQ,105200.0,106000.0,101700.0,101700.0,98971.2734375,475325,-0.05746069511171015
2023-10-20,JYP,035900.KQ,101400.0,102900.0,99800.0,100900.0,98192.734375,378755,-0.007866313481271314
2023-10-23,JYP,035900.KQ,99900.0,103700.0,99800.0,102300.0,99555.1796875,314222,0.013875215118226425
2023-10-24,JYP,035900.KQ,104500.0,107000.0,103100.0,106500.0,103642.484375,348054,0.04105567083832207
2023-10-25,JYP,035900.KQ,108200.0,109400.0,106100.0,106900.0,104031.7578125,283901,0.0037559253799004377
2023-10-26,JYP,035900.KQ,103200.0,103600.0,99600.0,100300.0,97608.8359375,605670,-0.0617400110317875
2023-10-27,JYP,035900.KQ,101500.0,105500.0,101500.0,103600.0,100820.2890625,368134,0.03290125421694734
2023-10-30,JYP,035900.KQ,103300.0,105500.0,102700.0,103700.0,100917.6171875,148026,0.0009653624871048816
2023-10-31,JYP,035900.KQ,104500.0,106000.0,102000.0,102600.0,99847.1328125,225425,-0.0106075074385783
2023-11-01,JYP,035900.KQ,103700.0,105500.0,100700.0,105200.0,102377.3671875,247053,0.025341081949257882
2023-11-02,JYP,035900.KQ,106100.0,110000.0,106100.0,107500.0,104615.6484375,359264,0.021863047580630512
2023-11-03,JYP,035900.KQ,108100.0,109200.0,104600.0,105000.0,102182.734375,247760,-0.023255737538667387
2023-11-06,JYP,035900.KQ,106400.0,107900.0,104000.0,107900.0,105004.9296875,548770,0.02761910150244007
2023-11-07,JYP,035900.KQ,107000.0,108400.0,103500.0,104400.0,101598.8359375,312815,-0.032437465175556124
2023-11-08,JYP,035900.KQ,105300.0,105800.0,103500.0,103700.0,100917.6171875,210486,-0.006704985777780559
2023-11-09,JYP,035900.KQ,104500.0,106500.0,100700.0,104900.0,102085.421875,339158,0.011571861485099033
2023-11-10,JYP,035900.KQ,104900.0,105900.0,102000.0,103400.0,100625.6640625,218172,-0.014299375813790705
2023-11-13,JYP,035900.KQ,106200.0,108300.0,96200.0,97600.0,94981.28125,1325148,-0.05609287516347916
2023-11-14,JYP,035900.KQ,98100.0,101000.0,97100.0,98500.0,95857.1328125,414539,0.009221307093075337
2023-11-15,JYP,035900.KQ,100900.0,101000.0,98500.0,99800.0,97122.2578125,372398,0.013198026718310274
2023-11-16,JYP,035900.KQ,100700.0,102800.0,99600.0,99800.0,97122.2578125,324000,0.0
2023-11-17,JYP,035900.KQ,100100.0,101000.0,89500.0,90300.0,87877.1484375,1478659,-0.09519042888035212
2023-11-20,JYP,035900.KQ,91600.0,94600.0,91200.0,92400.0,89920.8046875,970514,0.023255832560992618
2023-11-21,JYP,035900.KQ,93100.0,97000.0,93100.0,96600.0,94008.1171875,629130,0.04545458099718469
2023-11-22,JYP,035900.KQ,95700.0,97500.0,95000.0,96600.0,94008.1171875,249396,0.0
2023-11-23,JYP,035900.KQ,97400.0,99100.0,96200.0,98200.0,95565.1875,305236,0.016563147514106813
2023-11-24,JYP,035900.KQ,98200.0,98700.0,96600.0,97100.0,94494.703125,162006,-0.011201614343089084
2023-11-27,JYP,035900.KQ,97700.0,97900.0,95500.0,96100.0,93521.5234375,203623,-0.010298775014009554
2023-11-28,JYP,035900.KQ,96000.0,97000.0,94200.0,95000.0,92451.046875,362933,-0.011446312283561078
2023-11-29,JYP,035900.KQ,95300.0,95700.0,92800.0,93900.0,91380.5625,395909,-0.01157893189081316
2023-11-30,JYP,035900.KQ,93900.0,96000.0,91900.0,96000.0,93424.2109375,672530,0.022364148146932328
2023-12-01,JYP,035900.KQ,95800.0,97300.0,94300.0,95500.0,92937.625,287739,-0.005208349448362126
2023-12-04,JYP,035900.KQ,96900.0,96900.0,91800.0,92400.0,89920.8046875,365073,-0.03246069944761343
2023-12-05,JYP,035900.KQ,92000.0,93700.0,90700.0,91700.0,89239.5859375,286669,-0.007575763499530819
2023-12-06,JYP,035900.KQ,92200.0,98100.0,91700.0,94500.0,91964.453125,834291,0.030534287658039894
2023-12-07,JYP,035900.KQ,94500.0,94900.0,93000.0,93100.0,90602.015625,186546,-0.014814827400192798
2023-12-08,JYP,035900.KQ,93200.0,95400.0,92100.0,94400.0,91867.1484375,270714,0.013963627671776724
2023-12-11,JYP,035900.KQ,95400.0,96300.0,94500.0,95000.0,92451.046875,204463,0.006355900312909446
2023-12-12,JYP,035900.KQ,94500.0,94800.0,91600.0,92900.0,90407.390625,469787,-0.022105279702923863
2023-12-13,JYP,035900.KQ,92400.0,93900.0,91900.0,92900.0,90407.390625,235853,0.0
2023-12-14,JYP,035900.KQ,94400.0,94700.0,92300.0,92300.0,89823.4921875,383290,-0.006458525497345047
2023-12-15,JYP,035900.KQ,92600.0,94100.0,92400.0,94100.0,91575.1953125,302744,0.019501614581444393
2023-12-18,JYP,035900.KQ,95200.0,97800.0,94400.0,96800.0,94202.7578125,477933,0.02869294999626759
2023-12-19,JYP,035900.KQ,97700.0,105500.0,97200.0,104400.0,101598.8359375,1357833,0.07851233123897572
2023-12-20,JYP,035900.KQ,106000.0,108400.0,104100.0,104500.0,101696.1484375,595180,0.00095781117078797
2023-12-21,JYP,035900.KQ,103600.0,106200.0,102000.0,102900.0,100139.078125,339661,-0.015311005740369144
2023-12-22,JYP,035900.KQ,104100.0,104800.0,100400.0,100500.0,97803.4765625,278635,-0.023323577630548487
2023-12-26,JYP,035900.KQ,100500.0,100700.0,97400.0,98400.0,95759.8203125,423836,-0.020895537887081428
2023-12-27,JYP,035900.KQ,100000.0,100500.0,98400.0,100300.0,98181.5625,254127,0.02528975283784951
2023-12-28,JYP,035900.KQ,100700.0,101500.0,99000.0,101300.0,99160.4453125,228261,0.009970128683784107
2024-01-02,JYP,035900.KQ,100000.0,102400.0,99000.0,101400.0,99258.3359375,206572,0.0009871942859021043
2024-01-03,JYP,035900.KQ,100000.0,101000.0,98800.0,100600.0,98475.234375,304238,-0.007889529429478848
2024-01-04,JYP,035900.KQ,100000.0,104300.0,99900.0,103200.0,101020.3125,383496,0.025844854710456167
2024-01-05,JYP,035900.KQ,104000.0,106000.0,102200.0,105400.0,103173.8515625,442098,0.021317881614155487
2024-01-08,JYP,035900.KQ,106000.0,106000.0,104000.0,104200.0,101999.1953125,247058,-0.011385212747325069
2024-01-09,JYP,035900.KQ,103400.0,104500.0,101900.0,103000.0,100824.5390625,375983,-0.011516328598486947
2024-01-10,JYP,035900.KQ,102500.0,103300.0,99900.0,100300.0,98181.5625,326698,-0.026213624054969853
2024-01-11,JYP,035900.KQ,100000.0,101500.0,99600.0,100400.0,98279.453125,292070,0.0009970367399683155
2024-01-12,JYP,035900.KQ,100800.0,101700.0,95800.0,96600.0,94559.7109375,426244,-0.03784862521333854
2024-01-15,JYP,035900.KQ,95500.0,96000.0,94400.0,89000.0,87120.234375,96761,-0.07867490804214894
2024-01-16,JYP,035900.KQ,87500.0,87800.0,81500.0,82000.0,80268.078125,1751528,-0.07865171965109286
2024-01-17,JYP,035900.KQ,82800.0,85500.0,82300.0,82900.0,81149.0703125,1167706,0.01097562328735524
2024-01-18,JYP,035900.KQ,82100.0,85400.0,80600.0,82600.0,80855.40625,1344369,-0.003618822265851196
2024-01-19,JYP,035900.KQ,83000.0,85300.0,83000.0,84100.0,82323.7265625,757038,0.018159828521052024
2024-01-22,JYP,035900.KQ,85100.0,85800.0,84000.0,84400.0,82617.390625,511666,0.003567186214256779
2024-01-23,JYP,035900.KQ,85100.0,85500.0,83600.0,84600.0,82813.1640625,363568,0.002369639564006709
2024-01-24,JYP,035900.KQ,84300.0,85100.0,83700.0,84200.0,82421.609375,230892,-0.004728169632602031
2024-01-25,JYP,035900.KQ,83700.0,83800.0,80900.0,82000.0,80268.078125,511600,-0.026128235863508986
2024-01-26,JYP,035900.KQ,82000.0,82700.0,81500.0,81900.0,80170.1875,414747,-0.0012195461419614029
2024-01-29,JYP,035900.KQ,81500.0,81600.0,76500.0,77100.0,75471.5703125,1218272,-0.058608035405929404
2024-01-30,JYP,035900.KQ,77500.0,78000.0,76100.0,76800.0,75177.90625,599180,-0.003891055417080125
2024-01-31,JYP,035900.KQ,76200.0,77000.0,75000.0,75300.0,73709.59375,554890,-0.019531170436127954
2024-02-01,JYP,035900.KQ,75300.0,76300.0,74500.0,76000.0,74394.8046875,340614,0.009296088916512346
2024-02-02,JYP,035900.KQ,77000.0,78400.0,76300.0,76900.0,75275.796875,473222,0.011842119771678483
2024-02-05,JYP,035900.KQ,77500.0,77900.0,75900.0,75900.0,74296.9140625,277352,-0.013003951510808909
2024-02-06,JYP,035900.KQ,75700.0,76500.0,74700.0,74800.0,73220.15625,277244,-0.01449263170734405
2024-02-07,JYP,035900.KQ,75200.0,75700.0,74200.0,75400.0,73807.4765625,253013,0.008021292804875735
2024-02-08,JYP,035900.KQ,75500.0,76900.0,75100.0,76100.0,74492.6953125,300403,0.009283866376596173
2024-02-13,JYP,035900.KQ,76000.0,76100.0,72000.0,74500.0,72926.484375,867108,-0.021025027097350657
2024-02-14,JYP,035900.KQ,74000.0,77700.0,73400.0,77100.0,75471.5703125,550854,0.034899336767870937
2024-02-15,JYP,035900.KQ,77600.0,78500.0,76600.0,77100.0,75471.5703125,367823,0.0
2024-02-16,JYP,035900.KQ,77500.0,78300.0,76000.0,76600.0,74982.1328125,346273,-0.006485057856533527
2024-02-19,JYP,035900.KQ,77100.0,77800.0,76600.0,77100.0,75471.5703125,249714,0.006527388347619789
2024-02-20,JYP,035900.KQ,76400.0,77100.0,74600.0,76600.0,74982.1328125,356436,-0.006485057856533527
2024-02-21,JYP,035900.KQ,77400.0,79400.0,76900.0,77100.0,75471.5703125,653867,0.006527388347619789
2024-02-22,JYP,035900.KQ,77500.0,77600.0,76200.0,76900.0,75275.796875,301303,-0.0025940024394534023
2024-02-23,JYP,035900.KQ,77600.0,77600.0,76100.0,76300.0,74688.46875,288671,-0.007802350149481607
2024-02-26,JYP,035900.KQ,75300.0,79000.0,75300.0,77200.0,75569.4609375,701999,0.011795558300289777
2024-02-27,JYP,035900.KQ,77400.0,77500.0,73300.0,74000.0,72437.046875,700131,-0.04145079273611163
2024-02-28,JYP,035900.KQ,73800.0,74800.0,73500.0,74500.0,72926.484375,458775,0.006756729064957501
2024-02-29,JYP,035900.KQ,74000.0,76600.0,73600.0,73700.0,72143.3828125,3038341,-0.010738232745091114
2024-03-04,JYP,035900.KQ,75500.0,76900.0,72200.0,72200.0,70675.0625,879434,-0.0203528065258064
2024-03-05,JYP,035900.KQ,72600.0,72900.0,70700.0,70800.0,69304.6328125,542148,-0.019390569162920812
2024-03-06,JYP,035900.KQ,70800.0,71300.0,68800.0,69300.0,67836.3203125,592255,-0.021186354222126003
2024-03-07,JYP,035900.KQ,69100.0,69300.0,66300.0,66600.0,65193.33984375,1143468,-0.03896114141472651
2024-03-08,JYP,035900.KQ,67000.0,69000.0,66500.0,67800.0,66367.9921875,859695,0.018017980771736886
2024-03-11,JYP,035900.KQ,68300.0,72500.0,67300.0,71700.0,70185.625,948346,0.057522198377112144
2024-03-12,JYP,035900.KQ,72400.0,72700.0,70900.0,72200.0,70675.0625,498885,0.006973472131935887
2024-03-13,JYP,035900.KQ,72200.0,72300.0,71000.0,71200.0,69696.1875,349078,-0.013850359170181181
2024-03-14,JYP,035900.KQ,71200.0,71400.0,69800.0,69800.0,68325.7578125,572583,-0.019662907494043314
2024-03-15,JYP,035900.KQ,69000.0,69400.0,67700.0,68600.0,67151.1015625,579781,-0.01719199739025945
2024-03-18,JYP,035900.KQ,68700.0,69600.0,67600.0,68300.0,66857.4375,483702,-0.0043731831000073385
2024-03-19,JYP,035900.KQ,68700.0,68800.0,67300.0,67500.0,66074.3359375,490186,-0.011713005938942866
2024-03-20,JYP,035900.KQ,68100.0,68300.0,67100.0,67600.0,66172.2265625,342074,0.0014815226458362307
2024-03-21,JYP,035900.KQ,67800.0,68700.0,67500.0,67600.0,66172.2265625,478751,0.0
2024-03-22,JYP,035900.KQ,67700.0,68300.0,66500.0,67500.0,66074.3359375,466460,-0.0014793309834835178
2024-03-25,JYP,035900.KQ,67500.0,69000.0,67300.0,68500.0,67053.2109375,342654,0.014814753506201317
2024-03-26,JYP,035900.KQ,68900.0,71800.0,67900.0,70800.0,69304.6328125,966435,0.033576645227303636
2024-03-27,JYP,035900.KQ,71200.0,74900.0,71000.0,72500.0,70968.7265625,1493506,0.024011291633304177
2024-03-28,JYP,035900.KQ,72500.0,73000.0,70700.0,71000.0,69500.4140625,601858,-0.02068957090144352
2024-03-29,JYP,035900.KQ,71500.0,73000.0,70100.0,72100.0,70577.171875,497754,0.015492825863335113
2024-04-01,JYP,035900.KQ,73200.0,73200.0,70900.0,71200.0,69696.1875,408329,-0.012482568394215687
2024-04-02,JYP,035900.KQ,70600.0,71000.0,69500.0,70200.0,68717.3046875,448824,-0.014044997977830542
2024-04-03,JYP,035900.KQ,69600.0,72000.0,69600.0,71300.0,69794.0703125,652205,0.015669497368919094
2024-04-04,JYP,035900.KQ,70700.0,70800.0,68200.0,68300.0,66857.4375,890841,-0.04207567776676946
2024-04-05,JYP,035900.KQ,67900.0,68800.0,67700.0,68500.0,67053.2109375,358525,0.0029282222714563932
2024-04-08,JYP,035900.KQ,68400.0,68400.0,67200.0,67200.0,65780.671875,304674,-0.018978048101024214
2024-04-09,JYP,035900.KQ,67100.0,68000.0,66500.0,66600.0,65193.33984375,281695,-0.008928641415613336
2024-04-11,JYP,035900.KQ,64800.0,66200.0,64500.0,65600.0,64214.46484375,385802,-0.015014954017482207
2024-04-12,JYP,035900.KQ,65700.0,66800.0,64100.0,64900.0,63529.25,385500,-0.010670724196134018
2024-04-15,JYP,035900.KQ,63900.0,64700.0,63700.0,64500.0,63137.6953125,236151,-0.006163376515542107
2024-04-16,JYP,035900.KQ,63600.0,65000.0,62800.0,63400.0,62060.9296875,432506,-0.017054243422578996
2024-04-17,JYP,035900.KQ,63600.0,63900.0,62600.0,62600.0,61277.82421875,284070,-0.012618332865672932
2024-04-18,JYP,035900.KQ,63100.0,64700.0,62900.0,64500.0,63137.6953125,237343,0.030351454501886588
2024-04-19,JYP,035900.KQ,64000.0,65500.0,63200.0,65100.0,63725.0234375,402329,0.00930233709185968
2024-04-22,JYP,035900.KQ,65500.0,68800.0,65500.0,67500.0,66074.3359375,751098,0.03686640464407431
2024-04-23,JYP,035900.KQ,67700.0,69000.0,66800.0,68200.0,66759.546875,485767,0.010370303806732872
2024-04-24,JYP,035900.KQ,67900.0,68500.0,67500.0,68100.0,66661.6640625,244754,-0.0014661994738112138
2024-04-25,JYP,035900.KQ,67500.0,68000.0,66300.0,66600.0,65193.33984375,238300,-0.022026516130370544
2024-04-26,JYP,035900.KQ,66600.0,67600.0,66500.0,66700.0,65291.23046875,206695,0.0015015433360925368
2024-04-29,JYP,035900.KQ,66700.0,68300.0,66700.0,67700.0,66270.109375,236881,0.014992502043877254
2024-04-30,JYP,035900.KQ,67700.0,68000.0,66400.0,66700.0,65291.23046875,258384,-0.014771047090187506
2024-05-02,JYP,035900.KQ,66900.0,68400.0,66300.0,67700.0,66270.109375,257516,0.014992502043877254
2024-05-03,JYP,035900.KQ,67900.0,70000.0,67600.0,69900.0,68423.640625,528095,0.03249626823178908
2024-05-07,JYP,035900.KQ,70700.0,70700.0,68500.0,70000.0,68521.53125,504482,0.0014306550207769941
2024-05-08,JYP,035900.KQ,69900.0,70500.0,69100.0,69600.0,68129.9765625,317885,-0.005714330668872836
2024-05-09,JYP,035900.KQ,69700.0,70500.0,69000.0,69000.0,67542.6484375,365481,-0.008620700529101244
2024-05-10,JYP,035900.KQ,69200.0,70700.0,68300.0,69300.0,67836.3203125,651546,0.004347947286546638
2024-05-13,JYP,035900.KQ,65800.0,65900.0,60000.0,60100.0,58830.62890625,3465685,-0.13275618967484804
2024-05-14,JYP,035900.KQ,60300.0,60700.0,59500.0,60100.0,58830.62890625,849580,0.0
2024-05-16,JYP,035900.KQ,60100.0,60800.0,59900.0,60100.0,58830.62890625,729860,0.0
2024-05-17,JYP,035900.KQ,60300.0,60800.0,60000.0,60000.0,58732.7421875,532807,-0.001663873403529137
2024-05-20,JYP,035900.KQ,60200.0,60500.0,59000.0,59100.0,57851.75,564409,-0.01500001795740269
2024-05-21,JYP,035900.KQ,59000.0,59100.0,58000.0,58000.0,56774.984375,499333,-0.018612498757600293
2024-05-22,JYP,035900.KQ,58100.0,58700.0,57600.0,57600.0,56383.43359375,407649,-0.00689653701467885
2024-05-23,JYP,035900.KQ,57800.0,61100.0,57600.0,60600.0,59320.0703125,1084358,0.05208332539498839
2024-05-24,JYP,035900.KQ,59800.0,60900.0,59500.0,59600.0,58341.1875,458664,-0.016501713624802128
2024-05-27,JYP,035900.KQ,62000.0,62300.0,59900.0,60500.0,59222.1796875,883139,0.015100690014237417
2024-05-28,JYP,035900.KQ,60500.0,60500.0,58700.0,58800.0,57558.0859375,550096,-0.028099164177694758
2024-05-29,JYP,035900.KQ,58900.0,59100.0,57700.0,58000.0,56774.984375,355199,-0.013605413553020806
2024-05-30,JYP,035900.KQ,57500.0,58500.0,56900.0,58200.0,56970.76171875,414348,0.003448302908493739
2024-05-31,JYP,035900.KQ,57700.0,58500.0,57200.0,58100.0,56872.87109375,368261,-0.0017182607717842746
2024-06-03,JYP,035900.KQ,58500.0,59300.0,58200.0,58700.0,57460.19921875,267308,0.01032703490618303
2024-06-04,JYP,035900.KQ,58900.0,59300.0,58400.0,58600.0,57362.30859375,278111,-0.0017036248800205156
2024-06-05,JYP,035900.KQ,58900.0,59100.0,58300.0,58400.0,57166.53515625,244569,-0.003412928145666183
2024-06-07,JYP,035900.KQ,58600.0,58900.0,58000.0,58100.0,56872.87109375,237016,-0.005136992502647653
2024-06-10,JYP,035900.KQ,57800.0,57900.0,57100.0,57700.0,56481.31640625,254083,-0.006884735726714997
2024-06-11,JYP,035900.KQ,57900.0,59500.0,57900.0,59200.0,57949.63671875,476202,0.02599656675738382
2024-06-12,JYP,035900.KQ,59800.0,59800.0,57500.0,57900.0,56677.09375,416026,-0.021959464127896067
2024-06-13,JYP,035900.KQ,58000.0,58100.0,57500.0,57700.0,56481.31640625,360760,-0.0034542586924721785
2024-06-14,JYP,035900.KQ,57800.0,58000.0,57200.0,57300.0,56089.765625,281359,-0.00693239474862295
2024-06-17,JYP,035900.KQ,57100.0,57600.0,56200.0,57200.0,55991.87890625,459719,-0.0017451796715365342
2024-06-18,JYP,035900.KQ,57200.0,57500.0,56600.0,56900.0,55698.21875,285469,-0.005244691944374491
2024-06-19,JYP,035900.KQ,56900.0,57000.0,55400.0,56200.0,55013.0,626685,-0.012302345844767304
2024-06-20,JYP,035900.KQ,56000.0,57500.0,56000.0,56200.0,55013.0,325241,0.0
2024-06-21,JYP,035900.KQ,56300.0,56700.0,55800.0,56100.0,54915.11328125,256924,-0.001779337951938631
2024-06-24,JYP,035900.KQ,55900.0,56200.0,55000.0,55100.0,53936.234375,304639,-0.017825309787428356
2024-06-25,JYP,035900.KQ,54900.0,55500.0,54800.0,55000.0,53838.34765625,209362,-0.0018148600821745742
2024-06-26,JYP,035900.KQ,55000.0,55700.0,54900.0,55400.0,54229.8984375,184650,0.007272711706347135
2024-06-27,JYP,035900.KQ,55600.0,56600.0,55400.0,55800.0,54621.44921875,220236,0.007220201264091619
2024-06-28,JYP,035900.KQ,56100.0,57900.0,56000.0,57300.0,56089.765625,593363,0.026881681596722773
2024-07-01,JYP,035900.KQ,57400.0,58000.0,56500.0,57500.0,56285.54296875,288753,0.0034904289859027937
2024-07-02,JYP,035900.KQ,57200.0,57400.0,55500.0,55500.0,54327.78515625,326412,-0.03478260507475173
2024-07-03,JYP,035900.KQ,55400.0,56000.0,54600.0,54800.0,53642.5703125,317904,-0.012612604062162358
2024-07-04,JYP,035900.KQ,54800.0,55100.0,53400.0,54800.0,53642.5703125,447309,0.0
2024-07-05,JYP,035900.KQ,54600.0,55800.0,54500.0,55700.0,54523.5625,264933,0.016423377596705313
2024-07-08,JYP,035900.KQ,55500.0,56700.0,55300.0,56700.0,55502.44140625,223973,0.017953318920604255
2024-07-09,JYP,035900.KQ,57000.0,57200.0,56000.0,56100.0,54915.11328125,253099,-0.010582023242924676
2024-07-10,JYP,035900.KQ,55900.0,56600.0,55800.0,56400.0,55208.77734375,177810,0.0053476000494798726
2024-07-11,JYP,035900.KQ,56600.0,56800.0,55500.0,55600.0,54425.671875,231602,-0.014184437809120487
2024-07-12,JYP,035900.KQ,55600.0,58700.0,55600.0,57500.0,56285.54296875,862301,0.03417268045898614
2024-07-15,JYP,035900.KQ,58000.0,58100.0,56300.0,56700.0,55502.44140625,295638,-0.01391301426966396
2024-07-16,JYP,035900.KQ,56800.0,58000.0,56800.0,57000.0,55796.10546875,415672,0.005291011621462394
2024-07-17,JYP,035900.KQ,57000.0,57300.0,55700.0,55800.0,54621.44921875,257399,-0.021052656634931166
2024-07-18,JYP,035900.KQ,55300.0,58000.0,55000.0,57900.0,56677.09375,519692,0.03763438284139031
2024-07-19,JYP,035900.KQ,57300.0,59200.0,55900.0,59000.0,57753.859375,607656,0.01899825050574333
2024-07-22,JYP,035900.KQ,58900.0,59100.0,56000.0,56000.0,54817.22265625,557639,-0.05084745418799119
2024-07-23,JYP,035900.KQ,56300.0,57100.0,56000.0,56300.0,55110.890625,190856,0.005357220860887857
2024-07-24,JYP,035900.KQ,55700.0,56500.0,54800.0,55100.0,53936.234375,324861,-0.021314412390699755
2024-07-25,JYP,035900.KQ,54000.0,54300.0,52400.0,53200.0,52076.36328125,550491,-0.03448277610222028
2024-07-26,JYP,035900.KQ,53000.0,54100.0,52600.0,53200.0,52076.36328125,204210,0.0
2024-07-29,JYP,035900.KQ,53000.0,54800.0,53000.0,54400.0,53251.01953125,244452,0.022556418612720952
2024-07-30,JYP,035900.KQ,54200.0,57000.0,54200.0,55800.0,54621.44921875,515579,0.025735276048485245
2024-07-31,JYP,035900.KQ,55700.0,57800.0,55700.0,57700.0,56481.31640625,472787,0.034050125254852404
2024-08-01,JYP,035900.KQ,57500.0,58000.0,56700.0,57700.0,56481.31640625,262797,0.0
2024-08-02,JYP,035900.KQ,56900.0,59700.0,56100.0,56400.0,55208.77734375,766851,-0.02253026564301508
2024-08-05,JYP,035900.KQ,56200.0,56700.0,48300.0,50900.0,49824.9453125,1028028,-0.0975176826997689
2024-08-06,JYP,035900.KQ,51500.0,53100.0,50600.0,52000.0,50901.7109375,554864,0.021610974547921158
2024-08-07,JYP,035900.KQ,51200.0,57000.0,51200.0,56400.0,55208.77734375,678719,0.0846153562802332
2024-08-08,JYP,035900.KQ,55300.0,58600.0,55200.0,57000.0,55796.10546875,589429,0.010638310668303452
2024-08-09,JYP,035900.KQ,57800.0,58200.0,56500.0,56700.0,55502.44140625,344540,-0.005263164158732847
2024-08-12,JYP,035900.KQ,56100.0,57600.0,55600.0,56600.0,55404.55078125,210088,-0.0017637174603454264
2024-08-13,JYP,035900.KQ,56700.0,57000.0,54100.0,54600.0,53446.796875,455826,-0.03533561555222542
2024-08-14,JYP,035900.KQ,51500.0,52000.0,50000.0,50300.0,49237.6171875,1342961,-0.07875457340024172
2024-08-16,JYP,035900.KQ,50500.0,50900.0,49800.0,50300.0,49237.6171875,464700,0.0
2024-08-19,JYP,035900.KQ,50300.0,51600.0,50300.0,50900.0,49824.9453125,366704,0.01192844330308307
2024-08-20,JYP,035900.KQ,51100.0,51500.0,50700.0,51400.0,50314.3828125,227180,0.009823141740151753
2024-08-21,JYP,035900.KQ,51000.0,52100.0,50900.0,51300.0,50216.4921875,192917,-0.0019455793657411347
2024-08-22,JYP,035900.KQ,51500.0,52500.0,51400.0,52500.0,51391.1484375,325284,0.023391841979205408
2024-08-23,JYP,035900.KQ,52000.0,52000.0,51100.0,51900.0,50803.8203125,205384,-0.011428585327574181
2024-08-26,JYP,035900.KQ,52200.0,52700.0,51300.0,52000.0,50901.7109375,185163,0.0019268359032424964
2024-08-27,JYP,035900.KQ,51900.0,52100.0,51200.0,51600.0,50510.15625,157232,-0.007692367904504671
2024-08-28,JYP,035900.KQ,52000.0,52400.0,51200.0,51300.0,50216.4921875,202075,-0.005813960682412245
2024-08-29,JYP,035900.KQ,50900.0,51100.0,50400.0,50700.0,49629.16796875,151318,-0.01169584320141337
2024-08-30,JYP,035900.KQ,51000.0,51500.0,50700.0,51100.0,50020.71484375,117301,0.007889450720724334
2024-09-02,JYP,035900.KQ,51400.0,51400.0,50600.0,50700.0,49629.16796875,119725,-0.007827694510625816
2024-09-03,JYP,035900.KQ,50800.0,51400.0,49900.0,49950.0,48895.0078125,231677,-0.014792916873244355
2024-09-04,JYP,035900.KQ,48550.0,48900.0,45600.0,45800.0,44832.66015625,1105221,-0.08308307612564614
2024-09-05,JYP,035900.KQ,45950.0,46650.0,45500.0,45700.0,44734.76953125,362784,-0.0021834667998471557
2024-09-06,JYP,035900.KQ,45700.0,46100.0,44450.0,44450.0,43511.171875,295499,-0.027352273613374556
2024-09-09,JYP,035900.KQ,43500.0,44550.0,43100.0,44150.0,43217.5078125,319296,-0.006749164636237426
2024-09-10,JYP,035900.KQ,44100.0,44450.0,43350.0,43500.0,42581.23828125,281691,-0.01472249473547771
2024-09-11,JYP,035900.KQ,43500.0,45650.0,43500.0,45150.0,44196.390625,353202,0.037931079718299454
2024-09-12,JYP,035900.KQ,45250.0,46600.0,45050.0,46000.0,45028.4375,326644,0.018826127274957694
2024-09-13,JYP,035900.KQ,45900.0,46300.0,45150.0,45200.0,44245.33203125,159607,-0.017391353380849628
2024-09-19,JYP,035900.KQ,45650.0,45700.0,44500.0,44700.0,43755.89453125,214420,-0.011061901392316775
2024-09-20,JYP,035900.KQ,45350.0,45600.0,44600.0,44650.0,43706.9453125,203252,-0.0011186885624070442
2024-09-23,JYP,035900.KQ,44700.0,45700.0,44350.0,45150.0,44196.390625,218835,0.011198341796721634
2024-09-24,JYP,035900.KQ,45500.0,48950.0,45300.0,48550.0,47524.578125,577780,0.075304509099831
2024-09-25,JYP,035900.KQ,48800.0,49000.0,47550.0,47550.0,46545.69921875,387209,-0.02059731921607666
2024-09-26,JYP,035900.KQ,47750.0,50200.0,47750.0,49800.0,48748.171875,1275920,0.047318499737195374
2024-09-27,JYP,035900.KQ,49950.0,53000.0,49400.0,51000.0,49922.828125,874421,0.024096416436129253
2024-09-30,JYP,035900.KQ,51300.0,51900.0,50200.0,50400.0,49335.5,349100,-0.011764720610968005
2024-10-02,JYP,035900.KQ,49700.0,51000.0,49500.0,50400.0,49335.5,202681,0.0
2024-10-04,JYP,035900.KQ,50600.0,51600.0,50300.0,50900.0,49824.9453125,239762,0.009920753058142662
2024-10-07,JYP,035900.KQ,51200.0,51400.0,49950.0,50100.0,49041.83984375,213522,-0.01571713654352047
2024-10-08,JYP,035900.KQ,50900.0,53900.0,50300.0,51800.0,50705.93359375,1029543,0.033932123168745276
2024-10-10,JYP,035900.KQ,51800.0,52100.0,51200.0,51200.0,50118.60546875,276469,-0.011583025562759697
2024-10-11,JYP,035900.KQ,51100.0,51700.0,50300.0,50500.0,49433.390625,255647,-0.013671865714165676
2024-10-14,JYP,035900.KQ,50400.0,51600.0,50200.0,50500.0,49433.390625,224629,0.0
2024-10-15,JYP,035900.KQ,51200.0,52600.0,50600.0,52100.0,50999.59765625,283211,0.03168318036549822
2024-10-16,JYP,035900.KQ,51600.0,51700.0,50700.0,50700.0,49629.16796875,148106,-0.026871382333975236
2024-10-17,JYP,035900.KQ,50700.0,52400.0,50700.0,51100.0,50020.71484375,224346,0.007889450720724334
2024-10-18,JYP,035900.KQ,51700.0,51800.0,49900.0,50200.0,49139.7265625,187865,-0.01761246883420098
2024-10-21,JYP,035900.KQ,50400.0,51600.0,50400.0,50800.0,49727.0546875,150823,0.011952205803444693
2024-10-22,JYP,035900.KQ,51000.0,51600.0,50100.0,51400.0,50314.3828125,245582,0.011811037848329153
2024-10-23,JYP,035900.KQ,51800.0,53300.0,50700.0,52900.0,51782.69921875,412885,0.02918283648080866
2024-10-24,JYP,035900.KQ,52700.0,52700.0,51200.0,51200.0,50118.60546875,210865,-0.032136095165109624
2024-10-25,JYP,035900.KQ,51000.0,51600.0,49950.0,50900.0,49824.9453125,216724,-0.005859304214541727
2024-10-28,JYP,035900.KQ,50900.0,51100.0,49150.0,50800.0,49727.0546875,271075,-0.001964691067617541
2024-10-29,JYP,035900.KQ,50500.0,50700.0,49300.0,50000.0,48943.94921875,242932,-0.015748076649044984
2024-10-30,JYP,035900.KQ,50000.0,50300.0,49400.0,49450.0,48405.56640625,148529,-0.010999987150480117
2024-10-31,JYP,035900.KQ,49200.0,49300.0,48350.0,48850.0,47818.23828125,171904,-0.012133483163295211
2024-11-01,JYP,035900.KQ,48350.0,49300.0,47800.0,48750.0,47720.3515625,140941,-0.00204705824113105
2024-11-04,JYP,035900.KQ,48750.0,54500.0,48750.0,53900.0,52761.58203125,1272983,0.10564110078165356
2024-11-05,JYP,035900.KQ,53400.0,57200.0,53300.0,56700.0,55502.44140625,1283156,0.05194801348785605
2024-11-06,JYP,035900.KQ,57300.0,57400.0,54100.0,55500.0,54327.78515625,690525,-0.02116404648584924
2024-11-07,JYP,035900.KQ,55000.0,55100.0,52500.0,55500.0,54327.78515625,601912,0.0
2024-11-08,JYP,035900.KQ,54100.0,55900.0,54000.0,54900.0,53740.45703125,475896,-0.010810824025143106
2024-11-11,JYP,035900.KQ,54200.0,56100.0,53700.0,54700.0,53544.6796875,509321,-0.00364301598023542
2024-11-12,JYP,035900.KQ,54300.0,55700.0,53000.0,53500.0,52370.02734375,430018,-0.021937797566547457
2024-11-13,JYP,035900.KQ,52900.0,55300.0,52900.0,53700.0,52565.8046875,635820,0.003738347174519152
2024-11-14,JYP,035900.KQ,59000.0,59900.0,56300.0,56800.0,55600.328125,2503819,0.0577280887363949
2024-11-15,JYP,035900.KQ,57400.0,59700.0,56200.0,59400.0,58145.4140625,1380530,0.04577465679299886
2024-11-18,JYP,035900.KQ,59800.0,60400.0,58100.0,59400.0,58145.4140625,778075,0.0
2024-11-19,JYP,035900.KQ,60700.0,64500.0,60100.0,64000.0,62648.2578125,2699562,0.0774410815126354
2024-11-20,JYP,035900.KQ,64400.0,65500.0,63400.0,64800.0,63431.359375,1042087,0.012499973500360362
2024-11-21,JYP,035900.KQ,64900.0,67000.0,63200.0,65500.0,64116.578125,1104104,0.010802523495500926
2024-11-22,JYP,035900.KQ,65400.0,66600.0,64500.0,66100.0,64703.90234375,710206,0.00916025520895647
2024-11-25,JYP,035900.KQ,67600.0,69000.0,66900.0,67500.0,66074.3359375,1209776,0.02118007638039132
2024-11-26,JYP,035900.KQ,67800.0,70000.0,67200.0,69800.0,68325.7578125,1122989,0.034074074949911326
2024-11-27,JYP,035900.KQ,70200.0,73500.0,70000.0,73500.0,71947.609375,1414408,0.05300858239200368
2024-11-28,JYP,035900.KQ,75000.0,76200.0,71200.0,73800.0,72241.2734375,1896010,0.0040816375283490025
2024-11-29,JYP,035900.KQ,73800.0,77000.0,72500.0,76400.0,74786.3515625,1576173,0.035230250020466425
2024-12-02,JYP,035900.KQ,77000.0,81000.0,76000.0,77100.0,75471.5703125,2432737,0.009162350290979893
2024-12-03,JYP,035900.KQ,78200.0,78800.0,74000.0,75300.0,73709.59375,1546526,-0.023346228986680706
2024-12-04,JYP,035900.KQ,73900.0,76300.0,73700.0,73900.0,72339.15625,1256550,-0.018592389813571586
2024-12-05,JYP,035900.KQ,75000.0,75800.0,71500.0,72500.0,70968.7265625,1049077,-0.018944507491404416
2024-12-06,JYP,035900.KQ,72700.0,74700.0,69800.0,72400.0,70870.84375,1182948,-0.0013792386765428821
2024-12-09,JYP,035900.KQ,69000.0,69600.0,64100.0,67100.0,65682.7890625,2134037,-0.07320435898577826
2024-12-10,JYP,035900.KQ,68600.0,72400.0,68200.0,71000.0,69500.4140625,1148865,0.05812215124372022
2024-12-11,JYP,035900.KQ,71400.0,73000.0,69900.0,71200.0,69696.1875,622023,0.0028168672106607673
2024-12-12,JYP,035900.KQ,71900.0,72600.0,70300.0,72300.0,70772.953125,684322,0.015449419310059165
2024-12-13,JYP,035900.KQ,72300.0,75100.0,71600.0,74300.0,72730.7109375,810472,0.027662514082776646
2024-12-16,JYP,035900.KQ,74600.0,74900.0,72200.0,73000.0,71458.1640625,576631,-0.01749669236828366
2024-12-17,JYP,035900.KQ,73600.0,73600.0,69200.0,69200.0,67738.421875,869004,-0.05205482447389176
2024-12-18,JYP,035900.KQ,69800.0,71400.0,69200.0,71100.0,69598.296875,483077,0.027456721732196376
2024-12-19,JYP,035900.KQ,69400.0,73500.0,69100.0,72300.0,70772.953125,630530,0.016877657970707283
2024-12-20,JYP,035900.KQ,72800.0,73000.0,69900.0,70000.0,68521.53125,391834,-0.03181189671460383
2024-12-23,JYP,035900.KQ,71100.0,71600.0,69200.0,71000.0,69500.4140625,360254,0.014285769664553527
2024-12-24,JYP,035900.KQ,72000.0,72000.0,67900.0,68300.0,66857.4375,578963,-0.03802821318622984
2024-12-26,JYP,035900.KQ,68900.0,71800.0,68900.0,70400.0,68913.078125,521878,0.030746625983085307
2024-12-27,JYP,035900.KQ,70100.0,70300.0,67500.0,68600.0,67664.3515625,327433,-0.01812031324787089
2024-12-30,JYP,035900.KQ,68100.0,70600.0,67400.0,69900.0,68946.6171875,246990,0.018950386656932716
2025-01-02,JYP,035900.KQ,69600.0,71000.0,66800.0,67600.0,66677.9921875,498428,-0.03290407988879984
2025-01-03,JYP,035900.KQ,67700.0,69200.0,67700.0,67800.0,66875.2578125,383392,0.0029584817797945195
2025-01-06,JYP,035900.KQ,67800.0,68300.0,65900.0,67200.0,66283.4453125,378483,-0.008849498594222682
2025-01-07,JYP,035900.KQ,68500.0,73800.0,68100.0,72500.0,71511.15625,1329358,0.07886902850105981
2025-01-08,JYP,035900.KQ,72700.0,72900.0,71100.0,71400.0,70426.1640625,371047,-0.015172348545266279
2025-01-09,JYP,035900.KQ,71900.0,72300.0,69900.0,69900.0,68946.6171875,457769,-0.021008483064432815
2025-01-10,JYP,035900.KQ,70100.0,72300.0,68800.0,71600.0,70623.4296875,562177,0.024320446287305453
2025-01-13,JYP,035900.KQ,71600.0,72600.0,70500.0,70800.0,69834.34375,369040,-0.011173146659566258
2025-01-14,JYP,035900.KQ,70700.0,75800.0,70700.0,75800.0,74766.1484375,1158714,0.07062147967131138
2025-01-15,JYP,035900.KQ,76100.0,76300.0,75000.0,76000.0,74963.421875,487142,0.0026385395211967477
2025-01-16,JYP,035900.KQ,77000.0,77000.0,73700.0,75500.0,74470.2421875,689128,-0.006578937769441295
2025-01-17,JYP,035900.KQ,75600.0,78300.0,75100.0,76400.0,75357.9609375,775694,0.011920449348948203
2025-01-20,JYP,035900.KQ,77300.0,78000.0,74600.0,74700.0,73681.1484375,476195,-0.022251298723312107
2025-01-21,JYP,035900.KQ,75100.0,76100.0,73800.0,74300.0,73286.609375,411808,-0.005354681229414737
2025-01-22,JYP,035900.KQ,74400.0,74600.0,72700.0,74300.0,73286.609375,501405,0.0
2025-01-23,JYP,035900.KQ,74700.0,75900.0,73300.0,73500.0,72497.515625,442861,-0.01076722960346399
2025-01-24,JYP,035900.KQ,73800.0,76000.0,72900.0,75000.0,73977.0625,423894,0.020408242437617963
2025-01-31,JYP,035900.KQ,75700.0,76400.0,74600.0,75000.0,73977.0625,399828,0.0
2025-02-03,JYP,035900.KQ,74200.0,75900.0,73700.0,75000.0,73977.0625,419762,0.0
2025-02-04,JYP,035900.KQ,75500.0,79100.0,74500.0,79100.0,78021.140625,1059207,0.05466664920629949
2025-02-05,JYP,035900.KQ,79600.0,79900.0,77700.0,79300.0,78218.4140625,602689,0.0025284613365006425
2025-02-06,JYP,035900.KQ,79600.0,80300.0,77000.0,77400.0,76344.328125,674299,-0.023959651444767527
2025-02-07,JYP,035900.KQ,77700.0,78900.0,77000.0,77700.0,76640.234375,435046,0.0038759428141865726
2025-02-10,JYP,035900.KQ,80000.0,82400.0,78700.0,78800.0,77725.2265625,1392162,0.014156952889668117
2025-02-11,JYP,035900.KQ,80200.0,83800.0,79700.0,83600.0,82459.765625,1326718,0.06091380201629759
2025-02-12,JYP,035900.KQ,83900.0,84200.0,82600.0,83700.0,82558.3984375,503992,0.0011961325835989634
2025-02-13,JYP,035900.KQ,84200.0,84700.0,82000.0,83400.0,82262.4921875,561862,-0.003584205309215327
2025-02-14,JYP,035900.KQ,83400.0,84300.0,80600.0,81000.0,79895.2265625,602303,-0.028776974317825443
2025-02-17,JYP,035900.KQ,80900.0,80900.0,78600.0,79000.0,77922.5,572835,-0.024691419592593356
2025-02-18,JYP,035900.KQ,79300.0,80500.0,77800.0,79400.0,78317.046875,579731,0.0050633241361608405
2025-02-19,JYP,035900.KQ,79500.0,81300.0,78300.0,81100.0,79993.859375,572359,0.02141056854041401
2025-02-20,JYP,035900.KQ,86900.0,87400.0,81300.0,82500.0,81374.765625,2161017,0.01726265316849518
2025-02-21,JYP,035900.KQ,82200.0,84700.0,79900.0,82300.0,81177.4921875,921254,-0.002424258134384072
2025-02-24,JYP,035900.KQ,81200.0,83000.0,80500.0,81400.0,80289.765625,522796,-0.010935624377870323
2025-02-25,JYP,035900.KQ,81800.0,84800.0,81500.0,84100.0,82952.9453125,807797,0.03316960345778819
2025-02-26,JYP,035900.KQ,83600.0,85200.0,83200.0,84100.0,82952.9453125,411760,0.0
2025-02-27,JYP,035900.KQ,84200.0,85400.0,83200.0,85100.0,83939.3046875,549941,0.011890588951172232
2025-02-28,JYP,035900.KQ,84000.0,86900.0,82800.0,84300.0,83150.2109375,827890,-0.009400765862163651
2025-03-04,JYP,035900.KQ,83400.0,84000.0,81200.0,82900.0,81769.3125,445559,-0.016607275218314843
2025-03-05,JYP,035900.KQ,83300.0,83800.0,79300.0,80900.0,79796.5859375,570080,-0.02412551239806493
2025-03-06,JYP,035900.KQ,81300.0,81300.0,78000.0,79900.0,78810.2265625,576075,-0.012360922004514774
2025-03-07,JYP,035900.KQ,79700.0,81900.0,79100.0,80600.0,79500.6796875,478082,0.008760958509013372
2025-03-10,JYP,035900.KQ,80100.0,80200.0,73000.0,73100.0,72102.9765625,1797632,-0.09305207394551562
2025-03-11,JYP,035900.KQ,71600.0,73400.0,70100.0,70300.0,69341.1640625,969056,-0.03830372380821223
2025-03-12,JYP,035900.KQ,70600.0,72000.0,70000.0,70100.0,69143.890625,529998,-0.0028449686440538136
2025-03-13,JYP,035900.KQ,70700.0,71300.0,69700.0,70700.0,69735.7109375,425193,0.008559256749229194
2025-03-14,JYP,035900.KQ,70200.0,70800.0,68200.0,69800.0,68847.984375,652284,-0.012729870400197352
2025-03-17,JYP,035900.KQ,69800.0,70600.0,68500.0,69700.0,68749.34375,449196,-0.00143273076031869
2025-03-18,JYP,035900.KQ,70000.0,70000.0,62900.0,63000.0,62140.73046875,2847057,-0.09612620165919761
2025-03-19,JYP,035900.KQ,63000.0,63800.0,62250.0,62800.0,61943.45703125,1052134,-0.003174623729265691
2025-03-20,JYP,035900.KQ,63300.0,63400.0,60600.0,61000.0,60168.0078125,1160646,-0.028662417369671456
2025-03-21,JYP,035900.KQ,60400.0,62100.0,60200.0,61300.0,60463.91796875,720871,0.004918064715922377
2025-03-24,JYP,035900.KQ,61700.0,63000.0,61600.0,62000.0,61154.3671875,369755,0.011419194156535584
2025-03-25,JYP,035900.KQ,62100.0,63900.0,61800.0,62800.0,61943.45703125,428461,0.012903245999269952
2025-03-26,JYP,035900.KQ,63800.0,63900.0,62100.0,63000.0,62140.73046875,264606,0.003184734061589145
2025-03-27,JYP,035900.KQ,62600.0,63800.0,62200.0,63100.0,62239.3671875,363191,0.00158731186463279
2025-03-28,JYP,035900.KQ,63400.0,63400.0,61100.0,61300.0,60463.91796875,336904,-0.028526145090796762
2025-03-31,JYP,035900.KQ,60300.0,60800.0,58800.0,59200.0,58392.55859375,576692,-0.034257776283544095
2025-04-01,JYP,035900.KQ,59500.0,61700.0,58800.0,61100.0,60266.64453125,313000,0.03209460216563609
2025-04-02,JYP,035900.KQ,61600.0,61700.0,60200.0,61000.0,60168.0078125,186589,-0.001636671819332025
2025-04-03,JYP,035900.KQ,59800.0,62100.0,59500.0,61200.0,60365.28125,318552,0.003278709810614844
2025-04-04,JYP,035900.KQ,61000.0,63900.0,61000.0,63300.0,62436.63671875,681069,0.0343136886941946
2025-04-07,JYP,035900.KQ,62000.0,62500.0,59600.0,59700.0,58885.73828125,439173,-0.05687203257752749
2025-04-08,JYP,035900.KQ,61200.0,61400.0,59700.0,59900.0,59083.01171875,232730,0.0033501055307787464
2025-04-09,JYP,035900.KQ,59400.0,59900.0,56600.0,57400.0,56617.109375,455133,-0.041736233005323364
2025-04-10,JYP,035900.KQ,59600.0,59900.0,57400.0,59800.0,58984.375,424989,0.04181184188193998
2025-04-11,JYP,035900.KQ,58900.0,59800.0,58200.0,59600.0,58787.1015625,254336,-0.00334450331125824
2025-04-14,JYP,035900.KQ,59700.0,59800.0,58000.0,59500.0,58688.46875,321791,-0.0016777968275087929
2025-04-15,JYP,035900.KQ,59400.0,62100.0,58900.0,61700.0,60858.4609375,393325,0.03697476239742592
2025-04-16,JYP,035900.KQ,61500.0,63200.0,59400.0,59800.0,58984.375,404989,-0.030794172390008923
2025-04-17,JYP,035900.KQ,60200.0,61500.0,59500.0,61500.0,60661.1875,192961,0.028428079470198764
2025-04-18,JYP,035900.KQ,61900.0,63600.0,61600.0,63300.0,62436.63671875,400706,0.02926828985584895
2025-04-21,JYP,035900.KQ,64100.0,64200.0,62200.0,62500.0,61647.55078125,257422,-0.012638187752721075
2025-04-22,JYP,035900.KQ,62200.0,63500.0,61800.0,62800.0,61943.45703125,158686,0.004799967658893678
2025-04-23,JYP,035900.KQ,63300.0,63500.0,62500.0,63200.0,62338.0,174429,0.0063694050616347475
2025-04-24,JYP,035900.KQ,63000.0,63500.0,62300.0,62700.0,61844.8203125,180147,-0.007911381300330422
2025-04-25,JYP,035900.KQ,62700.0,64200.0,62200.0,63400.0,62535.2734375,350634,0.011164283791450291
2025-04-28,JYP,035900.KQ,63700.0,65500.0,62600.0,65300.0,64409.359375,460994,0.029968461549513048
2025-04-29,JYP,035900.KQ,66400.0,69600.0,66000.0,68700.0,67762.984375,1114720,0.05206735531205564
2025-04-30,JYP,035900.KQ,70000.0,70000.0,68700.0,69200.0,68256.1640625,618911,0.007278010141506641
2025-05-02,JYP,035900.KQ,70600.0,71200.0,69400.0,70800.0,69834.34375,554420,0.023121423671786046
2025-05-07,JYP,035900.KQ,70900.0,71100.0,68700.0,69200.0,68256.1640625,466062,-0.022598904818948773
2025-05-08,JYP,035900.KQ,69700.0,70400.0,68100.0,69900.0,68946.6171875,362214,0.010115615702748437
2025-05-09,JYP,035900.KQ,70000.0,70300.0,68700.0,69500.0,68552.078125,434010,-0.005722384630228561
2025-05-12,JYP,035900.KQ,68300.0,68500.0,66500.0,67300.0,66382.078125,377221,-0.03165476611873319
2025-05-13,JYP,035900.KQ,67200.0,68400.0,67100.0,67900.0,66973.8984375,236892,0.008915362839132301
2025-05-14,JYP,035900.KQ,68300.0,69400.0,67700.0,69100.0,68157.53125,260044,0.0176730463675272
2025-05-15,JYP,035900.KQ,72600.0,75500.0,71600.0,74000.0,72990.6953125,1583006,0.07091166557620876
2025-05-16,JYP,035900.KQ,74000.0,74100.0,72600.0,73800.0,72793.4296875,420612,-0.0027026133146893505
2025-05-19,JYP,035900.KQ,73000.0,73700.0,71800.0,72200.0,71215.25,299899,-0.021680249086697523
2025-05-20,JYP,035900.KQ,72300.0,75800.0,72300.0,75400.0,74371.6015625,720223,0.04432128739981955
2025-05-21,JYP,035900.KQ,76000.0,76100.0,74500.0,75400.0,74371.6015625,362406,0.0
2025-05-22,JYP,035900.KQ,74400.0,75500.0,74300.0,75000.0,73977.0625,257206,-0.0053049692921892655
2025-05-23,JYP,035900.KQ,74900.0,76100.0,74600.0,75400.0,74371.6015625,331272,0.00533326208377094
2025-05-26,JYP,035900.KQ,76200.0,76400.0,74700.0,75600.0,74568.875,309906,0.0026525371695029776
2025-05-27,JYP,035900.KQ,75200.0,76300.0,73900.0,74600.0,73582.515625,361261,-0.013227494380195437
2025-05-28,JYP,035900.KQ,75000.0,77700.0,74100.0,74700.0,73681.1484375,580207,0.0013404381687989186
2025-05-29,JYP,035900.KQ,74400.0,76100.0,72600.0,75800.0,74766.1484375,318389,0.014725611951072581
2025-05-30,JYP,035900.KQ,75300.0,77800.0,74500.0,74700.0,73681.1484375,348384,-0.014511915120343444
2025-06-02,JYP,035900.KQ,75500.0,77700.0,74800.0,77000.0,75949.78125,382514,0.03078986770170067
2025-06-04,JYP,035900.KQ,78300.0,78400.0,76400.0,76800.0,75752.5078125,397084,-0.0025974194296971564
2025-06-05,JYP,035900.KQ,77000.0,78100.0,76900.0,77700.0,76640.234375,287699,0.01171877457439785
2025-06-09,JYP,035900.KQ,78700.0,82000.0,78400.0,80000.0,78908.859375,657776,0.02960096636578169
2025-06-10,JYP,035900.KQ,81100.0,82000.0,80000.0,81400.0,80289.765625,538914,0.017500015346027187
2025-06-11,JYP,035900.KQ,81400.0,81400.0,78000.0,78100.0,77034.78125,747849,-0.04054046427539315
2025-06-12,JYP,035900.KQ,77400.0,78700.0,77200.0,77400.0,76344.328125,421162,-0.008962875129862158
2025-06-13,JYP,035900.KQ,77500.0,78200.0,74800.0,76000.0,74963.421875,676907,-0.018087869576100202
2025-06-16,JYP,035900.KQ,74700.0,76300.0,74700.0,76100.0,75062.0546875,317685,0.0013157458668904276
2025-06-17,JYP,035900.KQ,76600.0,77000.0,73500.0,75300.0,74272.96875,433161,-0.010512447877761177
2025-06-18,JYP,035900.KQ,74300.0,77000.0,74100.0,75700.0,74667.5078125,321374,0.005312014170700596
2025-06-19,JYP,035900.KQ,77300.0,77300.0,75400.0,75600.0,74568.875,301041,-0.0013209602863361036
2025-06-20,JYP,035900.KQ,75700.0,76100.0,74700.0,76000.0,74963.421875,331861,0.005291039659643504
2025-06-23,JYP,035900.KQ,74600.0,75700.0,73900.0,75000.0,73977.0625,251089,-0.01315787553888259
2025-06-24,JYP,035900.KQ,75900.0,76900.0,74900.0,76000.0,74963.421875,376573,0.013333313620015774
2025-06-25,JYP,035900.KQ,76200.0,76200.0,74100.0,74200.0,73187.96875,319917,-0.023684259343984215
2025-06-26,JYP,035900.KQ,74300.0,74500.0,72300.0,73200.0,72201.609375,314348,-0.013477069958988341
2025-06-27,JYP,035900.KQ,73700.0,74100.0,72500.0,73700.0,72694.7890625,211075,0.006830591336801417
2025-06-30,JYP,035900.KQ,73900.0,74600.0,73500.0,74300.0,73286.609375,198186,0.008141165551648788
2025-07-01,JYP,035900.KQ,74400.0,76100.0,73800.0,74600.0,73582.515625,346098,0.004037657800292971
2025-07-02,JYP,035900.KQ,75000.0,76500.0,72900.0,74300.0,73286.609375,355633,-0.004021420679717336
2025-07-03,JYP,035900.KQ,74900.0,74900.0,71500.0,71700.0,70722.0703125,500261,-0.034993283007234255
2025-07-04,JYP,035900.KQ,72200.0,74200.0,71200.0,71400.0,70426.1640625,383255,-0.004184072223741175
2025-07-07,JYP,035900.KQ,71700.0,71700.0,70100.0,71100.0,70130.25,231824,-0.004201763171956752
2025-07-08,JYP,035900.KQ,72300.0,73200.0,71200.0,71400.0,70426.1640625,329668,0.004219492480063813
2025-07-09,JYP,035900.KQ,71400.0,71800.0,70300.0,71300.0,70327.5234375,263293,-0.0014006247012467998
2025-07-10,JYP,035900.KQ,71500.0,71600.0,70100.0,71000.0,70031.6171875,321447,-0.004207545432237114
2025-07-11,JYP,035900.KQ,71600.0,76800.0,71600.0,74900.0,73878.421875,1408185,0.054929542426540134
2025-07-14,JYP,035900.KQ,75500.0,76300.0,74300.0,74700.0,73681.1484375,346211,-0.0026702443351291905
2025-07-15,JYP,035900.KQ,74700.0,76900.0,74200.0,75800.0,74766.1484375,451240,0.014725611951072581
2025-07-16,JYP,035900.KQ,75700.0,76100.0,73200.0,73200.0,72201.609375,332633,-0.03430080479060382
2025-07-17,JYP,035900.KQ,73800.0,75000.0,72400.0,74200.0,73187.96875,279368,0.013661182673603056
2025-07-18,JYP,035900.KQ,74500.0,75400.0,73500.0,75100.0,74075.6953125,239019,0.012129405661364334
2025-07-21,JYP,035900.KQ,75300.0,77200.0,74500.0,76200.0,75160.6953125,478123,0.014647179421303447
2025-07-22,JYP,035900.KQ,75700.0,76500.0,74200.0,75200.0,74174.328125,334385,-0.013123444153874897
2025-07-23,JYP,035900.KQ,75700.0,75700.0,72800.0,73400.0,72398.8828125,272828,-0.02393611586892952
2025-07-24,JYP,035900.KQ,73700.0,73800.0,70800.0,71200.0,70228.890625,365616,-0.029972730285353855
2025-07-25,JYP,035900.KQ,71400.0,71600.0,70400.0,70500.0,69538.4375,248950,-0.009831468486193207
2025-07-28,JYP,035900.KQ,70800.0,70800.0,69100.0,69300.0,68354.8046875,321774,-0.017021274205363035
2025-07-29,JYP,035900.KQ,69300.0,70500.0,68500.0,69600.0,68650.7109375,339794,0.004328975137194879
2025-07-30,JYP,035900.KQ,70100.0,70200.0,68900.0,69200.0,68256.1640625,230831,-0.00574716371632622
2025-07-31,JYP,035900.KQ,69300.0,73700.0,69300.0,72700.0,71708.4296875,693405,0.050578078513742186
2025-08-01,JYP,035900.KQ,71800.0,72300.0,69400.0,69700.0,68749.34375,359131,-0.04126552415658069
2025-08-04,JYP,035900.KQ,69500.0,71100.0,68600.0,70800.0,69834.34375,198420,0.015781968827884185
2025-08-05,JYP,035900.KQ,71700.0,73700.0,71100.0,73000.0,72004.3359375,309641,0.031073424206123468
2025-08-06,JYP,035900.KQ,73600.0,76000.0,73000.0,76000.0,74963.421875,600051,0.04109594094539659
2025-08-07,JYP,035900.KQ,77000.0,77800.0,75500.0,77200.0,76147.0546875,409237,0.01578947149015808
2025-08-08,JYP,035900.KQ,77300.0,81200.0,76600.0,79800.0,78711.59375,1077039,0.0336787689691298
2025-08-11,JYP,035900.KQ,81000.0,83400.0,79300.0,83100.0,81966.578125,893670,0.04135330286079997
2025-08-12,JYP,035900.KQ,82100.0,84100.0,81700.0,83000.0,81867.9453125,602791,-0.0012033296345442812
2025-08-13,JYP,035900.KQ,83900.0,83900.0,74300.0,75700.0,74667.5078125,2269354,-0.08795185310337328
2025-08-14,JYP,035900.KQ,80600.0,81800.0,78500.0,79300.0,78218.4140625,1475243,0.04755624439638173
2025-08-18,JYP,035900.KQ,78600.0,80400.0,78100.0,79500.0,78415.6796875,474855,0.002521984463177418
2025-08-19,JYP,035900.KQ,79300.0,81600.0,78100.0,78900.0,77823.8671875,679846,-0.007547119432726679
2025-08-20,JYP,035900.KQ,78600.0,79700.0,77300.0,79400.0,78317.046875,620647,0.006337126453916708
2025-08-21,JYP,035900.KQ,80000.0,80700.0,78600.0,79500.0,78415.6796875,473931,0.0012594041327609329
2025-08-22,JYP,035900.KQ,79000.0,79500.0,76600.0,77000.0,75949.78125,497543,-0.031446497018543074
2025-08-25,JYP,035900.KQ,78000.0,78200.0,77000.0,77500.0,76442.9609375,275519,0.006493497142231686
2025-08-26,JYP,035900.KQ,77700.0,79500.0,76400.0,76500.0,75456.6015625,537451,-0.012903207344446721
2025-08-27,JYP,035900.KQ,76600.0,76900.0,74600.0,75300.0,74272.96875,466515,-0.015686272479679686
2025-08-28,JYP,035900.KQ,74200.0,74200.0,72900.0,73200.0,72201.609375,435891,-0.027888468844864955
2025-08-29,JYP,035900.KQ,73800.0,74200.0,72500.0,72700.0,71708.4296875,227885,-0.006830591336801528
2025-09-01,JYP,035900.KQ,75300.0,75800.0,73500.0,73800.0,72793.4296875,391253,0.015130717611978817
2025-09-02,JYP,035900.KQ,74500.0,75100.0,73200.0,74400.0,73385.2421875,244055,0.008130026329857376
2025-09-03,JYP,035900.KQ,74400.0,74600.0,72400.0,73500.0,72497.515625,262567,-0.01209679952042464
2025-09-04,JYP,035900.KQ,73700.0,74400.0,73100.0,74100.0,73089.3359375,148455,0.008163318527509844
2025-09-05,JYP,035900.KQ,75200.0,76900.0,74900.0,75200.0,74174.328125,363964,0.014844739982694533
2025-09-08,JYP,035900.KQ,75700.0,76000.0,74000.0,75600.0,74568.875,171230,0.005319183671405936
2025-09-09,JYP,035900.KQ,75700.0,76000.0,74700.0,75000.0,73977.0625,189624,-0.007936454720551933
2025-09-10,JYP,035900.KQ,80100.0,80100.0,76600.0,77000.0,75949.78125,1464669,0.026666627240031326
2025-09-11,JYP,035900.KQ,76700.0,77000.0,75500.0,75600.0,74568.875,598700,-0.018181833143857795
2025-09-12,JYP,035900.KQ,76200.0,77200.0,75900.0,76800.0,75752.5078125,375322,0.01587301421001719
2025-09-15,JYP,035900.KQ,75900.0,76600.0,75800.0,76100.0,75062.0546875,206155,-0.009114590987653992
2025-09-16,JYP,035900.KQ,76000.0,76400.0,75500.0,76200.0,75160.6953125,196066,0.0013141210350644528
2025-09-17,JYP,035900.KQ,76700.0,77500.0,76300.0,76500.0,75456.6015625,270888,0.0039369812741845145
2025-09-18,JYP,035900.KQ,77200.0,77500.0,76500.0,76700.0,75653.875,289798,0.002614396002669217
2025-09-22,JYP,035900.KQ,78300.0,78300.0,76800.0,77000.0,75949.78125,299882,0.0039113165055986165
2025-09-23,JYP,035900.KQ,76900.0,77100.0,75700.0,75800.0,74766.1484375,252689,-0.015584413714160639
2025-09-24,JYP,035900.KQ,76200.0,76200.0,73800.0,74900.0,73878.421875,277557,-0.011873375599146807
2025-09-25,JYP,035900.KQ,74200.0,75300.0,74000.0,74200.0,73187.96875,256874,-0.009345802298920569
2025-09-26,JYP,035900.KQ,74900.0,77200.0,73900.0,76000.0,74963.421875,623501,0.024258811322728446
2025-09-29,JYP,035900.KQ,76500.0,76500.0,75400.0,76300.0,75259.328125,199470,0.003947341818165917
2025-09-30,JYP,035900.KQ,76100.0,76100.0,74200.0,74600.0,73582.515625,238408,-0.02228046066548639
2025-10-01,JYP,035900.KQ,75100.0,75200.0,73700.0,73800.0,72793.4296875,377642,-0.010723823870352978
2025-10-02,JYP,035900.KQ,74100.0,74300.0,73300.0,73800.0,72793.4296875,278397,0.0
2025-10-10,JYP,035900.KQ,74100.0,75600.0,73600.0,75100.0,74075.6953125,219284,0.017615128597522123
2025-10-13,JYP,035900.KQ,74000.0,77000.0,73700.0,77000.0,75949.78125,378349,0.025299606430879473
2025-10-14,JYP,035900.KQ,77000.0,77000.0,73600.0,73900.0,72892.0625,414591,-0.04025974400025012
2025-10-15,JYP,035900.KQ,74900.0,75100.0,72500.0,73100.0,72102.9765625,432114,-0.010825402800202055
2025-10-16,JYP,035900.KQ,73600.0,73600.0,72600.0,72700.0,71708.4296875,303822,-0.005471991501737827
2025-10-17,JYP,035900.KQ,72900.0,73200.0,71600.0,71700.0,70722.0703125,308157,-0.013755138402813727
2025-10-20,JYP,035900.KQ,72000.0,73200.0,71700.0,72700.0,71708.4296875,216082,0.013946981057561869
2025-10-21,JYP,035900.KQ,72900.0,75900.0,72600.0,75300.0,74272.96875,639153,0.03576342521619935
2025-10-22,JYP,035900.KQ,75000.0,75500.0,73600.0,75100.0,74075.6953125,188997,-0.002656059678508571
2025-10-23,JYP,035900.KQ,75000.0,79300.0,74600.0,77000.0,75949.78125,913710,0.025299606430879473
2025-10-24,JYP,035900.KQ,76900.0,76900.0,75500.0,76100.0,75062.0546875,336549,-0.01168833600162611
2025-10-27,JYP,035900.KQ,76500.0,79500.0,76000.0,79200.0,78119.7734375,736053,0.040735878637081946
2025-10-28,JYP,035900.KQ,78700.0,80100.0,78100.0,79800.0,78711.59375,403980,0.007575806821476405
2025-10-29,JYP,035900.KQ,79400.0,79500.0,78200.0,79000.0,77922.5,347663,-0.01002512733392591
2025-10-30,JYP,035900.KQ,80500.0,81700.0,79200.0,81200.0,80092.4921875,803062,0.027848082229137816
2025-10-31,JYP,035900.KQ,81600.0,82300.0,80300.0,80900.0,79796.5859375,503946,-0.0036945566546645603
2025-11-03,JYP,035900.KQ,88200.0,88500.0,84200.0,85000.0,83840.6640625,1680142,0.05067983896162542
2025-11-04,JYP,035900.KQ,83300.0,83800.0,81400.0,81700.0,80585.6796875,668932,-0.03882345651000019
2025-11-05,JYP,035900.KQ,79000.0,80100.0,76500.0,78200.0,77133.4140625,639836,-0.042839691101290045
2025-11-06,JYP,035900.KQ,79000.0,79300.0,74200.0,74200.0,73187.96875,637772,-0.051150922858193004
2025-11-07,JYP,035900.KQ,73600.0,74500.0,70800.0,72000.0,71017.9765625,478174,-0.029649575258911653
2025-11-10,JYP,035900.KQ,73200.0,73300.0,71600.0,72600.0,71609.796875,331161,0.008333387420284444
2025-11-11,JYP,035900.KQ,72700.0,73300.0,70800.0,71300.0,70327.5234375,570410,-0.017906396798447854
2025-11-12,JYP,035900.KQ,72600.0,73300.0,71400.0,71900.0,70919.34375,416639,0.008415201951849527
2025-11-13,JYP,035900.KQ,70000.0,71400.0,69200.0,71200.0,70228.890625,719222,-0.00973575174967689
2025-11-14,JYP,035900.KQ,70500.0,71600.0,69400.0,69500.0,68552.078125,446996,-0.023876391682643106
2025-11-17,JYP,035900.KQ,70700.0,70700.0,69600.0,69700.0,68749.34375,271683,0.0028776024067469486
2025-11-18,JYP,035900.KQ,70100.0,71100.0,68500.0,68700.0,67762.984375,367971,-0.014347182404922942
2025-11-19,JYP,035900.KQ,69000.0,69200.0,66100.0,66600.0,65691.625,479439,-0.030567711769261985
2025-11-20,JYP,035900.KQ,67200.0,68050.0,66800.0,67800.0,66875.2578125,192596,0.018018016946604654
2025-11-21,JYP,035900.KQ,66200.0,66900.0,65800.0,66300.0,65395.71875,196538,-0.02212386330753635
2025-11-24,JYP,035900.KQ,66600.0,66700.0,64900.0,65200.0,64310.72265625,232440,-0.01659124044339677
2025-11-25,JYP,035900.KQ,65300.0,65500.0,62700.0,63000.0,62140.73046875,341023,-0.03374230762572705
2025-11-26,JYP,035900.KQ,63100.0,64400.0,62800.0,64400.0,63521.63671875,199796,0.022222240382166802
2025-11-27,JYP,035900.KQ,64700.0,65600.0,64300.0,65200.0,64310.72265625,180292,0.012422317469459765
2025-11-28,JYP,035900.KQ,66100.0,68300.0,66100.0,68000.0,67072.53125,359993,0.04294476068185804
2025-12-01,JYP,035900.KQ,69100.0,69100.0,67300.0,68300.0,67368.4453125,243738,0.004411851722086357
2025-12-02,JYP,035900.KQ,69000.0,69700.0,68300.0,68600.0,67664.3515625,227215,0.0043923568167172355
2025-12-03,JYP,035900.KQ,69400.0,69400.0,68300.0,68600.0,67664.3515625,149492,0.0
2025-12-04,JYP,035900.KQ,68600.0,68800.0,67000.0,67700.0,66776.625,181961,-0.01311956062536157
2025-12-05,JYP,035900.KQ,67500.0,68400.0,67100.0,68400.0,67467.078125,136911,0.010339742761782178
2025-12-08,JYP,035900.KQ,68300.0,68300.0,67200.0,67600.0,66677.9921875,150068,-0.011695866479322192
2025-12-09,JYP,035900.KQ,67800.0,68800.0,67600.0,67800.0,66875.2578125,118181,0.0029584817797945195
2025-12-10,JYP,035900.KQ,67600.0,68900.0,67200.0,67900.0,66973.8984375,221834,0.0014749943136902477
2025-12-11,JYP,035900.KQ,68000.0,68200.0,67000.0,67600.0,66677.9921875,241678,-0.004418232429401425
2025-12-12,JYP,035900.KQ,67300.0,68400.0,67300.0,68200.0,67269.8046875,205608,0.008875679674574144
2025-12-15,JYP,035900.KQ,67300.0,69800.0,66900.0,68500.0,67565.7109375,436553,0.0043987975195500795
2025-12-16,JYP,035900.KQ,68400.0,68900.0,67600.0,68000.0,67072.53125,301894,-0.0072992599449771545
2025-12-17,JYP,035900.KQ,68400.0,71000.0,68100.0,70800.0,69834.34375,568386,0.04117650621691715
2025-12-18,JYP,035900.KQ,70600.0,70950.0,69600.0,69800.0,68847.984375,279813,-0.014124273559884326
2025-12-19,JYP,035900.KQ,70600.0,71300.0,69800.0,70200.0,69242.5234375,363862,0.005730582617365032
2025-12-22,JYP,035900.KQ,70600.0,70700.0,69500.0,70000.0,69045.2578125,200396,-0.002848908664890848
2025-12-23,JYP,035900.KQ,70700.0,73200.0,70300.0,72200.0,71215.25,683726,0.031428547828626474
2025-12-24,JYP,035900.KQ,72100.0,72600.0,70900.0,72200.0,71215.25,257008,0.0
2025-12-26,JYP,035900.KQ,72100.0,72100.0,70600.0,71100.0,70130.25,255294,-0.015235500823208459
2025-12-29,JYP,035900.KQ,70800.0,71500.0,70300.0,71100.0,70130.25,179276,0.0
2025-12-30,JYP,035900.KQ,71400.0,73300.0,71000.0,72600.0,71609.796875,442113,0.021097128200740833
2026-01-02,JYP,035900.KQ,75200.0,77500.0,74000.0,77500.0,76442.9609375,1335245,0.06749305644500891
2026-01-05,JYP,035900.KQ,79700.0,79800.0,72000.0,72700.0,71708.4296875,1670372,-0.06193547701365165
2026-01-06,JYP,035900.KQ,73000.0,73000.0,70900.0,71500.0,70524.796875,641141,-0.016506187873004396
2026-01-07,JYP,035900.KQ,71000.0,73000.0,68400.0,70000.0,69045.2578125,1189098,-0.020978990767210215
2026-01-08,JYP,035900.KQ,69900.0,71600.0,69100.0,71500.0,70524.796875,435388,0.0214285399080969
2026-01-09,JYP,035900.KQ,70500.0,71100.0,69300.0,69400.0,68453.4375,454628,-0.02937065354007795
2026-01-12,JYP,035900.KQ,69700.0,70200.0,68900.0,69800.0,68847.984375,305081,0.0057637262555294555
2026-01-13,JYP,035900.KQ,69500.0,69800.0,68600.0,69100.0,68157.53125,383173,-0.010028661423684526
2026-01-14,JYP,035900.KQ,69600.0,70000.0,68700.0,69100.0,68157.53125,218191,0.0
2026-01-15,JYP,035900.KQ,69200.0,69900.0,69100.0,69200.0,68256.1640625,240372,0.0014471300631211381
2020-12-28,SM,041510.KQ,29450.0,29450.0,28900.0,29400.0,27980.361328125,296745,
2020-12-29,SM,041510.KQ,29300.0,29500.0,28950.0,29450.0,28027.951171875,149683,0.0017008302070125048
2020-12-30,SM,041510.KQ,29250.0,30000.0,29250.0,29750.0,28313.462890625,275269,0.010186678184187059
2021-01-04,SM,041510.KQ,29950.0,30000.0,29400.0,29550.0,28123.12109375,289108,-0.0067226604393214595
2021-01-05,SM,041510.KQ,29300.0,29500.0,29050.0,29250.0,27837.60546875,285710,-0.010152344899707844
2021-01-06,SM,041510.KQ,29350.0,29400.0,28900.0,29000.0,27599.6796875,292516,-0.00854691979585287
2021-01-07,SM,041510.KQ,29200.0,29450.0,28900.0,29200.0,27790.0234375,314772,0.006896592719741079
2021-01-08,SM,041510.KQ,29300.0,29900.0,29250.0,29900.0,28456.220703125,529405,0.02397253342096972
2021-01-11,SM,041510.KQ,29950.0,30050.0,28500.0,29000.0,27599.6796875,519483,-0.030100308279199406
2021-01-12,SM,041510.KQ,28700.0,29500.0,28500.0,28950.0,27552.091796875,350586,-0.0017242189461551538
2021-01-13,SM,041510.KQ,29300.0,30750.0,29050.0,30650.0,29170.00390625,1021219,0.05872193375744006
2021-01-14,SM,041510.KQ,30650.0,31000.0,30150.0,30900.0,29407.93359375,582826,0.008156656004047358
2021-01-15,SM,041510.KQ,30800.0,30950.0,29850.0,29900.0,28456.220703125,392764,-0.03236245374368174
2021-01-18,SM,041510.KQ,29350.0,30050.0,29050.0,29550.0,28123.12109375,353873,-0.01170568688126672
2021-01-19,SM,041510.KQ,29600.0,30450.0,29350.0,30300.0,28836.90625,406292,0.02538072335110164
2021-01-20,SM,041510.KQ,30600.0,31900.0,30500.0,31300.0,29788.6171875,1355923,0.03300322611757278
2021-01-21,SM,041510.KQ,31600.0,31650.0,30850.0,31250.0,29741.033203125,398146,-0.001597388159225055
2021-01-22,SM,041510.KQ,31300.0,32850.0,30850.0,32400.0,30835.501953125,1128733,0.036799957235009506
2021-01-25,SM,041510.KQ,33150.0,33900.0,32450.0,33750.0,32120.31640625,1748926,0.04166672736763388
2021-01-26,SM,041510.KQ,34050.0,34050.0,32600.0,32900.0,31311.359375,787566,-0.02518521365164983
2021-01-27,SM,041510.KQ,33600.0,34000.0,32600.0,32600.0,31025.845703125,754775,-0.00911853325994405
2021-01-28,SM,041510.KQ,31650.0,32400.0,31300.0,31800.0,30264.474609375,520619,-0.024539898155727435
2021-01-29,SM,041510.KQ,32150.0,32400.0,29900.0,30600.0,29122.421875,620763,-0.03773575286257336
2021-02-01,SM,041510.KQ,30150.0,30950.0,29550.0,30900.0,29407.93359375,402189,0.009803845297464697
2021-02-02,SM,041510.KQ,31100.0,31900.0,30800.0,31400.0,29883.791015625,397915,0.016181260079291437
2021-02-03,SM,041510.KQ,31650.0,31900.0,31200.0,31300.0,29788.6171875,255496,-0.003184797674272266
2021-02-04,SM,041510.KQ,31300.0,31400.0,30550.0,30700.0,29217.58984375,295065,-0.019169313572219626
2021-02-05,SM,041510.KQ,30250.0,30350.0,29700.0,30250.0,28789.318359375,640379,-0.014658001794991105
2021-02-08,SM,041510.KQ,29450.0,30600.0,28950.0,30450.0,28979.66015625,326020,0.0066115423261841055
2021-02-09,SM,041510.KQ,30500.0,30650.0,30000.0,30050.0,28598.978515625,174844,-0.013136166489616352
2021-02-10,SM,041510.KQ,29850.0,31150.0,29850.0,30800.0,29312.759765625,285362,0.02495827777939774
2021-02-15,SM,041510.KQ,31050.0,31250.0,30700.0,30750.0,29265.177734375,170841,-0.0016232532054453186
2021-02-16,SM,041510.KQ,30800.0,31600.0,30550.0,31300.0,29788.6171875,346517,0.017886084884773057
2021-02-17,SM,041510.KQ,31300.0,31350.0,30600.0,30900.0,29407.93359375,228194,-0.01277949867071182
2021-02-18,SM,041510.KQ,30850.0,31150.0,30550.0,30600.0,29122.421875,160176,-0.009708663066713363
2021-02-19,SM,041510.KQ,30650.0,30800.0,29900.0,30450.0,28979.66015625,205909,-0.004902123846799777
2021-02-22,SM,041510.KQ,30400.0,30450.0,29900.0,29950.0,28503.8046875,204662,-0.016420326055734402
2021-02-23,SM,041510.KQ,29700.0,30650.0,29700.0,30300.0,28836.90625,187796,0.011686214038860498
2021-02-24,SM,041510.KQ,30500.0,31400.0,29950.0,30000.0,28551.392578125,411986,-0.009900981381281149
2021-02-25,SM,041510.KQ,30450.0,30700.0,30150.0,30600.0,29122.421875,160767,0.020000050621436172
2021-02-26,SM,041510.KQ,29800.0,30200.0,29750.0,30050.0,28598.978515625,190652,-0.017973895221411795
2021-03-02,SM,041510.KQ,30500.0,30700.0,29900.0,30200.0,28741.734375,160000,0.0049916418971749366
2021-03-03,SM,041510.KQ,30350.0,32200.0,30200.0,32200.0,30645.16015625,752071,0.0662251538621701
2021-03-04,SM,041510.KQ,31800.0,32450.0,31700.0,32200.0,30645.16015625,423879,0.0
2021-03-05,SM,041510.KQ,32000.0,32800.0,31850.0,32800.0,31216.189453125,548049,0.01863358827180228
2021-03-08,SM,041510.KQ,33000.0,33000.0,31350.0,31700.0,30169.3046875,306492,-0.0335365970019188
2021-03-09,SM,041510.KQ,31700.0,31950.0,30300.0,30900.0,29407.93359375,358442,-0.025236613890722404
2021-03-10,SM,041510.KQ,31250.0,31450.0,30150.0,30200.0,28741.734375,182843,-0.022653724262067354
2021-03-11,SM,041510.KQ,30300.0,31800.0,30300.0,31800.0,30264.474609375,307959,0.05298010949887222
2021-03-12,SM,041510.KQ,30800.0,31100.0,30450.0,30600.0,29122.421875,744561,-0.03773575286257336
2021-03-15,SM,041510.KQ,30550.0,30600.0,30100.0,30250.0,28789.318359375,247098,-0.011438043067117043
2021-03-16,SM,041510.KQ,30550.0,30650.0,30150.0,30350.0,28884.490234375,280907,0.003305805084093283
2021-03-17,SM,041510.KQ,30300.0,30350.0,29900.0,30100.0,28646.5625,327242,-0.008237214243505875
2021-03-18,SM,041510.KQ,30200.0,30550.0,30100.0,30150.0,28694.1484375,247984,0.001661139534629985
2021-03-19,SM,041510.KQ,29850.0,30250.0,29850.0,30200.0,28741.734375,213265,0.0016583847261977258
2021-03-22,SM,041510.KQ,30150.0,30200.0,29850.0,30050.0,28598.978515625,199720,-0.004966849164787068
2021-03-23,SM,041510.KQ,30050.0,30050.0,29550.0,29650.0,28218.291015625,273479,-0.01331122717519484
2021-03-24,SM,041510.KQ,29500.0,29850.0,29300.0,29750.0,28313.462890625,138732,0.0033727015908688873
2021-03-25,SM,041510.KQ,29750.0,30050.0,29650.0,29850.0,28408.634765625,171808,0.0033613647107613165
2021-03-26,SM,041510.KQ,30100.0,30150.0,29750.0,29800.0,28361.046875,190502,-0.0016751206461558255
2021-03-29,SM,041510.KQ,29900.0,29900.0,29350.0,29450.0,28027.951171875,204677,-0.011744831020981117
2021-03-30,SM,041510.KQ,29500.0,29900.0,29450.0,29550.0,28123.12109375,198435,0.0033955361664286254
2021-03-31,SM,041510.KQ,29600.0,29750.0,29500.0,29600.0,28170.705078125,128913,0.0016919880342005644
2021-04-01,SM,041510.KQ,29750.0,29950.0,29550.0,29950.0,28503.8046875,164424,0.011824326315270639
2021-04-02,SM,041510.KQ,30000.0,30000.0,29700.0,29700.0,28265.87890625,111965,-0.008347158698934654
2021-04-05,SM,041510.KQ,29950.0,29950.0,29550.0,29650.0,28218.291015625,136234,-0.0016835807859658658
2021-04-06,SM,041510.KQ,29850.0,30000.0,29600.0,29850.0,28408.634765625,166001,0.006745403181737775
2021-04-07,SM,041510.KQ,29950.0,30950.0,29850.0,30700.0,29217.58984375,583967,0.028475675962572167
2021-04-08,SM,041510.KQ,30750.0,30750.0,30300.0,30350.0,28884.490234375,225382,-0.011400653207754408
2021-04-09,SM,041510.KQ,30350.0,30500.0,30050.0,30200.0,28741.734375,232221,-0.004942301498715995
2021-04-12,SM,041510.KQ,30300.0,30650.0,30150.0,30400.0,28932.078125,191473,0.00662255615880869
2021-04-13,SM,041510.KQ,30650.0,30700.0,30300.0,30400.0,28932.078125,159801,0.0
2021-04-14,SM,041510.KQ,30550.0,30750.0,30300.0,30450.0,28979.66015625,189043,0.001644611598393464
2021-04-15,SM,041510.KQ,30450.0,30900.0,30350.0,30750.0,29265.177734375,295386,0.009852343905538241
2021-04-16,SM,041510.KQ,30750.0,30900.0,30500.0,30800.0,29312.759765625,159485,0.0016258924405612163
2021-04-19,SM,041510.KQ,30850.0,30850.0,30350.0,30400.0,28932.078125,212622,-0.01298689184057733
2021-04-20,SM,041510.KQ,30450.0,30600.0,30350.0,30400.0,28932.078125,176383,0.0
2021-04-21,SM,041510.KQ,30300.0,30400.0,29700.0,29950.0,28503.8046875,310087,-0.014802719516021634
2021-04-22,SM,041510.KQ,30100.0,30100.0,29850.0,29950.0,28503.8046875,158025,0.0
2021-04-23,SM,041510.KQ,29950.0,30000.0,29550.0,29700.0,28265.87890625,173506,-0.008347158698934654
2021-04-26,SM,041510.KQ,29800.0,30150.0,29550.0,30000.0,28551.392578125,166121,0.010101001027492229
2021-04-27,SM,041510.KQ,30000.0,30650.0,29950.0,30650.0,29170.00390625,307421,0.021666590392475538
2021-04-28,SM,041510.KQ,30650.0,30950.0,30250.0,30350.0,28884.490234375,284017,-0.009787920248232274
2021-04-29,SM,041510.KQ,30500.0,30600.0,29900.0,30150.0,28694.1484375,164495,-0.006589757871110935
2021-04-30,SM,041510.KQ,30300.0,30450.0,29900.0,30200.0,28741.734375,148642,0.0016583847261977258
2021-05-03,SM,041510.KQ,30300.0,30500.0,29750.0,29800.0,28361.046875,262320,-0.01324511231761738
2021-05-04,SM,041510.KQ,29850.0,30100.0,28600.0,29550.0,28123.12109375,377955,-0.008389174853052794
2021-05-06,SM,041510.KQ,29600.0,30000.0,28750.0,30000.0,28551.392578125,188299,0.015228447900477837
2021-05-07,SM,041510.KQ,30100.0,32250.0,30050.0,32000.0,30454.81640625,1460815,0.06666658457785113
2021-05-10,SM,041510.KQ,32000.0,33050.0,31700.0,32600.0,31025.845703125,750024,0.01875004890056764
2021-05-11,SM,041510.KQ,32100.0,32450.0,31350.0,31650.0,30121.71484375,468655,-0.029141215618304073
2021-05-12,SM,041510.KQ,32000.0,33000.0,30900.0,31300.0,29788.6171875,824685,-0.011058389536514501
2021-05-13,SM,041510.KQ,31100.0,32000.0,30950.0,31000.0,29503.103515625,444026,-0.009584656786109869
2021-05-14,SM,041510.KQ,31300.0,33550.0,30800.0,33450.0,31834.802734375,1285279,0.07903233697143497
2021-05-17,SM,041510.KQ,33900.0,35950.0,33400.0,35950.0,34214.0859375,2250251,0.07473843086063381
2021-05-18,SM,041510.KQ,37350.0,38850.0,36700.0,38400.0,36545.78125,3183076,0.06815015653960144
2021-05-20,SM,041510.KQ,38450.0,39800.0,37650.0,39000.0,37116.80859375,1455241,0.015624986639189764
2021-05-21,SM,041510.KQ,38700.0,40400.0,38550.0,40000.0,38068.5234375,1357648,0.025641074214291626
2021-05-24,SM,041510.KQ,39900.0,41550.0,39200.0,40100.0,38163.69140625,932631,0.002499912267578397
2021-05-25,SM,041510.KQ,39850.0,42900.0,39800.0,42700.0,40638.15234375,1209890,0.06483809207970803
2021-05-26,SM,041510.KQ,43050.0,43900.0,40300.0,42250.0,40209.875,1776535,-0.010538799602090365
2021-05-27,SM,041510.KQ,42250.0,43500.0,39700.0,42450.0,40400.21484375,3256696,0.004733659175762073
2021-05-28,SM,041510.KQ,42050.0,45000.0,41450.0,42700.0,40638.15234375,1923732,0.005889510759292671
2021-05-31,SM,041510.KQ,42250.0,44550.0,41900.0,43700.0,41589.859375,927055,0.023419052697073894
2021-06-01,SM,041510.KQ,43700.0,44800.0,43100.0,44300.0,42160.88671875,785218,0.013729965725569393
2021-06-02,SM,041510.KQ,44600.0,45200.0,44100.0,44400.0,42256.0625,489846,0.0022574425885515392
2021-06-03,SM,041510.KQ,44550.0,47400.0,44100.0,47000.0,44730.5078125,910895,0.058558350355052635
2021-06-04,SM,041510.KQ,46950.0,47050.0,43250.0,43750.0,41637.4453125,1723243,-0.06914883490626589
2021-06-07,SM,041510.KQ,44500.0,46450.0,44250.0,45950.0,43731.21484375,1124451,0.05028573476436193
2021-06-08,SM,041510.KQ,45000.0,45850.0,42900.0,43350.0,41256.76171875,1490639,-0.05658322399323068
2021-06-09,SM,041510.KQ,43500.0,45000.0,43250.0,44350.0,42208.4765625,1206024,0.02306809366760043
2021-06-10,SM,041510.KQ,44500.0,45500.0,43500.0,44800.0,42636.74609375,1128100,0.010146528994379622
2021-06-11,SM,041510.KQ,45100.0,47950.0,45000.0,47950.0,45634.63671875,1151676,0.07031236901634608
2021-06-14,SM,041510.KQ,48650.0,50800.0,46850.0,47100.0,44825.68359375,1479065,-0.01772673528630553
2021-06-15,SM,041510.KQ,48550.0,53300.0,48250.0,51000.0,48537.36328125,2648245,0.08280252279337286
2021-06-16,SM,041510.KQ,51500.0,52100.0,50000.0,51400.0,48918.046875,1055855,0.007843104116392219
2021-06-17,SM,041510.KQ,51200.0,55600.0,51000.0,55000.0,52344.21484375,2086696,0.0700389362949192
2021-06-18,SM,041510.KQ,56400.0,58100.0,53900.0,54800.0,52153.875,2216234,-0.0036363109909695046
2021-06-21,SM,041510.KQ,52600.0,55300.0,52600.0,53300.0,50726.3046875,969835,-0.02737227698804734
2021-06-22,SM,041510.KQ,53600.0,54800.0,52300.0,54000.0,51392.50390625,888152,0.013133210133364326
2021-06-23,SM,041510.KQ,54500.0,58600.0,54200.0,55700.0,53010.4140625,2271792,0.03148144249210705
2021-06-24,SM,041510.KQ,56200.0,57400.0,54200.0,56500.0,53771.78515625,868888,0.014362670188773352
2021-06-25,SM,041510.KQ,56500.0,56500.0,53700.0,54000.0,51392.50390625,909714,-0.044247763824211694
2021-06-28,SM,041510.KQ,54000.0,55700.0,53100.0,55100.0,52439.38671875,634242,0.020370340670883058
2021-06-29,SM,041510.KQ,54700.0,59400.0,54500.0,59200.0,56341.41015625,1411127,0.0744101653672622
2021-06-30,SM,041510.KQ,59100.0,59500.0,57700.0,58800.0,55960.72265625,688238,-0.006756797512597723
2021-07-01,SM,041510.KQ,58800.0,59600.0,57900.0,58700.0,55865.5546875,404597,-0.0017006207967432685
2021-07-02,SM,041510.KQ,58700.0,61900.0,57900.0,60800.0,57864.15625,997740,0.03577520305096327
2021-07-05,SM,041510.KQ,60200.0,63000.0,60100.0,61300.0,58340.0078125,640205,0.008223598049958536
2021-07-06,SM,041510.KQ,61400.0,61800.0,60200.0,60300.0,57388.296875,362759,-0.01631317809484567
2021-07-07,SM,041510.KQ,61600.0,62100.0,59000.0,59800.0,56912.44140625,641217,-0.008291855563974715
2021-07-08,SM,041510.KQ,59200.0,60000.0,57100.0,58500.0,55675.2109375,933131,-0.021739191610468
2021-07-09,SM,041510.KQ,57900.0,60000.0,57100.0,59800.0,56912.44140625,549136,0.022222286147041137
2021-07-12,SM,041510.KQ,59300.0,63000.0,58800.0,62300.0,59291.72265625,606341,0.041805995160466125
2021-07-13,SM,041510.KQ,62700.0,67500.0,62600.0,65400.0,62242.02734375,1152917,0.049759132562309016
2021-07-14,SM,041510.KQ,65800.0,67000.0,64700.0,65400.0,62242.02734375,515154,0.0
2021-07-15,SM,041510.KQ,66000.0,66500.0,64000.0,64400.0,61290.3203125,466253,-0.01529042468353281
2021-07-16,SM,041510.KQ,64400.0,65500.0,63300.0,64000.0,60909.6328125,342954,-0.00621121733511909
2021-07-19,SM,041510.KQ,64000.0,64100.0,61400.0,62300.0,59291.72265625,455946,-0.026562467733641792
2021-07-20,SM,041510.KQ,61500.0,64000.0,59900.0,60800.0,57864.15625,591495,-0.024076993251258116
2021-07-21,SM,041510.KQ,62000.0,63800.0,60700.0,60800.0,57864.15625,424627,0.0
2021-07-22,SM,041510.KQ,61000.0,64500.0,60900.0,62600.0,59577.234375,916383,0.029605169003047438
2021-07-23,SM,041510.KQ,62600.0,64200.0,61400.0,63500.0,60433.78125,458594,0.014377083528392731
2021-07-26,SM,041510.KQ,63600.0,65200.0,62000.0,63800.0,60719.29296875,553498,0.004724372906088847
2021-07-27,SM,041510.KQ,63900.0,64500.0,61900.0,62400.0,59386.89453125,480859,-0.021943576289429778
2021-07-28,SM,041510.KQ,62400.0,63000.0,60600.0,61400.0,58435.1796875,326416,-0.01602567117311038
2021-07-29,SM,041510.KQ,61500.0,62400.0,60700.0,61800.0,58815.8671875,239674,0.006514697174473394
2021-07-30,SM,041510.KQ,62200.0,62200.0,57900.0,58800.0,55960.72265625,664613,-0.04854378023787431
2021-08-02,SM,041510.KQ,58800.0,61400.0,58200.0,60200.0,57293.125,415259,0.023809598598905746
2021-08-03,SM,041510.KQ,63500.0,64900.0,60400.0,62700.0,59672.40234375,2324876,0.041528147465337284
2021-08-04,SM,041510.KQ,63800.0,72800.0,63200.0,71900.0,68428.171875,4234501,0.14673063572690337
2021-08-05,SM,041510.KQ,71900.0,72100.0,69000.0,69300.0,65953.7265625,1599684,-0.036161207360911996
2021-08-06,SM,041510.KQ,68600.0,70900.0,67500.0,69100.0,65763.3671875,891027,-0.002886256545634458
2021-08-09,SM,041510.KQ,68900.0,70700.0,67800.0,69700.0,66334.3984375,977888,0.008683120625072593
2021-08-10,SM,041510.KQ,68800.0,70000.0,67700.0,68400.0,65097.16796875,583397,-0.018651416126366338
2021-08-11,SM,041510.KQ,69500.0,70200.0,68300.0,68500.0,65192.34765625,474575,0.001462117177596589
2021-08-12,SM,041510.KQ,68800.0,69100.0,63800.0,66900.0,63669.60546875,1101693,-0.02335768295274787
2021-08-13,SM,041510.KQ,66100.0,67200.0,64600.0,65300.0,62146.86328125,542817,-0.02391631259985405
2021-08-17,SM,041510.KQ,65100.0,67300.0,63000.0,63800.0,60719.29296875,687704,-0.022970914976664703
2021-08-18,SM,041510.KQ,66700.0,71000.0,64600.0,68000.0,64716.484375,2340820,0.06583066453535968
2021-08-19,SM,041510.KQ,67300.0,68200.0,64800.0,65600.0,62432.37890625,665271,-0.03529402888319366
2021-08-20,SM,041510.KQ,66600.0,66600.0,61300.0,63000.0,59957.921875,976398,-0.03963419422101
2021-08-23,SM,041510.KQ,63200.0,67600.0,62000.0,67300.0,64050.2890625,692315,0.06825398645456304
2021-08-24,SM,041510.KQ,67900.0,74900.0,66100.0,72100.0,68618.515625,2300499,0.07132249720282058
2021-08-25,SM,041510.KQ,72900.0,75600.0,69100.0,72400.0,68904.0234375,1413573,0.004160798436099844
2021-08-26,SM,041510.KQ,72300.0,75200.0,71800.0,72800.0,69284.71875,724184,0.0055250084611577766
2021-08-27,SM,041510.KQ,71500.0,75500.0,70200.0,72100.0,68618.515625,901134,-0.009615440995060731
2021-08-30,SM,041510.KQ,71300.0,72800.0,66300.0,69500.0,66144.0546875,1234702,-0.03606112599437328
2021-08-31,SM,041510.KQ,69500.0,71100.0,68300.0,69100.0,65763.3671875,511570,-0.005755430352713864
2021-09-01,SM,041510.KQ,69100.0,69400.0,67800.0,68600.0,65287.515625,445476,-0.007235815057086148
2021-09-02,SM,041510.KQ,68600.0,69000.0,66200.0,66900.0,63669.60546875,556847,-0.024781309883852742
2021-09-03,SM,041510.KQ,67200.0,68000.0,65000.0,65600.0,62432.37890625,887404,-0.01943198098042631
2021-09-06,SM,041510.KQ,65000.0,66300.0,63800.0,65000.0,61861.34375,581708,-0.009146458396331214
2021-09-07,SM,041510.KQ,65600.0,68900.0,63400.0,68400.0,65097.16796875,893052,0.05230769366774379
2021-09-08,SM,041510.KQ,67700.0,67800.0,63600.0,63900.0,60814.4609375,667640,-0.06578945236612932
2021-09-09,SM,041510.KQ,63800.0,67000.0,62500.0,62900.0,59862.75390625,894633,-0.015649354061167853
2021-09-10,SM,041510.KQ,62600.0,64500.0,59700.0,63100.0,60053.08984375,899024,0.003179538612575028
2021-09-13,SM,041510.KQ,63100.0,64500.0,62300.0,63300.0,60243.4296875,479785,0.003169526234957143
2021-09-14,SM,041510.KQ,63800.0,66700.0,63600.0,64300.0,61195.15234375,359766,0.015797949439247727
2021-09-15,SM,041510.KQ,64900.0,67800.0,64100.0,66200.0,63003.40625,572427,0.029548973031271242
2021-09-16,SM,041510.KQ,67100.0,67200.0,64200.0,64900.0,61766.17578125,482054,-0.01963751711837014
2021-09-17,SM,041510.KQ,63600.0,66600.0,63200.0,65000.0,61861.34375,491866,0.001540778064146986
2021-09-23,SM,041510.KQ,64000.0,65800.0,63800.0,64900.0,61766.17578125,225852,-0.0015384077192794887
2021-09-24,SM,041510.KQ,64900.0,65000.0,63100.0,63400.0,60338.609375,380107,-0.02311242987271611
2021-09-27,SM,041510.KQ,63500.0,65200.0,62300.0,63600.0,60528.94921875,321684,0.003154528182229832
2021-09-28,SM,041510.KQ,64300.0,68300.0,63600.0,63600.0,60528.94921875,801496,0.0
2021-09-29,SM,041510.KQ,62100.0,65300.0,61400.0,63000.0,59957.921875,670500,-0.009433954349452267
2021-09-30,SM,041510.KQ,63500.0,69700.0,63400.0,69200.0,65858.53125,1454826,0.09841250647915323
2021-10-01,SM,041510.KQ,68100.0,72100.0,67800.0,71000.0,67571.625,1096599,0.026011721146605327
2021-10-05,SM,041510.KQ,69500.0,80000.0,68100.0,79000.0,75185.3359375,2578304,0.11267615567185185
2021-10-06,SM,041510.KQ,79200.0,80400.0,76100.0,78200.0,74423.9609375,1170176,-0.010126642256848006
2021-10-07,SM,041510.KQ,79800.0,82700.0,75100.0,76300.0,72615.703125,1806294,-0.02429671559699098
2021-10-08,SM,041510.KQ,76200.0,78700.0,74400.0,76900.0,73186.7265625,622257,0.00786363572789539
2021-10-12,SM,041510.KQ,77000.0,79500.0,74000.0,74800.0,71188.125,624314,-0.027308251869869293
2021-10-13,SM,041510.KQ,74300.0,75700.0,73800.0,74800.0,71188.125,311503,0.0
2021-10-14,SM,041510.KQ,75600.0,78400.0,74300.0,77600.0,73852.9296875,517106,0.03743327538827579
2021-10-15,SM,041510.KQ,77600.0,78300.0,76000.0,76800.0,73091.5625,385105,-0.010309234728014705
2021-10-18,SM,041510.KQ,76000.0,76100.0,70800.0,72800.0,69284.71875,1299928,-0.05208321753964418
2021-10-19,SM,041510.KQ,73600.0,76000.0,71700.0,75500.0,71854.3359375,832115,0.0370877912743206
2021-10-20,SM,041510.KQ,75300.0,81800.0,74700.0,79400.0,75566.0234375,1375762,0.051655720584885545
2021-10-21,SM,041510.KQ,79400.0,81000.0,74500.0,76600.0,72901.21875,1428280,-0.03526458805529231
2021-10-22,SM,041510.KQ,77300.0,78000.0,74500.0,75100.0,71473.6484375,460803,-0.019582255783618163
2021-10-25,SM,041510.KQ,76600.0,77000.0,74300.0,74900.0,71283.3203125,404596,-0.0026629132437031577
2021-10-26,SM,041510.KQ,73900.0,81900.0,73800.0,81700.0,77754.9609375,1457035,0.0907875867261636
2021-10-27,SM,041510.KQ,82400.0,85000.0,81100.0,83100.0,79087.3671875,992906,0.017135964495834433
2021-10-28,SM,041510.KQ,82000.0,83500.0,77100.0,78000.0,74233.6171875,1295419,-0.06137200127667353
2021-10-29,SM,041510.KQ,77900.0,79300.0,76800.0,78200.0,74423.9609375,468670,0.0025641179456368235
2021-11-01,SM,041510.KQ,79400.0,81700.0,78000.0,80300.0,76422.5546875,586036,0.02685417068406748
2021-11-02,SM,041510.KQ,80900.0,81700.0,79000.0,79400.0,75566.0234375,413169,-0.011207833256850042
2021-11-03,SM,041510.KQ,80500.0,80500.0,76500.0,77300.0,73567.421875,463796,-0.026448415194866293
2021-11-04,SM,041510.KQ,78300.0,78500.0,74000.0,75600.0,71949.5078125,690648,-0.02199226262473941
2021-11-05,SM,041510.KQ,75400.0,77400.0,74400.0,76100.0,72425.3671875,389354,0.0066137961115744215
2021-11-08,SM,041510.KQ,76900.0,80000.0,75400.0,79400.0,75566.0234375,730662,0.04336403627570484
2021-11-09,SM,041510.KQ,80900.0,82200.0,78600.0,80500.0,76612.890625,740019,0.01385367576429175
2021-11-10,SM,041510.KQ,81000.0,81000.0,74600.0,76100.0,72425.3671875,1131934,-0.054658209647731826
2021-11-11,SM,041510.KQ,74600.0,79100.0,74100.0,78000.0,74233.6171875,650904,0.024967080875388126
2021-11-12,SM,041510.KQ,78700.0,80500.0,76000.0,77000.0,73281.8984375,522569,-0.012820589728183895
2021-11-15,SM,041510.KQ,77600.0,81300.0,77100.0,80400.0,76517.71875,968215,0.04415579265130165
2021-11-16,SM,041510.KQ,79700.0,80900.0,76400.0,79900.0,76041.8671875,1125560,-0.006218841469316505
2021-11-17,SM,041510.KQ,81000.0,84000.0,79500.0,84000.0,79943.8984375,1705613,0.05131424824667419
2021-11-18,SM,041510.KQ,84800.0,84900.0,77000.0,79300.0,75470.8359375,1361571,-0.055952519046804206
2021-11-19,SM,041510.KQ,79500.0,79800.0,77100.0,77200.0,73472.2578125,673293,-0.026481462675928102
2021-11-22,SM,041510.KQ,78300.0,78300.0,73000.0,73600.0,70046.078125,1005922,-0.046632290738138904
2021-11-23,SM,041510.KQ,72900.0,74500.0,71100.0,71400.0,67952.3046875,644353,-0.029891372844080943
2021-11-24,SM,041510.KQ,71800.0,74300.0,71200.0,74300.0,70712.2734375,576796,0.040616264050094886
2021-11-25,SM,041510.KQ,73200.0,76400.0,73100.0,74200.0,70617.109375,490715,-0.0013457927156608207
2021-11-26,SM,041510.KQ,74300.0,75100.0,69300.0,70000.0,66619.9140625,633131,-0.056603779847084645
2021-11-29,SM,041510.KQ,67800.0,72300.0,67300.0,69800.0,66429.5703125,681406,-0.0028571599450192275
2021-11-30,SM,041510.KQ,71300.0,73100.0,64300.0,67300.0,64050.2890625,647370,-0.035816598523930154
2021-12-01,SM,041510.KQ,67600.0,68700.0,63100.0,67300.0,64050.2890625,831269,0.0
2021-12-02,SM,041510.KQ,66400.0,66900.0,63300.0,64500.0,61385.4921875,738161,-0.041604759541361336
2021-12-03,SM,041510.KQ,65900.0,72600.0,65800.0,71800.0,68332.9921875,1130547,0.11317820795146649
2021-12-06,SM,041510.KQ,70500.0,72000.0,69100.0,70700.0,67286.109375,519058,-0.015320312765281008
2021-12-07,SM,041510.KQ,72000.0,73000.0,70700.0,72500.0,68999.1875,575450,0.025459610325403892
2021-12-08,SM,041510.KQ,73900.0,77000.0,72300.0,73300.0,69760.5625,715781,0.011034550225682116
2021-12-09,SM,041510.KQ,73300.0,76000.0,73000.0,74700.0,71092.9609375,703932,0.019099594237073525
2021-12-10,SM,041510.KQ,74200.0,76100.0,72500.0,76100.0,72425.3671875,511945,0.018741746474328913
2021-12-13,SM,041510.KQ,76400.0,76800.0,74700.0,75500.0,71854.3359375,444550,-0.00788440945727864
2021-12-14,SM,041510.KQ,75000.0,75500.0,71800.0,73500.0,69950.90625,464972,-0.02649011590832362
2021-12-15,SM,041510.KQ,73100.0,73200.0,70800.0,71900.0,68428.171875,393310,-0.021768615399460955
2021-12-16,SM,041510.KQ,73000.0,74800.0,71300.0,71500.0,68047.4765625,509676,-0.005563429535943576
2021-12-17,SM,041510.KQ,71000.0,72100.0,69800.0,71400.0,67952.3046875,273521,-0.0013986099089594584
2021-12-20,SM,041510.KQ,71200.0,72000.0,69600.0,70100.0,66715.078125,293238,-0.01820727888759288
2021-12-21,SM,041510.KQ,70200.0,72300.0,69100.0,72100.0,68618.515625,343107,0.0285308442033696
2021-12-22,SM,041510.KQ,73600.0,74900.0,72000.0,73200.0,69665.390625,634679,0.015256450689215884
2021-12-23,SM,041510.KQ,73900.0,74600.0,69800.0,70900.0,67476.453125,711126,-0.03142073101667908
2021-12-24,SM,041510.KQ,71500.0,73900.0,70800.0,72000.0,68523.3359375,601481,0.015514787218596782
2021-12-27,SM,041510.KQ,72500.0,74700.0,71000.0,74100.0,70521.9453125,495062,0.02916684291060978
2021-12-28,SM,041510.KQ,74700.0,79000.0,73900.0,78100.0,74328.78125,1089530,0.053980869651722996
2021-12-29,SM,041510.KQ,77900.0,79100.0,74500.0,74900.0,71466.328125,935432,-0.03851069635290161
2021-12-30,SM,041510.KQ,75200.0,75800.0,73300.0,74200.0,70798.4140625,394174,-0.009345856713552814
2022-01-04,SM,041510.KQ,73700.0,73800.0,70200.0,70700.0,67458.859375,638880,-0.047169908135963
2022-01-05,SM,041510.KQ,71200.0,71200.0,66300.0,66600.0,63546.81640625,875862,-0.057991537434737395
2022-01-06,SM,041510.KQ,64800.0,65700.0,61300.0,61900.0,59062.28515625,925436,-0.07057051011541993
2022-01-07,SM,041510.KQ,62300.0,64400.0,62300.0,63700.0,60779.765625,463884,0.029079140168829953
2022-01-10,SM,041510.KQ,62800.0,64000.0,60700.0,63400.0,60493.51953125,525077,-0.004709562315789229
2022-01-11,SM,041510.KQ,64100.0,67300.0,62500.0,66000.0,62974.32421875,713070,0.04100942888962611
2022-01-12,SM,041510.KQ,66500.0,67800.0,66000.0,67500.0,64405.5625,418951,0.022727330527254175
2022-01-13,SM,041510.KQ,67500.0,69000.0,66300.0,69000.0,65836.796875,477214,0.02222221683103842
2022-01-14,SM,041510.KQ,67900.0,69300.0,66700.0,68200.0,65073.48046875,372489,-0.011594069615799452
2022-01-17,SM,041510.KQ,67600.0,70400.0,67600.0,68400.0,65264.296875,410939,0.002932322120708264
2022-01-18,SM,041510.KQ,68400.0,69900.0,67500.0,67900.0,64787.21484375,289904,-0.007310000323205057
2022-01-19,SM,041510.KQ,67400.0,68800.0,65400.0,66300.0,63260.5703125,327168,-0.02356397840116864
2022-01-20,SM,041510.KQ,66000.0,69700.0,66000.0,69500.0,66313.875,411389,0.04826552578354937
2022-01-21,SM,041510.KQ,68200.0,70500.0,68000.0,69200.0,66027.6171875,416191,-0.004316710680834168
2022-01-24,SM,041510.KQ,68800.0,68800.0,63200.0,63900.0,60970.59765625,605946,-0.07658945978452436
2022-01-25,SM,041510.KQ,64900.0,65000.0,62500.0,63500.0,60588.9375,451037,-0.006259741103437855
2022-01-26,SM,041510.KQ,63500.0,63500.0,63500.0,63500.0,60588.9375,0,0.0
2022-01-27,SM,041510.KQ,60000.0,60600.0,55900.0,56000.0,53432.7578125,821772,-0.11811033470425192
2022-01-28,SM,041510.KQ,56000.0,59600.0,54500.0,58900.0,56199.8203125,767333,0.05178588216819824
2022-02-03,SM,041510.KQ,60600.0,63900.0,60000.0,62200.0,59348.52734375,913886,0.05602699463702132
2022-02-04,SM,041510.KQ,61500.0,68200.0,61000.0,67300.0,64214.73046875,620825,0.08199366256915996
2022-02-07,SM,041510.KQ,67300.0,69200.0,66500.0,67200.0,64119.31640625,585266,-0.0014858594251428991
2022-02-08,SM,041510.KQ,67200.0,67200.0,67200.0,67200.0,64119.31640625,0,0.0
2022-02-09,SM,041510.KQ,67200.0,67200.0,67200.0,67200.0,64119.31640625,0,0.0
2022-02-10,SM,041510.KQ,68800.0,69200.0,66300.0,66800.0,63737.6484375,411700,-0.005952464719552131
2022-02-11,SM,041510.KQ,65500.0,67600.0,64600.0,65500.0,62497.2421875,534049,-0.019461123533861202
2022-02-14,SM,041510.KQ,64200.0,66400.0,63700.0,65300.0,62306.41796875,359576,-0.0030533222278432692
2022-02-15,SM,041510.KQ,65100.0,67000.0,64500.0,65300.0,62306.41796875,338195,0.0
2022-02-16,SM,041510.KQ,67000.0,68200.0,66100.0,68100.0,64978.05078125,422084,0.04287893445968871
2022-02-17,SM,041510.KQ,68100.0,68800.0,65000.0,66600.0,63546.81640625,563041,-0.022026428275269128
2022-02-18,SM,041510.KQ,65500.0,67700.0,65300.0,67300.0,64214.73046875,375137,0.010510582595201656
2022-02-21,SM,041510.KQ,66100.0,70900.0,65900.0,70800.0,67554.28125,747389,0.05200599234587133
2022-02-22,SM,041510.KQ,70800.0,70800.0,70800.0,70800.0,67554.28125,0,0.0
2022-02-23,SM,041510.KQ,70800.0,70800.0,70800.0,70800.0,67554.28125,0,0.0
2022-02-24,SM,041510.KQ,71500.0,73900.0,70500.0,70500.0,67268.0390625,799874,-0.004237217570870144
2022-02-25,SM,041510.KQ,71700.0,73000.0,67500.0,71400.0,68126.765625,1225043,0.01276574394716845
2022-02-28,SM,041510.KQ,71400.0,71400.0,71400.0,71400.0,68126.765625,0,0.0
2022-03-02,SM,041510.KQ,74400.0,75600.0,72000.0,75200.0,71752.5625,554504,0.05322132706193616
2022-03-03,SM,041510.KQ,75200.0,77200.0,74200.0,75000.0,71561.734375,400417,-0.0026595304523095997
2022-03-04,SM,041510.KQ,75000.0,75000.0,75000.0,75000.0,71561.734375,0,0.0
2022-03-07,SM,041510.KQ,74000.0,76100.0,74000.0,74700.0,71275.484375,399302,-0.0040000427952177064
2022-03-08,SM,041510.KQ,73800.0,74800.0,72500.0,73500.0,70130.5,318702,-0.01606421036686223
2022-03-10,SM,041510.KQ,73500.0,73500.0,73500.0,73500.0,70130.5,0,0.0
2022-03-11,SM,041510.KQ,77000.0,81500.0,77000.0,79900.0,76237.09375,1102949,0.08707472141222428
2022-03-14,SM,041510.KQ,80600.0,83000.0,78800.0,80000.0,76332.515625,833532,0.0012516462827518726
2022-03-15,SM,041510.KQ,80000.0,80000.0,80000.0,80000.0,76332.515625,0,0.0
2022-03-16,SM,041510.KQ,80700.0,81300.0,76800.0,79200.0,75569.1796875,689589,-0.010000141240596006
2022-03-17,SM,041510.KQ,79200.0,79200.0,79200.0,79200.0,75569.1796875,0,0.0
2022-03-18,SM,041510.KQ,75300.0,76800.0,74500.0,76500.0,72992.96875,498994,-0.03409076224134444
2022-03-21,SM,041510.KQ,76200.0,77100.0,72900.0,73900.0,70512.1640625,589283,-0.033986899423103734
2022-03-22,SM,041510.KQ,73400.0,77100.0,73000.0,76600.0,73088.3828125,622633,0.03653580604498985
2022-03-23,SM,041510.KQ,76900.0,77000.0,74000.0,75200.0,71752.5625,470035,-0.018276780263792314
2022-03-24,SM,041510.KQ,75500.0,79600.0,74800.0,77200.0,73660.8828125,759794,0.02659584892874034
2022-03-25,SM,041510.KQ,77100.0,78800.0,75200.0,77800.0,74233.3671875,635169,0.007771891309763745
2022-03-28,SM,041510.KQ,77800.0,77800.0,74800.0,75200.0,71752.5625,556042,-0.033418997163821684
2022-03-29,SM,041510.KQ,75800.0,77000.0,75200.0,76000.0,72515.8828125,370327,0.0106382306903674
2022-03-30,SM,041510.KQ,76800.0,80100.0,76100.0,79600.0,75950.859375,899932,0.04736860987242775
2022-03-31,SM,041510.KQ,79700.0,85600.0,77400.0,81600.0,77859.1640625,1954048,0.02512551804157903
2022-04-01,SM,041510.KQ,81100.0,90000.0,80300.0,85900.0,81962.0390625,2511482,0.05269610905026534
2022-04-04,SM,041510.KQ,86200.0,86700.0,80800.0,82200.0,78431.65625,1206362,-0.04307338925289439
2022-04-05,SM,041510.KQ,82200.0,82600.0,79700.0,80500.0,76809.59375,594566,-0.02068122206714207
2022-04-06,SM,041510.KQ,79500.0,81900.0,79000.0,80400.0,76714.1796875,560448,-0.0012422154296317656
2022-04-07,SM,041510.KQ,79600.0,80300.0,77500.0,77900.0,74328.78125,570593,-0.0310946222356423
2022-04-08,SM,041510.KQ,77900.0,79100.0,75800.0,77000.0,73470.046875,676254,-0.011553187884403848
2022-04-11,SM,041510.KQ,77300.0,78100.0,74800.0,74900.0,71466.328125,420191,-0.02727259386956804
2022-04-12,SM,041510.KQ,74500.0,75200.0,73300.0,74700.0,71275.484375,332188,-0.002670400942751616
2022-04-13,SM,041510.KQ,74800.0,77100.0,74100.0,76400.0,72897.5546875,442856,0.022757759231292418
2022-04-14,SM,041510.KQ,76600.0,79000.0,76500.0,76900.0,73374.625,496598,0.006544393903816337
2022-04-15,SM,041510.KQ,76700.0,78500.0,75700.0,77200.0,73660.8828125,277683,0.0039013189164509576
2022-04-18,SM,041510.KQ,77100.0,77200.0,72000.0,72400.0,69080.921875,738801,-0.06217629714210804
2022-04-19,SM,041510.KQ,72700.0,74300.0,72000.0,73800.0,70416.7421875,370192,0.019337036568752408
2022-04-20,SM,041510.KQ,73800.0,73900.0,71300.0,71400.0,68126.765625,451198,-0.03252034234134882
2022-04-21,SM,041510.KQ,71800.0,72500.0,70200.0,70500.0,67268.0390625,367317,-0.01260483386554434
2022-04-22,SM,041510.KQ,69800.0,70300.0,67700.0,68900.0,65741.375,513245,-0.022695236605329683
2022-04-25,SM,041510.KQ,67800.0,69500.0,67500.0,67500.0,64405.5625,336796,-0.02031920537104681
2022-04-26,SM,041510.KQ,68200.0,70400.0,68100.0,68600.0,65455.12890625,369095,0.016296207431617526
2022-04-27,SM,041510.KQ,66700.0,69200.0,65700.0,68800.0,65645.9609375,403949,0.002915463378329264
2022-04-28,SM,041510.KQ,69100.0,69400.0,67600.0,68400.0,65264.296875,187358,-0.0058139763216106255
2022-04-29,SM,041510.KQ,68500.0,69600.0,67800.0,68200.0,65073.48046875,241805,-0.0029237487475805013
2022-05-02,SM,041510.KQ,67400.0,67800.0,65600.0,67000.0,63928.484375,269919,-0.017595433431593643
2022-05-03,SM,041510.KQ,67500.0,69200.0,67200.0,68300.0,65168.8828125,249823,0.019402907008148507
2022-05-04,SM,041510.KQ,68500.0,69000.0,67500.0,67900.0,64787.21484375,139278,-0.005856598307018901
2022-05-06,SM,041510.KQ,67100.0,68300.0,66200.0,66500.0,63451.40625,235794,-0.020618398197416288
2022-05-10,SM,041510.KQ,59200.0,62300.0,57900.0,61700.0,58871.453125,821698,-0.07218048260356724
2022-05-11,SM,041510.KQ,61000.0,63600.0,60600.0,61500.0,58680.62109375,367445,-0.0032415036680819576
2022-05-12,SM,041510.KQ,60600.0,61000.0,57500.0,58000.0,55341.07421875,662620,-0.056910557740427414
2022-05-13,SM,041510.KQ,58500.0,61100.0,58500.0,60400.0,57631.046875,360500,0.04137925923154806
2022-05-16,SM,041510.KQ,61200.0,62500.0,59900.0,61300.0,58489.7890625,506552,0.014900686939846697
2022-05-17,SM,041510.KQ,64900.0,69900.0,64400.0,68700.0,65550.5546875,1714119,0.12071791911328544
2022-05-18,SM,041510.KQ,68800.0,72600.0,68600.0,71400.0,68126.765625,773782,0.03930113100921262
2022-05-19,SM,041510.KQ,70000.0,71400.0,69400.0,70200.0,66981.7734375,534618,-0.016806789181839976
2022-05-20,SM,041510.KQ,70200.0,72800.0,69700.0,71800.0,68508.4375,480063,0.02279223114217066
2022-05-23,SM,041510.KQ,71600.0,71700.0,67600.0,68700.0,65550.5546875,629247,-0.04317545284111901
2022-05-24,SM,041510.KQ,68700.0,70300.0,67800.0,68000.0,64882.63671875,349169,-0.010189356473552014
2022-05-25,SM,041510.KQ,67800.0,68700.0,66200.0,68000.0,64882.63671875,393682,0.0
2022-05-26,SM,041510.KQ,68400.0,70000.0,67200.0,67600.0,64500.97265625,300087,-0.0058823759606814185
2022-05-27,SM,041510.KQ,68300.0,70700.0,68000.0,68800.0,65645.9609375,327575,0.017751488607033572
2022-05-30,SM,041510.KQ,70000.0,71900.0,69600.0,70300.0,67077.1953125,321890,0.02180232194883458
2022-05-31,SM,041510.KQ,70500.0,70600.0,68900.0,69500.0,66313.875,211777,-0.011379729115742476
2022-06-02,SM,041510.KQ,69500.0,69500.0,66500.0,67000.0,63928.484375,337466,-0.035971214545975516
2022-06-03,SM,041510.KQ,67700.0,68200.0,66500.0,66900.0,63833.06640625,203651,-0.001492573610697323
2022-06-07,SM,041510.KQ,66800.0,68100.0,64300.0,65500.0,62497.2421875,401298,-0.020926837671379817
2022-06-08,SM,041510.KQ,66000.0,68500.0,65100.0,67900.0,64787.21484375,398600,0.03664117929203625
2022-06-09,SM,041510.KQ,67700.0,71400.0,67200.0,70300.0,67077.1953125,740053,0.03534617862911449
2022-06-10,SM,041510.KQ,69700.0,71500.0,69300.0,70900.0,67649.6875,459149,0.008534825954377823
2022-06-13,SM,041510.KQ,69800.0,70400.0,68000.0,68500.0,65359.71875,487095,-0.033850396574263586
2022-06-14,SM,041510.KQ,67000.0,68200.0,65400.0,67400.0,64310.140625,570807,-0.016058485946284784
2022-06-15,SM,041510.KQ,67100.0,68200.0,64300.0,67100.0,64023.8984375,649959,-0.004450965037833043
2022-06-16,SM,041510.KQ,68100.0,71400.0,66600.0,69800.0,66600.125,736150,0.04023851445120763
2022-06-17,SM,041510.KQ,68200.0,69600.0,67800.0,69200.0,66027.6171875,342919,-0.008596197266896977
2022-06-20,SM,041510.KQ,69600.0,70500.0,67500.0,69200.0,66027.6171875,329843,0.0
2022-06-21,SM,041510.KQ,69200.0,70800.0,68300.0,69400.0,66218.4609375,307737,0.002890362519944567
2022-06-22,SM,041510.KQ,69800.0,70000.0,64500.0,64500.0,61543.08984375,557238,-0.07060525158026287
2022-06-23,SM,041510.KQ,64000.0,65700.0,60700.0,60700.0,57917.296875,652276,-0.05891470476954319
2022-06-24,SM,041510.KQ,62000.0,66600.0,61800.0,66100.0,63069.7421875,621636,0.08896211650934371
2022-06-27,SM,041510.KQ,66100.0,69000.0,65300.0,68000.0,64882.63671875,408057,0.028744283207317478
2022-06-28,SM,041510.KQ,67900.0,67900.0,66000.0,66600.0,63546.81640625,228245,-0.020588255657525867
2022-06-29,SM,041510.KQ,65500.0,65900.0,63900.0,64500.0,61543.08984375,266863,-0.03153150190389287
2022-06-30,SM,041510.KQ,65100.0,65700.0,62500.0,63100.0,60207.26953125,324873,-0.0217054476122579
2022-07-01,SM,041510.KQ,63800.0,64400.0,61500.0,61900.0,59062.28515625,309974,-0.019017377534546798
2022-07-04,SM,041510.KQ,63400.0,65700.0,62000.0,64600.0,61638.5078125,528795,0.043618743322148434
2022-07-05,SM,041510.KQ,64700.0,66400.0,64100.0,64800.0,61829.3359375,352389,0.0030959238270413802
2022-07-06,SM,041510.KQ,65500.0,68600.0,63800.0,64800.0,61829.3359375,875211,0.0
2022-07-07,SM,041510.KQ,65800.0,66900.0,64300.0,65300.0,62306.41796875,439133,0.007716111195699371
2022-07-08,SM,041510.KQ,66100.0,70000.0,65500.0,68500.0,65359.71875,913197,0.04900459504478971
2022-07-11,SM,041510.KQ,68800.0,69500.0,67300.0,68300.0,65168.8828125,384664,-0.002919779049691873
2022-07-12,SM,041510.KQ,67500.0,68700.0,66400.0,67000.0,63928.484375,279601,-0.01903359984041464
2022-07-13,SM,041510.KQ,66900.0,69400.0,66800.0,68500.0,65359.71875,334304,0.022388054229543153
2022-07-14,SM,041510.KQ,68200.0,71700.0,67900.0,70500.0,67268.0390625,723101,0.029197192842877806
2022-07-15,SM,041510.KQ,71200.0,71700.0,69600.0,69800.0,66600.125,397797,-0.0099291442386098
2022-07-18,SM,041510.KQ,70500.0,70900.0,67300.0,69300.0,66123.046875,266016,-0.007163321765537245
2022-07-19,SM,041510.KQ,69200.0,70600.0,68800.0,69600.0,66409.2890625,235604,0.004328932210899472
2022-07-20,SM,041510.KQ,70500.0,73600.0,69900.0,70900.0,67649.6875,572366,0.018678086379340986
2022-07-21,SM,041510.KQ,71200.0,71700.0,70400.0,71400.0,68126.765625,198378,0.007052185200411953
2022-07-22,SM,041510.KQ,71200.0,72700.0,70800.0,70800.0,67554.28125,223183,-0.008403222577029523
2022-07-25,SM,041510.KQ,70400.0,72700.0,70400.0,72500.0,69176.3359375,280974,0.024011130863745178
2022-07-26,SM,041510.KQ,71800.0,72400.0,70200.0,71200.0,67935.9375,315085,-0.01793096469608746
2022-07-27,SM,041510.KQ,71000.0,71200.0,68200.0,68200.0,65073.48046875,440167,-0.04213465121092941
2022-07-28,SM,041510.KQ,68900.0,69500.0,67000.0,67900.0,64787.21484375,341897,-0.00439911347814681
2022-07-29,SM,041510.KQ,68400.0,69300.0,67900.0,69100.0,65932.203125,262500,0.017673059167791383
2022-08-01,SM,041510.KQ,69200.0,69300.0,67700.0,68000.0,64882.63671875,247584,-0.015918873577759007
2022-08-02,SM,041510.KQ,68100.0,69100.0,67700.0,68800.0,65645.9609375,220204,0.011764691716503739
2022-08-03,SM,041510.KQ,68900.0,72500.0,68900.0,72400.0,69080.921875,591626,0.052325548875281847
2022-08-04,SM,041510.KQ,73100.0,73500.0,71800.0,72700.0,69367.1796875,301716,0.004143804175311683
2022-08-05,SM,041510.KQ,72800.0,73400.0,71400.0,73000.0,69653.4140625,183830,0.0041263660464427865
2022-08-08,SM,041510.KQ,72900.0,74600.0,72300.0,74500.0,71084.6484375,290077,0.020547942900770888
2022-08-09,SM,041510.KQ,74600.0,76800.0,74000.0,75900.0,72420.4765625,515675,0.018792076128427482
2022-08-10,SM,041510.KQ,75000.0,75900.0,72900.0,72900.0,69558.0078125,373245,-0.039525682319000555
2022-08-11,SM,041510.KQ,74000.0,75900.0,73900.0,75000.0,71561.734375,388307,0.028806554780884897
2022-08-12,SM,041510.KQ,74800.0,75500.0,73500.0,75000.0,71561.734375,225357,0.0
2022-08-16,SM,041510.KQ,75200.0,76300.0,73500.0,76200.0,72706.7265625,338896,0.016000062009396965
2022-08-17,SM,041510.KQ,74300.0,74400.0,69900.0,70300.0,67077.1953125,1530733,-0.07742792883352756
2022-08-18,SM,041510.KQ,70300.0,71300.0,69300.0,70300.0,67077.1953125,456582,0.0
2022-08-19,SM,041510.KQ,70500.0,71500.0,68500.0,68600.0,65455.12890625,521212,-0.024182084517593516
2022-08-22,SM,041510.KQ,67700.0,69200.0,67500.0,67800.0,64691.8046875,351190,-0.011661793835029965
2022-08-23,SM,041510.KQ,67300.0,67700.0,66100.0,66100.0,63069.7421875,426418,-0.02507369376747992
2022-08-24,SM,041510.KQ,66700.0,67200.0,65100.0,66800.0,63737.6484375,356056,0.01058996321904071
2022-08-25,SM,041510.KQ,67000.0,67900.0,66500.0,67400.0,64310.140625,430253,0.008982009872255947
2022-08-26,SM,041510.KQ,68100.0,70000.0,67300.0,68200.0,65073.48046875,510081,0.01186966528655442
2022-08-29,SM,041510.KQ,65500.0,66400.0,65000.0,66100.0,63069.7421875,388972,-0.030791933469921706
2022-08-30,SM,041510.KQ,66600.0,67700.0,65900.0,67400.0,64310.140625,221950,0.01966709224547669
2022-08-31,SM,041510.KQ,67800.0,70000.0,67500.0,69200.0,66027.6171875,471004,0.026706154671854998
2022-09-01,SM,041510.KQ,68700.0,69300.0,67500.0,68000.0,64882.63671875,228691,-0.017340932741803705
2022-09-02,SM,041510.KQ,68000.0,68900.0,67400.0,67600.0,64500.97265625,166428,-0.0058823759606814185
2022-09-05,SM,041510.KQ,67600.0,68400.0,66100.0,66600.0,63546.81640625,174784,-0.01479289707901088
2022-09-06,SM,041510.KQ,67500.0,67600.0,65700.0,67000.0,63928.484375,165647,0.0060060911047066234
2022-09-07,SM,041510.KQ,66300.0,67500.0,65800.0,67200.0,64119.31640625,208630,0.0029850861179594457
2022-09-08,SM,041510.KQ,67800.0,68400.0,67200.0,67600.0,64500.97265625,275545,0.0059522819548150085
2022-09-13,SM,041510.KQ,68800.0,69800.0,67800.0,68300.0,65168.8828125,213738,0.010355040067528076
2022-09-14,SM,041510.KQ,66800.0,66900.0,65000.0,65600.0,62592.6640625,334575,-0.03953142418310507
2022-09-15,SM,041510.KQ,66100.0,66200.0,63900.0,64500.0,61543.08984375,497105,-0.01676832636013026
2022-09-16,SM,041510.KQ,75300.0,78400.0,71500.0,76500.0,72992.96875,5971797,0.1860465396735811
2022-09-19,SM,041510.KQ,75200.0,76400.0,72300.0,73300.0,69939.6640625,1281848,-0.04183012062377578
2022-09-20,SM,041510.KQ,74400.0,78100.0,73400.0,77000.0,73470.046875,1789644,0.05047754889621947
2022-09-21,SM,041510.KQ,76400.0,79700.0,76200.0,77400.0,73851.7109375,1071347,0.005194825357187405
2022-09-22,SM,041510.KQ,77000.0,80200.0,75900.0,77100.0,73565.453125,1123209,-0.003876116191028456
2022-09-23,SM,041510.KQ,76600.0,77000.0,73200.0,74000.0,70607.578125,583740,-0.040207391844295115
2022-09-26,SM,041510.KQ,73900.0,74400.0,70000.0,70600.0,67363.4453125,716015,-0.04594595790775824
2022-09-27,SM,041510.KQ,71500.0,73100.0,69600.0,73100.0,69748.8359375,634573,0.03541075748032396
2022-09-28,SM,041510.KQ,72200.0,72600.0,67100.0,67800.0,64691.8046875,856958,-0.07250345015838633
2022-09-29,SM,041510.KQ,69300.0,71700.0,68500.0,70200.0,66981.7734375,648004,0.035398127491757414
2022-09-30,SM,041510.KQ,69100.0,71300.0,68800.0,70800.0,67554.28125,491352,0.008547217894046888
2022-10-04,SM,041510.KQ,71500.0,71700.0,68000.0,70000.0,66790.953125,664083,-0.011299478151134967
2022-10-05,SM,041510.KQ,70900.0,71100.0,66500.0,66900.0,63833.06640625,560286,-0.044285739016394654
2022-10-06,SM,041510.KQ,67400.0,67600.0,66100.0,66600.0,63546.81640625,477163,-0.004484352955539284
2022-10-07,SM,041510.KQ,65500.0,67300.0,64100.0,66600.0,63546.81640625,616928,0.0
2022-10-11,SM,041510.KQ,64500.0,65000.0,61500.0,61600.0,58776.0390625,710459,-0.07507500160591496
2022-10-12,SM,041510.KQ,61600.0,64400.0,61000.0,63400.0,60493.51953125,531914,0.029220758937561264
2022-10-13,SM,041510.KQ,63800.0,65500.0,63100.0,63200.0,60302.68359375,482535,-0.0031546509275496293
2022-10-14,SM,041510.KQ,65000.0,71800.0,64900.0,69200.0,66027.6171875,1866064,0.09493663055392365
2022-10-17,SM,041510.KQ,68000.0,69600.0,66800.0,68700.0,65550.5546875,586663,-0.007225196369653575
2022-10-18,SM,041510.KQ,69900.0,70400.0,67100.0,69200.0,66027.6171875,584606,0.007277779757536962
2022-10-19,SM,041510.KQ,69500.0,69900.0,67300.0,67400.0,64310.140625,388440,-0.026011487853981552
2022-10-20,SM,041510.KQ,67200.0,68000.0,64600.0,65300.0,62306.41796875,438647,-0.031157180450497535
2022-10-21,SM,041510.KQ,64900.0,65800.0,64000.0,65000.0,62020.16796875,296611,-0.0045942297652799
2022-10-24,SM,041510.KQ,66200.0,67800.0,66000.0,67000.0,63928.484375,395950,0.03076928793890943
2022-10-25,SM,041510.KQ,67000.0,70300.0,66500.0,70200.0,66981.7734375,451943,0.04776101126674015
2022-10-26,SM,041510.KQ,70200.0,71000.0,68800.0,69800.0,66600.125,316315,-0.005697795354076662
2022-10-27,SM,041510.KQ,70500.0,74700.0,70200.0,72800.0,69462.6015625,730512,0.04298004789780796
2022-10-28,SM,041510.KQ,72200.0,73800.0,71000.0,71500.0,68222.1796875,347192,-0.017857405957994676
2022-10-31,SM,041510.KQ,70900.0,71800.0,68500.0,71100.0,67840.5234375,426295,-0.0055943133413242085
2022-11-01,SM,041510.KQ,71200.0,73100.0,66100.0,66900.0,63833.06640625,884416,-0.059071729228946546
2022-11-02,SM,041510.KQ,66300.0,66700.0,64800.0,65100.0,62115.5859375,534785,-0.026905811759371123
2022-11-03,SM,041510.KQ,63900.0,65400.0,63200.0,63900.0,60970.59765625,369951,-0.018433188127728095
2022-11-04,SM,041510.KQ,63400.0,63900.0,62000.0,63000.0,60111.859375,448030,-0.014084465533559909
2022-11-07,SM,041510.KQ,63000.0,64200.0,62400.0,64000.0,61066.01171875,261341,0.015872946764092566
2022-11-08,SM,041510.KQ,64000.0,65500.0,63400.0,64800.0,61829.3359375,316386,0.012499984807680331
2022-11-09,SM,041510.KQ,64800.0,65200.0,63200.0,63400.0,60493.51953125,345266,-0.02160489654296638
2022-11-10,SM,041510.KQ,62900.0,64500.0,62100.0,62900.0,60016.44140625,322645,-0.007886433599776699
2022-11-11,SM,041510.KQ,65600.0,66500.0,64900.0,65500.0,62497.2421875,498774,0.041335352832026606
2022-11-14,SM,041510.KQ,65700.0,66900.0,62800.0,65800.0,62783.49609375,1006368,0.00458026460417571
2022-11-15,SM,041510.KQ,66700.0,68400.0,66400.0,68100.0,64978.05078125,684697,0.03495432436930601
2022-11-16,SM,041510.KQ,68600.0,72000.0,68100.0,71700.0,68413.015625,937508,0.05286346393051833
2022-11-17,SM,041510.KQ,71100.0,76700.0,71100.0,73900.0,70512.1640625,1099181,0.030683465979723712
2022-11-18,SM,041510.KQ,73700.0,77000.0,72400.0,73900.0,70512.1640625,687991,0.0
2022-11-21,SM,041510.KQ,74500.0,76400.0,73800.0,75200.0,71752.5625,564020,0.01759126888235274
2022-11-22,SM,041510.KQ,74900.0,75600.0,72600.0,73400.0,70035.0859375,392936,-0.02393610071417307
2022-11-23,SM,041510.KQ,75800.0,78000.0,74700.0,76700.0,73183.796875,924310,0.04495905010111567
2022-11-24,SM,041510.KQ,76800.0,78400.0,74800.0,77200.0,73660.8828125,564986,0.006519010462314068
2022-11-25,SM,041510.KQ,76600.0,77500.0,75100.0,77200.0,73660.8828125,383263,0.0
2022-11-28,SM,041510.KQ,77100.0,78400.0,76300.0,77500.0,73947.125,331447,0.0038859456548818727
2022-11-29,SM,041510.KQ,77400.0,81700.0,76900.0,80300.0,76618.765625,787961,0.03612906688393913
2022-11-30,SM,041510.KQ,79900.0,80300.0,77900.0,79300.0,75664.6015625,472957,-0.012453399042866686
2022-12-01,SM,041510.KQ,80300.0,82400.0,80000.0,81700.0,77954.5859375,427831,0.030264936677270926
2022-12-02,SM,041510.KQ,81100.0,82600.0,81000.0,82100.0,78336.2421875,305177,0.004895879381695334
2022-12-05,SM,041510.KQ,82000.0,83300.0,81000.0,81400.0,77668.328125,303520,-0.008526245883754946
2022-12-06,SM,041510.KQ,80300.0,80900.0,78600.0,79200.0,75569.1796875,434006,-0.027027084117500433
2022-12-07,SM,041510.KQ,78700.0,80200.0,78200.0,79200.0,75569.1796875,251374,0.0
2022-12-08,SM,041510.KQ,79200.0,79700.0,77500.0,78000.0,74424.203125,410667,-0.015151369476747
2022-12-09,SM,041510.KQ,78600.0,80600.0,78600.0,79000.0,75378.359375,288590,0.012820510128908502
2022-12-12,SM,041510.KQ,79000.0,81600.0,78700.0,79400.0,75760.0234375,310706,0.005063310818444133
2022-12-13,SM,041510.KQ,80500.0,80500.0,78100.0,78800.0,75187.53125,237993,-0.007556652724273416
2022-12-14,SM,041510.KQ,78000.0,80300.0,78000.0,79100.0,75473.7734375,301583,0.0038070433054682162
2022-12-15,SM,041510.KQ,79000.0,80200.0,77000.0,77800.0,74233.3671875,450712,-0.016434930884000165
2022-12-16,SM,041510.KQ,76400.0,78400.0,75700.0,78000.0,74424.203125,222172,0.002570756854097578
2022-12-19,SM,041510.KQ,78000.0,81400.0,77800.0,81200.0,77477.5,487656,0.0410255904234782
2022-12-20,SM,041510.KQ,80700.0,81800.0,78400.0,78500.0,74901.28125,304209,-0.03325118582814368
2022-12-21,SM,041510.KQ,79600.0,79700.0,77100.0,78000.0,74424.203125,247487,-0.006369425422879549
2022-12-22,SM,041510.KQ,78800.0,80100.0,77400.0,79800.0,76141.6875,284080,0.02307696022106387
2022-12-23,SM,041510.KQ,77500.0,78400.0,76600.0,77100.0,73565.453125,447413,-0.03383474230197481
2022-12-26,SM,041510.KQ,77100.0,79200.0,76400.0,79100.0,75473.7734375,281080,0.02594044121848116
2022-12-27,SM,041510.KQ,79200.0,80200.0,78000.0,79300.0,75664.6015625,408417,0.0025284031301022747
2022-12-28,SM,041510.KQ,79000.0,79100.0,75000.0,76000.0,73630.0859375,754554,-0.02688860554323358
2022-12-29,SM,041510.KQ,75100.0,77200.0,74200.0,76700.0,74308.265625,492722,0.009210632839348643
2023-01-02,SM,041510.KQ,77300.0,78000.0,73300.0,75200.0,72855.0390625,425582,-0.019556728316521
2023-01-03,SM,041510.KQ,74900.0,78400.0,74700.0,77200.0,74792.6796875,462240,0.026595835373003585
2023-01-04,SM,041510.KQ,77200.0,77400.0,74200.0,75200.0,72855.0390625,337977,-0.02590682180523396
2023-01-05,SM,041510.KQ,75600.0,76900.0,73600.0,74400.0,72079.984375,297806,-0.010638312702503705
2023-01-06,SM,041510.KQ,74000.0,74400.0,71700.0,73900.0,71595.578125,441861,-0.006720398931828964
2023-01-09,SM,041510.KQ,75100.0,78000.0,75000.0,76300.0,73920.734375,429310,0.0324762549712283
2023-01-10,SM,041510.KQ,75900.0,76500.0,74300.0,74600.0,72273.75,305640,-0.022280411428880598
2023-01-11,SM,041510.KQ,75400.0,77000.0,74200.0,77000.0,74598.90625,417695,0.03217151801310991
2023-01-12,SM,041510.KQ,79600.0,80800.0,76300.0,77700.0,75277.0859375,850735,0.009091013817645655
2023-01-13,SM,041510.KQ,77500.0,78000.0,74900.0,75500.0,73145.6796875,509649,-0.02831414398492571
2023-01-16,SM,041510.KQ,76200.0,76300.0,74000.0,74500.0,72176.8671875,395986,-0.013244972281877154
2023-01-17,SM,041510.KQ,74200.0,74800.0,73000.0,73400.0,71111.1640625,322259,-0.014765161838231844
2023-01-18,SM,041510.KQ,73500.0,74400.0,72900.0,74100.0,71789.34375,277235,0.009536894754021308
2023-01-19,SM,041510.KQ,73700.0,77100.0,73300.0,76800.0,74405.140625,631496,0.03643711919291648
2023-01-20,SM,041510.KQ,77000.0,84500.0,76500.0,83100.0,80508.6953125,1784248,0.08203135746039059
2023-01-25,SM,041510.KQ,84100.0,84600.0,80100.0,80600.0,78086.65625,4187,-0.03008419218692704
2023-01-26,SM,041510.KQ,80800.0,81700.0,79500.0,80300.0,77796.0078125,3919,-0.0037221268198431856
2023-01-27,SM,041510.KQ,80600.0,83000.0,80400.0,80300.0,77796.0078125,3224,0.0
2023-01-30,SM,041510.KQ,82900.0,86300.0,82400.0,82500.0,79927.3984375,4513,0.027397172231986122
2023-01-31,SM,041510.KQ,84100.0,88700.0,83300.0,87900.0,85159.0078125,6056,0.06545451844139416
2023-02-01,SM,041510.KQ,87700.0,88000.0,86100.0,86700.0,83996.4375,1666,-0.013651759718240286
2023-02-02,SM,041510.KQ,86900.0,89900.0,86100.0,89100.0,86321.59375,3427,0.027681605544282784
2023-02-03,SM,041510.KQ,89900.0,95900.0,88100.0,91100.0,88259.234375,7983,0.02244676610827745
2023-02-06,SM,041510.KQ,90500.0,93900.0,89600.0,92200.0,89324.9296875,1265,0.012074604091533603
2023-02-07,SM,041510.KQ,93000.0,99700.0,85700.0,90100.0,87290.4140625,72077,-0.022776571245201938
2023-02-08,SM,041510.KQ,95000.0,99800.0,92100.0,98700.0,95622.234375,32538,0.09544943052434607
2023-02-09,SM,041510.KQ,100000.0,103300.0,95700.0,98500.0,95428.4765625,92592,-0.0020262840935105775
2023-02-10,SM,041510.KQ,115200.0,117000.0,107300.0,114700.0,111123.3125,143447,0.16446700715399998
2023-02-13,SM,041510.KQ,115000.0,118300.0,114500.0,116000.0,112382.7734375,28580,0.011333903833185222
2023-02-14,SM,041510.KQ,116700.0,119100.0,116100.0,116800.0,113157.828125,136128,0.006896561312673466
2023-02-15,SM,041510.KQ,118700.0,127900.0,117600.0,122600.0,118776.9609375,49992,0.04965748199313991
2023-02-16,SM,041510.KQ,124900.0,133600.0,120700.0,131900.0,127786.9609375,154844,0.07585646179936378
2023-02-17,SM,041510.KQ,132300.0,132900.0,126000.0,130100.0,126043.09375,42314,-0.013646675487907656
2023-02-20,SM,041510.KQ,125000.0,125500.0,121700.0,121800.0,118001.90625,35933,-0.0637971289085405
2023-02-21,SM,041510.KQ,124400.0,125500.0,122000.0,123500.0,119648.8984375,17688,0.013957335434994222
2023-02-22,SM,041510.KQ,123400.0,125800.0,120100.0,121100.0,117323.7421875,20812,-0.01943316052520594
2023-02-23,SM,041510.KQ,122500.0,127300.0,120600.0,126300.0,122361.5859375,22086,0.042939678329973585
2023-02-24,SM,041510.KQ,126000.0,126000.0,120700.0,121000.0,117226.8515625,54310,-0.0419636141167925
2023-02-27,SM,041510.KQ,122000.0,127100.0,119300.0,120300.0,116548.6796875,2114459,-0.005785124022020027
2023-02-28,SM,041510.KQ,121200.0,128000.0,118700.0,127600.0,123621.046875,3477054,0.06068165856930352
2023-03-02,SM,041510.KQ,126000.0,131100.0,123700.0,128000.0,124008.578125,1256953,0.003134832294308776
2023-03-03,SM,041510.KQ,127400.0,131000.0,124500.0,129200.0,125171.15625,1073133,0.009374981493845747
2023-03-06,SM,041510.KQ,125300.0,134900.0,124700.0,130100.0,126043.09375,2431975,0.006965961856727709
2023-03-07,SM,041510.KQ,147200.0,149700.0,146500.0,149700.0,145031.890625,3609572,0.15065321161239753
2023-03-08,SM,041510.KQ,154100.0,161200.0,150600.0,158500.0,153557.5,2568990,0.058784377272196986
2023-03-09,SM,041510.KQ,157000.0,157000.0,152600.0,154900.0,150069.765625,1073416,-0.022712888494537897
2023-03-10,SM,041510.KQ,152000.0,154000.0,146000.0,147800.0,143191.15625,3601004,-0.045836077282805476
2023-03-13,SM,041510.KQ,135000.0,135000.0,111300.0,113100.0,109573.1953125,5457572,-0.23477679640218707
2023-03-14,SM,041510.KQ,114400.0,118000.0,112500.0,115200.0,111607.71875,2469659,0.018567711124035213
2023-03-15,SM,041510.KQ,114600.0,116300.0,113400.0,113400.0,109863.8515625,1124623,-0.015624969375158004
2023-03-16,SM,041510.KQ,112200.0,113900.0,111300.0,111600.0,108119.9765625,971273,-0.015873055378983647
2023-03-17,SM,041510.KQ,111900.0,113000.0,107500.0,113000.0,109476.3203125,1195671,0.012544802478901218
2023-03-20,SM,041510.KQ,111000.0,113700.0,109200.0,113300.0,109766.96875,826024,0.0026548977593541245
2023-03-21,SM,041510.KQ,115000.0,115000.0,111500.0,113500.0,109960.734375,753541,0.001765245293794182
2023-03-22,SM,041510.KQ,113200.0,113800.0,111100.0,112000.0,108507.5,836391,-0.013215939155553635
2023-03-23,SM,041510.KQ,111400.0,112400.0,106100.0,107200.0,103857.1796875,326147,-0.04285713257148127
2023-03-24,SM,041510.KQ,106400.0,110600.0,104100.0,107200.0,103857.1796875,322573,0.0
2023-03-27,SM,041510.KQ,105800.0,106300.0,90500.0,91100.0,88259.234375,1695358,-0.15018649032674758
2023-03-28,SM,041510.KQ,88200.0,95700.0,87600.0,94300.0,91359.4453125,2789272,0.03512619341708412
2023-03-29,SM,041510.KQ,94300.0,98400.0,93000.0,97400.0,94362.765625,843826,0.03287367061202029
2023-03-30,SM,041510.KQ,97900.0,98900.0,94100.0,94100.0,91165.6796875,700700,-0.033880799448007926
2023-03-31,SM,041510.KQ,93200.0,94900.0,92500.0,93200.0,90293.75,443511,-0.009564231742568263
2023-04-03,SM,041510.KQ,93200.0,96300.0,93200.0,94400.0,91456.328125,446579,0.01287551048660629
2023-04-04,SM,041510.KQ,94500.0,96800.0,93000.0,96100.0,93103.3125,420019,0.018008424444385662
2023-04-05,SM,041510.KQ,96200.0,98500.0,94400.0,96200.0,93200.1953125,408617,0.0010405946888301099
2023-04-06,SM,041510.KQ,96200.0,101600.0,96100.0,98000.0,94944.0703125,615805,0.018711065938786797
2023-04-07,SM,041510.KQ,98800.0,99400.0,93400.0,97600.0,94556.5390625,364670,-0.004081679337366473
2023-04-10,SM,041510.KQ,97400.0,97400.0,94800.0,95800.0,92812.6640625,295454,-0.018442669510644105
2023-04-11,SM,041510.KQ,96000.0,98500.0,95800.0,97400.0,94362.765625,252215,0.016701401453751652
2023-04-12,SM,041510.KQ,97400.0,98600.0,94100.0,95200.0,92231.3828125,412709,-0.022587116839815513
2023-04-13,SM,041510.KQ,95500.0,104800.0,95500.0,101700.0,98528.6875,1271206,0.06827724463702323
2023-04-14,SM,041510.KQ,101000.0,108000.0,100000.0,105500.0,102210.1953125,596209,0.03736483156238135
2023-04-17,SM,041510.KQ,106200.0,106800.0,103000.0,104800.0,101532.0234375,273654,-0.006635070727793235
2023-04-18,SM,041510.KQ,106100.0,109100.0,101300.0,102700.0,99497.5078125,564128,-0.020038166837602622
2023-04-19,SM,041510.KQ,102700.0,106000.0,101200.0,104500.0,101241.375,314819,0.01752674238621399
2023-04-20,SM,041510.KQ,104200.0,106800.0,101900.0,103000.0,99788.1484375,318058,-0.014354077693038092
2023-04-21,SM,041510.KQ,103000.0,104300.0,98800.0,100500.0,97366.1015625,269352,-0.024271889126362467
2023-04-24,SM,041510.KQ,100400.0,106100.0,100400.0,104600.0,101338.2578125,295906,0.04079609007915597
2023-04-25,SM,041510.KQ,104600.0,106700.0,102900.0,103300.0,100078.796875,281346,-0.012428286855200366
2023-04-26,SM,041510.KQ,103300.0,108800.0,103200.0,108300.0,104922.8828125,441812,0.04840271954458375
2023-04-27,SM,041510.KQ,108300.0,109300.0,105900.0,106200.0,102888.3671875,295182,-0.019390580686157177
2023-04-28,SM,041510.KQ,107300.0,110000.0,106400.0,107200.0,103857.1796875,258476,0.009416151956561647
2023-05-02,SM,041510.KQ,107300.0,113900.0,106800.0,112600.0,109088.7890625,361912,0.05037311229461072
2023-05-03,SM,041510.KQ,112600.0,116600.0,111200.0,112500.0,108991.9140625,466539,-0.0008880380911048258
2023-05-04,SM,041510.KQ,113300.0,113700.0,106200.0,107300.0,103954.0625,378978,-0.04622225057549778
2023-05-08,SM,041510.KQ,109300.0,110000.0,103800.0,104800.0,101532.0234375,389863,-0.023299128521311996
2023-05-09,SM,041510.KQ,105700.0,107200.0,102900.0,103400.0,100175.6796875,300289,-0.013358777891735008
2023-05-10,SM,041510.KQ,103400.0,107100.0,103400.0,105700.0,102403.9609375,269870,0.02224373477625674
2023-05-11,SM,041510.KQ,106100.0,110700.0,101000.0,107800.0,104438.4765625,658013,0.019867548153159165
2023-05-12,SM,041510.KQ,109000.0,110400.0,104800.0,106400.0,103082.125,401751,-0.01298708682032823
2023-05-15,SM,041510.KQ,106200.0,106700.0,101600.0,102500.0,99303.7421875,393503,-0.03665410285730919
2023-05-16,SM,041510.KQ,103200.0,110400.0,102000.0,109200.0,105794.8125,925106,0.06536581773770322
2023-05-17,SM,041510.KQ,109200.0,119100.0,108600.0,113300.0,109766.96875,991794,0.03754585084216666
2023-05-18,SM,041510.KQ,112700.0,112900.0,109300.0,111000.0,107538.6875,301823,-0.02030010735811638
2023-05-19,SM,041510.KQ,112200.0,112400.0,106300.0,107600.0,104244.7109375,354534,-0.030630618980727276
2023-05-22,SM,041510.KQ,107600.0,107600.0,104500.0,106900.0,103566.53125,272770,-0.006505650803776519
2023-05-23,SM,041510.KQ,107000.0,108900.0,105400.0,108100.0,104729.1171875,234544,0.01122549846430232
2023-05-24,SM,041510.KQ,108500.0,108500.0,104200.0,105100.0,101822.6640625,313977,-0.02775210183235366
2023-05-25,SM,041510.KQ,103300.0,106100.0,102900.0,103600.0,100369.4375,206101,-0.014272132593270093
2023-05-26,SM,041510.KQ,104200.0,106900.0,103700.0,104800.0,101532.0234375,244413,0.011583067181182516
2023-05-30,SM,041510.KQ,104800.0,109500.0,103700.0,109400.0,105988.578125,333103,0.04389309438162936
2023-05-31,SM,041510.KQ,110300.0,114900.0,109500.0,109700.0,106279.21875,574950,0.0027421881691556127
2023-06-01,SM,041510.KQ,109700.0,114600.0,100600.0,101800.0,98625.5625,2092346,-0.07201460774757529
2023-06-02,SM,041510.KQ,102700.0,103200.0,101200.0,101900.0,98722.453125,444578,0.0009824088455769875
2023-06-05,SM,041510.KQ,102000.0,102500.0,98600.0,100500.0,97366.1015625,506533,-0.013739038279190874
2023-06-07,SM,041510.KQ,100000.0,105700.0,99500.0,103300.0,100078.796875,528834,0.02786077771388129
2023-06-08,SM,041510.KQ,103300.0,103600.0,101400.0,103400.0,100175.6796875,349972,0.0009680653197801092
2023-06-09,SM,041510.KQ,103200.0,105800.0,102000.0,102000.0,98819.3359375,348743,-0.013539651083288251
2023-06-12,SM,041510.KQ,103000.0,105200.0,101800.0,104400.0,101144.5,321475,0.02352944431817061
2023-06-13,SM,041510.KQ,105500.0,109400.0,103800.0,108000.0,104632.2421875,439951,0.034482766611135585
2023-06-14,SM,041510.KQ,109700.0,118200.0,109500.0,114900.0,111317.0703125,1038431,0.06388879742269937
2023-06-15,SM,041510.KQ,116000.0,117400.0,113000.0,114800.0,111220.1875,467487,-0.0008703320364794598
2023-06-16,SM,041510.KQ,115600.0,118500.0,113000.0,117600.0,113932.875,453509,0.024390243902439046
2023-06-19,SM,041510.KQ,117600.0,122300.0,115400.0,118900.0,115192.34375,498769,0.011054480543916778
2023-06-20,SM,041510.KQ,120000.0,124300.0,118900.0,121900.0,118098.7890625,436314,0.025231236885046915
2023-06-21,SM,041510.KQ,121800.0,123100.0,117400.0,118800.0,115095.46875,344778,-0.02543057669211657
2023-06-22,SM,041510.KQ,117800.0,119600.0,113400.0,114200.0,110638.8984375,597643,-0.038720640881007795
2023-06-23,SM,041510.KQ,114900.0,115200.0,110800.0,111000.0,107538.6875,323657,-0.028020985216617222
2023-06-26,SM,041510.KQ,110300.0,112000.0,109400.0,109700.0,106279.21875,193953,-0.011711773495468814
2023-06-27,SM,041510.KQ,108600.0,110900.0,106400.0,109700.0,106279.21875,238510,0.0
2023-06-28,SM,041510.KQ,109100.0,110200.0,107300.0,107300.0,103954.0625,213378,-0.021877807132450355
2023-06-29,SM,041510.KQ,107400.0,110500.0,105300.0,107000.0,103663.421875,258872,-0.002795856342795666
2023-06-30,SM,041510.KQ,107000.0,108800.0,105200.0,106800.0,103469.65625,202510,-0.001869180290359762
2023-07-03,SM,041510.KQ,107300.0,107400.0,103500.0,106800.0,103469.65625,220891,0.0
2023-07-04,SM,041510.KQ,106800.0,111600.0,105200.0,109300.0,105891.703125,277584,0.023408281836250877
2023-07-05,SM,041510.KQ,108000.0,110100.0,106600.0,108200.0,104825.9921875,202211,-0.010064159004430917
2023-07-06,SM,041510.KQ,108100.0,110600.0,106500.0,106700.0,103372.78125,254382,-0.013863078299327425
2023-07-07,SM,041510.KQ,106600.0,107400.0,104200.0,105500.0,102210.1953125,183745,-0.011246538241903026
2023-07-10,SM,041510.KQ,105300.0,109500.0,104600.0,106600.0,103275.890625,272706,0.010426506956979331
2023-07-11,SM,041510.KQ,108900.0,117700.0,107900.0,117100.0,113448.46875,592171,0.09849905978479678
2023-07-12,SM,041510.KQ,117200.0,126700.0,114900.0,122700.0,118873.84375,731218,0.047822373098358906
2023-07-13,SM,041510.KQ,122800.0,124000.0,118200.0,121000.0,117226.8515625,437574,-0.01385495863130104
2023-07-14,SM,041510.KQ,121100.0,121700.0,116000.0,117900.0,114223.5234375,274774,-0.025619796872210276
2023-07-17,SM,041510.KQ,119200.0,122100.0,116100.0,116600.0,112964.0625,285223,-0.011026283374887647
2023-07-18,SM,041510.KQ,117400.0,119000.0,115700.0,116800.0,113157.828125,238259,0.0017152855581836768
2023-07-19,SM,041510.KQ,117300.0,119300.0,114200.0,118000.0,114320.4140625,235286,0.01027402130956201
2023-07-20,SM,041510.KQ,118100.0,123800.0,115400.0,122400.0,118583.203125,304235,0.03728808277557061
2023-07-21,SM,041510.KQ,121100.0,121300.0,117000.0,118400.0,114707.9296875,221850,-0.03267978377523695
2023-07-24,SM,041510.KQ,118100.0,119400.0,116100.0,116600.0,112964.0625,190275,-0.015202673365745767
2023-07-25,SM,041510.KQ,116700.0,129900.0,116600.0,124900.0,121005.2421875,723958,0.07118352075466472
2023-07-26,SM,041510.KQ,125500.0,125600.0,116900.0,116900.0,113254.703125,452799,-0.06405126689049045
2023-07-27,SM,041510.KQ,117000.0,124300.0,117000.0,123400.0,119552.0234375,370524,0.055603168245910384
2023-07-28,SM,041510.KQ,123600.0,128500.0,122100.0,128000.0,124008.578125,258017,0.037277116349518025
2023-07-31,SM,041510.KQ,128000.0,133500.0,124600.0,130600.0,126527.5,287530,0.020312480903223795
2023-08-01,SM,041510.KQ,130600.0,134700.0,125800.0,134700.0,130499.6484375,511320,0.03139355821856915
2023-08-02,SM,041510.KQ,134000.0,141100.0,131900.0,136100.0,131855.984375,874749,0.01039340683089729
2023-08-03,SM,041510.KQ,136100.0,142700.0,128300.0,132600.0,128465.1328125,699620,-0.02571632663145862
2023-08-04,SM,041510.KQ,133000.0,140900.0,133000.0,137700.0,133406.09375,441630,0.03846149402041665
2023-08-07,SM,041510.KQ,138900.0,142000.0,138500.0,139000.0,134665.578125,396397,0.009440980839752644
2023-08-08,SM,041510.KQ,140600.0,141500.0,133300.0,138000.0,133696.75,278479,-0.0071943264083469405
2023-08-09,SM,041510.KQ,138700.0,138700.0,133500.0,135400.0,131177.828125,253730,-0.01884056175636284
2023-08-10,SM,041510.KQ,135700.0,138800.0,133000.0,136300.0,132049.75,280833,0.006646869272520117
2023-08-11,SM,041510.KQ,135200.0,137700.0,130700.0,136500.0,132243.53125,206736,0.0014674866858892521
2023-08-14,SM,041510.KQ,135400.0,137500.0,129100.0,136700.0,132437.28125,276753,0.0014651000178884654
2023-08-16,SM,041510.KQ,135700.0,137500.0,130600.0,131300.0,127205.671875,194744,-0.03950254283100518
2023-08-17,SM,041510.KQ,131400.0,133800.0,130400.0,131700.0,127593.203125,162260,0.0030464934801084365
2023-08-18,SM,041510.KQ,128700.0,128800.0,125400.0,127300.0,123330.40625,231009,-0.03340927863393972
2023-08-21,SM,041510.KQ,127300.0,133300.0,127000.0,131000.0,126915.0234375,159067,0.029065153488862405
2023-08-22,SM,041510.KQ,131100.0,134500.0,130000.0,130600.0,126527.5,142169,-0.0030534087061082626
2023-08-23,SM,041510.KQ,130800.0,137000.0,130800.0,132700.0,128562.015625,194762,0.01607963189820394
2023-08-24,SM,041510.KQ,133000.0,134400.0,131700.0,133200.0,129046.421875,110584,0.0037678800199660856
2023-08-25,SM,041510.KQ,131800.0,136300.0,131300.0,134200.0,130015.2421875,127354,0.007507533323461324
2023-08-28,SM,041510.KQ,135200.0,141800.0,134300.0,141300.0,136893.84375,318396,0.05290611659654565
2023-08-29,SM,041510.KQ,139900.0,147000.0,136200.0,141400.0,136990.71875,388277,0.0007076651319464222
2023-08-30,SM,041510.KQ,142000.0,142000.0,138000.0,138000.0,133696.75,214994,-0.02404519649255432
2023-08-31,SM,041510.KQ,137900.0,140200.0,135300.0,137500.0,133212.34375,226796,-0.0036231714682668503
2023-09-01,SM,041510.KQ,137100.0,137700.0,132200.0,132200.0,128077.6015625,208168,-0.03854554347558348
2023-09-04,SM,041510.KQ,131900.0,135800.0,127500.0,133300.0,129143.3046875,242845,0.00832076110107316
2023-09-05,SM,041510.KQ,133200.0,134000.0,129500.0,132500.0,128368.2578125,111706,-0.006001448366800388
2023-09-06,SM,041510.KQ,132900.0,139600.0,132900.0,139000.0,134665.578125,236793,0.049056678183621694
2023-09-07,SM,041510.KQ,137900.0,138200.0,132000.0,132000.0,127883.84375,259400,-0.05035982074576639
2023-09-08,SM,041510.KQ,132800.0,134600.0,130800.0,132800.0,128658.8984375,151981,0.006060614576264722
2023-09-11,SM,041510.KQ,134100.0,135000.0,129800.0,134200.0,130015.2421875,145167,0.010542168217450465
2023-09-12,SM,041510.KQ,134500.0,142500.0,134500.0,137300.0,133018.5625,324157,0.02309975555149757
2023-09-13,SM,041510.KQ,137800.0,142800.0,136100.0,137400.0,133115.46875,289656,0.0007285167436688056
2023-09-14,SM,041510.KQ,138100.0,141500.0,137800.0,139200.0,134859.328125,172600,0.013100351081474226
2023-09-15,SM,041510.KQ,138900.0,139200.0,134200.0,135200.0,130984.0546875,183642,-0.028735672136139034
2023-09-18,SM,041510.KQ,134100.0,136800.0,132700.0,133100.0,128949.5390625,111570,-0.015532544246350644
2023-09-19,SM,041510.KQ,133200.0,135400.0,132400.0,133100.0,128949.5390625,90099,0.0
2023-09-20,SM,041510.KQ,132700.0,134300.0,130900.0,132500.0,128368.2578125,93029,-0.004507819525576329
2023-09-21,SM,041510.KQ,131500.0,131900.0,127900.0,127900.0,123911.6953125,172527,-0.03471701319269627
2023-09-22,SM,041510.KQ,126000.0,131300.0,125800.0,130300.0,126236.8515625,122703,0.018764623017513138
2023-09-25,SM,041510.KQ,129100.0,134000.0,129000.0,132000.0,127883.84375,174764,0.013046841450133684
2023-09-26,SM,041510.KQ,132600.0,135000.0,130500.0,131400.0,127302.5546875,105401,-0.0045454456595499515
2023-09-27,SM,041510.KQ,130100.0,130900.0,125700.0,128300.0,124299.2265625,224022,-0.023592049133440485
2023-10-04,SM,041510.KQ,126600.0,126800.0,120400.0,121000.0,117226.8515625,239344,-0.05689798074844721
2023-10-05,SM,041510.KQ,122500.0,127700.0,121200.0,125100.0,121199.0078125,139304,0.033884354966935426
2023-10-06,SM,041510.KQ,125900.0,128500.0,125400.0,125900.0,121974.0625,75711,0.006394893006872238
2023-10-10,SM,041510.KQ,126000.0,126000.0,116900.0,117500.0,113836.0,411831,-0.06671961508209989
2023-10-11,SM,041510.KQ,119900.0,123700.0,119500.0,121700.0,117905.03125,202961,0.035744678748374836
2023-10-12,SM,041510.KQ,123900.0,127800.0,122400.0,126200.0,122264.703125,177649,0.0369761309486103
2023-10-13,SM,041510.KQ,126000.0,129400.0,124100.0,124600.0,120714.6015625,119647,-0.01267824255799499
2023-10-16,SM,041510.KQ,122300.0,123600.0,119800.0,121400.0,117614.3828125,176915,-0.02568221830558637
2023-10-17,SM,041510.KQ,123000.0,123400.0,119000.0,120000.0,116258.0390625,131637,-0.01153212487763744
2023-10-18,SM,041510.KQ,121000.0,122200.0,119800.0,120900.0,117129.9765625,97822,0.00750001898390229
2023-10-19,SM,041510.KQ,118500.0,119900.0,115200.0,115500.0,111898.3671875,175883,-0.0446649912220245
2023-10-20,SM,041510.KQ,114500.0,116300.0,111500.0,113400.0,109863.8515625,176440,-0.01818181691240328
2023-10-23,SM,041510.KQ,111600.0,114000.0,110800.0,112700.0,109185.671875,133736,-0.006172910177959623
2023-10-24,SM,041510.KQ,112500.0,113000.0,106900.0,113000.0,109476.3203125,293835,0.0026619650042796206
2023-10-25,SM,041510.KQ,114000.0,114600.0,109300.0,110900.0,107441.8046875,226788,-0.018584070228086613
2023-10-26,SM,041510.KQ,107400.0,107800.0,102400.0,105200.0,101919.546875,324468,-0.05139766433151205
2023-10-27,SM,041510.KQ,105000.0,105800.0,99300.0,103900.0,100660.0859375,555341,-0.012357403227515107
2023-10-30,SM,041510.KQ,104400.0,105200.0,100300.0,103800.0,100563.203125,207601,-0.0009624749631165219
2023-10-31,SM,041510.KQ,103500.0,105500.0,100000.0,100800.0,97656.7578125,208975,-0.028901677971487127
2023-11-01,SM,041510.KQ,101400.0,104600.0,100000.0,104100.0,100853.84375,169513,0.032737989762453346
2023-11-02,SM,041510.KQ,105800.0,109800.0,105800.0,107800.0,104438.4765625,206877,0.03554284774099159
2023-11-03,SM,041510.KQ,108100.0,108800.0,105100.0,105700.0,102403.9609375,178171,-0.01948051802328299
2023-11-06,SM,041510.KQ,107500.0,112700.0,104300.0,112000.0,108507.5,260876,0.05960256816848286
2023-11-07,SM,041510.KQ,112000.0,112500.0,106800.0,109000.0,105601.046875,181680,-0.026785734857037502
2023-11-08,SM,041510.KQ,110100.0,113400.0,104200.0,106700.0,103372.78125,317348,-0.021100791052171997
2023-11-09,SM,041510.KQ,106700.0,107900.0,102400.0,103300.0,100078.796875,312113,-0.03186510351340677
2023-11-10,SM,041510.KQ,102500.0,103900.0,100500.0,103000.0,99788.1484375,131624,-0.0029041959593402167
2023-11-13,SM,041510.KQ,103700.0,104300.0,94400.0,95800.0,92812.6640625,631508,-0.0699029342083537
2023-11-14,SM,041510.KQ,95800.0,97500.0,94700.0,95800.0,92812.6640625,276839,0.0
2023-11-15,SM,041510.KQ,97700.0,98300.0,95900.0,96900.0,93878.3671875,263931,0.011482302935323041
2023-11-16,SM,041510.KQ,96800.0,98000.0,94900.0,95800.0,92812.6640625,190859,-0.011351956333789937
2023-11-17,SM,041510.KQ,95700.0,95800.0,89400.0,90600.0,87774.8203125,448772,-0.05427970203082977
2023-11-20,SM,041510.KQ,90000.0,91200.0,89200.0,90300.0,87484.1796875,294389,-0.003311207291171292
2023-11-21,SM,041510.KQ,90600.0,92600.0,90600.0,91200.0,88356.109375,193491,0.009966712731543037
2023-11-22,SM,041510.KQ,91300.0,91800.0,90200.0,91000.0,88162.34375,96678,-0.002193007663766844
2023-11-23,SM,041510.KQ,91800.0,94200.0,91400.0,93800.0,90875.03125,191991,0.03076923076923066
2023-11-24,SM,041510.KQ,93800.0,93800.0,92000.0,92200.0,89324.9296875,76725,-0.01705750788944016
2023-11-27,SM,041510.KQ,92700.0,92700.0,88500.0,88700.0,85934.0625,270679,-0.037961039536922425
2023-11-28,SM,041510.KQ,88600.0,89300.0,87400.0,87800.0,85062.1328125,172240,-0.010146496768961621
2023-11-29,SM,041510.KQ,88100.0,88800.0,86300.0,87000.0,84287.078125,156557,-0.009111630074082777
2023-11-30,SM,041510.KQ,86600.0,87400.0,86000.0,86700.0,83996.4375,103589,-0.0034482228055049413
2023-12-01,SM,041510.KQ,86800.0,87300.0,84800.0,85100.0,82446.328125,192874,-0.018454465702786527
2023-12-04,SM,041510.KQ,85200.0,85200.0,82900.0,83000.0,80411.8125,183148,-0.024676849427610614
2023-12-05,SM,041510.KQ,83700.0,84400.0,82500.0,82500.0,79927.3984375,135280,-0.006024165448328844
2023-12-06,SM,041510.KQ,82700.0,87800.0,82700.0,86900.0,84190.1953125,362940,0.05333336200518701
2023-12-07,SM,041510.KQ,86900.0,87200.0,84600.0,84700.0,82058.796875,93844,-0.02531646861714243
2023-12-08,SM,041510.KQ,85000.0,90100.0,84200.0,88200.0,85449.65625,239749,0.04132231404958686
2023-12-11,SM,041510.KQ,88300.0,89400.0,85900.0,86400.0,83705.7890625,144714,-0.020408124081833234
2023-12-12,SM,041510.KQ,85800.0,86300.0,83100.0,84100.0,81477.515625,190016,-0.026620302639238425
2023-12-13,SM,041510.KQ,84500.0,87100.0,83700.0,85800.0,83124.4921875,208467,0.020213878023480847
2023-12-14,SM,041510.KQ,86900.0,87900.0,84100.0,84100.0,81477.515625,267464,-0.019813372920041372
2023-12-15,SM,041510.KQ,84800.0,86000.0,83900.0,85800.0,83124.4921875,109416,0.020213878023480847
2023-12-18,SM,041510.KQ,85900.0,88100.0,85600.0,87200.0,84480.84375,198507,0.01631711095979438
2023-12-19,SM,041510.KQ,87200.0,93000.0,86800.0,90300.0,87484.1796875,430448,0.0355504964697988
2023-12-20,SM,041510.KQ,91200.0,92600.0,88800.0,89400.0,86612.234375,246052,-0.009966891335263739
2023-12-21,SM,041510.KQ,88900.0,91700.0,88800.0,91000.0,88162.34375,225903,0.017897117955514075
2023-12-22,SM,041510.KQ,91300.0,92200.0,90000.0,90100.0,87290.4140625,148550,-0.009890046593730717
2023-12-26,SM,041510.KQ,90100.0,91100.0,88600.0,90400.0,87581.0546875,129738,0.003329582384520524
2023-12-27,SM,041510.KQ,89900.0,94400.0,89500.0,93600.0,91901.1953125,292209,0.049327341859661145
2023-12-28,SM,041510.KQ,93600.0,93700.0,91700.0,92100.0,90428.421875,147930,-0.01602561786592649
2024-01-02,SM,041510.KQ,91600.0,94500.0,91200.0,93300.0,91606.640625,155536,0.013029296824715875
2024-01-03,SM,041510.KQ,91500.0,93100.0,89900.0,90000.0,88366.53125,181257,-0.03536980892317265
2024-01-04,SM,041510.KQ,89700.0,91400.0,88500.0,90000.0,88366.53125,133666,0.0
2024-01-05,SM,041510.KQ,90500.0,93700.0,90300.0,93700.0,91999.3828125,256448,0.04111117083709215
2024-01-08,SM,041510.KQ,94000.0,94100.0,92700.0,93300.0,91606.640625,128110,-0.004268965459262142
2024-01-09,SM,041510.KQ,93400.0,96100.0,92500.0,95000.0,93275.78125,219309,0.01822073829595805
2024-01-10,SM,041510.KQ,95100.0,96500.0,93600.0,94600.0,92883.046875,201261,-0.004210464600102215
2024-01-11,SM,041510.KQ,94900.0,95500.0,92500.0,95300.0,93570.34375,199239,0.007399594416028998
2024-01-12,SM,041510.KQ,95300.0,95800.0,87800.0,88200.0,86599.203125,364786,-0.07450160323900701
2024-01-15,SM,041510.KQ,88300.0,88900.0,86700.0,85500.0,83948.203125,38124,-0.030612290925742802
2024-01-16,SM,041510.KQ,85000.0,85500.0,79600.0,80000.0,78548.03125,344328,-0.06432742660327195
2024-01-17,SM,041510.KQ,80500.0,81900.0,79000.0,79800.0,78351.65625,226625,-0.0025000626607047938
2024-01-18,SM,041510.KQ,79500.0,81700.0,78000.0,79300.0,77860.734375,188825,-0.0062656221769402665
2024-01-19,SM,041510.KQ,79500.0,81500.0,78700.0,79100.0,77664.3671875,131025,-0.0025220310221354403
2024-01-22,SM,041510.KQ,80000.0,80600.0,79100.0,80100.0,78646.21875,126424,0.012642239910737763
2024-01-23,SM,041510.KQ,79700.0,82100.0,79700.0,80900.0,79431.6953125,101396,0.00998746761108582
2024-01-24,SM,041510.KQ,80900.0,82600.0,80200.0,82500.0,81002.65625,115817,0.019777507345393186
2024-01-25,SM,041510.KQ,81600.0,81800.0,79300.0,80900.0,79431.6953125,89378,-0.0193939434856496
2024-01-26,SM,041510.KQ,80500.0,83300.0,80100.0,82500.0,81002.65625,137729,0.019777507345393186
2024-01-29,SM,041510.KQ,82500.0,82500.0,77600.0,78100.0,76682.515625,226444,-0.053333320473672785
2024-01-30,SM,041510.KQ,78300.0,79000.0,77300.0,77800.0,76387.9609375,121681,-0.0038412235840104003
2024-01-31,SM,041510.KQ,77600.0,78000.0,75400.0,76300.0,74915.1875,192612,-0.01928017739215493
2024-02-01,SM,041510.KQ,76000.0,76700.0,73000.0,74300.0,72951.484375,306622,-0.026212350132608253
2024-02-02,SM,041510.KQ,74300.0,77500.0,74200.0,76100.0,74718.8203125,197306,0.024226181998096008
2024-02-05,SM,041510.KQ,76300.0,76800.0,74700.0,75000.0,73638.78125,71502,-0.014454712453741969
2024-02-06,SM,041510.KQ,74800.0,75400.0,72600.0,72900.0,71576.890625,165554,-0.02800006450405501
2024-02-07,SM,041510.KQ,72500.0,74000.0,72300.0,73200.0,71871.4453125,120952,0.004115220498235983
2024-02-08,SM,041510.KQ,73200.0,73600.0,72200.0,73000.0,71675.078125,196835,-0.002732200342516977
2024-02-13,SM,041510.KQ,73400.0,74900.0,71700.0,74700.0,73344.2265625,184980,0.023287710054379573
2024-02-14,SM,041510.KQ,74000.0,78500.0,73300.0,77400.0,75995.21875,221518,0.036144524412442536
2024-02-15,SM,041510.KQ,78200.0,80800.0,77200.0,80300.0,78842.5859375,206367,0.03746771486857514
2024-02-16,SM,041510.KQ,80000.0,81400.0,80000.0,80100.0,78646.21875,140938,-0.0024906233752360896
2024-02-19,SM,041510.KQ,80200.0,80700.0,78400.0,79700.0,78253.4765625,97739,-0.004993783474173674
2024-02-20,SM,041510.KQ,79700.0,80800.0,78500.0,79700.0,78253.4765625,86843,0.0
2024-02-21,SM,041510.KQ,79000.0,82600.0,79000.0,81700.0,80217.1796875,160679,0.025094132698776805
2024-02-22,SM,041510.KQ,81700.0,82300.0,80100.0,80300.0,78842.5859375,124873,-0.01713590225130035
2024-02-23,SM,041510.KQ,80300.0,80800.0,79700.0,80200.0,78744.3984375,62083,-0.0012453612325429297
2024-02-26,SM,041510.KQ,80400.0,82500.0,80000.0,80700.0,79235.328125,66349,0.006234471241654882
2024-02-27,SM,041510.KQ,80700.0,81100.0,76700.0,77900.0,76486.1484375,177558,-0.034696387994544
2024-02-28,SM,041510.KQ,78200.0,80600.0,78200.0,79500.0,78057.109375,90977,0.020539156037955086
2024-02-29,SM,041510.KQ,79600.0,79700.0,77600.0,78200.0,76780.6953125,86369,-0.016352310157526917
2024-03-04,SM,041510.KQ,78200.0,79400.0,74200.0,74500.0,73147.859375,227904,-0.04731444437581911
2024-03-05,SM,041510.KQ,74500.0,75000.0,73100.0,73600.0,72264.1875,93296,-0.012080625223354291
2024-03-06,SM,041510.KQ,73100.0,74200.0,72100.0,72200.0,70889.6015625,124457,-0.019021675674413374
2024-03-07,SM,041510.KQ,72000.0,72400.0,70000.0,70900.0,69613.1875,189511,-0.018005659989140277
2024-03-08,SM,041510.KQ,71400.0,73700.0,71100.0,73100.0,71773.2578125,124925,0.031029613641811782
2024-03-11,SM,041510.KQ,73100.0,77200.0,72700.0,75800.0,74424.2578125,213800,0.03693576243850405
2024-03-12,SM,041510.KQ,75500.0,76400.0,74600.0,75300.0,73933.3359375,108485,-0.006596261614550403
2024-03-13,SM,041510.KQ,75300.0,75900.0,74200.0,75300.0,73933.3359375,82193,0.0
2024-03-14,SM,041510.KQ,75300.0,76500.0,74900.0,75100.0,73736.96875,133430,-0.0026560033442288855
2024-03-15,SM,041510.KQ,75000.0,75700.0,73700.0,74900.0,73540.59375,77701,-0.002663182435201472
2024-03-18,SM,041510.KQ,74900.0,76300.0,74500.0,75200.0,73835.1484375,54676,0.004005334638734759
2024-03-19,SM,041510.KQ,75000.0,76300.0,74800.0,75800.0,74424.2578125,80054,0.007978711866458488
2024-03-20,SM,041510.KQ,76300.0,76900.0,75500.0,75700.0,74326.078125,76623,-0.0013191893394133292
2024-03-21,SM,041510.KQ,76400.0,78300.0,75500.0,77300.0,75897.0390625,118994,0.021136066601792125
2024-03-22,SM,041510.KQ,76900.0,77600.0,75600.0,77000.0,75602.4765625,60183,-0.0038810802587098125
2024-03-25,SM,041510.KQ,77300.0,79700.0,76600.0,79100.0,77664.3671875,123834,0.027272792092934317
2024-03-26,SM,041510.KQ,79500.0,87400.0,78600.0,87100.0,85519.1640625,596811,0.10113771809968752
2024-03-27,SM,041510.KQ,87100.0,92700.0,86900.0,88400.0,86795.5703125,470720,0.01492538267875454
2024-03-28,SM,041510.KQ,87800.0,89400.0,85000.0,85400.0,83850.0234375,215329,-0.033936603727526826
2024-03-29,SM,041510.KQ,85600.0,88000.0,84500.0,87800.0,86206.4609375,160617,0.028103003474488464
2024-04-01,SM,041510.KQ,87800.0,87800.0,81400.0,83200.0,81689.953125,440443,-0.052391755367088844
2024-04-02,SM,041510.KQ,83000.0,83600.0,80900.0,81800.0,80315.3671875,213266,-0.01682686652294485
2024-04-03,SM,041510.KQ,81800.0,84200.0,81700.0,81900.0,80413.546875,130083,0.0012224271759948557
2024-04-04,SM,041510.KQ,82000.0,82200.0,80000.0,81300.0,79824.4375,87294,-0.0073259966497405404
2024-04-05,SM,041510.KQ,80100.0,82700.0,80100.0,81800.0,80315.3671875,94683,0.006150117719276205
2024-04-08,SM,041510.KQ,82200.0,83100.0,80700.0,81100.0,79628.0625,90838,-0.00855757386871503
2024-04-09,SM,041510.KQ,81100.0,81800.0,77300.0,77900.0,76486.1484375,101374,-0.0394573717337402
2024-04-11,SM,041510.KQ,76600.0,77900.0,74500.0,77900.0,76486.1484375,149468,0.0
2024-04-12,SM,041510.KQ,77500.0,77800.0,74200.0,75100.0,73736.96875,143715,-0.03594349753075188
2024-04-15,SM,041510.KQ,74500.0,75600.0,73900.0,75300.0,73933.3359375,53705,0.002663076484276994
2024-04-16,SM,041510.KQ,75200.0,76500.0,74300.0,76000.0,74620.625,79166,0.009296064539560334
2024-04-17,SM,041510.KQ,76100.0,76700.0,74900.0,75000.0,73638.78125,56573,-0.013157806571574504
2024-04-18,SM,041510.KQ,75700.0,77000.0,75000.0,76100.0,74718.8203125,73328,0.014666715610532899
2024-04-19,SM,041510.KQ,76200.0,79500.0,75700.0,78100.0,76682.515625,116217,0.02628113377977792
2024-04-22,SM,041510.KQ,78800.0,83500.0,78800.0,81600.0,80118.9921875,273242,0.04481434306753029
2024-04-23,SM,041510.KQ,81200.0,87300.0,80300.0,86400.0,84831.875,359525,0.05882354088367192
2024-04-24,SM,041510.KQ,86500.0,86900.0,84700.0,85200.0,83653.65625,141751,-0.013888868423573064
2024-04-25,SM,041510.KQ,84400.0,85100.0,82400.0,82500.0,81002.65625,84804,-0.03169018688289549
2024-04-26,SM,041510.KQ,82600.0,84200.0,80500.0,81000.0,79529.875,112798,-0.018181888325421447
2024-04-29,SM,041510.KQ,81000.0,81700.0,79800.0,80400.0,78940.765625,115469,-0.0074073972202269855
2024-04-30,SM,041510.KQ,80400.0,80400.0,79000.0,79300.0,77860.734375,103565,-0.013681540094639844
2024-05-02,SM,041510.KQ,78800.0,84000.0,78800.0,81600.0,80118.9921875,197997,0.029003808281894417
2024-05-03,SM,041510.KQ,81600.0,86300.0,81500.0,85800.0,84242.765625,180074,0.05147061046211432
2024-05-07,SM,041510.KQ,86800.0,86800.0,84000.0,86000.0,84439.1328125,105038,0.0023309679596004163
2024-05-08,SM,041510.KQ,85000.0,87000.0,82600.0,84300.0,82769.984375,139082,-0.019767474888762737
2024-05-09,SM,041510.KQ,84000.0,84400.0,80800.0,82200.0,80708.1015625,175474,-0.02491099675890207
2024-05-10,SM,041510.KQ,81900.0,86200.0,81500.0,83200.0,81689.953125,185940,0.012165464724004815
2024-05-13,SM,041510.KQ,83200.0,83200.0,77800.0,78500.0,77075.2578125,226383,-0.05649036553416431
2024-05-14,SM,041510.KQ,78500.0,82000.0,78200.0,81000.0,79529.875,125269,0.03184701883802088
2024-05-16,SM,041510.KQ,82100.0,82900.0,81200.0,82700.0,81199.0234375,89643,0.020987690946326687
2024-05-17,SM,041510.KQ,83500.0,86300.0,82700.0,85900.0,84340.9453125,216776,0.038694084509752535
2024-05-20,SM,041510.KQ,85900.0,86000.0,81300.0,81700.0,80217.1796875,188569,-0.0488939934182695
2024-05-21,SM,041510.KQ,82000.0,82100.0,80700.0,81900.0,80413.546875,65450,0.0024479442965332776
2024-05-22,SM,041510.KQ,82300.0,83300.0,81600.0,81600.0,80118.9921875,65386,-0.0036629983248702702
2024-05-23,SM,041510.KQ,81300.0,91100.0,81000.0,90800.0,89152.015625,498047,0.11274509564923507
2024-05-24,SM,041510.KQ,90000.0,92000.0,88900.0,91000.0,89348.3828125,429545,0.0022026107443939846
2024-05-27,SM,041510.KQ,97200.0,100700.0,94600.0,95800.0,94061.265625,865729,0.05274726485413961
2024-05-28,SM,041510.KQ,91100.0,93000.0,90100.0,90700.0,89053.8359375,1690416,-0.05323583150011435
2024-05-29,SM,041510.KQ,91200.0,91500.0,86500.0,86500.0,84930.0546875,410048,-0.046306610002674775
2024-05-30,SM,041510.KQ,86400.0,90500.0,85200.0,90100.0,88464.71875,318715,0.04161853039546237
2024-05-31,SM,041510.KQ,88800.0,92000.0,87500.0,91300.0,89642.9453125,277655,0.013318604062142025
2024-06-03,SM,041510.KQ,91600.0,92100.0,88800.0,89200.0,87581.0546875,222296,-0.023001147695584367
2024-06-04,SM,041510.KQ,89200.0,90900.0,80500.0,81900.0,80413.546875,630725,-0.08183856472241113
2024-06-05,SM,041510.KQ,84900.0,86900.0,83500.0,85500.0,83948.203125,501351,0.04395597989844302
2024-06-07,SM,041510.KQ,85000.0,85300.0,83200.0,83500.0,81984.5078125,165274,-0.023391749190581623
2024-06-10,SM,041510.KQ,82500.0,86500.0,82200.0,85600.0,84046.390625,156203,0.02514966385131645
2024-06-11,SM,041510.KQ,85600.0,86000.0,82700.0,83200.0,81689.953125,201576,-0.028037343215772337
2024-06-12,SM,041510.KQ,83200.0,84400.0,81200.0,81400.0,79922.625,206323,-0.021634583659213003
2024-06-13,SM,041510.KQ,81800.0,82600.0,81100.0,82000.0,80511.734375,219280,0.007370996323006196
2024-06-14,SM,041510.KQ,82000.0,82300.0,79900.0,79900.0,78449.84375,209365,-0.025609815028904026
2024-06-17,SM,041510.KQ,79900.0,80300.0,78500.0,80000.0,78548.03125,136736,0.001251595864395938
2024-06-18,SM,041510.KQ,80700.0,82200.0,80100.0,81300.0,79824.4375,110778,0.016250009448836478
2024-06-19,SM,041510.KQ,81300.0,81300.0,79400.0,80800.0,79333.5078125,121762,-0.006150117719276094
2024-06-20,SM,041510.KQ,81000.0,81800.0,79900.0,79900.0,78449.84375,97976,-0.011138598139243894
2024-06-21,SM,041510.KQ,79700.0,80300.0,78200.0,79500.0,78057.109375,118272,-0.005006184285739845
2024-06-24,SM,041510.KQ,78900.0,80000.0,77600.0,77700.0,76289.7734375,140169,-0.022641575529134816
2024-06-25,SM,041510.KQ,77700.0,78200.0,76200.0,76800.0,75406.109375,127178,-0.011582994976698124
2024-06-26,SM,041510.KQ,76800.0,78900.0,76000.0,77300.0,75897.0390625,112218,0.006510476293884571
2024-06-27,SM,041510.KQ,77300.0,78200.0,75900.0,76300.0,74915.1875,118091,-0.012936625389186274
2024-06-28,SM,041510.KQ,77200.0,81000.0,77000.0,80400.0,78940.765625,246891,0.05373514048803529
2024-07-01,SM,041510.KQ,80100.0,80800.0,78300.0,80500.0,79038.953125,104311,0.0012438123600984063
2024-07-02,SM,041510.KQ,80300.0,81800.0,79300.0,80100.0,78646.21875,136308,-0.004968871163803179
2024-07-03,SM,041510.KQ,79900.0,80300.0,78600.0,78600.0,77173.4375,88982,-0.01872666319383598
2024-07-04,SM,041510.KQ,78600.0,79400.0,76500.0,78500.0,77075.2578125,174532,-0.0012721953392318408
2024-07-05,SM,041510.KQ,78000.0,79000.0,77300.0,77600.0,76191.5859375,115799,-0.011465052470530757
2024-07-08,SM,041510.KQ,77000.0,80000.0,76900.0,78800.0,77369.8046875,152192,0.015463895855462262
2024-07-09,SM,041510.KQ,78800.0,79100.0,77800.0,78100.0,76682.515625,86766,-0.008883169154633275
2024-07-10,SM,041510.KQ,77900.0,79000.0,77900.0,78200.0,76780.6953125,61879,0.0012803399405951765
2024-07-11,SM,041510.KQ,78200.0,78500.0,76700.0,76700.0,75307.9296875,175981,-0.019181457253099832
2024-07-12,SM,041510.KQ,76700.0,79400.0,76700.0,77800.0,76387.9609375,192667,0.014341534211360418
2024-07-15,SM,041510.KQ,78000.0,78100.0,75300.0,75800.0,74424.2578125,177143,-0.02570697137218636
2024-07-16,SM,041510.KQ,75800.0,76200.0,75000.0,75500.0,74129.703125,89785,-0.003957777963229159
2024-07-17,SM,041510.KQ,75300.0,76800.0,73900.0,73900.0,72558.75,144679,-0.021191952196962238
2024-07-18,SM,041510.KQ,73300.0,74300.0,72300.0,73200.0,71871.4453125,103597,-0.009472388753940741
2024-07-19,SM,041510.KQ,73000.0,73500.0,69600.0,73300.0,71969.6328125,201310,0.0013661545217724669
2024-07-22,SM,041510.KQ,73300.0,73600.0,71700.0,72100.0,70791.40625,64156,-0.01637116262034566
2024-07-23,SM,041510.KQ,72100.0,74700.0,72100.0,72800.0,71478.7109375,111716,0.009708871795437668
2024-07-24,SM,041510.KQ,72000.0,73200.0,71300.0,71400.0,70104.1171875,56844,-0.01923081337045829
2024-07-25,SM,041510.KQ,70400.0,71000.0,69700.0,70000.0,68729.53125,89844,-0.019607777583498298
2024-07-26,SM,041510.KQ,69900.0,70700.0,68700.0,69800.0,68533.15625,96381,-0.0028572143069868217
2024-07-29,SM,041510.KQ,69800.0,71100.0,69600.0,70000.0,68729.53125,49980,0.0028654013727844596
2024-07-30,SM,041510.KQ,70000.0,71700.0,69300.0,69500.0,68238.6015625,83529,-0.007142922097260751
2024-07-31,SM,041510.KQ,69300.0,70800.0,69300.0,70600.0,69318.640625,65490,0.015827391502312382
2024-08-01,SM,041510.KQ,70600.0,71000.0,70000.0,70300.0,69024.078125,60412,-0.004249398103369106
2024-08-02,SM,041510.KQ,69600.0,72400.0,68900.0,70500.0,69220.453125,103135,0.002845021698723249
2024-08-05,SM,041510.KQ,69500.0,70300.0,61300.0,63700.0,62543.87109375,214776,-0.09645389086363343
2024-08-06,SM,041510.KQ,64500.0,67500.0,63900.0,65300.0,64114.83203125,138389,0.02511774391363164
2024-08-07,SM,041510.KQ,64700.0,73000.0,64700.0,70900.0,69613.1875,282179,0.08575793298608447
2024-08-08,SM,041510.KQ,69900.0,72400.0,69100.0,70400.0,69122.265625,139425,-0.0070521390074258505
2024-08-09,SM,041510.KQ,71000.0,71300.0,67400.0,68200.0,66962.1953125,151681,-0.0312499929359773
2024-08-12,SM,041510.KQ,67900.0,68700.0,67300.0,68100.0,66864.0078125,60110,-0.0014663124400533523
2024-08-13,SM,041510.KQ,67600.0,68500.0,66700.0,66800.0,65587.609375,53112,-0.019089469495745415
2024-08-14,SM,041510.KQ,67100.0,67100.0,64500.0,64900.0,63722.08984375,262695,-0.028443170120499572
2024-08-16,SM,041510.KQ,65900.0,66300.0,64900.0,65600.0,64409.38671875,131643,0.010785849564653116
2024-08-19,SM,041510.KQ,65900.0,66900.0,64900.0,65200.0,64016.64453125,99530,-0.00609759240861818
2024-08-20,SM,041510.KQ,65300.0,65700.0,65000.0,65300.0,64114.83203125,46374,0.0015337807959001637
2024-08-21,SM,041510.KQ,65100.0,66400.0,65000.0,65500.0,64311.19921875,51653,0.0030627419783972876
2024-08-22,SM,041510.KQ,65500.0,67400.0,65500.0,67200.0,65980.3515625,92002,0.025954302890115466
2024-08-23,SM,041510.KQ,66600.0,67000.0,65500.0,66400.0,65194.86328125,51802,-0.011904881720824823
2024-08-26,SM,041510.KQ,66200.0,67700.0,65900.0,66400.0,65194.86328125,54994,0.0
2024-08-27,SM,041510.KQ,66400.0,66400.0,64800.0,65300.0,64114.83203125,55567,-0.01656620162451694
2024-08-28,SM,041510.KQ,65900.0,66800.0,65400.0,65900.0,64703.94140625,73539,0.009188347786871942
2024-08-29,SM,041510.KQ,64500.0,64600.0,62300.0,62700.0,61562.015625,217682,-0.04855849138344004
2024-08-30,SM,041510.KQ,62700.0,63300.0,62100.0,62800.0,61660.20703125,67335,0.001594999859136026
2024-09-02,SM,041510.KQ,62900.0,64200.0,62500.0,63200.0,62052.9453125,46946,0.006369396084754619
2024-09-03,SM,041510.KQ,63200.0,64200.0,61600.0,61700.0,60580.16796875,100448,-0.023734205303762135
2024-09-04,SM,041510.KQ,60300.0,61000.0,56600.0,57300.0,56260.02734375,447998,-0.07131278716870715
2024-09-05,SM,041510.KQ,57300.0,60500.0,57300.0,59100.0,58027.359375,177402,0.031413636194159045
2024-09-06,SM,041510.KQ,59400.0,59400.0,56300.0,56300.0,55278.1796875,130510,-0.047377301278411
2024-09-09,SM,041510.KQ,55500.0,57100.0,55100.0,56900.0,55867.2890625,77021,0.010657177539679541
2024-09-10,SM,041510.KQ,56900.0,57300.0,55900.0,56000.0,54983.625,47195,-0.015817199605146826
2024-09-11,SM,041510.KQ,56100.0,58100.0,56100.0,57100.0,56063.65625,74246,0.019642780009502925
2024-09-12,SM,041510.KQ,57100.0,58900.0,56900.0,58000.0,56947.32421875,79666,0.015761868344967178
2024-09-13,SM,041510.KQ,58100.0,58800.0,57200.0,58100.0,57045.5078125,72978,0.0017241125039142435
2024-09-19,SM,041510.KQ,59000.0,59200.0,57800.0,58800.0,57732.80078125,57813,0.012048152345475183
2024-09-20,SM,041510.KQ,59300.0,59500.0,58000.0,58000.0,56947.32421875,54388,-0.013605377737972102
2024-09-23,SM,041510.KQ,58000.0,59700.0,57800.0,59100.0,58027.359375,47287,0.01896551191942386
2024-09-24,SM,041510.KQ,59700.0,61900.0,59400.0,61500.0,60383.796875,95406,0.04060907691441895
2024-09-25,SM,041510.KQ,62200.0,64400.0,61300.0,61700.0,60580.16796875,151370,0.0032520494555270396
2024-09-26,SM,041510.KQ,63400.0,66300.0,61700.0,66100.0,64900.30859375,155738,0.07131278716870715
2024-09-27,SM,041510.KQ,66500.0,69200.0,65200.0,67800.0,66569.4609375,169614,0.02571871197405584
2024-09-30,SM,041510.KQ,68700.0,68900.0,66300.0,66900.0,65685.7890625,94566,-0.013274433389653728
2024-10-02,SM,041510.KQ,65700.0,67200.0,65600.0,66600.0,65391.23828125,66465,-0.004484239063791029
2024-10-04,SM,041510.KQ,66500.0,68700.0,66100.0,67500.0,66274.8984375,68929,0.013513433595634838
2024-10-07,SM,041510.KQ,67500.0,68200.0,66000.0,67300.0,66078.53125,49082,-0.002962919478257442
2024-10-08,SM,041510.KQ,67300.0,69600.0,66900.0,67200.0,65980.3515625,92359,-0.001485803114003037
2024-10-10,SM,041510.KQ,67300.0,67700.0,66100.0,67400.0,66176.71875,59997,0.002976146426167281
2024-10-11,SM,041510.KQ,67400.0,67800.0,65100.0,65300.0,64114.83203125,85569,-0.03115728246574634
2024-10-14,SM,041510.KQ,65300.0,67700.0,64700.0,65300.0,64114.83203125,65345,0.0
2024-10-15,SM,041510.KQ,67000.0,67800.0,65300.0,67100.0,65882.1640625,91772,0.027565104286455755
2024-10-16,SM,041510.KQ,66200.0,66900.0,65700.0,65700.0,64507.5703125,50880,-0.02086442923605203
2024-10-17,SM,041510.KQ,66000.0,68100.0,66000.0,67200.0,65980.3515625,95265,0.02283113815735538
2024-10-18,SM,041510.KQ,67800.0,69100.0,66800.0,67500.0,66274.8984375,84659,0.004464160436020048
2024-10-21,SM,041510.KQ,67500.0,70000.0,67100.0,68000.0,66765.828125,128637,0.007407475515982309
2024-10-22,SM,041510.KQ,68200.0,70700.0,67300.0,69800.0,68533.15625,183662,0.026470549001372135
2024-10-23,SM,041510.KQ,70500.0,71900.0,67900.0,71600.0,70300.4921875,173419,0.025788042375474385
2024-10-24,SM,041510.KQ,71600.0,71600.0,69800.0,69800.0,68533.15625,96315,-0.02513973775299183
2024-10-25,SM,041510.KQ,70400.0,71000.0,68000.0,70300.0,69024.078125,105095,0.007163275440126737
2024-10-28,SM,041510.KQ,71300.0,71500.0,67800.0,70100.0,68827.7109375,108543,-0.0028449085135825447
2024-10-29,SM,041510.KQ,69500.0,70800.0,68900.0,70800.0,69515.0078125,49046,0.00998575814360736
2024-10-30,SM,041510.KQ,70800.0,72100.0,69900.0,70000.0,68729.53125,60157,-0.011299381057665037
2024-10-31,SM,041510.KQ,69100.0,71000.0,68800.0,70900.0,69613.1875,53743,0.012857009700615318
2024-11-01,SM,041510.KQ,70600.0,70600.0,69100.0,69800.0,68533.15625,51362,-0.015514750707256386
2024-11-04,SM,041510.KQ,71000.0,76400.0,70800.0,74900.0,73540.59375,439475,0.07306591107132898
2024-11-05,SM,041510.KQ,74300.0,80800.0,74300.0,77300.0,75897.0390625,523647,0.0320427833437229
2024-11-06,SM,041510.KQ,77000.0,78100.0,75100.0,77600.0,76191.5859375,211746,0.0038808743877010166
2024-11-07,SM,041510.KQ,77000.0,77000.0,74000.0,77600.0,76191.5859375,135322,0.0
2024-11-08,SM,041510.KQ,76300.0,76600.0,74500.0,74800.0,73442.40625,79186,-0.03608245784193487
2024-11-11,SM,041510.KQ,74500.0,75900.0,74300.0,74600.0,73246.0390625,58366,-0.002673757540453625
2024-11-12,SM,041510.KQ,74200.0,74700.0,68500.0,68700.0,67453.1171875,263223,-0.07908853433094132
2024-11-13,SM,041510.KQ,68900.0,73000.0,68500.0,71500.0,70202.296875,174711,0.040756896080252014
2024-11-14,SM,041510.KQ,73900.0,75300.0,70600.0,74200.0,72853.296875,210327,0.0377622972182845
2024-11-15,SM,041510.KQ,74000.0,78000.0,72400.0,76900.0,75504.296875,189203,0.03638819536950444
2024-11-18,SM,041510.KQ,77000.0,78200.0,75700.0,77700.0,76289.7734375,155581,0.010403071017274446
2024-11-19,SM,041510.KQ,77500.0,81000.0,77300.0,80700.0,79235.328125,269147,0.03861008566126012
2024-11-20,SM,041510.KQ,80400.0,81000.0,78500.0,79100.0,77664.3671875,149816,-0.019826521510981632
2024-11-21,SM,041510.KQ,79400.0,80100.0,77400.0,78100.0,76682.515625,105398,-0.012642239910737652
2024-11-22,SM,041510.KQ,78100.0,81500.0,76800.0,80200.0,78744.3984375,198902,0.026888565088073246
2024-11-25,SM,041510.KQ,82400.0,86100.0,81800.0,82600.0,81100.84375,308818,0.02992524369044891
2024-11-26,SM,041510.KQ,82100.0,84900.0,81800.0,84000.0,82475.4375,141326,0.016949191727737123
2024-11-27,SM,041510.KQ,84000.0,87400.0,83400.0,86500.0,84930.0546875,243446,0.02976179650456534
2024-11-28,SM,041510.KQ,87000.0,88000.0,83300.0,83600.0,82082.6953125,170046,-0.0335259336106265
2024-11-29,SM,041510.KQ,82600.0,86500.0,81300.0,84800.0,83260.9140625,207832,0.014354045581889796
2024-12-02,SM,041510.KQ,85600.0,87500.0,83700.0,84600.0,83064.546875,190446,-0.002358455821810934
2024-12-03,SM,041510.KQ,84300.0,86400.0,81600.0,82000.0,80511.734375,238723,-0.03073287697387439
2024-12-04,SM,041510.KQ,79800.0,83100.0,79100.0,82300.0,80806.2890625,218399,0.0036585311419083943
2024-12-05,SM,041510.KQ,82000.0,83500.0,78300.0,78500.0,77075.2578125,176109,-0.0461725354955258
2024-12-06,SM,041510.KQ,78900.0,79400.0,76600.0,78400.0,76977.0703125,126742,-0.0012739172438301916
2024-12-09,SM,041510.KQ,76700.0,76800.0,73400.0,74000.0,72656.9296875,160927,-0.05612243499865266
2024-12-10,SM,041510.KQ,74800.0,77600.0,74700.0,75600.0,74227.890625,172782,0.021621625690168234
2024-12-11,SM,041510.KQ,74900.0,78100.0,74900.0,77600.0,76191.5859375,88666,0.026454952390074116
2024-12-12,SM,041510.KQ,78500.0,79200.0,76100.0,76900.0,75504.296875,200472,-0.009020537557306918
2024-12-13,SM,041510.KQ,76900.0,83000.0,76700.0,81000.0,79529.875,230107,0.05331588123606368
2024-12-16,SM,041510.KQ,81400.0,81900.0,78200.0,79300.0,77860.734375,92228,-0.020987592712801373
2024-12-17,SM,041510.KQ,79900.0,80000.0,75700.0,76000.0,74620.625,204818,-0.04161416407138785
2024-12-18,SM,041510.KQ,76500.0,79500.0,75900.0,78200.0,76780.6953125,107259,0.028947362910723307
2024-12-19,SM,041510.KQ,77100.0,79500.0,76700.0,78000.0,76584.328125,101748,-0.0025575072835792856
2024-12-20,SM,041510.KQ,77200.0,78500.0,75800.0,75900.0,74522.4453125,79024,-0.02692303847250077
2024-12-23,SM,041510.KQ,76200.0,78400.0,75000.0,77100.0,75700.6640625,77925,0.015810253475436742
2024-12-24,SM,041510.KQ,77700.0,78000.0,75500.0,75800.0,74424.2578125,57312,-0.016861229235006103
2024-12-26,SM,041510.KQ,76000.0,78900.0,75600.0,77000.0,75602.4765625,96610,0.015831111852916635
2024-12-27,SM,041510.KQ,76700.0,76800.0,73800.0,74700.0,73727.21875,99749,-0.02480418496541892
2024-12-30,SM,041510.KQ,73300.0,76700.0,72900.0,75600.0,74615.5,81568,0.012048213198059932
2025-01-02,SM,041510.KQ,75100.0,76500.0,70200.0,71500.0,70568.890625,184848,-0.05423282528429074
2025-01-03,SM,041510.KQ,71900.0,73600.0,71800.0,72600.0,71654.5703125,101803,0.015384678402686758
2025-01-06,SM,041510.KQ,71900.0,72600.0,70000.0,70400.0,69483.21875,244234,-0.03030304351879165
2025-01-07,SM,041510.KQ,70700.0,72400.0,70200.0,70300.0,69384.515625,271376,-0.0014205318460437377
2025-01-08,SM,041510.KQ,70300.0,70400.0,68000.0,68700.0,67805.3515625,221125,-0.022759603468803458
2025-01-09,SM,041510.KQ,68700.0,69500.0,68000.0,68300.0,67410.5625,164715,-0.0058223879590993954
2025-01-10,SM,041510.KQ,68400.0,69400.0,67200.0,68900.0,68002.75,216471,0.008784787992237808
2025-01-13,SM,041510.KQ,69500.0,72700.0,69200.0,72000.0,71062.3828125,408318,0.04499278062284251
2025-01-14,SM,041510.KQ,72700.0,77200.0,71700.0,77000.0,75997.265625,305099,0.0694443757328096
2025-01-15,SM,041510.KQ,77200.0,77500.0,75600.0,77300.0,76293.359375,132602,0.00389611057141237
2025-01-16,SM,041510.KQ,78000.0,78100.0,75800.0,77100.0,76095.96875,126576,-0.0025872582701435
2025-01-17,SM,041510.KQ,76500.0,80100.0,76500.0,78400.0,77379.0390625,155226,0.016861212671006376
2025-01-20,SM,041510.KQ,78800.0,80000.0,77200.0,78300.0,77280.3359375,127925,-0.0012755796168556488
2025-01-21,SM,041510.KQ,79100.0,80300.0,78400.0,78800.0,77773.828125,79260,0.006385740712865351
2025-01-22,SM,041510.KQ,78500.0,80700.0,77000.0,79900.0,78859.5,161706,0.013959347265960487
2025-01-23,SM,041510.KQ,79900.0,84500.0,79500.0,81800.0,80734.7578125,268400,0.02377973246723597
2025-01-24,SM,041510.KQ,82300.0,86300.0,81400.0,84000.0,82906.109375,236537,0.026894879248201775
2025-01-31,SM,041510.KQ,84100.0,85100.0,83300.0,83500.0,82412.625,128773,-0.005952328226715764
2025-02-03,SM,041510.KQ,83400.0,85900.0,82700.0,83600.0,82511.3203125,172289,0.0011975751591457584
2025-02-04,SM,041510.KQ,84300.0,87800.0,82900.0,86800.0,85669.6484375,207505,0.03827751286778924
2025-02-05,SM,041510.KQ,87300.0,90200.0,86100.0,87900.0,86755.3203125,240076,0.012672771451747611
2025-02-06,SM,041510.KQ,87700.0,89100.0,87000.0,87900.0,86755.3203125,89701,0.0
2025-02-07,SM,041510.KQ,88400.0,89400.0,87400.0,87600.0,86459.234375,83063,-0.0034128850707192404
2025-02-10,SM,041510.KQ,93000.0,96900.0,90400.0,92300.0,91098.0234375,648579,0.053652904701655846
2025-02-11,SM,041510.KQ,94500.0,95200.0,91100.0,95000.0,93762.8671875,376637,0.0292524870402735
2025-02-12,SM,041510.KQ,95500.0,95500.0,91400.0,93600.0,92381.09375,199419,-0.0147368940279613
2025-02-13,SM,041510.KQ,94000.0,94100.0,90500.0,91400.0,90209.7421875,245488,-0.023504285069151365
2025-02-14,SM,041510.KQ,91400.0,96200.0,90800.0,92300.0,91098.0234375,266011,0.009846843904660618
2025-02-17,SM,041510.KQ,92200.0,92200.0,88100.0,89200.0,88038.3984375,228314,-0.03358607447832418
2025-02-18,SM,041510.KQ,89200.0,91700.0,88400.0,91200.0,90012.3515625,138799,0.022421501981335412
2025-02-19,SM,041510.KQ,91400.0,96600.0,90100.0,96500.0,95243.328125,307376,0.05811398626629449
2025-02-20,SM,041510.KQ,106900.0,107800.0,98400.0,101400.0,100079.5234375,1052281,0.05077726080878686
2025-02-21,SM,041510.KQ,101400.0,101400.0,97200.0,99500.0,98204.265625,244318,-0.018737677279919374
2025-02-24,SM,041510.KQ,99200.0,101100.0,96000.0,100200.0,98895.1484375,241560,0.007035160928122952
2025-02-25,SM,041510.KQ,100000.0,104700.0,98400.0,101900.0,100573.0078125,301282,0.016966043344991633
2025-02-26,SM,041510.KQ,101000.0,102900.0,99100.0,99400.0,98105.5625,150463,-0.024533872121037748
2025-02-27,SM,041510.KQ,99400.0,103200.0,98600.0,102000.0,100671.703125,183825,0.026156932997555504
2025-02-28,SM,041510.KQ,100700.0,104800.0,100400.0,100400.0,99092.5390625,255865,-0.015686275422788998
2025-03-04,SM,041510.KQ,95500.0,101600.0,93900.0,100900.0,99586.03125,212425,0.004980114468443819
2025-03-05,SM,041510.KQ,101000.0,102300.0,96900.0,98100.0,96822.4921875,164058,-0.027750268062821326
2025-03-06,SM,041510.KQ,98900.0,99300.0,95700.0,96600.0,95342.03125,148731,-0.015290465098058426
2025-03-07,SM,041510.KQ,96900.0,100800.0,96400.0,98100.0,96822.4921875,165355,0.015527893816505989
2025-03-10,SM,041510.KQ,97900.0,99000.0,90100.0,95500.0,94256.3515625,243858,-0.02650355890479028
2025-03-11,SM,041510.KQ,92600.0,98200.0,92400.0,96800.0,95539.421875,126135,0.013612560758297754
2025-03-12,SM,041510.KQ,96100.0,97700.0,93500.0,93800.0,92578.4921875,157956,-0.03099170613962854
2025-03-13,SM,041510.KQ,92800.0,94400.0,92400.0,93400.0,92183.703125,142466,-0.004264371272113987
2025-03-14,SM,041510.KQ,92800.0,93800.0,90500.0,91200.0,90012.3515625,156717,-0.02355461419851701
2025-03-17,SM,041510.KQ,91200.0,95600.0,90100.0,93400.0,92183.703125,162679,0.024122817866749413
2025-03-18,SM,041510.KQ,94800.0,95700.0,91800.0,93700.0,92479.796875,141295,0.0032119966974910596
2025-03-19,SM,041510.KQ,94000.0,101500.0,94000.0,100000.0,98697.75,290232,0.06723579998131357
2025-03-20,SM,041510.KQ,99700.0,100200.0,94000.0,95000.0,93762.8671875,173514,-0.04999995250651612
2025-03-21,SM,041510.KQ,96700.0,100600.0,95900.0,100300.0,98993.84375,166619,0.055789426234582606
2025-03-24,SM,041510.KQ,99900.0,104200.0,99800.0,102700.0,101362.59375,152897,0.023928255639634077
2025-03-25,SM,041510.KQ,102700.0,105500.0,100300.0,103900.0,102546.9609375,171472,0.011684460151257792
2025-03-26,SM,041510.KQ,104700.0,105500.0,101600.0,105000.0,103632.640625,99795,0.010587146391999758
2025-03-27,SM,041510.KQ,104300.0,110300.0,103700.0,108600.0,107185.7578125,255721,0.0342856957621791
2025-03-28,SM,041510.KQ,110000.0,110000.0,106100.0,107000.0,105606.59375,76078,-0.014732965411901389
2025-03-31,SM,041510.KQ,106700.0,109000.0,104800.0,107300.0,105902.6875,182649,0.0028037430191236723
2025-04-01,SM,041510.KQ,107300.0,109900.0,103000.0,106100.0,104718.3125,191030,-0.01118361609095142
2025-04-02,SM,041510.KQ,106100.0,107800.0,103000.0,104200.0,102843.0546875,155476,-0.017907639721562507
2025-04-03,SM,041510.KQ,102500.0,109300.0,102500.0,108200.0,106790.96875,263133,0.0383877557361183
2025-04-04,SM,041510.KQ,109800.0,117300.0,105200.0,115900.0,114390.6953125,743209,0.07116450624482229
2025-04-07,SM,041510.KQ,113300.0,114500.0,109000.0,109900.0,108468.828125,212753,-0.05176878391483031
2025-04-08,SM,041510.KQ,111600.0,112700.0,108000.0,110600.0,109159.7109375,138320,0.006369413447555816
2025-04-09,SM,041510.KQ,111400.0,111400.0,101100.0,107700.0,106297.4765625,230835,-0.026220611527991156
2025-04-10,SM,041510.KQ,110200.0,110800.0,103200.0,107300.0,105902.6875,349135,-0.0037140022065140776
2025-04-11,SM,041510.KQ,106000.0,110000.0,105700.0,106400.0,105014.40625,169712,-0.008387712068213538
2025-04-14,SM,041510.KQ,105800.0,106400.0,102700.0,105400.0,104027.4296875,272698,-0.009398487290880664
2025-04-15,SM,041510.KQ,105600.0,107800.0,104300.0,105700.0,104323.5234375,135360,0.002846304584180004
2025-04-16,SM,041510.KQ,105700.0,110300.0,104900.0,106800.0,105409.1953125,187413,0.010406779211693529
2025-04-17,SM,041510.KQ,108300.0,115500.0,107000.0,114500.0,113008.921875,281704,0.07209737765258106
2025-04-18,SM,041510.KQ,114000.0,118500.0,113900.0,116300.0,114785.484375,153076,0.01572055082487256
2025-04-21,SM,041510.KQ,116400.0,117500.0,111600.0,113500.0,112021.9453125,112678,-0.024075684112388474
2025-04-22,SM,041510.KQ,113500.0,115000.0,111900.0,113600.0,112120.6484375,83949,0.0008811052577657463
2025-04-23,SM,041510.KQ,114400.0,114400.0,110600.0,112500.0,111034.96875,93277,-0.009683137786214213
2025-04-24,SM,041510.KQ,111300.0,113000.0,110700.0,112200.0,110738.875,62359,-0.002666671169752499
2025-04-25,SM,041510.KQ,113000.0,119700.0,111600.0,117000.0,115476.3671875,181369,0.04278075054943442
2025-04-28,SM,041510.KQ,118000.0,119100.0,116000.0,119000.0,117450.328125,123086,0.017094068557723663
2025-04-29,SM,041510.KQ,121700.0,124900.0,119500.0,120800.0,119226.8828125,157616,0.015126008720973916
2025-04-30,SM,041510.KQ,121500.0,124100.0,120900.0,123900.0,122286.515625,174468,0.02566227297338375
2025-05-02,SM,041510.KQ,125000.0,129100.0,124600.0,127500.0,125839.6328125,258128,0.029055674448979163
2025-05-07,SM,041510.KQ,128000.0,134300.0,121100.0,125500.0,123865.6796875,476207,-0.015686259415117476
2025-05-08,SM,041510.KQ,126200.0,126300.0,120300.0,122500.0,120904.7421875,325783,-0.023904422173035567
2025-05-09,SM,041510.KQ,123400.0,128000.0,121900.0,126300.0,124655.2578125,220379,0.03102041786900034
2025-05-12,SM,041510.KQ,124200.0,125000.0,118000.0,119900.0,118338.6015625,277973,-0.05067300297514277
2025-05-13,SM,041510.KQ,118300.0,122300.0,117200.0,121100.0,119522.9765625,142385,0.010008357242370147
2025-05-14,SM,041510.KQ,121200.0,125400.0,121100.0,124400.0,122780.0,153667,0.02725018679397473
2025-05-15,SM,041510.KQ,123500.0,125000.0,119700.0,120500.0,118930.7890625,149352,-0.03135047188059947
2025-05-16,SM,041510.KQ,120700.0,121200.0,118400.0,119700.0,118141.2109375,164024,-0.006638971549958073
2025-05-19,SM,041510.KQ,118400.0,120400.0,116900.0,118900.0,117351.625,102210,-0.006683408196295759
2025-05-20,SM,041510.KQ,120500.0,122100.0,119000.0,120600.0,119029.4921875,131850,0.014297775488835374
2025-05-21,SM,041510.KQ,120600.0,124000.0,117100.0,123800.0,122187.8203125,181852,0.026533996465555543
2025-05-22,SM,041510.KQ,122700.0,127900.0,121900.0,126800.0,125148.75,139142,0.024232609108889136
2025-05-23,SM,041510.KQ,126800.0,132800.0,126300.0,132400.0,130675.8203125,268948,0.04416400733127568
2025-05-26,SM,041510.KQ,133300.0,133300.0,129100.0,132700.0,130971.9140625,234216,0.0022658648653739455
2025-05-27,SM,041510.KQ,132500.0,137500.0,128400.0,129900.0,128208.3828125,325267,-0.02110018220151566
2025-05-28,SM,041510.KQ,132600.0,139500.0,126400.0,127900.0,126234.421875,2692052,-0.015396504457800164
2025-05-29,SM,041510.KQ,129300.0,139700.0,125100.0,137400.0,135610.703125,375434,0.07427673934518908
2025-05-30,SM,041510.KQ,136500.0,138200.0,127100.0,128300.0,126629.21875,346370,-0.06622990787623351
2025-06-02,SM,041510.KQ,129300.0,131700.0,128300.0,129900.0,128208.3828125,168142,0.01247077158090737
2025-06-04,SM,041510.KQ,131800.0,131800.0,127600.0,128100.0,126431.8203125,187778,-0.013856835731234196
2025-06-05,SM,041510.KQ,129100.0,136200.0,129100.0,134400.0,132649.78125,262324,0.04918034812858929
2025-06-09,SM,041510.KQ,137500.0,141500.0,136400.0,138200.0,136400.296875,179262,0.028273816885770353
2025-06-10,SM,041510.KQ,140000.0,144700.0,137400.0,140900.0,139065.125,196111,0.019536820564562962
2025-06-11,SM,041510.KQ,142000.0,142500.0,138700.0,139600.0,137782.0625,150176,-0.009226342693755885
2025-06-12,SM,041510.KQ,138300.0,139700.0,137500.0,137500.0,135709.40625,265860,-0.015043004963000928
2025-06-13,SM,041510.KQ,137500.0,139300.0,130200.0,132300.0,130577.125,332346,-0.03781816892298129
2025-06-16,SM,041510.KQ,132500.0,137200.0,131700.0,135500.0,133735.453125,131393,0.024187453392008784
2025-06-17,SM,041510.KQ,135300.0,135900.0,131500.0,135300.0,133538.0625,136315,-0.0014759782868908333
2025-06-18,SM,041510.KQ,133900.0,139100.0,133600.0,134900.0,133143.265625,123655,-0.0029564370458048383
2025-06-19,SM,041510.KQ,136000.0,138800.0,132500.0,135000.0,133241.96875,161661,0.0007413302095053975
2025-06-20,SM,041510.KQ,135600.0,138200.0,133200.0,138200.0,136400.296875,136711,0.02370370352997364
2025-06-23,SM,041510.KQ,137000.0,137800.0,131600.0,133300.0,131564.109375,197642,-0.03545584291823045
2025-06-24,SM,041510.KQ,134700.0,138600.0,134100.0,135800.0,134031.546875,175868,0.01875463993730242
2025-06-25,SM,041510.KQ,137200.0,137300.0,131500.0,134500.0,132748.46875,134234,-0.009572956180208925
2025-06-26,SM,041510.KQ,134000.0,135600.0,131500.0,133800.0,132057.59375,108969,-0.005204391481916759
2025-06-27,SM,041510.KQ,133900.0,139700.0,131300.0,137500.0,135709.40625,189327,0.02765318067897926
2025-06-30,SM,041510.KQ,137500.0,142800.0,137500.0,141000.0,139163.828125,169026,0.0254545500599741
2025-07-01,SM,041510.KQ,140300.0,146500.0,139500.0,143900.0,142026.0625,182508,0.02056737309948864
2025-07-02,SM,041510.KQ,144100.0,152500.0,141200.0,144500.0,142618.25,191240,0.00416956922959133
2025-07-03,SM,041510.KQ,144600.0,145600.0,135300.0,135700.0,133932.84375,235074,-0.060899683245306924
2025-07-04,SM,041510.KQ,135600.0,136600.0,130400.0,130500.0,128800.5625,133931,-0.038319810931364606
2025-07-07,SM,041510.KQ,129700.0,132800.0,127400.0,129300.0,127616.1953125,116576,-0.009195357260182724
2025-07-08,SM,041510.KQ,131800.0,136400.0,131200.0,133400.0,131662.796875,189231,0.03170915378405459
2025-07-09,SM,041510.KQ,133800.0,137100.0,130500.0,133900.0,132156.296875,118969,0.003748211428840742
2025-07-10,SM,041510.KQ,134300.0,134700.0,130700.0,133800.0,132057.59375,147277,-0.0007468666066918761
2025-07-11,SM,041510.KQ,133900.0,138800.0,133800.0,136200.0,134426.34375,163359,0.017937249443483738
2025-07-14,SM,041510.KQ,136100.0,138500.0,133300.0,134400.0,132649.78125,119379,-0.013215880536808888
2025-07-15,SM,041510.KQ,134400.0,136300.0,132200.0,133700.0,131958.890625,127673,-0.005208381186079025
2025-07-16,SM,041510.KQ,133000.0,133900.0,130600.0,130800.0,129096.65625,91676,-0.02169034887640786
2025-07-17,SM,041510.KQ,130300.0,132600.0,129000.0,131700.0,129984.9375,100345,0.006880745604129546
2025-07-18,SM,041510.KQ,131500.0,132100.0,129800.0,130700.0,128997.9609375,64506,-0.007593007170542343
2025-07-21,SM,041510.KQ,130500.0,141000.0,129900.0,139800.0,137979.453125,272368,0.06962507098737447
2025-07-22,SM,041510.KQ,138000.0,140500.0,137100.0,138200.0,136400.296875,102939,-0.011444865262434378
2025-07-23,SM,041510.KQ,139000.0,139400.0,132500.0,133100.0,131366.703125,122167,-0.036903099665632655
2025-07-24,SM,041510.KQ,133500.0,133600.0,128600.0,131100.0,129392.75,125464,-0.015026281988075096
2025-07-25,SM,041510.KQ,131300.0,131500.0,123100.0,124700.0,123076.09375,243837,-0.04881769844137329
2025-07-28,SM,041510.KQ,123800.0,124300.0,119300.0,121500.0,119917.765625,213757,-0.02566158893062853
2025-07-29,SM,041510.KQ,120700.0,124400.0,120200.0,123200.0,121595.6328125,132607,0.013991814963822291
2025-07-30,SM,041510.KQ,123000.0,126000.0,121900.0,123500.0,121891.7265625,144654,0.0024350689506800194
2025-07-31,SM,041510.KQ,122300.0,136300.0,122200.0,133100.0,131366.703125,378632,0.07773272911711282
2025-08-01,SM,041510.KQ,133300.0,133600.0,128500.0,129500.0,127813.5859375,186089,-0.02704731947272121
2025-08-04,SM,041510.KQ,128100.0,136000.0,128000.0,135600.0,133834.15625,166388,0.04710430638761687
2025-08-05,SM,041510.KQ,137000.0,138700.0,134400.0,135500.0,133735.453125,188167,-0.0007375032485401611
2025-08-06,SM,041510.KQ,139300.0,143100.0,131600.0,137400.0,135610.703125,658916,0.014022085813305107
2025-08-07,SM,041510.KQ,138000.0,138200.0,128900.0,134400.0,132649.78125,404879,-0.021833983651502464
2025-08-08,SM,041510.KQ,134900.0,141900.0,132800.0,140200.0,138374.25,247603,0.043154754542801044
2025-08-11,SM,041510.KQ,140100.0,147500.0,138000.0,147300.0,145381.78125,306446,0.05064187339768789
2025-08-12,SM,041510.KQ,146600.0,149000.0,144200.0,145700.0,143802.625,155510,-0.010862133043235134
2025-08-13,SM,041510.KQ,146100.0,146900.0,135700.0,143500.0,141631.28125,409087,-0.015099472280147852
2025-08-14,SM,041510.KQ,145300.0,150500.0,144600.0,148600.0,146664.859375,286846,0.03554001687039032
2025-08-18,SM,041510.KQ,148500.0,150300.0,146000.0,147400.0,145480.484375,177907,-0.00807538359936466
2025-08-19,SM,041510.KQ,147500.0,155100.0,146700.0,148200.0,146270.0625,304769,0.00542738174396451
2025-08-20,SM,041510.KQ,150200.0,151400.0,146800.0,150900.0,148934.90625,237298,0.01821865462045591
2025-08-21,SM,041510.KQ,150400.0,154000.0,149400.0,149500.0,147553.140625,148835,-0.009277647932181776
2025-08-22,SM,041510.KQ,149000.0,149500.0,143000.0,144400.0,142519.546875,292770,-0.03411376896946339
2025-08-25,SM,041510.KQ,145900.0,146400.0,143000.0,144100.0,142223.453125,128469,-0.002077565895292177
2025-08-26,SM,041510.KQ,145000.0,151000.0,144200.0,145300.0,143407.828125,289291,0.008327564645467023
2025-08-27,SM,041510.KQ,145000.0,145700.0,141900.0,144000.0,142124.765625,127048,-0.008946948829610779
2025-08-28,SM,041510.KQ,140500.0,142500.0,137500.0,139300.0,137485.96875,339191,-0.032638906066797646
2025-08-29,SM,041510.KQ,139700.0,140800.0,138300.0,138800.0,136992.484375,133625,-0.0035893435489212644
2025-09-01,SM,041510.KQ,140500.0,143800.0,138900.0,140400.0,138571.640625,172881,0.011527320328590163
2025-09-02,SM,041510.KQ,140400.0,141100.0,136500.0,137100.0,135314.625,111818,-0.023504200500981787
2025-09-03,SM,041510.KQ,137100.0,137500.0,132300.0,135700.0,133932.84375,113078,-0.010211617923783223
2025-09-04,SM,041510.KQ,135800.0,137700.0,135200.0,136200.0,134426.34375,95603,0.003684682458629629
2025-09-05,SM,041510.KQ,136300.0,142900.0,136300.0,140100.0,138275.546875,177674,0.02863429159509523
2025-09-08,SM,041510.KQ,140100.0,144300.0,138400.0,142800.0,140940.390625,100421,0.01927198127380403
2025-09-09,SM,041510.KQ,142700.0,144000.0,138500.0,138800.0,136992.484375,181408,-0.028011177154348865
2025-09-10,SM,041510.KQ,140700.0,144300.0,140200.0,142700.0,140841.6875,187972,0.028097914586783235
2025-09-11,SM,041510.KQ,142700.0,145000.0,141000.0,142800.0,140940.390625,213526,0.0007008090200566475
2025-09-12,SM,041510.KQ,143100.0,143500.0,141700.0,143200.0,141335.1875,91504,0.0028011620604233567
2025-09-15,SM,041510.KQ,141800.0,142900.0,139400.0,141600.0,139756.015625,103825,-0.0111732393251327
2025-09-16,SM,041510.KQ,141200.0,144200.0,140400.0,142500.0,140644.296875,93636,0.006355942862477315
2025-09-17,SM,041510.KQ,143500.0,146400.0,142700.0,143500.0,141631.28125,99661,0.007017592585906174
2025-09-18,SM,041510.KQ,144600.0,147900.0,143500.0,146000.0,144098.71875,119243,0.017421557428719536
2025-09-22,SM,041510.KQ,151800.0,151800.0,145500.0,145700.0,143802.625,176593,-0.0020547979369177627
2025-09-23,SM,041510.KQ,145700.0,145800.0,139900.0,140100.0,138275.546875,166458,-0.03843516851656914
2025-09-24,SM,041510.KQ,141000.0,141500.0,135500.0,137000.0,135215.921875,139653,-0.02212701427799002
2025-09-25,SM,041510.KQ,135100.0,136500.0,130500.0,131900.0,130182.3359375,255019,-0.03722628125224248
2025-09-26,SM,041510.KQ,131800.0,135000.0,130400.0,131700.0,129984.9375,138716,-0.001516322749000043
2025-09-29,SM,041510.KQ,132700.0,133100.0,130700.0,132300.0,130577.125,77765,0.00455581632294888
2025-09-30,SM,041510.KQ,130800.0,131500.0,128500.0,130000.0,128307.078125,136238,-0.017384720907279938
2025-10-01,SM,041510.KQ,130300.0,131500.0,128200.0,128800.0,127122.703125,113975,-0.009230784593552643
2025-10-02,SM,041510.KQ,128800.0,128900.0,126200.0,127100.0,125444.84375,198125,-0.013198738964433132
2025-10-10,SM,041510.KQ,127200.0,127500.0,123900.0,126300.0,124655.2578125,178626,-0.006294287703634716
2025-10-13,SM,041510.KQ,125800.0,131400.0,123500.0,129700.0,128010.984375,164657,0.02692005633286243
2025-10-14,SM,041510.KQ,128900.0,129000.0,119400.0,121300.0,119720.375,216238,-0.06476482792065086
2025-10-15,SM,041510.KQ,122100.0,122500.0,119100.0,121100.0,119522.9765625,151703,-0.0016488290944628448
2025-10-16,SM,041510.KQ,121300.0,121700.0,118300.0,119200.0,117647.71875,165360,-0.015689517333258518
2025-10-17,SM,041510.KQ,119200.0,119800.0,115600.0,116400.0,114884.1796875,176407,-0.023489950267310267
2025-10-20,SM,041510.KQ,116500.0,119600.0,115100.0,118500.0,116956.8359375,123190,0.018041267784980386
2025-10-21,SM,041510.KQ,118500.0,120700.0,118100.0,119500.0,117943.8125,123887,0.008438810391787843
2025-10-22,SM,041510.KQ,120000.0,120000.0,117000.0,119000.0,117450.328125,74858,-0.004184063280131767
2025-10-23,SM,041510.KQ,118500.0,121100.0,117700.0,118800.0,117252.9296875,120311,-0.0016806971989887787
2025-10-24,SM,041510.KQ,119800.0,120200.0,117600.0,118100.0,116562.046875,81268,-0.0058922434973806
2025-10-27,SM,041510.KQ,118600.0,124300.0,118500.0,120900.0,119325.578125,192236,0.023708671253547697
2025-10-28,SM,041510.KQ,120900.0,122500.0,120000.0,120600.0,119029.4921875,92020,-0.0024813283300403333
2025-10-29,SM,041510.KQ,121100.0,121100.0,117600.0,118500.0,116956.8359375,127200,-0.01741296389583069
2025-10-30,SM,041510.KQ,120600.0,122000.0,118600.0,119400.0,117845.1171875,147566,0.007594949392053296
2025-10-31,SM,041510.KQ,119900.0,121900.0,118800.0,119500.0,117943.8125,151210,0.0008375002278877552
2025-11-03,SM,041510.KQ,126800.0,129200.0,119900.0,121000.0,119424.28125,424068,0.012552322318731157
2025-11-04,SM,041510.KQ,119900.0,119900.0,116900.0,117900.0,116364.6484375,156553,-0.025619855363374855
2025-11-05,SM,041510.KQ,117000.0,117300.0,112000.0,113500.0,112021.9453125,224442,-0.03731978039131434
2025-11-06,SM,041510.KQ,113600.0,114600.0,102400.0,106000.0,104619.6171875,524011,-0.06607926781087603
2025-11-07,SM,041510.KQ,103300.0,104800.0,101300.0,102600.0,101263.890625,157108,-0.03207550030015727
2025-11-10,SM,041510.KQ,102800.0,103500.0,100400.0,102700.0,101362.59375,161173,0.0009747119569551987
2025-11-11,SM,041510.KQ,102700.0,103200.0,98300.0,99400.0,98105.5625,249460,-0.032132477371614176
2025-11-12,SM,041510.KQ,100000.0,100600.0,98900.0,99000.0,97710.7734375,150782,-0.004024125161098846
2025-11-13,SM,041510.KQ,99500.0,101600.0,98700.0,100800.0,99487.3359375,180283,0.0181818487102281
2025-11-14,SM,041510.KQ,100600.0,103700.0,100600.0,101500.0,100178.21875,143872,0.006944429720522782
2025-11-17,SM,041510.KQ,101800.0,103100.0,100200.0,102600.0,101263.890625,85571,0.010837404463233113
2025-11-18,SM,041510.KQ,103500.0,108000.0,103200.0,104600.0,103237.8515625,295077,0.01949323619028198
2025-11-19,SM,041510.KQ,105300.0,105600.0,101100.0,101300.0,99980.8203125,126843,-0.03154880889814138
2025-11-20,SM,041510.KQ,102600.0,106200.0,101800.0,105700.0,104323.5234375,136791,0.0434353620166994
2025-11-21,SM,041510.KQ,103500.0,104000.0,101500.0,102000.0,100671.703125,69629,-0.035004763951323015
2025-11-24,SM,041510.KQ,102900.0,103000.0,99600.0,100200.0,98895.1484375,131905,-0.017647011348304376
2025-11-25,SM,041510.KQ,100300.0,100300.0,96000.0,96500.0,95243.328125,145230,-0.036926182630767634
2025-11-26,SM,041510.KQ,97100.0,99500.0,96500.0,99100.0,97809.46875,72972,0.026942996171155587
2025-11-27,SM,041510.KQ,99100.0,102900.0,99100.0,102300.0,100967.796875,88220,0.0322906173130606
2025-11-28,SM,041510.KQ,103300.0,108500.0,103200.0,108100.0,106692.2734375,200917,0.05669606290000573
2025-12-01,SM,041510.KQ,109400.0,110200.0,106300.0,107400.0,106001.3828125,140544,-0.006475545067513466
2025-12-02,SM,041510.KQ,108900.0,110300.0,106100.0,106900.0,105507.8984375,124892,-0.00465545223945707
2025-12-03,SM,041510.KQ,107200.0,107400.0,105200.0,105300.0,103928.734375,80393,-0.014967259189940685
2025-12-04,SM,041510.KQ,105600.0,105600.0,102300.0,103800.0,102448.265625,73885,-0.014245037803097937
2025-12-05,SM,041510.KQ,103700.0,104400.0,101900.0,104400.0,103040.453125,57053,0.005780356518358509
2025-12-08,SM,041510.KQ,103000.0,103600.0,101400.0,102000.0,100671.703125,76167,-0.022988544092740315
2025-12-09,SM,041510.KQ,102000.0,103500.0,100900.0,101600.0,100276.9140625,66409,-0.003921549454763973
2025-12-10,SM,041510.KQ,100700.0,105200.0,100700.0,103800.0,102448.265625,83612,0.02165355388924972
2025-12-11,SM,041510.KQ,103600.0,103900.0,101500.0,102200.0,100869.1015625,102229,-0.015414258629622313
2025-12-12,SM,041510.KQ,102700.0,104200.0,101200.0,103800.0,102448.265625,119739,0.01565557775412052
2025-12-15,SM,041510.KQ,102500.0,113800.0,100700.0,109000.0,107580.546875,318284,0.05009632148177223
2025-12-16,SM,041510.KQ,109400.0,113500.0,105700.0,111700.0,110245.390625,229202,0.024770684174866053
2025-12-17,SM,041510.KQ,112600.0,118900.0,111600.0,118200.0,116660.7421875,271784,0.05819156271414405
2025-12-18,SM,041510.KQ,117900.0,120700.0,115500.0,118400.0,116858.140625,220566,0.0016920725327012054
2025-12-19,SM,041510.KQ,118600.0,122200.0,117100.0,117100.0,115575.0703125,197373,-0.010979725551319541
2025-12-22,SM,041510.KQ,118000.0,119700.0,116100.0,118700.0,117154.234375,85451,0.013663535382069325
2025-12-23,SM,041510.KQ,121900.0,129500.0,119400.0,127700.0,126037.03125,417541,0.07582138983186026
2025-12-24,SM,041510.KQ,126500.0,129600.0,125300.0,128900.0,127221.3984375,139879,0.009396977822738073
2025-12-26,SM,041510.KQ,127300.0,127900.0,123600.0,124400.0,122780.0,135676,-0.03491078145695692
2025-12-29,SM,041510.KQ,122500.0,128500.0,121300.0,128000.0,128000.0,134059,0.04251506760058632
2025-12-30,SM,041510.KQ,127600.0,137500.0,127400.0,135000.0,135000.0,450619,0.0546875
2026-01-02,SM,041510.KQ,140000.0,140400.0,129400.0,132400.0,132400.0,465998,-0.01925925925925931
2026-01-05,SM,041510.KQ,134700.0,134700.0,118300.0,119000.0,119000.0,760409,-0.1012084592145015
2026-01-06,SM,041510.KQ,120000.0,120100.0,116000.0,117100.0,117100.0,252689,-0.015966386554621903
2026-01-07,SM,041510.KQ,116700.0,120900.0,110700.0,115500.0,115500.0,664079,-0.013663535439795038
2026-01-08,SM,041510.KQ,114300.0,118400.0,111700.0,117900.0,117900.0,327921,0.020779220779220786
2026-01-09,SM,041510.KQ,117000.0,117400.0,114000.0,114400.0,114400.0,149239,-0.02968617472434265
2026-01-12,SM,041510.KQ,114400.0,117450.0,113000.0,115900.0,115900.0,175328,0.013111888111888126
2026-01-13,SM,041510.KQ,115600.0,116000.0,113300.0,113900.0,113900.0,146682,-0.0172562553925798
2026-01-14,SM,041510.KQ,114600.0,115300.0,112100.0,112700.0,112700.0,118330,-0.010535557506584747
2026-01-15,SM,041510.KQ,112600.0,114400.0,112500.0,112900.0,112900.0,138836,0.0017746228926354135
2020-12-28,YG,122870.KQ,43050.0,43800.0,42100.0,43450.0,42329.0703125,340799,
2020-12-29,YG,122870.KQ,43150.0,44500.0,42950.0,44450.0,43303.27734375,282467,0.02301508216593917
2020-12-30,YG,122870.KQ,44400.0,45600.0,44050.0,44700.0,43546.828125,296311,0.005624303659897301
2021-01-04,YG,122870.KQ,44800.0,44900.0,43650.0,44050.0,42913.59375,265525,-0.0145414580640022
2021-01-05,YG,122870.KQ,43700.0,44050.0,42950.0,43300.0,42182.9453125,349793,-0.017026037058478716
2021-01-06,YG,122870.KQ,43300.0,43950.0,42900.0,43000.0,41890.6796875,261742,-0.006928525801952357
2021-01-07,YG,122870.KQ,42950.0,43450.0,42800.0,43000.0,41890.6796875,248214,0.0
2021-01-08,YG,122870.KQ,43150.0,45750.0,42700.0,45100.0,43936.5078125,666170,0.04883731035785677
2021-01-11,YG,122870.KQ,45650.0,45650.0,43300.0,44000.0,42864.88671875,466646,-0.024390220049421485
2021-01-12,YG,122870.KQ,43500.0,45450.0,43100.0,45250.0,44082.6328125,446824,0.028408942306088703
2021-01-13,YG,122870.KQ,45450.0,47700.0,44850.0,47000.0,45787.4921875,963272,0.038674173165913484
2021-01-14,YG,122870.KQ,47300.0,47800.0,46250.0,47000.0,45787.4921875,414896,0.0
2021-01-15,YG,122870.KQ,46700.0,47400.0,45400.0,45500.0,44326.19140625,380569,-0.031914846422817056
2021-01-18,YG,122870.KQ,44750.0,46500.0,44250.0,45300.0,44131.34765625,318273,-0.00439567993140344
2021-01-19,YG,122870.KQ,45300.0,47650.0,45300.0,47050.0,45836.1953125,447331,0.03863121673803116
2021-01-20,YG,122870.KQ,48500.0,51800.0,47400.0,51000.0,49684.30078125,1906227,0.08395342245390469
2021-01-21,YG,122870.KQ,51000.0,51700.0,49200.0,51200.0,49879.140625,825449,0.003921557527957198
2021-01-22,YG,122870.KQ,50800.0,54100.0,50000.0,52900.0,51535.28515625,1019183,0.03320314886138842
2021-01-25,YG,122870.KQ,52900.0,53600.0,50400.0,51800.0,50463.65625,720032,-0.020794081239696727
2021-01-26,YG,122870.KQ,51700.0,52300.0,50100.0,52000.0,50658.50390625,583583,0.003861148214959087
2021-01-27,YG,122870.KQ,53200.0,53300.0,50400.0,50400.0,49099.77734375,464687,-0.03076929720199839
2021-01-28,YG,122870.KQ,50400.0,51000.0,46750.0,47050.0,45836.1953125,1190615,-0.06646836722703442
2021-01-29,YG,122870.KQ,47500.0,47750.0,44100.0,45350.0,44180.05859375,639854,-0.03613163587114643
2021-02-01,YG,122870.KQ,44900.0,46500.0,44300.0,45750.0,44569.73828125,350055,0.008820261898772719
2021-02-02,YG,122870.KQ,46250.0,48750.0,46100.0,47500.0,46274.59375,587384,0.03825141305501489
2021-02-03,YG,122870.KQ,47700.0,49450.0,47650.0,49100.0,47833.3125,588877,0.03368411527113624
2021-02-04,YG,122870.KQ,48500.0,49600.0,47450.0,49050.0,47784.60546875,431031,-0.0010182659051680698
2021-02-05,YG,122870.KQ,49050.0,49350.0,47800.0,49150.0,47882.0234375,293275,0.0020386894020441026
2021-02-08,YG,122870.KQ,49550.0,49550.0,48600.0,48900.0,47638.46875,210135,-0.005086557960899629
2021-02-09,YG,122870.KQ,49000.0,49050.0,46550.0,46650.0,45446.5234375,533879,-0.04601208582087346
2021-02-10,YG,122870.KQ,46700.0,47650.0,46550.0,47150.0,45933.62109375,241391,0.010718040004091378
2021-02-15,YG,122870.KQ,47300.0,47850.0,46850.0,47150.0,45933.62109375,187764,0.0
2021-02-16,YG,122870.KQ,47100.0,48900.0,46600.0,48550.0,47297.5078125,412774,0.029692558223666232
2021-02-17,YG,122870.KQ,49000.0,49250.0,48100.0,48600.0,47346.2109375,252729,0.001029718631118337
2021-02-18,YG,122870.KQ,48450.0,48450.0,46800.0,46900.0,45690.0703125,312823,-0.034979369884238665
2021-02-19,YG,122870.KQ,46900.0,47350.0,45350.0,46000.0,44813.29296875,284527,-0.019189669391034614
2021-02-22,YG,122870.KQ,45800.0,46800.0,44150.0,44800.0,43644.24609375,409783,-0.026087055816568117
2021-02-23,YG,122870.KQ,44400.0,46550.0,43900.0,46150.0,44959.41796875,328700,0.030133912089464143
2021-02-24,YG,122870.KQ,46150.0,47050.0,44300.0,44700.0,43546.828125,370891,-0.03141921998927677
2021-02-25,YG,122870.KQ,45600.0,46350.0,44200.0,46050.0,44861.99609375,361085,0.030201234518731024
2021-02-26,YG,122870.KQ,44700.0,46200.0,44550.0,45700.0,44521.02734375,287166,-0.0076003918614647725
2021-03-02,YG,122870.KQ,46600.0,46950.0,45100.0,45900.0,44715.87109375,318182,0.004376443258948148
2021-03-03,YG,122870.KQ,45750.0,47400.0,45600.0,47100.0,45884.90625,244681,0.02614362926753766
2021-03-04,YG,122870.KQ,46600.0,49750.0,46300.0,49150.0,47882.0234375,947827,0.0435244909648258
2021-03-05,YG,122870.KQ,48900.0,50500.0,48400.0,50300.0,49002.35546875,634551,0.023397758716533046
2021-03-08,YG,122870.KQ,51400.0,51400.0,48500.0,49850.0,48563.96484375,521353,-0.008946317392427683
2021-03-09,YG,122870.KQ,49600.0,50400.0,47600.0,48500.0,47248.79296875,372047,-0.027081229451331734
2021-03-10,YG,122870.KQ,49000.0,49050.0,47100.0,47100.0,45884.90625,243453,-0.028866064782904877
2021-03-11,YG,122870.KQ,47450.0,48400.0,46900.0,48400.0,47151.375,270090,0.027600988070014765
2021-03-12,YG,122870.KQ,48600.0,48800.0,47650.0,48350.0,47102.66796875,292067,-0.0010329928077389416
2021-03-15,YG,122870.KQ,48500.0,49400.0,47750.0,49250.0,47979.4453125,271725,0.01861417583249625
2021-03-16,YG,122870.KQ,49550.0,49800.0,48900.0,49300.0,48028.16015625,203484,0.0010153273643058736
2021-03-17,YG,122870.KQ,49550.0,50600.0,49350.0,49750.0,48466.54296875,368438,0.00912762036009318
2021-03-18,YG,122870.KQ,49850.0,50100.0,48000.0,48150.0,46907.82421875,345708,-0.032160716538108036
2021-03-19,YG,122870.KQ,47500.0,48150.0,47300.0,48000.0,46761.6875,186223,-0.003115401773241655
2021-03-22,YG,122870.KQ,48150.0,48600.0,47700.0,47950.0,46712.98046875,166417,-0.0010416012307084
2021-03-23,YG,122870.KQ,48350.0,48750.0,47500.0,47550.0,46323.30078125,209463,-0.008342000094827773
2021-03-24,YG,122870.KQ,47100.0,47600.0,46350.0,46550.0,45349.1015625,340911,-0.02103043613732125
2021-03-25,YG,122870.KQ,46000.0,46350.0,45000.0,46250.0,45056.83984375,334258,-0.006444708024638701
2021-03-26,YG,122870.KQ,46050.0,46750.0,44800.0,45250.0,44082.6328125,448765,-0.021621734560799077
2021-03-29,YG,122870.KQ,44650.0,45250.0,44050.0,45100.0,43936.5078125,335232,-0.0033147974764012877
2021-03-30,YG,122870.KQ,45050.0,45550.0,44900.0,45050.0,43887.796875,168605,-0.001108666571951411
2021-03-31,YG,122870.KQ,45200.0,45500.0,44450.0,44500.0,43351.984375,245319,-0.012208689844379395
2021-04-01,YG,122870.KQ,44600.0,45300.0,44600.0,45250.0,44082.6328125,135729,0.016853863739657138
2021-04-02,YG,122870.KQ,45050.0,45650.0,44900.0,45300.0,44131.34765625,153195,0.0011050801787906295
2021-04-05,YG,122870.KQ,45850.0,46500.0,45200.0,46000.0,44813.29296875,272946,0.01545262831789862
2021-04-06,YG,122870.KQ,46050.0,46250.0,45500.0,46150.0,44959.41796875,152077,0.003260751226246583
2021-04-07,YG,122870.KQ,46600.0,47650.0,46000.0,46200.0,45008.125,388178,0.0010833554670093282
2021-04-08,YG,122870.KQ,46200.0,46350.0,45500.0,46200.0,45008.125,167092,0.0
2021-04-09,YG,122870.KQ,46000.0,46350.0,45300.0,45350.0,44180.05859375,255926,-0.018398153805562867
2021-04-12,YG,122870.KQ,45300.0,45600.0,44600.0,45100.0,43936.5078125,192923,-0.005512685790879712
2021-04-13,YG,122870.KQ,44950.0,45600.0,44900.0,45250.0,44082.6328125,146391,0.0033258219024505653
2021-04-14,YG,122870.KQ,45200.0,45400.0,44900.0,44900.0,43741.6640625,185538,-0.007734763743587392
2021-04-15,YG,122870.KQ,44900.0,45250.0,44550.0,44600.0,43449.40625,251105,-0.006681451626586732
2021-04-16,YG,122870.KQ,44900.0,45200.0,44700.0,45100.0,43936.5078125,158281,0.011210776039085601
2021-04-19,YG,122870.KQ,44950.0,45200.0,44650.0,44950.0,43790.37890625,130606,-0.0033259108091523437
2021-04-20,YG,122870.KQ,44850.0,45300.0,44700.0,45200.0,44033.92578125,122269,0.005561652606875134
2021-04-21,YG,122870.KQ,44900.0,45050.0,44500.0,44500.0,43351.984375,168340,-0.015486727430066627
2021-04-22,YG,122870.KQ,44700.0,44800.0,44350.0,44550.0,43400.6953125,108269,0.0011236149440967402
2021-04-23,YG,122870.KQ,44350.0,44450.0,43750.0,43850.0,42718.75390625,198488,-0.015712683894573254
2021-04-26,YG,122870.KQ,44050.0,44500.0,43350.0,44500.0,43351.984375,232393,0.014823242975197326
2021-04-27,YG,122870.KQ,44100.0,44200.0,43600.0,43850.0,42718.75390625,196557,-0.014606723956912315
2021-04-28,YG,122870.KQ,43800.0,43800.0,42900.0,42950.0,41841.9765625,168465,-0.020524412900108535
2021-04-29,YG,122870.KQ,42800.0,43250.0,42150.0,42400.0,41306.16015625,143744,-0.012805714506570753
2021-04-30,YG,122870.KQ,42050.0,42350.0,41550.0,41550.0,40478.0859375,195925,-0.020047233042665313
2021-05-03,YG,122870.KQ,41250.0,42400.0,40900.0,41000.0,39942.27734375,142708,-0.013237004204628477
2021-05-04,YG,122870.KQ,40600.0,41000.0,39750.0,40950.0,39893.5703125,188673,-0.0012194355076656782
2021-05-06,YG,122870.KQ,40200.0,40800.0,39750.0,40600.0,39552.59765625,168168,-0.008547057923847023
2021-05-07,YG,122870.KQ,40600.0,42200.0,40550.0,41900.0,40819.0625,216227,0.03201976403059015
2021-05-10,YG,122870.KQ,42350.0,42350.0,41850.0,41900.0,40819.0625,157243,0.0
2021-05-11,YG,122870.KQ,41750.0,41800.0,41150.0,41500.0,40429.37890625,135232,-0.009546608125799105
2021-05-12,YG,122870.KQ,41500.0,45000.0,41350.0,44500.0,43351.984375,866475,0.07228915080607856
2021-05-13,YG,122870.KQ,43100.0,45050.0,43000.0,44900.0,43741.6640625,489329,0.00898873934187705
2021-05-14,YG,122870.KQ,45400.0,45400.0,44050.0,45100.0,43936.5078125,227271,0.004454420154697436
2021-05-17,YG,122870.KQ,45100.0,46400.0,44750.0,46100.0,44910.70703125,561788,0.022172886905518663
2021-05-18,YG,122870.KQ,46050.0,47800.0,46050.0,47250.0,46031.0390625,742313,0.024945766951975257
2021-05-20,YG,122870.KQ,46800.0,48800.0,46600.0,48350.0,47102.66796875,727699,0.023280571720203147
2021-05-21,YG,122870.KQ,48300.0,49650.0,47800.0,47950.0,46712.98046875,721541,-0.008273151326768535
2021-05-24,YG,122870.KQ,48000.0,49450.0,47600.0,49050.0,47784.60546875,506747,0.022940625694326977
2021-05-25,YG,122870.KQ,49100.0,50800.0,48600.0,50000.0,48710.09375,538883,0.019367917181093874
2021-05-26,YG,122870.KQ,50100.0,50600.0,49100.0,50000.0,48710.09375,319239,0.0
2021-05-27,YG,122870.KQ,50400.0,50500.0,48600.0,50500.0,49197.19921875,350836,0.010000093024867152
2021-05-28,YG,122870.KQ,50100.0,50300.0,48750.0,49400.0,48125.57421875,369453,-0.0217822359202835
2021-05-31,YG,122870.KQ,49200.0,52500.0,48700.0,50900.0,49586.87890625,674788,0.030364410424648325
2021-06-01,YG,122870.KQ,51100.0,51200.0,49900.0,50900.0,49586.87890625,227605,0.0
2021-06-02,YG,122870.KQ,51100.0,51100.0,50100.0,51000.0,49684.30078125,166412,0.00196467043598747
2021-06-03,YG,122870.KQ,50600.0,51400.0,50300.0,50400.0,49099.77734375,221624,-0.011764751205285973
2021-06-04,YG,122870.KQ,50400.0,50800.0,49600.0,49900.0,48612.671875,215430,-0.009920726632623
2021-06-07,YG,122870.KQ,50500.0,51400.0,49400.0,50000.0,48710.09375,218007,0.002004042798768646
2021-06-08,YG,122870.KQ,49350.0,49750.0,47750.0,47950.0,46712.98046875,351401,-0.04099998845208541
2021-06-09,YG,122870.KQ,47950.0,49500.0,47700.0,48350.0,47102.66796875,177552,0.008342167339561835
2021-06-10,YG,122870.KQ,48650.0,48650.0,47800.0,47900.0,46664.2734375,190766,-0.009307212312067992
2021-06-11,YG,122870.KQ,47950.0,49750.0,47850.0,49750.0,48466.54296875,194177,0.0386220420567327
2021-06-14,YG,122870.KQ,50400.0,51500.0,49750.0,50700.0,49392.03515625,405422,0.019095485892128394
2021-06-15,YG,122870.KQ,50700.0,53700.0,50200.0,52400.0,51048.18359375,865036,0.03353067822090816
2021-06-16,YG,122870.KQ,52200.0,53900.0,51600.0,52700.0,51340.44140625,338268,0.005725136369705952
2021-06-17,YG,122870.KQ,52700.0,54000.0,51900.0,53700.0,52314.64453125,348393,0.018975355456944065
2021-06-18,YG,122870.KQ,54000.0,55400.0,53200.0,54800.0,53386.265625,424689,0.020484151299352993
2021-06-21,YG,122870.KQ,54000.0,54600.0,51800.0,52800.0,51437.86328125,342244,-0.036496322058488295
2021-06-22,YG,122870.KQ,53100.0,53900.0,51700.0,52200.0,50853.33984375,284523,-0.011363680374979146
2021-06-23,YG,122870.KQ,52400.0,55900.0,52100.0,55300.0,53873.36328125,665611,0.059386924178022715
2021-06-24,YG,122870.KQ,55500.0,55600.0,54100.0,54200.0,52801.74609375,224999,-0.019891410564169543
2021-06-25,YG,122870.KQ,54400.0,54400.0,51000.0,51100.0,49781.72265625,560420,-0.05719552213553547
2021-06-28,YG,122870.KQ,50900.0,51700.0,50000.0,50400.0,49099.77734375,259753,-0.013698708604540033
2021-06-29,YG,122870.KQ,50600.0,51600.0,49750.0,50400.0,49099.77734375,295389,0.0
2021-06-30,YG,122870.KQ,50600.0,51800.0,50100.0,51200.0,49879.140625,193495,0.015873051231854562
2021-07-01,YG,122870.KQ,51100.0,52500.0,50600.0,51900.0,50561.08203125,195619,0.013671875611830364
2021-07-02,YG,122870.KQ,52600.0,52600.0,50400.0,51400.0,50073.984375,177267,-0.009633845572152522
2021-07-05,YG,122870.KQ,51600.0,52900.0,51400.0,52600.0,51243.015625,175991,0.02334608009710637
2021-07-06,YG,122870.KQ,53200.0,53500.0,52300.0,52700.0,51340.44140625,160084,0.0019012499569301955
2021-07-07,YG,122870.KQ,52700.0,52700.0,50800.0,51200.0,49879.140625,180483,-0.028462957100172215
2021-07-08,YG,122870.KQ,51200.0,51600.0,49750.0,50500.0,49197.19921875,286953,-0.013671875611830475
2021-07-09,YG,122870.KQ,49650.0,50300.0,48100.0,49400.0,48125.57421875,415133,-0.0217822359202835
2021-07-12,YG,122870.KQ,49450.0,50300.0,48600.0,50000.0,48710.09375,164912,0.012145715469141782
2021-07-13,YG,122870.KQ,50500.0,54400.0,50300.0,53600.0,52217.22265625,605243,0.07200004426700568
2021-07-14,YG,122870.KQ,53300.0,56200.0,52700.0,55400.0,53970.7890625,569273,0.03358214621627553
2021-07-15,YG,122870.KQ,55800.0,57300.0,54900.0,55700.0,54263.046875,404488,0.0054151109808966424
2021-07-16,YG,122870.KQ,56000.0,57600.0,55600.0,56900.0,55432.09375,265741,0.02154406990254354
2021-07-19,YG,122870.KQ,56500.0,57200.0,55800.0,56600.0,55139.83203125,210854,-0.005272427919971956
2021-07-20,YG,122870.KQ,55700.0,56900.0,53600.0,54300.0,52899.1640625,396663,-0.04063610435882581
2021-07-21,YG,122870.KQ,55600.0,58600.0,55400.0,56200.0,54750.14453125,582735,0.034990731924668506
2021-07-22,YG,122870.KQ,56700.0,56800.0,55600.0,55800.0,54360.46484375,258602,-0.007117418425764743
2021-07-23,YG,122870.KQ,56000.0,56600.0,55000.0,56200.0,54750.14453125,182528,0.007168439207061006
2021-07-26,YG,122870.KQ,56800.0,58000.0,56000.0,56500.0,55042.41015625,249669,0.005338170839588985
2021-07-27,YG,122870.KQ,56300.0,56500.0,53700.0,54400.0,52996.58203125,313286,-0.037168214821852175
2021-07-28,YG,122870.KQ,54100.0,54900.0,52900.0,53800.0,52412.0625,178080,-0.011029381685508155
2021-07-29,YG,122870.KQ,53700.0,55100.0,53300.0,54100.0,52704.32421875,120169,0.005576230066313359
2021-07-30,YG,122870.KQ,54200.0,54300.0,52500.0,52700.0,51340.44140625,164704,-0.025878005888837263
2021-08-02,YG,122870.KQ,52700.0,54400.0,52400.0,53700.0,52314.64453125,171802,0.018975355456944065
2021-08-03,YG,122870.KQ,54500.0,54700.0,52700.0,52800.0,51437.86328125,169614,-0.01675976694205117
2021-08-04,YG,122870.KQ,53000.0,56200.0,52700.0,55000.0,53581.10546875,383110,0.04166662553188227
2021-08-05,YG,122870.KQ,55000.0,55200.0,53800.0,54400.0,52996.58203125,132981,-0.010909133590775055
2021-08-06,YG,122870.KQ,54700.0,57700.0,53500.0,57200.0,55724.3515625,477531,0.05147066898845565
2021-08-09,YG,122870.KQ,57300.0,58800.0,56700.0,57700.0,56211.44921875,396759,0.008741199181181658
2021-08-10,YG,122870.KQ,58000.0,58100.0,55300.0,55500.0,54068.203125,270362,-0.038128283891230685
2021-08-11,YG,122870.KQ,55800.0,56900.0,54500.0,55200.0,53775.94921875,224755,-0.005405282390730459
2021-08-12,YG,122870.KQ,55700.0,62400.0,54500.0,61600.0,60010.8359375,2444711,0.11594191844736579
2021-08-13,YG,122870.KQ,61900.0,62100.0,59900.0,61300.0,59718.578125,700038,-0.004870084009567566
2021-08-17,YG,122870.KQ,60800.0,62200.0,58000.0,59300.0,57770.17578125,571695,-0.032626402116803566
2021-08-18,YG,122870.KQ,59700.0,60100.0,57000.0,59600.0,58062.43359375,485399,0.005058973917729581
2021-08-19,YG,122870.KQ,58600.0,60200.0,58000.0,58700.0,57185.65234375,333940,-0.015100663126431213
2021-08-20,YG,122870.KQ,59400.0,59500.0,54100.0,55400.0,53970.7890625,612081,-0.05621800485767059
2021-08-23,YG,122870.KQ,56900.0,58600.0,55800.0,58200.0,56698.55078125,376786,0.05054144595868637
2021-08-24,YG,122870.KQ,59200.0,60300.0,57400.0,60000.0,58452.11328125,440385,0.03092781871560457
2021-08-25,YG,122870.KQ,60800.0,61000.0,59100.0,60200.0,58646.95703125,251663,0.003333391028353061
2021-08-26,YG,122870.KQ,61300.0,63300.0,60200.0,62100.0,60497.94140625,639248,0.031561473411377605
2021-08-27,YG,122870.KQ,61400.0,62100.0,58700.0,60800.0,59231.4765625,407481,-0.020934015510470916
2021-08-30,YG,122870.KQ,60800.0,61200.0,58400.0,60000.0,58452.11328125,328547,-0.01315792424029194
2021-08-31,YG,122870.KQ,59100.0,62200.0,58900.0,60600.0,59036.640625,343948,0.010000106256851105
2021-09-01,YG,122870.KQ,60600.0,61600.0,59700.0,60600.0,59036.640625,166318,0.0
2021-09-02,YG,122870.KQ,60900.0,61200.0,58800.0,59000.0,57477.91015625,220479,-0.026402763643870508
2021-09-03,YG,122870.KQ,59000.0,60300.0,56200.0,57500.0,56016.609375,528883,-0.025423693681234205
2021-09-06,YG,122870.KQ,56900.0,58400.0,56100.0,58300.0,56795.9765625,233822,0.0139131446225631
2021-09-07,YG,122870.KQ,58400.0,59400.0,57100.0,58500.0,56990.8125,240580,0.003430453163977054
2021-09-08,YG,122870.KQ,58600.0,58600.0,55700.0,56000.0,54555.30859375,359946,-0.04273502691771591
2021-09-09,YG,122870.KQ,55700.0,56900.0,55200.0,56200.0,54750.14453125,320909,0.003571346996694036
2021-09-10,YG,122870.KQ,55800.0,56800.0,51700.0,55300.0,53873.36328125,751410,-0.016014227131392444
2021-09-13,YG,122870.KQ,55700.0,55700.0,52600.0,53000.0,51632.703125,467398,-0.04159124323745045
2021-09-14,YG,122870.KQ,53100.0,54400.0,53000.0,53800.0,52412.0625,336701,0.015094297370277454
2021-09-15,YG,122870.KQ,54000.0,54500.0,53100.0,53400.0,52022.38671875,183243,-0.007434849205752991
2021-09-16,YG,122870.KQ,55500.0,56900.0,54000.0,54500.0,53094.00390625,507960,0.020599154615752457
2021-09-17,YG,122870.KQ,54100.0,54800.0,53100.0,54500.0,53094.00390625,245192,0.0
2021-09-23,YG,122870.KQ,54400.0,54400.0,52800.0,52800.0,51437.86328125,277758,-0.03119261127724149
2021-09-24,YG,122870.KQ,53400.0,53600.0,52400.0,52900.0,51535.28515625,178032,0.0018939720428767792
2021-09-27,YG,122870.KQ,52900.0,54400.0,52200.0,53200.0,51827.54296875,256341,0.005671023486411242
2021-09-28,YG,122870.KQ,54300.0,57300.0,53600.0,56300.0,54847.56640625,825335,0.05827062724777354
2021-09-29,YG,122870.KQ,55500.0,58800.0,55200.0,58000.0,56503.70703125,858459,0.030195334697863174
2021-09-30,YG,122870.KQ,58000.0,62000.0,57700.0,61800.0,60205.6796875,820108,0.06551734126404463
2021-10-01,YG,122870.KQ,61800.0,64000.0,61300.0,61600.0,60010.8359375,701094,-0.003236301807592601
2021-10-05,YG,122870.KQ,61600.0,67000.0,61100.0,64800.0,63128.28515625,1225193,0.0519481052054791
2021-10-06,YG,122870.KQ,65300.0,66100.0,63300.0,64700.0,63030.8671875,584890,-0.001543174640478151
2021-10-07,YG,122870.KQ,65500.0,69000.0,64500.0,65700.0,64005.06640625,1164215,0.015455906958284693
2021-10-08,YG,122870.KQ,64800.0,65000.0,62100.0,63300.0,61666.984375,748330,-0.0365296399570908
2021-10-12,YG,122870.KQ,62900.0,64700.0,59300.0,59700.0,58159.85546875,725388,-0.056872067635462376
2021-10-13,YG,122870.KQ,60300.0,60800.0,59200.0,59800.0,58257.2734375,316905,0.0016750036251782507
2021-10-14,YG,122870.KQ,60000.0,63700.0,59200.0,62600.0,60985.0390625,688482,0.04682274785699381
2021-10-15,YG,122870.KQ,63200.0,64300.0,62200.0,63000.0,61374.72265625,342626,0.0063898228113068445
2021-10-18,YG,122870.KQ,64600.0,64900.0,62300.0,63000.0,61374.72265625,432368,0.0
2021-10-19,YG,122870.KQ,63500.0,65200.0,61700.0,64300.0,62641.1875,474996,0.020634958317339747
2021-10-20,YG,122870.KQ,64800.0,68400.0,64500.0,67400.0,65661.21875,887670,0.04821159001814901
2021-10-21,YG,122870.KQ,67500.0,68900.0,66000.0,67200.0,65466.3671875,510039,-0.002967528873350389
2021-10-22,YG,122870.KQ,66500.0,67800.0,64500.0,65400.0,63712.80078125,505967,-0.026785760102247202
2021-10-25,YG,122870.KQ,65600.0,68000.0,65000.0,66500.0,64784.42578125,436817,0.016819618457510455
2021-10-26,YG,122870.KQ,67000.0,71500.0,66400.0,70900.0,69070.921875,892100,0.06616553349139354
2021-10-27,YG,122870.KQ,70500.0,73500.0,70400.0,71500.0,69655.4375,668909,0.008462542689929853
2021-10-28,YG,122870.KQ,71800.0,73100.0,67500.0,68300.0,66537.984375,731979,-0.04475534483578547
2021-10-29,YG,122870.KQ,69200.0,70700.0,67900.0,70300.0,68486.390625,374364,0.02928261606211291
2021-11-01,YG,122870.KQ,71000.0,72400.0,69000.0,70700.0,68876.0859375,380006,0.005690113158887122
2021-11-02,YG,122870.KQ,71700.0,73700.0,70000.0,73000.0,71116.75,444663,0.03253181466399302
2021-11-03,YG,122870.KQ,72900.0,73000.0,70500.0,70600.0,68778.6484375,352407,-0.032876946183564404
2021-11-04,YG,122870.KQ,72000.0,72000.0,69400.0,69800.0,67999.2890625,318532,-0.011331414511702942
2021-11-05,YG,122870.KQ,69800.0,72100.0,68600.0,70300.0,68486.390625,333177,0.007163333164443619
2021-11-08,YG,122870.KQ,71400.0,71900.0,69500.0,71400.0,69558.015625,301364,0.01564726933658589
2021-11-09,YG,122870.KQ,72000.0,73900.0,69900.0,73100.0,71214.1640625,497572,0.023809598687067224
2021-11-10,YG,122870.KQ,72700.0,72700.0,69300.0,70700.0,68876.0859375,360823,-0.032831644600195276
2021-11-11,YG,122870.KQ,69400.0,73500.0,69400.0,72400.0,70532.21875,456510,0.024045106366857416
2021-11-12,YG,122870.KQ,75700.0,75800.0,70100.0,71500.0,69655.4375,783689,-0.012430932494945757
2021-11-15,YG,122870.KQ,71300.0,72000.0,70200.0,70900.0,69070.921875,461151,-0.00839152901738649
2021-11-16,YG,122870.KQ,71100.0,71400.0,66900.0,68500.0,66732.8203125,965592,-0.03385073630161395
2021-11-17,YG,122870.KQ,68800.0,70800.0,67500.0,69100.0,67317.3515625,754250,0.008759276878494315
2021-11-18,YG,122870.KQ,69300.0,70000.0,66800.0,67000.0,65271.5234375,484421,-0.030390799363230636
2021-11-19,YG,122870.KQ,67500.0,67500.0,65500.0,65900.0,64199.90625,313837,-0.016417836309981615
2021-11-22,YG,122870.KQ,66100.0,66500.0,62600.0,64100.0,62446.34375,435822,-0.027314097518639335
2021-11-23,YG,122870.KQ,62600.0,64700.0,61900.0,62500.0,60887.62109375,340641,-0.024960991511212338
2021-11-24,YG,122870.KQ,63300.0,64700.0,61000.0,62700.0,61082.4609375,382728,0.0031999910696132172
2021-11-25,YG,122870.KQ,62400.0,63200.0,60100.0,60800.0,59231.4765625,471663,-0.030303041930382246
2021-11-26,YG,122870.KQ,61000.0,61400.0,57400.0,57900.0,56406.29296875,504148,-0.04769733522967157
2021-11-29,YG,122870.KQ,57000.0,58500.0,55300.0,56500.0,55042.41015625,398176,-0.024179621469817447
2021-11-30,YG,122870.KQ,57300.0,58900.0,54700.0,55700.0,54263.046875,354134,-0.014159323311562999
2021-12-01,YG,122870.KQ,56400.0,56700.0,53400.0,55100.0,53678.53125,523932,-0.01077189097668041
2021-12-02,YG,122870.KQ,54100.0,54700.0,52000.0,52900.0,51535.28515625,605308,-0.039927435491260765
2021-12-03,YG,122870.KQ,53900.0,56800.0,53400.0,55700.0,54263.046875,738688,0.052929982059470415
2021-12-06,YG,122870.KQ,54800.0,55300.0,53800.0,54400.0,52996.58203125,312539,-0.023339361069558473
2021-12-07,YG,122870.KQ,55700.0,57900.0,54500.0,56300.0,54847.56640625,567217,0.03492648589881786
2021-12-08,YG,122870.KQ,57100.0,57900.0,55100.0,55400.0,53970.7890625,456692,-0.01598571096583945
2021-12-09,YG,122870.KQ,55700.0,57600.0,55500.0,56300.0,54847.56640625,519209,0.016245405319804895
2021-12-10,YG,122870.KQ,55600.0,56400.0,54400.0,54800.0,53386.265625,465722,-0.026642946569886083
2021-12-13,YG,122870.KQ,55400.0,55700.0,54100.0,54100.0,52704.32421875,283665,-0.012773723695906125
2021-12-14,YG,122870.KQ,53600.0,54600.0,53300.0,53700.0,52314.64453125,178318,-0.007393694792150796
2021-12-15,YG,122870.KQ,53600.0,54200.0,52700.0,53200.0,51827.54296875,198194,-0.009310998227447187
2021-12-16,YG,122870.KQ,53700.0,56200.0,53700.0,54200.0,52801.74609375,332607,0.01879701543226564
2021-12-17,YG,122870.KQ,53300.0,53500.0,52600.0,53100.0,51730.12109375,255453,-0.02029525686702327
2021-12-20,YG,122870.KQ,52400.0,53200.0,51500.0,51600.0,50268.81640625,291436,-0.02824862298024955
2021-12-21,YG,122870.KQ,51800.0,52700.0,50900.0,52200.0,50853.33984375,217627,0.01162795305893316
2021-12-22,YG,122870.KQ,53100.0,54200.0,52900.0,53600.0,52217.22265625,250744,0.02681992602040717
2021-12-23,YG,122870.KQ,54500.0,55500.0,52900.0,53500.0,52119.80078125,331709,-0.0018657038816739524
2021-12-24,YG,122870.KQ,53800.0,54200.0,53200.0,53400.0,52022.38671875,147199,-0.0018690413439770293
2021-12-27,YG,122870.KQ,53500.0,54700.0,52800.0,54500.0,53094.00390625,237240,0.020599154615752457
2021-12-28,YG,122870.KQ,55000.0,57100.0,54500.0,57100.0,55626.9296875,494558,0.04770643754278692
2021-12-29,YG,122870.KQ,57000.0,57100.0,55300.0,55800.0,54599.515625,322417,-0.018469724435121404
2021-12-30,YG,122870.KQ,55800.0,56100.0,54800.0,55700.0,54501.66796875,176556,-0.0017920975146012985
2022-01-04,YG,122870.KQ,56800.0,56800.0,54200.0,54800.0,53621.03125,317909,-0.01615797738988345
2022-01-05,YG,122870.KQ,55000.0,55100.0,53000.0,53600.0,52446.84765625,327415,-0.02189781819516945
2022-01-06,YG,122870.KQ,52600.0,53600.0,51000.0,51600.0,50489.875,412762,-0.03731344673137449
2022-01-07,YG,122870.KQ,52000.0,52800.0,51400.0,51800.0,50685.5703125,213315,0.003875931808110078
2022-01-10,YG,122870.KQ,51100.0,51500.0,49700.0,51000.0,49902.7890625,317661,-0.015443867853785487
2022-01-11,YG,122870.KQ,51000.0,51500.0,49600.0,50200.0,49120.0,244155,-0.015686278807375054
2022-01-12,YG,122870.KQ,50900.0,51500.0,50500.0,51100.0,50000.63671875,163633,0.0179282719615228
2022-01-13,YG,122870.KQ,51200.0,52300.0,50500.0,50500.0,49413.54296875,239866,-0.011741725476464682
2022-01-14,YG,122870.KQ,49800.0,50100.0,48800.0,49200.0,48141.515625,285796,-0.025742484090939488
2022-01-17,YG,122870.KQ,49200.0,50200.0,49150.0,49250.0,48190.43359375,169454,0.0010161285558820676
2022-01-18,YG,122870.KQ,49200.0,50600.0,49050.0,49050.0,47994.73828125,163878,-0.004060874698694983
2022-01-19,YG,122870.KQ,48500.0,48900.0,46300.0,46900.0,45890.9921875,507554,-0.04383284853897962
2022-01-20,YG,122870.KQ,46650.0,51200.0,46650.0,51000.0,49902.7890625,471352,0.08742013810921168
2022-01-21,YG,122870.KQ,50100.0,51900.0,49900.0,51500.0,50392.03125,329272,0.009803904685312448
2022-01-24,YG,122870.KQ,50700.0,51300.0,49800.0,50000.0,48924.296875,198878,-0.029126318955440045
2022-01-25,YG,122870.KQ,50000.0,51300.0,48950.0,49150.0,48092.5859375,273615,-0.01699995688491951
2022-01-26,YG,122870.KQ,49150.0,49150.0,49150.0,49150.0,48092.5859375,0,0.0
2022-01-27,YG,122870.KQ,47650.0,47900.0,45300.0,45300.0,44325.4140625,285286,-0.07833165552577537
2022-01-28,YG,122870.KQ,45350.0,49500.0,45300.0,49000.0,47945.8125,326734,0.08167771275402291
2022-02-03,YG,122870.KQ,50200.0,52300.0,49500.0,50600.0,49511.390625,359572,0.032653073195912485
2022-02-04,YG,122870.KQ,50600.0,54300.0,50000.0,54100.0,52936.09375,382905,0.06917000475585011
2022-02-07,YG,122870.KQ,53300.0,57100.0,52700.0,55100.0,53914.58203125,712797,0.018484331047755154
2022-02-08,YG,122870.KQ,55100.0,55100.0,55100.0,55100.0,53914.58203125,0,0.0
2022-02-09,YG,122870.KQ,55100.0,55100.0,55100.0,55100.0,53914.58203125,0,0.0
2022-02-10,YG,122870.KQ,56500.0,57400.0,54200.0,54700.0,53523.1875,359179,-0.00725953010306446
2022-02-11,YG,122870.KQ,53800.0,56400.0,53600.0,55000.0,53816.73046875,380022,0.005484407458916651
2022-02-14,YG,122870.KQ,54100.0,56500.0,54000.0,55000.0,53816.73046875,298259,0.0
2022-02-15,YG,122870.KQ,55500.0,55900.0,54000.0,54300.0,53131.7890625,203671,-0.012727295030450225
2022-02-16,YG,122870.KQ,55500.0,57400.0,55100.0,57300.0,56067.25,343065,0.05524867483846552
2022-02-17,YG,122870.KQ,57600.0,58300.0,55600.0,57000.0,55773.703125,459838,-0.005235621062206541
2022-02-18,YG,122870.KQ,56200.0,57800.0,56100.0,57400.0,56165.09765625,238573,0.007017546071359293
2022-02-21,YG,122870.KQ,56700.0,61400.0,55800.0,61400.0,60079.0390625,795341,0.06968636341032797
2022-02-22,YG,122870.KQ,61400.0,61400.0,61400.0,61400.0,60079.0390625,0,0.0
2022-02-23,YG,122870.KQ,61400.0,61400.0,61400.0,61400.0,60079.0390625,0,0.0
2022-02-24,YG,122870.KQ,62900.0,64500.0,59400.0,60900.0,59589.796875,854482,-0.008143309133007981
2022-02-25,YG,122870.KQ,62600.0,64800.0,61500.0,64800.0,63405.89453125,654014,0.06403944729422273
2022-02-28,YG,122870.KQ,64800.0,64800.0,64800.0,64800.0,63405.89453125,0,0.0
2022-03-02,YG,122870.KQ,65900.0,66800.0,64200.0,66200.0,64775.7734375,289639,0.02160491412316312
2022-03-03,YG,122870.KQ,66400.0,67000.0,63900.0,64700.0,63308.046875,423638,-0.022658572559016377
2022-03-04,YG,122870.KQ,64700.0,64700.0,64700.0,64700.0,63308.046875,0,0.0
2022-03-07,YG,122870.KQ,64400.0,66400.0,64100.0,65600.0,64188.6796875,317158,0.013910282435956045
2022-03-08,YG,122870.KQ,65000.0,65500.0,62600.0,63800.0,62427.41015625,339405,-0.02743894312555839
2022-03-10,YG,122870.KQ,63800.0,63800.0,63800.0,63800.0,62427.41015625,0,0.0
2022-03-11,YG,122870.KQ,63800.0,63800.0,63800.0,63800.0,62427.41015625,0,0.0
2022-03-14,YG,122870.KQ,68100.0,69000.0,66600.0,67200.0,65754.2578125,284092,0.05329145719681794
2022-03-15,YG,122870.KQ,67200.0,67200.0,67200.0,67200.0,65754.2578125,0,0.0
2022-03-16,YG,122870.KQ,67200.0,67200.0,67200.0,67200.0,65754.2578125,0,0.0
2022-03-17,YG,122870.KQ,67200.0,67200.0,67200.0,67200.0,65754.2578125,0,0.0
2022-03-18,YG,122870.KQ,65900.0,66400.0,65100.0,66300.0,64873.625,168939,-0.013392787658118577
2022-03-21,YG,122870.KQ,66300.0,66300.0,66300.0,66300.0,64873.625,0,0.0
2022-03-22,YG,122870.KQ,66000.0,70100.0,66000.0,69400.0,67906.9375,586238,0.04675725304389888
2022-03-23,YG,122870.KQ,69300.0,69300.0,67900.0,68300.0,66830.5859375,220295,-0.015850391758574056
2022-03-24,YG,122870.KQ,68100.0,69800.0,67800.0,69100.0,67613.3828125,245037,0.011713152952632644
2022-03-25,YG,122870.KQ,69300.0,69300.0,67500.0,68900.0,67417.6875,185424,-0.002894328080621067
2022-03-28,YG,122870.KQ,69100.0,69400.0,66500.0,67000.0,65558.5546875,276498,-0.027576336143241287
2022-03-29,YG,122870.KQ,67400.0,67500.0,66400.0,66800.0,65362.8671875,204914,-0.0029849270004927986
2022-03-30,YG,122870.KQ,67200.0,70300.0,66700.0,68600.0,67124.140625,411516,0.026946085955005694
2022-03-31,YG,122870.KQ,68100.0,69200.0,67900.0,68400.0,66928.4453125,230742,-0.002915423730983524
2022-04-01,YG,122870.KQ,68400.0,72400.0,67800.0,71100.0,69570.359375,660450,0.03947371032099234
2022-04-04,YG,122870.KQ,71600.0,72800.0,69100.0,70300.0,68787.5625,404290,-0.011251873384476085
2022-04-05,YG,122870.KQ,70300.0,70300.0,65200.0,65800.0,64384.37890625,1222101,-0.06401133335332243
2022-04-06,YG,122870.KQ,64800.0,65800.0,64300.0,64400.0,63014.49609375,491057,-0.0212766331798383
2022-04-07,YG,122870.KQ,63900.0,64300.0,61700.0,62300.0,60959.6796875,519929,-0.032608630293463614
2022-04-08,YG,122870.KQ,62400.0,63700.0,61800.0,62800.0,61448.921875,381148,0.008025668606003622
2022-04-11,YG,122870.KQ,63000.0,63900.0,61200.0,61900.0,60568.28125,247985,-0.014331262422982882
2022-04-12,YG,122870.KQ,61400.0,63200.0,61000.0,62800.0,61448.921875,229623,0.014539633729494295
2022-04-13,YG,122870.KQ,63200.0,63300.0,61600.0,62900.0,61546.7734375,199338,0.0015924048708138017
2022-04-14,YG,122870.KQ,63200.0,63500.0,61400.0,61400.0,60079.0390625,280783,-0.023847462556107257
2022-04-15,YG,122870.KQ,61400.0,64600.0,60800.0,64000.0,62623.10546875,414395,0.04234532452497142
2022-04-18,YG,122870.KQ,63500.0,63700.0,59900.0,60000.0,58709.15625,481025,-0.06250008186999167
2022-04-19,YG,122870.KQ,60300.0,60600.0,59300.0,60100.0,58807.0078125,256863,0.0016667172337363478
2022-04-20,YG,122870.KQ,60500.0,60500.0,58300.0,59200.0,57926.37109375,288284,-0.014975030213368767
2022-04-21,YG,122870.KQ,59200.0,60300.0,57900.0,58400.0,57143.5859375,276584,-0.013513450635171176
2022-04-22,YG,122870.KQ,57600.0,58200.0,56000.0,56700.0,55480.15625,403814,-0.029109648269525
2022-04-25,YG,122870.KQ,55700.0,57800.0,55100.0,55900.0,54697.3671875,236689,-0.014109352161386535
2022-04-26,YG,122870.KQ,56300.0,58100.0,56300.0,57200.0,55969.3984375,210541,0.023255803988508905
2022-04-27,YG,122870.KQ,55600.0,58400.0,55300.0,58000.0,56752.18359375,249022,0.013985949074012627
2022-04-28,YG,122870.KQ,58500.0,58600.0,56300.0,56500.0,55284.4609375,210989,-0.025861959193613115
2022-04-29,YG,122870.KQ,56900.0,57800.0,56100.0,57000.0,55773.703125,142226,0.008849542515266595
2022-05-02,YG,122870.KQ,56600.0,57100.0,55400.0,56500.0,55284.4609375,181679,-0.00877191507982733
2022-05-03,YG,122870.KQ,56800.0,59100.0,56400.0,57500.0,56262.94140625,232195,0.017699014373246502
2022-05-04,YG,122870.KQ,58000.0,58900.0,57500.0,58100.0,56850.03515625,147379,0.01043482148863939
2022-05-06,YG,122870.KQ,57000.0,59000.0,56900.0,57500.0,56262.94140625,223020,-0.01032706045627585
2022-05-10,YG,122870.KQ,54300.0,56000.0,52600.0,55300.0,54110.2734375,329539,-0.038260850125245494
2022-05-11,YG,122870.KQ,55500.0,57200.0,55100.0,55800.0,54599.515625,182174,0.009041576699202913
2022-05-12,YG,122870.KQ,54500.0,54700.0,52000.0,52000.0,50881.2734375,508865,-0.0681002779042511
2022-05-13,YG,122870.KQ,52500.0,54200.0,52400.0,53900.0,52740.39453125,215458,0.03653841518006917
2022-05-16,YG,122870.KQ,54600.0,56100.0,54500.0,55200.0,54012.4296875,229340,0.024118802438921616
2022-05-17,YG,122870.KQ,55200.0,57100.0,55000.0,55800.0,54599.515625,190974,0.01086945987982224
2022-05-18,YG,122870.KQ,56400.0,56600.0,55500.0,55600.0,54403.82421875,169338,-0.0035841234855277238
2022-05-19,YG,122870.KQ,53700.0,55500.0,53100.0,54700.0,53523.1875,222496,-0.016187037058444376
2022-05-20,YG,122870.KQ,54800.0,56200.0,54600.0,55700.0,54501.66796875,167263,0.018281431178776453
2022-05-23,YG,122870.KQ,55700.0,55700.0,53300.0,54600.0,53425.3359375,197360,-0.019748607177805022
2022-05-24,YG,122870.KQ,54000.0,55100.0,53600.0,53900.0,52740.39453125,149864,-0.012820535317761617
2022-05-25,YG,122870.KQ,54100.0,56000.0,52900.0,55100.0,53914.58203125,172951,0.02226353273304138
2022-05-26,YG,122870.KQ,55100.0,56200.0,54200.0,54400.0,53229.63671875,140437,-0.012704268246074735
2022-05-27,YG,122870.KQ,55600.0,56600.0,55200.0,55500.0,54305.96875,124258,0.020220540616067373
2022-05-30,YG,122870.KQ,56700.0,57800.0,56100.0,56400.0,55186.609375,182439,0.016216276871039215
2022-05-31,YG,122870.KQ,56300.0,57300.0,55700.0,56600.0,55382.30859375,139690,0.003546135937074757
2022-06-02,YG,122870.KQ,56200.0,56300.0,55100.0,55700.0,54501.66796875,96344,-0.015901118016943494
2022-06-03,YG,122870.KQ,56000.0,57000.0,55400.0,56000.0,54795.21484375,126961,0.005386016354000711
2022-06-07,YG,122870.KQ,56000.0,56500.0,54700.0,54700.0,53523.1875,111381,-0.02321420487860515
2022-06-08,YG,122870.KQ,55200.0,58000.0,54700.0,57000.0,55773.703125,306533,0.042047488763631735
2022-06-09,YG,122870.KQ,57000.0,58300.0,56300.0,57500.0,56262.94140625,259523,0.00877184504234041
2022-06-10,YG,122870.KQ,56900.0,57900.0,56500.0,57100.0,55871.55078125,130640,-0.006956455087798186
2022-06-13,YG,122870.KQ,55900.0,56100.0,53700.0,53800.0,52642.546875,251948,-0.05779334672295555
2022-06-14,YG,122870.KQ,52600.0,53400.0,51300.0,52700.0,51566.2109375,343711,-0.020446122032350855
2022-06-15,YG,122870.KQ,52000.0,53000.0,48600.0,48800.0,47750.1171875,806676,-0.07400376488055782
2022-06-16,YG,122870.KQ,49900.0,51100.0,48800.0,49250.0,48190.43359375,451254,0.00922126336404605
2022-06-17,YG,122870.KQ,47850.0,48700.0,47200.0,48350.0,47309.80078125,334240,-0.018274017202746462
2022-06-20,YG,122870.KQ,48550.0,49000.0,45900.0,47000.0,45988.84375,281302,-0.02792142451323798
2022-06-21,YG,122870.KQ,47000.0,47650.0,46450.0,47100.0,46086.6875,134930,0.0021275540331453513
2022-06-22,YG,122870.KQ,47150.0,47750.0,43000.0,43450.0,42515.21484375,401612,-0.07749467036983293
2022-06-23,YG,122870.KQ,43150.0,44550.0,41750.0,41850.0,40949.63671875,292036,-0.03682394951439716
2022-06-24,YG,122870.KQ,41900.0,45000.0,41900.0,44700.0,43738.32421875,310944,0.06810042099160096
2022-06-27,YG,122870.KQ,45100.0,46600.0,43850.0,45950.0,44961.4296875,220503,0.027964159363601526
2022-06-28,YG,122870.KQ,45800.0,46100.0,44900.0,45300.0,44325.4140625,127732,-0.014145805180586168
2022-06-29,YG,122870.KQ,44300.0,45550.0,43700.0,45050.0,44080.79296875,150449,-0.005518754848067076
2022-06-30,YG,122870.KQ,44950.0,45650.0,43600.0,44150.0,43200.15625,114268,-0.01997778759048885
2022-07-01,YG,122870.KQ,44450.0,44850.0,43000.0,43600.0,42661.9921875,127784,-0.012457456389408317
2022-07-04,YG,122870.KQ,44000.0,46200.0,43650.0,44600.0,43640.4765625,197973,0.022935740335321197
2022-07-05,YG,122870.KQ,45550.0,46200.0,44750.0,46050.0,45059.27734375,168542,0.03251112024906644
2022-07-06,YG,122870.KQ,45950.0,51400.0,45600.0,48950.0,47896.88671875,894153,0.06297503072125044
2022-07-07,YG,122870.KQ,49650.0,50500.0,48600.0,49000.0,47945.8125,286833,0.0010214814490405733
2022-07-08,YG,122870.KQ,49500.0,50900.0,48800.0,49650.0,48581.828125,298739,0.013265300801816649
2022-07-11,YG,122870.KQ,50400.0,51900.0,49800.0,50800.0,49707.0859375,356881,0.023162113405957863
2022-07-12,YG,122870.KQ,50200.0,51600.0,50000.0,50600.0,49511.390625,205190,-0.003936970128284312
2022-07-13,YG,122870.KQ,50700.0,52100.0,50500.0,51500.0,50392.03125,190675,0.017786626751609136
2022-07-14,YG,122870.KQ,51500.0,53900.0,51100.0,53500.0,52349.0,339744,0.03883488522800915
2022-07-15,YG,122870.KQ,54000.0,54900.0,53200.0,53500.0,52349.0,278363,0.0
2022-07-18,YG,122870.KQ,54400.0,54400.0,52600.0,53700.0,52544.69921875,185915,0.003738356391717046
2022-07-19,YG,122870.KQ,53200.0,54500.0,53000.0,54300.0,53131.7890625,120611,0.011173150716990099
2022-07-20,YG,122870.KQ,55000.0,55300.0,53500.0,54100.0,52936.09375,196721,-0.0036832057785556316
2022-07-21,YG,122870.KQ,53700.0,54400.0,53500.0,54300.0,53131.7890625,94291,0.003696821934467076
2022-07-22,YG,122870.KQ,54100.0,54900.0,54000.0,54100.0,52936.09375,107919,-0.0036832057785556316
2022-07-25,YG,122870.KQ,54000.0,56100.0,53600.0,56100.0,54893.06640625,223921,0.03696858830370342
2022-07-26,YG,122870.KQ,56100.0,56200.0,54000.0,54200.0,53033.94140625,228652,-0.03386812072477563
2022-07-27,YG,122870.KQ,54200.0,54400.0,53400.0,54000.0,52838.2421875,101242,-0.003690074951263944
2022-07-28,YG,122870.KQ,54700.0,55200.0,53600.0,54500.0,53327.484375,137235,0.009259244199757655
2022-07-29,YG,122870.KQ,54800.0,55500.0,54600.0,55100.0,53914.58203125,127427,0.01100928842098603
2022-08-01,YG,122870.KQ,55300.0,56100.0,54700.0,54700.0,53523.1875,183207,-0.00725953010306446
2022-08-02,YG,122870.KQ,54900.0,55200.0,54400.0,54900.0,53718.8828125,92806,0.0036562716392778416
2022-08-03,YG,122870.KQ,54900.0,56200.0,54600.0,55900.0,54697.3671875,171367,0.018214905518703528
2022-08-04,YG,122870.KQ,56200.0,56900.0,55500.0,55900.0,54697.3671875,152013,0.0
2022-08-05,YG,122870.KQ,55900.0,56000.0,54600.0,55500.0,54305.96875,131986,-0.007155708905664637
2022-08-08,YG,122870.KQ,56100.0,56900.0,55300.0,56700.0,55480.15625,194174,0.021621702494718953
2022-08-09,YG,122870.KQ,57100.0,59700.0,56400.0,59500.0,58219.9140625,526270,0.049382662156795876
2022-08-10,YG,122870.KQ,59800.0,60000.0,58000.0,58000.0,56752.18359375,304481,-0.025210110533216645
2022-08-11,YG,122870.KQ,58900.0,59500.0,58300.0,59500.0,58219.9140625,208744,0.025862096853514593
2022-08-12,YG,122870.KQ,61200.0,62000.0,60100.0,61900.0,60568.28125,688904,0.040336150015250594
2022-08-16,YG,122870.KQ,62400.0,63300.0,61500.0,62400.0,61057.52734375,291327,0.008077595791939451
2022-08-17,YG,122870.KQ,62100.0,62300.0,60300.0,60500.0,59198.40625,348042,-0.03044867970632459
2022-08-18,YG,122870.KQ,60100.0,61600.0,59800.0,61300.0,59981.19140625,276734,0.013223078218427498
2022-08-19,YG,122870.KQ,61600.0,62400.0,57200.0,58300.0,57045.73828125,914291,-0.048939560155087714
2022-08-22,YG,122870.KQ,59000.0,61400.0,58800.0,59100.0,57828.5234375,635391,0.013722061977542888
2022-08-23,YG,122870.KQ,58800.0,58900.0,55700.0,56000.0,54795.21484375,523132,-0.05245350241439839
2022-08-24,YG,122870.KQ,56500.0,58500.0,55200.0,58200.0,56947.8828125,461449,0.03928569264466586
2022-08-25,YG,122870.KQ,58500.0,62000.0,58400.0,61100.0,59785.49609375,621890,0.04982824893759075
2022-08-26,YG,122870.KQ,60900.0,61900.0,59800.0,60400.0,59100.5546875,354672,-0.011456648367957678
2022-08-29,YG,122870.KQ,58200.0,58900.0,57200.0,57800.0,56556.4921875,362934,-0.043046338794144656
2022-08-30,YG,122870.KQ,58200.0,60200.0,57700.0,60100.0,58807.0078125,309097,0.03979234810990273
2022-08-31,YG,122870.KQ,59300.0,60600.0,59100.0,60600.0,59296.25390625,206670,0.008319520274010728
2022-09-01,YG,122870.KQ,60100.0,60200.0,58500.0,58500.0,57241.4296875,233642,-0.03465352502704078
2022-09-02,YG,122870.KQ,59100.0,59800.0,58300.0,58400.0,57143.5859375,164211,-0.0017093170197558516
2022-09-05,YG,122870.KQ,58400.0,59200.0,56900.0,57400.0,56165.09765625,274222,-0.017123326532573757
2022-09-06,YG,122870.KQ,58000.0,58400.0,56100.0,57400.0,56165.09765625,255909,0.0
2022-09-07,YG,122870.KQ,56900.0,57600.0,55400.0,56300.0,55088.7578125,359308,-0.01916385600070658
2022-09-08,YG,122870.KQ,56800.0,58300.0,56400.0,57200.0,55969.3984375,332153,0.015985850107518296
2022-09-13,YG,122870.KQ,58300.0,58700.0,56900.0,57000.0,55773.703125,297991,-0.0034964698203524547
2022-09-14,YG,122870.KQ,54900.0,55200.0,52300.0,53800.0,52642.546875,685424,-0.0561403685708739
2022-09-15,YG,122870.KQ,54000.0,54300.0,51600.0,52100.0,50979.1171875,603144,-0.03159857921482834
2022-09-16,YG,122870.KQ,52900.0,54500.0,51600.0,53400.0,52251.15625,734007,0.02495215948564722
2022-09-19,YG,122870.KQ,53700.0,54700.0,52000.0,52500.0,51370.51171875,395513,-0.016854067822661856
2022-09-20,YG,122870.KQ,53000.0,53500.0,51700.0,51900.0,50783.42578125,304190,-0.01142846192995417
2022-09-21,YG,122870.KQ,51500.0,52200.0,50100.0,51200.0,50098.484375,396707,-0.013487499035618189
2022-09-22,YG,122870.KQ,50400.0,50500.0,49050.0,50300.0,49217.84375,451736,-0.017578188960930996
2022-09-23,YG,122870.KQ,49850.0,50800.0,48300.0,48450.0,47407.6484375,346341,-0.036779248633784345
2022-09-26,YG,122870.KQ,48550.0,49600.0,46950.0,47500.0,46478.0859375,477675,-0.0196078592935377
2022-09-27,YG,122870.KQ,47550.0,51200.0,47400.0,49350.0,48288.28515625,695311,0.03894737019042083
2022-09-28,YG,122870.KQ,49250.0,49300.0,45050.0,45200.0,44227.56640625,626910,-0.08409324822491482
2022-09-29,YG,122870.KQ,46300.0,47850.0,46050.0,46450.0,45450.67578125,356703,0.027654910147332012
2022-09-30,YG,122870.KQ,46150.0,48800.0,46150.0,48450.0,47407.6484375,436975,0.043057064006456924
2022-10-04,YG,122870.KQ,49100.0,49600.0,48250.0,49200.0,48141.515625,317537,0.015479932282814968
2022-10-05,YG,122870.KQ,49650.0,49700.0,45900.0,46000.0,45010.359375,467467,-0.06504066623889138
2022-10-06,YG,122870.KQ,46600.0,46750.0,45550.0,46200.0,45206.046875,208225,0.004347610255000411
2022-10-07,YG,122870.KQ,45600.0,45850.0,44350.0,45250.0,44276.48828125,322900,-0.02056270472665611
2022-10-11,YG,122870.KQ,44200.0,44200.0,42150.0,43050.0,42123.82421875,370128,-0.04861867203256953
2022-10-12,YG,122870.KQ,42900.0,44650.0,42250.0,44300.0,43346.9296875,276483,0.029035955102233446
2022-10-13,YG,122870.KQ,44150.0,44550.0,42350.0,42350.0,41438.87890625,249119,-0.04401812988845266
2022-10-14,YG,122870.KQ,43500.0,45400.0,43450.0,45000.0,44031.87109375,338208,0.06257389813480008
2022-10-17,YG,122870.KQ,43850.0,45500.0,43450.0,45350.0,44374.33984375,250054,0.007777746924968021
2022-10-18,YG,122870.KQ,46300.0,46800.0,45000.0,45450.0,44472.1875,201704,0.0022050504096406964
2022-10-19,YG,122870.KQ,45700.0,45900.0,44000.0,44050.0,43102.30859375,249283,-0.030803047550786666
2022-10-20,YG,122870.KQ,44000.0,44500.0,43000.0,43500.0,42564.140625,164386,-0.012485827008069772
2022-10-21,YG,122870.KQ,43450.0,44150.0,42750.0,43550.0,42613.0625,141555,0.001149368324642408
2022-10-24,YG,122870.KQ,44500.0,44800.0,43300.0,43400.0,42466.29296875,160882,-0.0034442380490723457
2022-10-25,YG,122870.KQ,43500.0,44350.0,43000.0,43400.0,42466.29296875,153898,0.0
2022-10-26,YG,122870.KQ,43450.0,43600.0,42450.0,42550.0,41634.578125,183332,-0.019585294255894725
2022-10-27,YG,122870.KQ,42350.0,44000.0,42350.0,43450.0,42515.21484375,152138,0.021151570603310965
2022-10-28,YG,122870.KQ,43300.0,43850.0,42750.0,42850.0,41928.125,137149,-0.013808935128462707
2022-10-31,YG,122870.KQ,43150.0,43150.0,41200.0,42750.0,41830.27734375,224604,-0.0023336997838563356
2022-11-01,YG,122870.KQ,42800.0,43400.0,41550.0,42350.0,41438.87890625,183559,-0.009356821478461508
2022-11-02,YG,122870.KQ,42000.0,42500.0,41350.0,42250.0,41341.03515625,175249,-0.002361158230688609
2022-11-03,YG,122870.KQ,41500.0,41850.0,40450.0,41150.0,40264.69921875,294038,-0.026035534268359473
2022-11-04,YG,122870.KQ,40400.0,41600.0,40000.0,41450.0,40558.2421875,286166,0.007290330598404227
2022-11-07,YG,122870.KQ,41450.0,41950.0,40850.0,41600.0,40705.015625,101883,0.0036188313295597574
2022-11-08,YG,122870.KQ,41800.0,43100.0,41750.0,42500.0,41585.6484375,241102,0.021634503733223953
2022-11-09,YG,122870.KQ,42500.0,43150.0,41450.0,41600.0,40705.015625,257226,-0.02117636361552766
2022-11-10,YG,122870.KQ,41300.0,42100.0,40900.0,41250.0,40362.55078125,205516,-0.008413332816402774
2022-11-11,YG,122870.KQ,42850.0,43350.0,41650.0,42800.0,41879.203125,608431,0.0375757308295428
2022-11-14,YG,122870.KQ,42950.0,42950.0,40600.0,41000.0,40117.92578125,561015,-0.042056133171707755
2022-11-15,YG,122870.KQ,41150.0,42050.0,40900.0,41850.0,40949.63671875,368294,0.020731653526532057
2022-11-16,YG,122870.KQ,42000.0,43350.0,41450.0,43300.0,42368.4453125,497225,0.03464764787767605
2022-11-17,YG,122870.KQ,42900.0,44300.0,42200.0,42200.0,41292.109375,427229,-0.025404187705288517
2022-11-18,YG,122870.KQ,42450.0,42550.0,41100.0,41100.0,40215.77734375,341569,-0.026066288391206727
2022-11-21,YG,122870.KQ,41500.0,42050.0,40050.0,40150.0,39286.2109375,462194,-0.023114470679116872
2022-11-22,YG,122870.KQ,40250.0,40550.0,39450.0,40300.0,39432.98828125,279911,0.0037361033361935636
2022-11-23,YG,122870.KQ,41150.0,42500.0,40850.0,40950.0,40069.00390625,494697,0.016129024269317727
2022-11-24,YG,122870.KQ,41250.0,42900.0,41200.0,42900.0,41977.05078125,444716,0.04761902440760157
2022-11-25,YG,122870.KQ,42700.0,43150.0,42300.0,42800.0,41879.203125,190505,-0.0023309797717782077
2022-11-28,YG,122870.KQ,42800.0,43300.0,41800.0,42450.0,41536.73046875,218063,-0.008177630678114722
2022-11-29,YG,122870.KQ,42250.0,44950.0,42200.0,44900.0,43934.01953125,606107,0.05771491967341036
2022-11-30,YG,122870.KQ,44900.0,45100.0,43700.0,43900.0,42955.53515625,329361,-0.02227167888210202
2022-12-01,YG,122870.KQ,44600.0,45600.0,44400.0,45300.0,44325.4140625,429540,0.0318906259988867
2022-12-02,YG,122870.KQ,45300.0,45300.0,44100.0,44950.0,43982.94921875,250807,-0.007726151035320594
2022-12-05,YG,122870.KQ,45000.0,46250.0,45000.0,45350.0,44374.33984375,253637,0.008898689877602672
2022-12-06,YG,122870.KQ,44800.0,44950.0,43500.0,43650.0,42710.9140625,299838,-0.037486209081807664
2022-12-07,YG,122870.KQ,43100.0,44600.0,43000.0,44250.0,43298.00390625,208032,0.013745663295589905
2022-12-08,YG,122870.KQ,44450.0,44550.0,43600.0,43950.0,43004.4609375,160969,-0.006779595876650224
2022-12-09,YG,122870.KQ,44400.0,45750.0,44350.0,45200.0,44227.56640625,343088,0.028441362642066093
2022-12-12,YG,122870.KQ,45500.0,46700.0,44850.0,44900.0,43934.01953125,352061,-0.006637192566817718
2022-12-13,YG,122870.KQ,45500.0,45600.0,43700.0,44250.0,43298.00390625,262089,-0.014476609055713796
2022-12-14,YG,122870.KQ,44350.0,45600.0,43950.0,45300.0,44325.4140625,207022,0.023728811112738057
2022-12-15,YG,122870.KQ,45300.0,45500.0,43950.0,44050.0,43102.30859375,230037,-0.027593774240335156
2022-12-16,YG,122870.KQ,43100.0,45600.0,43050.0,45300.0,44325.4140625,283997,0.028376797175252877
2022-12-19,YG,122870.KQ,45300.0,46900.0,45300.0,46850.0,45842.0703125,381536,0.03421640343531762
2022-12-20,YG,122870.KQ,46450.0,46900.0,44050.0,44250.0,43298.00390625,405408,-0.055496324422247945
2022-12-21,YG,122870.KQ,44950.0,45250.0,44200.0,44600.0,43640.4765625,225607,0.00790966384943581
2022-12-22,YG,122870.KQ,45000.0,48000.0,44350.0,47750.0,46722.703125,804947,0.07062770174119826
2022-12-23,YG,122870.KQ,46950.0,47350.0,46000.0,46050.0,45059.27734375,397595,-0.03560208785009167
2022-12-26,YG,122870.KQ,46150.0,46450.0,45100.0,45350.0,44374.33984375,303488,-0.015200809697295425
2022-12-27,YG,122870.KQ,45250.0,45850.0,44800.0,45000.0,44031.87109375,308344,-0.007717720448482068
2022-12-28,YG,122870.KQ,44900.0,45150.0,42500.0,42800.0,42113.1640625,490511,-0.043575414434803506
2022-12-29,YG,122870.KQ,42450.0,44250.0,42450.0,43850.0,43146.3125,314793,0.024532671920986626
2023-01-02,YG,122870.KQ,46550.0,49000.0,45950.0,48050.0,47278.9140625,1483247,0.095781106728414
2023-01-03,YG,122870.KQ,47500.0,50800.0,47500.0,49500.0,48705.64453125,1176815,0.030176887456931478
2023-01-04,YG,122870.KQ,49800.0,50000.0,48350.0,48800.0,48016.87890625,505379,-0.014141392268365971
2023-01-05,YG,122870.KQ,49250.0,50100.0,48250.0,49100.0,48312.0625,445150,0.006147496473611458
2023-01-06,YG,122870.KQ,48700.0,49900.0,46950.0,49600.0,48804.0390625,580137,0.010183306963969851
2023-01-09,YG,122870.KQ,50000.0,50500.0,48350.0,48800.0,48016.87890625,569291,-0.016128996111201777
2023-01-10,YG,122870.KQ,48750.0,48850.0,46850.0,47000.0,46245.765625,566170,-0.036885222896473335
2023-01-11,YG,122870.KQ,47200.0,48150.0,47000.0,47900.0,47131.3203125,278938,0.019148881536113604
2023-01-12,YG,122870.KQ,48550.0,49500.0,48050.0,48650.0,47869.28125,429192,0.015657548581431868
2023-01-13,YG,122870.KQ,48650.0,49150.0,47650.0,49050.0,48262.8671875,371950,0.008222098331589267
2023-01-16,YG,122870.KQ,49100.0,49500.0,48100.0,48350.0,47574.1015625,327658,-0.014271129444592745
2023-01-17,YG,122870.KQ,48650.0,49250.0,48000.0,48100.0,47328.109375,192916,-0.005170716407052467
2023-01-18,YG,122870.KQ,48100.0,49650.0,48100.0,49650.0,48853.234375,407679,0.0322245071721714
2023-01-19,YG,122870.KQ,49900.0,52700.0,49500.0,52600.0,51755.89453125,917357,0.05941592595423728
2023-01-20,YG,122870.KQ,52300.0,52900.0,51100.0,51900.0,51067.1328125,502196,-0.013307889371598547
2023-01-25,YG,122870.KQ,52000.0,52100.0,50200.0,51000.0,50181.57421875,1803,-0.0173410674337533
2023-01-26,YG,122870.KQ,51100.0,51900.0,50400.0,50900.0,50083.17578125,3419,-0.0019608479612669427
2023-01-27,YG,122870.KQ,50700.0,51900.0,50600.0,51500.0,50673.55078125,2897,0.01178789065970176
2023-01-30,YG,122870.KQ,51400.0,51900.0,50600.0,50800.0,49984.78125,2566,-0.013592288691655185
2023-01-31,YG,122870.KQ,50100.0,52300.0,50000.0,51900.0,51067.1328125,2078,0.021653622071218015
2023-02-01,YG,122870.KQ,52000.0,52400.0,51300.0,52100.0,51263.921875,2767,0.0038535365441905167
2023-02-02,YG,122870.KQ,52300.0,52900.0,51200.0,51700.0,50870.3359375,2280,-0.007677640006937159
2023-02-03,YG,122870.KQ,51900.0,53400.0,51600.0,52800.0,51952.69140625,4242,0.02127675095520898
2023-02-06,YG,122870.KQ,52800.0,53200.0,52000.0,52200.0,51362.31640625,888,-0.01136370386249086
2023-02-07,YG,122870.KQ,52400.0,53000.0,51700.0,52400.0,51559.10546875,1163,0.003831389942453134
2023-02-08,YG,122870.KQ,52700.0,53700.0,52200.0,53300.0,52444.6640625,2656,0.017175600423997572
2023-02-09,YG,122870.KQ,53300.0,54000.0,52700.0,53400.0,52543.05859375,3169,0.0018761590527633931
2023-02-10,YG,122870.KQ,54100.0,55000.0,52500.0,52600.0,51755.89453125,2176,-0.014981314060648065
2023-02-13,YG,122870.KQ,52900.0,53800.0,51800.0,52000.0,51165.52734375,2073,-0.01140676231851312
2023-02-14,YG,122870.KQ,52000.0,52800.0,51400.0,52300.0,51460.7109375,1787,0.005769188926107338
2023-02-15,YG,122870.KQ,52400.0,52600.0,50300.0,50600.0,49787.9921875,1529,-0.032504773438352785
2023-02-16,YG,122870.KQ,51100.0,52900.0,50900.0,52800.0,51952.69140625,1453,0.04347833932723799
2023-02-17,YG,122870.KQ,51800.0,52300.0,50500.0,50800.0,49984.78125,1399,-0.037878887560640506
2023-02-20,YG,122870.KQ,51200.0,53400.0,50800.0,53200.0,52346.26953125,2993,0.04724414556180534
2023-02-21,YG,122870.KQ,52800.0,54200.0,52000.0,53900.0,53035.03515625,1811,0.013157874117253332
2023-02-22,YG,122870.KQ,53000.0,55400.0,53000.0,54500.0,53625.40625,5281,0.011131718721608674
2023-02-23,YG,122870.KQ,54800.0,55000.0,53700.0,54800.0,53920.58984375,7325,0.0055045474597219535
2023-02-24,YG,122870.KQ,54300.0,54500.0,52700.0,53100.0,52247.875,1152,-0.03102182021000066
2023-02-27,YG,122870.KQ,53100.0,54600.0,52800.0,53900.0,53035.03515625,294718,0.01506587887545674
2023-02-28,YG,122870.KQ,54200.0,58100.0,53900.0,58000.0,57069.23828125,1009174,0.0760667568733493
2023-03-02,YG,122870.KQ,58000.0,58900.0,57400.0,57500.0,56577.26171875,420985,-0.008620696145889117
2023-03-03,YG,122870.KQ,57700.0,58700.0,56200.0,57100.0,56183.6796875,364172,-0.006956540830952984
2023-03-06,YG,122870.KQ,56800.0,58000.0,56000.0,57200.0,56282.078125,373402,0.0017513704699887445
2023-03-07,YG,122870.KQ,58300.0,60700.0,57600.0,59500.0,58545.16796875,932319,0.04020977759072397
2023-03-08,YG,122870.KQ,59900.0,62400.0,59800.0,60300.0,59332.33203125,737212,0.013445414708181724
2023-03-09,YG,122870.KQ,60400.0,60400.0,57900.0,58400.0,57462.82421875,425873,-0.031509090381199645
2023-03-10,YG,122870.KQ,57500.0,59500.0,57200.0,57500.0,56577.26171875,340292,-0.015411050745240629
2023-03-13,YG,122870.KQ,56300.0,56700.0,53400.0,54600.0,53723.80078125,716318,-0.05043476567821148
2023-03-14,YG,122870.KQ,55000.0,55000.0,52800.0,53200.0,52346.26953125,424000,-0.025640986489562922
2023-03-15,YG,122870.KQ,54200.0,54600.0,52100.0,52800.0,51952.69140625,443552,-0.007518742567988346
2023-03-16,YG,122870.KQ,52200.0,52800.0,51300.0,51900.0,51067.1328125,278293,-0.017045480605138885
2023-03-17,YG,122870.KQ,53300.0,55800.0,53000.0,55100.0,54215.77734375,499508,0.06165696716928837
2023-03-20,YG,122870.KQ,55500.0,55500.0,54200.0,54700.0,53822.19921875,231373,-0.007259475825727946
2023-03-21,YG,122870.KQ,55600.0,57700.0,55500.0,56500.0,55593.3125,488702,0.0329067430717882
2023-03-22,YG,122870.KQ,57000.0,57000.0,55400.0,55500.0,54609.359375,286518,-0.017699127480486077
2023-03-23,YG,122870.KQ,54700.0,55900.0,53900.0,55200.0,54314.17578125,329437,-0.005405366353466778
2023-03-24,YG,122870.KQ,55800.0,57700.0,55000.0,57300.0,56380.47265625,441416,0.03804341767648278
2023-03-27,YG,122870.KQ,57200.0,57600.0,55400.0,56300.0,55396.51953125,348097,-0.017452019797690066
2023-03-28,YG,122870.KQ,56800.0,58100.0,56300.0,58000.0,57069.23828125,441296,0.030195376246632044
2023-03-29,YG,122870.KQ,57500.0,57900.0,56800.0,57600.0,56675.66015625,250845,-0.006896502158664886
2023-03-30,YG,122870.KQ,57700.0,57900.0,56200.0,57000.0,56085.2890625,290373,-0.0104166602051462
2023-03-31,YG,122870.KQ,57000.0,57900.0,56200.0,56700.0,55790.1015625,213198,-0.005263189419796865
2023-04-03,YG,122870.KQ,56500.0,57500.0,55500.0,55800.0,54904.54296875,321418,-0.015873041434741553
2023-04-04,YG,122870.KQ,56200.0,57500.0,55600.0,57100.0,56183.6796875,313690,0.02329746592150017
2023-04-05,YG,122870.KQ,57000.0,57400.0,56200.0,56600.0,55691.70703125,199665,-0.008756504717854163
2023-04-06,YG,122870.KQ,56600.0,59400.0,56300.0,57800.0,56872.44921875,661967,0.021201400539535564
2023-04-07,YG,122870.KQ,58900.0,61500.0,57600.0,61500.0,60513.07421875,688158,0.0640138599622635
2023-04-10,YG,122870.KQ,61700.0,62400.0,59700.0,60500.0,59529.12109375,534574,-0.016260174147541884
2023-04-11,YG,122870.KQ,60300.0,61200.0,59600.0,60600.0,59627.515625,300040,0.001652880631229925
2023-04-12,YG,122870.KQ,61000.0,61500.0,59800.0,61200.0,60217.88671875,292405,0.009900984261408174
2023-04-13,YG,122870.KQ,61300.0,63700.0,61000.0,63100.0,62087.3984375,776709,0.031045787566103433
2023-04-14,YG,122870.KQ,63600.0,65900.0,62900.0,63100.0,62087.3984375,735048,0.0
2023-04-17,YG,122870.KQ,64500.0,66200.0,63500.0,64100.0,63071.3515625,580482,0.01584787170605151
2023-04-18,YG,122870.KQ,64300.0,65800.0,62700.0,63000.0,61989.00390625,404073,-0.017160685944353937
2023-04-19,YG,122870.KQ,62700.0,63400.0,61500.0,61800.0,60808.2578125,290488,-0.019047670059930577
2023-04-20,YG,122870.KQ,61500.0,62000.0,59700.0,60300.0,59332.33203125,499710,-0.024271798508040843
2023-04-21,YG,122870.KQ,59900.0,60300.0,58100.0,59000.0,58053.19140625,363567,-0.02155891368514362
2023-04-24,YG,122870.KQ,59200.0,60700.0,58600.0,59900.0,58938.74609375,237909,0.015254194748794747
2023-04-25,YG,122870.KQ,59900.0,60200.0,58100.0,58500.0,57561.21484375,252094,-0.023372252402669935
2023-04-26,YG,122870.KQ,59000.0,62200.0,58600.0,61200.0,60217.88671875,472518,0.04615385346211931
2023-04-27,YG,122870.KQ,61200.0,61900.0,60600.0,61500.0,60513.07421875,221506,0.004901990356763752
2023-04-28,YG,122870.KQ,62100.0,63000.0,60500.0,61000.0,60021.09765625,283354,-0.008130087073770942
2023-05-02,YG,122870.KQ,61000.0,64700.0,61000.0,64100.0,63071.3515625,485632,0.05081969549639487
2023-05-03,YG,122870.KQ,63700.0,66800.0,63500.0,66200.0,65137.6484375,617903,0.03276125885700143
2023-05-04,YG,122870.KQ,66600.0,66900.0,64300.0,65700.0,64645.671875,291624,-0.007552875707081408
2023-05-08,YG,122870.KQ,66100.0,66200.0,62600.0,63100.0,62087.3984375,439054,-0.03957377753682756
2023-05-09,YG,122870.KQ,63000.0,63500.0,61700.0,62200.0,61201.83984375,180415,-0.014263097118515033
2023-05-10,YG,122870.KQ,62600.0,65100.0,62200.0,65000.0,63956.90625,409502,0.04501607162928045
2023-05-11,YG,122870.KQ,66000.0,67500.0,62500.0,66700.0,65629.625,928650,0.026153840891889546
2023-05-12,YG,122870.KQ,72500.0,79500.0,71300.0,78100.0,76846.6875,4473376,0.1709146212552639
2023-05-15,YG,122870.KQ,77700.0,79800.0,77300.0,77700.0,76453.1015625,1034825,-0.00512170335904194
2023-05-16,YG,122870.KQ,79200.0,86400.0,79000.0,85000.0,83635.9453125,2684371,0.09395097913886552
2023-05-17,YG,122870.KQ,83800.0,92900.0,83600.0,91300.0,89834.859375,1907723,0.0741178214622693
2023-05-18,YG,122870.KQ,90600.0,95400.0,90000.0,92600.0,91113.9921875,1062530,0.014238713361374389
2023-05-19,YG,122870.KQ,93300.0,94200.0,89500.0,92000.0,90523.625,1099330,-0.006479434972897491
2023-05-22,YG,122870.KQ,92200.0,93300.0,89700.0,90800.0,89342.875,624234,-0.013043556309195514
2023-05-23,YG,122870.KQ,90900.0,94600.0,90200.0,92800.0,91310.7890625,682324,0.022026536111581452
2023-05-24,YG,122870.KQ,93700.0,94000.0,90300.0,92600.0,91113.9921875,521698,-0.0021552422996289344
2023-05-25,YG,122870.KQ,91600.0,93600.0,90800.0,91300.0,89834.859375,392083,-0.014038818646731288
2023-05-26,YG,122870.KQ,90900.0,95000.0,90600.0,92000.0,90523.625,658129,0.007667019571154121
2023-05-30,YG,122870.KQ,92700.0,96500.0,91500.0,95200.0,93672.265625,746238,0.03478252914639679
2023-05-31,YG,122870.KQ,94300.0,97000.0,92000.0,93900.0,92393.1328125,575340,-0.013655405940759202
2023-06-01,YG,122870.KQ,94200.0,96800.0,93400.0,94700.0,93180.296875,521602,0.008519724773240922
2023-06-02,YG,122870.KQ,94800.0,94800.0,90800.0,92200.0,90720.4140625,527083,-0.02639917337674824
2023-06-05,YG,122870.KQ,92300.0,92600.0,90200.0,91100.0,89638.0625,426092,-0.011930628554608802
2023-06-07,YG,122870.KQ,89100.0,89700.0,84300.0,84600.0,83242.375,1359180,-0.07135013097812104
2023-06-08,YG,122870.KQ,83700.0,84500.0,81200.0,81900.0,80585.703125,1201778,-0.03191489761074218
2023-06-09,YG,122870.KQ,82900.0,86000.0,81800.0,83700.0,82356.8203125,953804,0.02197805713443657
2023-06-12,YG,122870.KQ,84100.0,84600.0,82100.0,83300.0,81963.234375,417504,-0.0047790327019250345
2023-06-13,YG,122870.KQ,83000.0,86000.0,82100.0,83600.0,82258.421875,443996,0.003601462317231796
2023-06-14,YG,122870.KQ,83400.0,85400.0,81100.0,81900.0,80585.703125,675265,-0.020334923912616043
2023-06-15,YG,122870.KQ,82900.0,84800.0,82800.0,83300.0,81963.234375,423994,0.01709399057874128
2023-06-16,YG,122870.KQ,84200.0,84200.0,82000.0,82600.0,81274.46875,288529,-0.008403348528789656
2023-06-19,YG,122870.KQ,83100.0,83100.0,80800.0,82000.0,80684.1015625,284053,-0.007263870149874063
2023-06-20,YG,122870.KQ,82100.0,84400.0,81500.0,82200.0,80880.890625,294198,0.0024390066777599806
2023-06-21,YG,122870.KQ,82900.0,84400.0,80400.0,80800.0,79503.3515625,449191,-0.017031699970848302
2023-06-22,YG,122870.KQ,80000.0,81700.0,79200.0,79300.0,78027.421875,415328,-0.01856437066479799
2023-06-23,YG,122870.KQ,80100.0,80100.0,77200.0,78000.0,76748.28125,335204,-0.016393475450838135
2023-06-26,YG,122870.KQ,77600.0,78700.0,76600.0,77200.0,75961.125,219672,-0.010256337173674468
2023-06-27,YG,122870.KQ,76800.0,80400.0,76500.0,78900.0,77633.8515625,438592,0.022020823974105097
2023-06-28,YG,122870.KQ,80000.0,80200.0,78100.0,78500.0,77240.265625,246068,-0.0050697721364905135
2023-06-29,YG,122870.KQ,78900.0,81800.0,76800.0,78400.0,77141.875,370929,-0.001273825564993336
2023-06-30,YG,122870.KQ,78800.0,79800.0,76800.0,76900.0,75665.9453125,302507,-0.01913266546217607
2023-07-03,YG,122870.KQ,77400.0,77700.0,75600.0,77300.0,76059.515625,224155,0.0052014193554914545
2023-07-04,YG,122870.KQ,77600.0,82200.0,76400.0,80700.0,79404.9609375,710499,0.04398457293620184
2023-07-05,YG,122870.KQ,80800.0,83600.0,79300.0,82000.0,80684.1015625,491130,0.016109076937986577
2023-07-06,YG,122870.KQ,82400.0,83000.0,78000.0,78600.0,77338.6640625,463302,-0.041463404006655935
2023-07-07,YG,122870.KQ,78000.0,79400.0,77300.0,78300.0,77043.4765625,279985,-0.003816816641175058
2023-07-10,YG,122870.KQ,77600.0,78700.0,72300.0,75300.0,74091.6171875,583826,-0.03831420266458718
2023-07-11,YG,122870.KQ,76000.0,79500.0,75000.0,78900.0,77633.8515625,279476,0.047808841397480206
2023-07-12,YG,122870.KQ,79700.0,80500.0,72000.0,74300.0,73107.6640625,1432722,-0.058301725457433284
2023-07-13,YG,122870.KQ,75500.0,76800.0,74100.0,74300.0,73107.6640625,673096,0.0
2023-07-14,YG,122870.KQ,74500.0,74900.0,71400.0,71700.0,70549.390625,612207,-0.034993231835624306
2023-07-17,YG,122870.KQ,72700.0,75000.0,72100.0,73200.0,72025.3125,422888,0.02092040571753695
2023-07-18,YG,122870.KQ,73700.0,74700.0,72600.0,73100.0,71926.921875,247733,-0.001366056204199051
2023-07-19,YG,122870.KQ,73400.0,73800.0,69500.0,73200.0,72025.3125,314807,0.0013679248664497656
2023-07-20,YG,122870.KQ,73400.0,73900.0,71800.0,73700.0,72517.2890625,244565,0.006830606427427943
2023-07-21,YG,122870.KQ,72500.0,73000.0,71100.0,72000.0,70844.5703125,351317,-0.023066482098611618
2023-07-24,YG,122870.KQ,72500.0,73200.0,71500.0,72400.0,71238.1484375,245451,0.005555515733441485
2023-07-25,YG,122870.KQ,73200.0,79300.0,73200.0,76900.0,75665.9453125,889436,0.06215485624089001
2023-07-26,YG,122870.KQ,77000.0,77000.0,72500.0,72500.0,71336.546875,509034,-0.057217264908534515
2023-07-27,YG,122870.KQ,72500.0,77100.0,72500.0,75300.0,74091.6171875,408037,0.03862074116550085
2023-07-28,YG,122870.KQ,75900.0,77500.0,73700.0,77200.0,75961.125,332425,0.025232379633028268
2023-07-31,YG,122870.KQ,78200.0,78200.0,75500.0,76100.0,74878.7734375,415981,-0.014248756353990255
2023-08-01,YG,122870.KQ,76000.0,76000.0,69100.0,71800.0,70647.78125,1206663,-0.056504560548545024
2023-08-02,YG,122870.KQ,71500.0,73400.0,70900.0,70900.0,69762.234375,455412,-0.012534673549992048
2023-08-03,YG,122870.KQ,70300.0,73300.0,68000.0,72400.0,71238.1484375,802175,0.021156347352155658
2023-08-04,YG,122870.KQ,73100.0,78100.0,72800.0,77600.0,76354.7109375,650986,0.07182335044107657
2023-08-07,YG,122870.KQ,77600.0,81700.0,77300.0,80500.0,79208.171875,741030,0.03737111833002271
2023-08-08,YG,122870.KQ,81000.0,83800.0,79900.0,81300.0,79995.328125,977451,0.009937816154149237
2023-08-09,YG,122870.KQ,82300.0,83500.0,80400.0,81700.0,80388.921875,544550,0.004920209207530002
2023-08-10,YG,122870.KQ,82700.0,82700.0,79200.0,79200.0,77929.03125,387420,-0.030599870823308062
2023-08-11,YG,122870.KQ,80000.0,82900.0,77800.0,81700.0,80388.921875,412595,0.03156577960155249
2023-08-14,YG,122870.KQ,80500.0,82400.0,77900.0,81500.0,80192.1171875,574554,-0.0024481568219812955
2023-08-16,YG,122870.KQ,80000.0,81600.0,77000.0,77000.0,75764.3359375,430240,-0.055214669537247074
2023-08-17,YG,122870.KQ,79000.0,80800.0,75900.0,76200.0,74977.1796875,618535,-0.010389535396302385
2023-08-18,YG,122870.KQ,74900.0,74900.0,70700.0,71800.0,70647.78125,574780,-0.057742881974817584
2023-08-21,YG,122870.KQ,71900.0,74200.0,71600.0,72600.0,71434.9453125,288764,0.011142091776590757
2023-08-22,YG,122870.KQ,72000.0,73200.0,71600.0,72100.0,70942.96875,200415,-0.006887057312745082
2023-08-23,YG,122870.KQ,72400.0,75000.0,72300.0,72800.0,71631.7421875,223267,0.009708833019480778
2023-08-24,YG,122870.KQ,72400.0,74400.0,72000.0,73600.0,72418.8984375,269362,0.010988930688570653
2023-08-25,YG,122870.KQ,72400.0,75500.0,72300.0,73700.0,72517.2890625,188099,0.0013586318919904805
2023-08-28,YG,122870.KQ,74100.0,75400.0,72800.0,75400.0,74190.0078125,265108,0.023066482098611507
2023-08-29,YG,122870.KQ,75800.0,79700.0,74200.0,78900.0,77633.8515625,465420,0.04641923961921668
2023-08-30,YG,122870.KQ,78800.0,82400.0,78500.0,81700.0,80388.921875,494442,0.03548800242484429
2023-08-31,YG,122870.KQ,81900.0,83000.0,80500.0,81500.0,80192.1171875,405293,-0.0024481568219812955
2023-09-01,YG,122870.KQ,81600.0,82200.0,78400.0,78700.0,77437.0546875,300326,-0.034355777059212556
2023-09-04,YG,122870.KQ,77700.0,79200.0,77000.0,77900.0,76649.890625,175310,-0.010165211805596597
2023-09-05,YG,122870.KQ,78000.0,79000.0,77200.0,77900.0,76649.890625,148493,0.0
2023-09-06,YG,122870.KQ,77500.0,78700.0,76400.0,77000.0,75764.3359375,155154,-0.011553241371634382
2023-09-07,YG,122870.KQ,76800.0,78200.0,75500.0,75800.0,74583.59375,150325,-0.015584406210252033
2023-09-08,YG,122870.KQ,75800.0,77200.0,75000.0,76500.0,75272.359375,121406,0.009234814124252422
2023-09-11,YG,122870.KQ,76600.0,81000.0,74100.0,79900.0,78617.8046875,455028,0.04444453900844669
2023-09-12,YG,122870.KQ,80300.0,83100.0,79400.0,80400.0,79109.78125,403446,0.006257826257748844
2023-09-13,YG,122870.KQ,80200.0,81800.0,77200.0,77200.0,75961.125,346141,-0.039801099184558764
2023-09-14,YG,122870.KQ,78000.0,81700.0,77200.0,81700.0,80388.921875,387146,0.05829030145353964
2023-09-15,YG,122870.KQ,79900.0,80000.0,73500.0,79300.0,78027.421875,1835685,-0.02937593818800044
2023-09-18,YG,122870.KQ,78100.0,80700.0,76800.0,78000.0,76748.28125,543539,-0.016393475450838135
2023-09-19,YG,122870.KQ,78000.0,81500.0,77500.0,80300.0,79011.3828125,523095,0.02948732565265111
2023-09-20,YG,122870.KQ,80400.0,81300.0,78400.0,79800.0,78519.3984375,268589,-0.006226753127046458
2023-09-21,YG,122870.KQ,77600.0,78100.0,67500.0,69200.0,68089.5078125,1176763,-0.1328320240927725
2023-09-22,YG,122870.KQ,68000.0,68500.0,64300.0,66400.0,65334.4375,1150903,-0.04046247947755355
2023-09-25,YG,122870.KQ,64300.0,68800.0,63400.0,65500.0,64448.8828125,1006574,-0.013554179409595468
2023-09-26,YG,122870.KQ,65200.0,66700.0,64200.0,64600.0,63563.32421875,368240,-0.01374048013099527
2023-09-27,YG,122870.KQ,63600.0,64200.0,62500.0,62800.0,61792.2109375,511829,-0.02786376110781752
2023-10-04,YG,122870.KQ,61500.0,61900.0,59300.0,60000.0,59037.14453125,621783,-0.04458598202670927
2023-10-05,YG,122870.KQ,60900.0,62000.0,59600.0,60300.0,59332.33203125,316221,0.005000030105516862
2023-10-06,YG,122870.KQ,60200.0,61900.0,59700.0,60100.0,59135.5390625,228023,-0.0033167914021372535
2023-10-10,YG,122870.KQ,60100.0,61000.0,58200.0,58600.0,57659.61328125,355581,-0.024958355071222127
2023-10-11,YG,122870.KQ,59600.0,60600.0,58800.0,58900.0,57954.796875,223739,0.005119416814507005
2023-10-12,YG,122870.KQ,59000.0,61200.0,59000.0,60500.0,59529.12109375,240138,0.027164692202193086
2023-10-13,YG,122870.KQ,60000.0,60800.0,58500.0,59200.0,58249.98046875,189459,-0.02148764506342249
2023-10-16,YG,122870.KQ,58700.0,59100.0,57200.0,58000.0,57069.23828125,245718,-0.020270258942549302
2023-10-17,YG,122870.KQ,58400.0,59300.0,56900.0,57200.0,56282.078125,195870,-0.013793072764887726
2023-10-18,YG,122870.KQ,57200.0,57800.0,56200.0,56600.0,55691.70703125,201670,-0.010489504179977405
2023-10-19,YG,122870.KQ,55800.0,56300.0,54500.0,54800.0,53920.58984375,224697,-0.03180217094990789
2023-10-20,YG,122870.KQ,53000.0,54600.0,52900.0,53700.0,52838.24609375,258291,-0.020072921181618963
2023-10-23,YG,122870.KQ,52700.0,55200.0,52700.0,54300.0,53428.6171875,176031,0.01117317733640344
2023-10-24,YG,122870.KQ,54800.0,55100.0,53500.0,55000.0,54117.3828125,159214,0.012891324186491193
2023-10-25,YG,122870.KQ,55300.0,55900.0,54000.0,54500.0,53625.40625,123173,-0.009090915652823495
2023-10-26,YG,122870.KQ,52600.0,52900.0,50100.0,50200.0,49394.4140625,547685,-0.07889902349224631
2023-10-27,YG,122870.KQ,50600.0,53500.0,50600.0,52600.0,51755.89453125,333341,0.0478086543503069
2023-10-30,YG,122870.KQ,52100.0,54200.0,52000.0,53800.0,52936.64453125,226108,0.022813826535005965
2023-10-31,YG,122870.KQ,54300.0,56400.0,53900.0,54900.0,54018.98828125,266463,0.020446021080181342
2023-11-01,YG,122870.KQ,54900.0,59100.0,53900.0,58500.0,57561.21484375,377701,0.06557373018645563
2023-11-02,YG,122870.KQ,58800.0,60700.0,58700.0,60000.0,59037.14453125,400013,0.025641044781740785
2023-11-03,YG,122870.KQ,60000.0,60800.0,58500.0,60200.0,59233.9375,332388,0.0033333754590016973
2023-11-06,YG,122870.KQ,59300.0,65000.0,57700.0,64500.0,63464.9296875,1020693,0.07142851490330182
2023-11-07,YG,122870.KQ,63100.0,64400.0,61800.0,63300.0,62284.1875,336571,-0.01860464028423181
2023-11-08,YG,122870.KQ,63800.0,63900.0,61600.0,61900.0,60906.65234375,343539,-0.022116932267118306
2023-11-09,YG,122870.KQ,61800.0,62600.0,59800.0,60900.0,59922.69921875,266908,-0.016155101079052603
2023-11-10,YG,122870.KQ,62400.0,66200.0,60200.0,64300.0,63268.140625,758962,0.05582928422562117
2023-11-13,YG,122870.KQ,64800.0,65700.0,59700.0,60000.0,59037.14453125,470609,-0.06687403884409637
2023-11-14,YG,122870.KQ,59800.0,60100.0,58400.0,58800.0,57856.40234375,375743,-0.019999988090125154
2023-11-15,YG,122870.KQ,60000.0,61300.0,57900.0,59800.0,58840.3515625,471785,0.01700674737609731
2023-11-16,YG,122870.KQ,59500.0,59600.0,57500.0,57700.0,56774.0546875,273817,-0.03511700423484365
2023-11-17,YG,122870.KQ,57700.0,57700.0,51600.0,52500.0,51657.5,1014122,-0.0901213541231628
2023-11-20,YG,122870.KQ,52500.0,57300.0,52500.0,54100.0,53231.82421875,984278,0.030476198398102783
2023-11-21,YG,122870.KQ,54100.0,54700.0,53100.0,53900.0,53035.03515625,411961,-0.0036968310853169317
2023-11-22,YG,122870.KQ,54400.0,55000.0,53500.0,54700.0,53822.19921875,318910,0.014842340731572756
2023-11-23,YG,122870.KQ,55100.0,56000.0,54500.0,55200.0,54314.17578125,447092,0.009140774060540702
2023-11-24,YG,122870.KQ,55300.0,55800.0,54200.0,55300.0,54412.56640625,347902,0.0018115091241790449
2023-11-27,YG,122870.KQ,55100.0,56200.0,53500.0,53800.0,52936.64453125,448727,-0.0271246510223504
2023-11-28,YG,122870.KQ,53700.0,54700.0,52700.0,53300.0,52444.6640625,328932,-0.009293759986233496
2023-11-29,YG,122870.KQ,53400.0,53500.0,51800.0,52200.0,51362.31640625,354735,-0.02063789854693565
2023-11-30,YG,122870.KQ,52200.0,52500.0,51500.0,51900.0,51067.1328125,251604,-0.005747084913679701
2023-12-01,YG,122870.KQ,51500.0,51900.0,50000.0,50600.0,49787.9921875,443860,-0.025048217014582375
2023-12-04,YG,122870.KQ,50800.0,50800.0,48500.0,48900.0,48115.26953125,447764,-0.03359690926982106
2023-12-05,YG,122870.KQ,48600.0,49550.0,47900.0,48000.0,47229.71484375,294903,-0.018404857670491603
2023-12-06,YG,122870.KQ,48000.0,61900.0,48000.0,60300.0,59332.33203125,5608557,0.25625005841214743
2023-12-07,YG,122870.KQ,59000.0,61000.0,58000.0,58300.0,57364.4296875,1312766,-0.03316745316387559
2023-12-08,YG,122870.KQ,58800.0,60100.0,57300.0,59300.0,58348.3828125,694077,0.017152669875046378
2023-12-11,YG,122870.KQ,59300.0,59400.0,56000.0,56600.0,55691.70703125,678640,-0.04553126673256935
2023-12-12,YG,122870.KQ,56200.0,56500.0,53300.0,53500.0,52641.453125,801784,-0.05477034317763729
2023-12-13,YG,122870.KQ,52800.0,53200.0,52000.0,52300.0,51460.7109375,578489,-0.02242989350419833
2023-12-14,YG,122870.KQ,52700.0,53400.0,51700.0,51900.0,51067.1328125,548541,-0.007648128403783816
2023-12-15,YG,122870.KQ,52200.0,52600.0,51700.0,52200.0,51362.31640625,282150,0.005780304816285886
2023-12-18,YG,122870.KQ,52800.0,53900.0,52600.0,53300.0,52444.6640625,440670,0.021072796789170845
2023-12-19,YG,122870.KQ,53400.0,55000.0,52900.0,53900.0,53035.03515625,560937,0.011257028799849689
2023-12-20,YG,122870.KQ,54400.0,54900.0,53500.0,53600.0,52739.84765625,423946,-0.0055658961878751745
2023-12-21,YG,122870.KQ,53100.0,54000.0,52600.0,53000.0,52149.4765625,315596,-0.01119402349430254
2023-12-22,YG,122870.KQ,53000.0,53300.0,51800.0,52000.0,51165.52734375,294465,-0.018867863756422576
2023-12-26,YG,122870.KQ,50200.0,50900.0,48400.0,49850.0,49050.02734375,520615,-0.04134619752450208
2023-12-27,YG,122870.KQ,49950.0,51000.0,49400.0,50600.0,50089.43359375,249174,0.0211907374223399
2023-12-28,YG,122870.KQ,50600.0,51100.0,50300.0,50900.0,50386.40234375,178661,0.005928770375176695
2024-01-02,YG,122870.KQ,48300.0,48800.0,47200.0,47550.0,47070.20703125,949594,-0.06581528266050818
2024-01-03,YG,122870.KQ,47350.0,47400.0,46450.0,46500.0,46030.8046875,405424,-0.022081958191939477
2024-01-04,YG,122870.KQ,46200.0,47000.0,46150.0,46300.0,45832.8203125,231872,-0.004301127828290285
2024-01-05,YG,122870.KQ,46400.0,47050.0,45450.0,45800.0,45337.8671875,375407,-0.010799098148996378
2024-01-08,YG,122870.KQ,45400.0,45550.0,44550.0,44650.0,44199.47265625,418510,-0.02510913286992611
2024-01-09,YG,122870.KQ,44850.0,45400.0,44500.0,44800.0,44347.95703125,263340,0.0033594150806910417
2024-01-10,YG,122870.KQ,44800.0,45600.0,44050.0,44800.0,44347.95703125,309900,0.0
2024-01-11,YG,122870.KQ,44850.0,45750.0,44650.0,45550.0,45090.390625,295492,0.016741100232122053
2024-01-12,YG,122870.KQ,45550.0,45700.0,42700.0,43100.0,42665.109375,675288,-0.05378709779141555
2024-01-15,YG,122870.KQ,43200.0,43400.0,42800.0,42900.0,42467.12890625,48529,-0.004640336604082584
2024-01-16,YG,122870.KQ,42600.0,43000.0,41750.0,41850.0,41427.72265625,256756,-0.024475547953679233
2024-01-17,YG,122870.KQ,41900.0,42650.0,40800.0,40800.0,40388.31640625,288528,-0.02508963040581691
2024-01-18,YG,122870.KQ,40700.0,44050.0,40100.0,43000.0,42566.1171875,657055,0.05392155393021003
2024-01-19,YG,122870.KQ,43000.0,43500.0,41850.0,42550.0,42120.65625,341751,-0.010465153200086008
2024-01-22,YG,122870.KQ,43050.0,45500.0,42350.0,44950.0,44496.44140625,592386,0.056404276850506196
2024-01-23,YG,122870.KQ,45000.0,45750.0,44350.0,45100.0,44644.9296875,347572,0.0033370821701068643
2024-01-24,YG,122870.KQ,45550.0,46400.0,44800.0,45150.0,44694.421875,317081,0.001108573534473578
2024-01-25,YG,122870.KQ,46750.0,47100.0,45050.0,45900.0,45436.85546875,526945,0.016611325588379078
2024-01-26,YG,122870.KQ,45900.0,46950.0,45200.0,46150.0,45684.33203125,277238,0.005446604082674833
2024-01-29,YG,122870.KQ,46500.0,46550.0,44300.0,44550.0,44100.48046875,209131,-0.034669469642602646
2024-01-30,YG,122870.KQ,44650.0,45250.0,44300.0,44900.0,44446.94921875,135942,0.007856348645577826
2024-01-31,YG,122870.KQ,44500.0,45050.0,43950.0,44400.0,43951.9921875,129577,-0.011135905612194463
2024-02-01,YG,122870.KQ,44400.0,44550.0,42600.0,43050.0,42615.61328125,355507,-0.030405422820175776
2024-02-02,YG,122870.KQ,43150.0,43900.0,43000.0,43400.0,42962.08203125,190852,0.00813008949826477
2024-02-05,YG,122870.KQ,43400.0,43450.0,42150.0,42250.0,41823.6875,233853,-0.026497657409199737
2024-02-06,YG,122870.KQ,42000.0,42450.0,41500.0,41650.0,41229.73828125,152446,-0.014201263787417151
2024-02-07,YG,122870.KQ,41600.0,41900.0,41350.0,41550.0,41130.75,177167,-0.002400895212449572
2024-02-08,YG,122870.KQ,41700.0,42200.0,41300.0,42200.0,41774.19140625,191057,0.01564380436170021
2024-02-13,YG,122870.KQ,42500.0,42800.0,41950.0,42500.0,42071.1640625,135774,0.00710899831338363
2024-02-14,YG,122870.KQ,42050.0,43900.0,41850.0,43200.0,42764.1015625,209307,0.01647060440187942
2024-02-15,YG,122870.KQ,43400.0,43950.0,42950.0,43450.0,43011.578125,156606,0.00578701652689495
2024-02-16,YG,122870.KQ,43700.0,43950.0,43350.0,43500.0,43061.0703125,125359,0.001150671276375137
2024-02-19,YG,122870.KQ,43700.0,43750.0,42950.0,43400.0,42962.08203125,113728,-0.002298788221742454
2024-02-20,YG,122870.KQ,43350.0,43650.0,42750.0,43100.0,42665.109375,120404,-0.006912436320799964
2024-02-21,YG,122870.KQ,42700.0,43700.0,42700.0,43250.0,42813.59375,122673,0.003480229564043036
2024-02-22,YG,122870.KQ,43250.0,43400.0,42800.0,42900.0,42467.12890625,91765,-0.008092402748834937
2024-02-23,YG,122870.KQ,43000.0,43100.0,42300.0,42550.0,42120.65625,122631,-0.00815860796746748
2024-02-26,YG,122870.KQ,42550.0,42800.0,42050.0,42100.0,41675.19921875,117682,-0.010575738151040848
2024-02-27,YG,122870.KQ,42000.0,42300.0,40300.0,40900.0,40487.30859375,313849,-0.028503538009856944
2024-02-28,YG,122870.KQ,40550.0,42250.0,40550.0,41850.0,41427.72265625,121013,0.023227379027243478
2024-02-29,YG,122870.KQ,41350.0,41800.0,40850.0,40900.0,40487.30859375,165508,-0.022700114855532028
2024-03-04,YG,122870.KQ,40950.0,41600.0,40300.0,40400.0,39992.3515625,179325,-0.01222499218746309
2024-03-05,YG,122870.KQ,40300.0,40400.0,39900.0,40100.0,39695.3828125,143620,-0.007425638613320795
2024-03-06,YG,122870.KQ,39950.0,40250.0,39850.0,40000.0,39596.390625,95136,-0.002493796015712646
2024-03-07,YG,122870.KQ,39850.0,40050.0,39200.0,39500.0,39101.43359375,166328,-0.012500054258417603
2024-03-08,YG,122870.KQ,39500.0,40850.0,39500.0,40500.0,40091.34375,140917,0.025316467077264093
2024-03-11,YG,122870.KQ,40900.0,44800.0,40650.0,43800.0,43358.046875,855341,0.0814815074638151
2024-03-12,YG,122870.KQ,43750.0,43950.0,43050.0,43850.0,43407.54296875,198504,0.001141566498433333
2024-03-13,YG,122870.KQ,43850.0,44350.0,43350.0,43450.0,43011.578125,170479,-0.009122028492491774
2024-03-14,YG,122870.KQ,43550.0,44300.0,43350.0,43850.0,43407.54296875,201237,0.009206005940987527
2024-03-15,YG,122870.KQ,44150.0,44150.0,42600.0,43050.0,42615.61328125,180804,-0.01824405698498366
2024-03-18,YG,122870.KQ,43500.0,45600.0,43250.0,45200.0,44743.91796875,367135,0.04994189977869934
2024-03-19,YG,122870.KQ,44800.0,45700.0,44300.0,44600.0,44149.9765625,196857,-0.01327423777830139
2024-03-20,YG,122870.KQ,44900.0,45200.0,44150.0,44250.0,43803.50390625,145820,-0.00784762944912376
2024-03-21,YG,122870.KQ,44200.0,46000.0,44200.0,45550.0,45090.390625,308921,0.029378625086802224
2024-03-22,YG,122870.KQ,45750.0,45750.0,44400.0,44950.0,44496.44140625,212726,-0.01317241235920208
2024-03-25,YG,122870.KQ,45000.0,46150.0,44450.0,45600.0,45139.88671875,226522,0.014460601615877033
2024-03-26,YG,122870.KQ,45600.0,46700.0,45150.0,46200.0,45733.828125,301204,0.013157795675266648
2024-03-27,YG,122870.KQ,46400.0,47350.0,46050.0,46250.0,45783.32421875,447158,0.001082264393322152
2024-03-28,YG,122870.KQ,46350.0,46800.0,45550.0,46000.0,45535.84765625,198640,-0.00540538649656741
2024-03-29,YG,122870.KQ,46100.0,47200.0,45700.0,47100.0,46624.74609375,368267,0.02391299368620725
2024-04-01,YG,122870.KQ,47650.0,47950.0,44600.0,45200.0,44743.91796875,635460,-0.040339696890105414
2024-04-02,YG,122870.KQ,44500.0,44800.0,43150.0,43600.0,43160.06640625,423095,-0.03539814201354008
2024-04-03,YG,122870.KQ,43000.0,44050.0,42900.0,43300.0,42863.08984375,146744,-0.00688081801600271
2024-04-04,YG,122870.KQ,43350.0,43600.0,42450.0,42600.0,42170.15234375,196896,-0.016166298382267463
2024-04-05,YG,122870.KQ,42000.0,44100.0,41900.0,43700.0,43259.05859375,189845,0.025821729101753732
2024-04-08,YG,122870.KQ,44300.0,44900.0,43350.0,43450.0,43011.578125,184762,-0.005720893537562
2024-04-09,YG,122870.KQ,43650.0,44600.0,42500.0,42950.0,42516.625,167041,-0.011507439312307244
2024-04-11,YG,122870.KQ,42400.0,43350.0,42200.0,42600.0,42170.15234375,178731,-0.008149110054008313
2024-04-12,YG,122870.KQ,43150.0,44750.0,43050.0,43950.0,43506.53515625,247246,0.03169025337178
2024-04-15,YG,122870.KQ,43500.0,44250.0,42800.0,43150.0,42714.60546875,149229,-0.01820254554070677
2024-04-16,YG,122870.KQ,42400.0,42800.0,41400.0,42250.0,41823.6875,202351,-0.020857455171903516
2024-04-17,YG,122870.KQ,42250.0,42800.0,41800.0,41800.0,41378.23046875,129016,-0.010650831093025892
2024-04-18,YG,122870.KQ,41850.0,43750.0,41850.0,43700.0,43259.05859375,135653,0.045454532581340246
2024-04-19,YG,122870.KQ,43350.0,44450.0,43000.0,43850.0,43407.54296875,197324,0.003432445823531083
2024-04-22,YG,122870.KQ,43850.0,44850.0,43150.0,43800.0,43358.046875,182896,-0.0011402648103264745
2024-04-23,YG,122870.KQ,43800.0,44400.0,43500.0,43800.0,43358.046875,124647,0.0
2024-04-24,YG,122870.KQ,44150.0,44450.0,43250.0,43250.0,42813.59375,156699,-0.012557141389916482
2024-04-25,YG,122870.KQ,43050.0,43200.0,42200.0,42350.0,41922.67578125,142157,-0.02080923115102895
2024-04-26,YG,122870.KQ,42650.0,42750.0,41950.0,42000.0,41576.2109375,123029,-0.008264378103101877
2024-04-29,YG,122870.KQ,42000.0,42850.0,41950.0,42500.0,42071.1640625,180482,0.011904719401776287
2024-04-30,YG,122870.KQ,42550.0,42750.0,42350.0,42400.0,41972.171875,91568,-0.002352970014163125
2024-05-02,YG,122870.KQ,42200.0,43050.0,42200.0,42650.0,42219.6484375,105628,0.00589620578217942
2024-05-03,YG,122870.KQ,42650.0,44100.0,42550.0,44100.0,43655.01953125,182742,0.03399770360179244
2024-05-07,YG,122870.KQ,44600.0,44600.0,43800.0,44450.0,44001.484375,131665,0.007936426268277952
2024-05-08,YG,122870.KQ,44000.0,44650.0,43600.0,43650.0,43209.5625,113440,-0.017997617267883403
2024-05-09,YG,122870.KQ,43650.0,44000.0,43100.0,43250.0,42813.59375,109384,-0.009163914816309515
2024-05-10,YG,122870.KQ,43500.0,43950.0,42100.0,42200.0,41774.19140625,214730,-0.024277390723594694
2024-05-13,YG,122870.KQ,42500.0,42650.0,40300.0,40550.0,40140.83984375,304218,-0.03909953747795647
2024-05-14,YG,122870.KQ,40550.0,41450.0,40500.0,41350.0,40932.765625,91088,0.019728679926294568
2024-05-16,YG,122870.KQ,41350.0,43000.0,41350.0,42800.0,42368.13671875,155635,0.03506655540698023
2024-05-17,YG,122870.KQ,43150.0,43650.0,42850.0,43150.0,42714.60546875,135857,0.008177578171538302
2024-05-20,YG,122870.KQ,43350.0,43550.0,42850.0,43050.0,42615.61328125,85795,-0.0023175255024284747
2024-05-21,YG,122870.KQ,42850.0,43250.0,42150.0,42150.0,41724.6953125,82165,-0.020905905140217396
2024-05-22,YG,122870.KQ,42000.0,42500.0,41500.0,41700.0,41279.234375,99161,-0.010676193898210395
2024-05-23,YG,122870.KQ,41350.0,43800.0,41100.0,43400.0,42962.08203125,174000,0.04076741445740528
2024-05-24,YG,122870.KQ,43000.0,43450.0,42800.0,43100.0,42665.109375,93116,-0.006912436320799964
2024-05-27,YG,122870.KQ,43950.0,45150.0,43900.0,44300.0,43853.0,326855,0.027842202736647836
2024-05-28,YG,122870.KQ,44200.0,44250.0,42750.0,42950.0,42516.625,172312,-0.030473969853829885
2024-05-29,YG,122870.KQ,43000.0,43000.0,42200.0,42250.0,41823.6875,100355,-0.016298036356366508
2024-05-30,YG,122870.KQ,42100.0,43500.0,41950.0,42850.0,42417.6328125,102648,0.014201170389387618
2024-05-31,YG,122870.KQ,42500.0,43750.0,42400.0,43650.0,43209.5625,129283,0.01866982278338325
2024-06-03,YG,122870.KQ,43600.0,43750.0,43000.0,43200.0,42764.1015625,94950,-0.010309313765905381
2024-06-04,YG,122870.KQ,43000.0,43250.0,42200.0,42550.0,42120.65625,101159,-0.015046389120547787
2024-06-05,YG,122870.KQ,42400.0,42700.0,41900.0,42000.0,41576.2109375,122743,-0.012925850662642513
2024-06-07,YG,122870.KQ,42000.0,42200.0,41300.0,41650.0,41229.73828125,117750,-0.008333435116798849
2024-06-10,YG,122870.KQ,41400.0,41700.0,41000.0,41200.0,40784.28125,122921,-0.010804265314790507
2024-06-11,YG,122870.KQ,41050.0,41700.0,41050.0,41300.0,40883.2734375,102813,0.0024272142223911164
2024-06-12,YG,122870.KQ,41300.0,41850.0,41050.0,41400.0,40982.26171875,77945,0.002421241572090116
2024-06-13,YG,122870.KQ,41550.0,41550.0,40950.0,40950.0,40536.8046875,169243,-0.010869508235222591
2024-06-14,YG,122870.KQ,41050.0,41200.0,40650.0,40700.0,40289.32421875,117923,-0.006105080818723518
2024-06-17,YG,122870.KQ,40800.0,41000.0,40500.0,40800.0,40388.31640625,72075,0.0024570327107629186
2024-06-18,YG,122870.KQ,40800.0,40850.0,40150.0,40400.0,39992.3515625,93836,-0.009803945273854642
2024-06-19,YG,122870.KQ,40400.0,40550.0,39800.0,40000.0,39596.390625,129679,-0.009900916601045417
2024-06-20,YG,122870.KQ,40000.0,40550.0,40000.0,40200.0,39794.37109375,70241,0.004999962512366007
2024-06-21,YG,122870.KQ,39950.0,40050.0,39650.0,39900.0,39497.3984375,98614,-0.007462679974270081
2024-06-24,YG,122870.KQ,40000.0,40050.0,38850.0,38850.0,38457.9921875,170004,-0.02631581549971551
2024-06-25,YG,122870.KQ,38300.0,39200.0,38250.0,39000.0,38606.4765625,68508,0.0038609497416315364
2024-06-26,YG,122870.KQ,39250.0,40050.0,39050.0,39450.0,39051.9375,90749,0.011538502789262495
2024-06-27,YG,122870.KQ,39150.0,40000.0,39150.0,39350.0,38952.94921875,63043,-0.0025347854059737385
2024-06-28,YG,122870.KQ,39350.0,40850.0,39350.0,40300.0,39893.36328125,107670,0.02414230710026266
2024-07-01,YG,122870.KQ,40050.0,40700.0,39700.0,40300.0,39893.36328125,105397,0.0
2024-07-02,YG,122870.KQ,40050.0,40300.0,39600.0,39650.0,39249.921875,71725,-0.016129033837375628
2024-07-03,YG,122870.KQ,39300.0,39750.0,38400.0,38600.0,38210.515625,155964,-0.026481740608560123
2024-07-04,YG,122870.KQ,38600.0,38800.0,37150.0,38350.0,37963.0390625,265479,-0.006476661161255892
2024-07-05,YG,122870.KQ,38050.0,38500.0,38050.0,38150.0,37765.05859375,62380,-0.005215084820371141
2024-07-08,YG,122870.KQ,38300.0,39050.0,37800.0,38900.0,38507.48828125,80224,0.01965916948485469
2024-07-09,YG,122870.KQ,38750.0,39250.0,38500.0,38950.0,38556.98046875,64009,0.0012852613792548873
2024-07-10,YG,122870.KQ,38600.0,39200.0,38550.0,39000.0,38606.4765625,45544,0.0012837129139331438
2024-07-11,YG,122870.KQ,39000.0,39150.0,38000.0,38200.0,37814.5546875,103845,-0.020512669000445016
2024-07-12,YG,122870.KQ,38200.0,39350.0,38050.0,38300.0,37913.54296875,124874,0.0026177296564255936
2024-07-15,YG,122870.KQ,38350.0,38500.0,37700.0,37900.0,37517.578125,92148,-0.010443889247606641
2024-07-16,YG,122870.KQ,37900.0,37900.0,36600.0,36750.0,36379.18359375,190705,-0.030342964235514636
2024-07-17,YG,122870.KQ,36600.0,36700.0,35250.0,35550.0,35191.29296875,221321,-0.03265303142218068
2024-07-18,YG,122870.KQ,35400.0,35600.0,34650.0,35300.0,34943.8125,184734,-0.007032434669841825
2024-07-19,YG,122870.KQ,35000.0,35450.0,34000.0,35250.0,34894.31640625,139876,-0.001416448012076521
2024-07-22,YG,122870.KQ,36650.0,37850.0,35800.0,35800.0,35438.76953125,322319,0.015602917067103927
2024-07-23,YG,122870.KQ,35550.0,36850.0,35500.0,35700.0,35339.77734375,107850,-0.0027933302653950776
2024-07-24,YG,122870.KQ,35450.0,35850.0,34950.0,35000.0,34646.83984375,68189,-0.01960786264327019
2024-07-25,YG,122870.KQ,34500.0,36050.0,34400.0,35800.0,35438.76953125,96838,0.02285719826314425
2024-07-26,YG,122870.KQ,36100.0,36500.0,35500.0,36400.0,36032.71484375,62062,0.016759761141713847
2024-07-29,YG,122870.KQ,36400.0,38300.0,36400.0,37450.0,37072.12109375,159699,0.02884618199064981
2024-07-30,YG,122870.KQ,37600.0,38350.0,37350.0,37800.0,37418.5859375,173183,0.009345697886393944
2024-07-31,YG,122870.KQ,37800.0,38500.0,37400.0,38450.0,38062.03125,125727,0.017195874626976693
2024-08-01,YG,122870.KQ,38450.0,38650.0,38100.0,38250.0,37864.046875,63330,-0.005201623993727367
2024-08-02,YG,122870.KQ,38000.0,38600.0,37150.0,37150.0,36775.14453125,158472,-0.028758213493258578
2024-08-05,YG,122870.KQ,36350.0,36600.0,31300.0,33500.0,33161.97265625,274918,-0.09825037864717778
2024-08-06,YG,122870.KQ,34200.0,35500.0,33500.0,34200.0,33854.91015625,169774,0.02089554524342807
2024-08-07,YG,122870.KQ,33750.0,36900.0,33700.0,36050.0,35686.24609375,142842,0.05409365817389156
2024-08-08,YG,122870.KQ,35350.0,37000.0,35200.0,36400.0,36032.71484375,111502,0.009708747428625708
2024-08-09,YG,122870.KQ,36500.0,36950.0,34300.0,35400.0,35042.8046875,135748,-0.027472538789890866
2024-08-12,YG,122870.KQ,34650.0,35650.0,34150.0,35600.0,35240.7890625,63929,0.0056497867897720155
2024-08-13,YG,122870.KQ,35400.0,35650.0,34850.0,34900.0,34547.84765625,62142,-0.019663050251827796
2024-08-14,YG,122870.KQ,34900.0,35250.0,34500.0,34700.0,34349.8671875,110752,-0.005730616584856407
2024-08-16,YG,122870.KQ,35250.0,35300.0,34950.0,34950.0,34597.34375,49834,0.007204585716420464
2024-08-19,YG,122870.KQ,35000.0,35800.0,34700.0,35150.0,34795.32421875,53654,0.005722418176973498
2024-08-20,YG,122870.KQ,35100.0,35450.0,35000.0,35150.0,34795.32421875,47048,0.0
2024-08-21,YG,122870.KQ,35050.0,35700.0,35050.0,35300.0,34943.8125,36903,0.0042674780184972505
2024-08-22,YG,122870.KQ,35550.0,36200.0,35200.0,35850.0,35488.265625,66340,0.015580816346241644
2024-08-23,YG,122870.KQ,35850.0,35850.0,35000.0,35500.0,35141.796875,43471,-0.009762910187302243
2024-08-26,YG,122870.KQ,35500.0,35600.0,34900.0,34900.0,34547.84765625,65180,-0.016901503951624597
2024-08-27,YG,122870.KQ,34750.0,35050.0,34200.0,34550.0,34201.3828125,41684,-0.01002855075654252
2024-08-28,YG,122870.KQ,34700.0,35450.0,34400.0,34700.0,34349.8671875,64054,0.004341472852545936
2024-08-29,YG,122870.KQ,34200.0,34700.0,33600.0,33650.0,33310.46484375,107288,-0.030259282752867267
2024-08-30,YG,122870.KQ,33700.0,34450.0,33550.0,34150.0,33805.41796875,54600,0.01485878769094584
2024-09-02,YG,122870.KQ,34200.0,34350.0,33500.0,33800.0,33458.94921875,55261,-0.010248911885079481
2024-09-03,YG,122870.KQ,33800.0,34900.0,33650.0,33650.0,33310.46484375,70402,-0.004437807476535771
2024-09-04,YG,122870.KQ,33200.0,33250.0,31200.0,31300.0,30984.173828125,323157,-0.06983664222450736
2024-09-05,YG,122870.KQ,31500.0,32600.0,31350.0,31800.0,31479.12890625,133889,0.01597444814474014
2024-09-06,YG,122870.KQ,31600.0,32000.0,30800.0,30800.0,30489.21875,92687,-0.03144655492844528
2024-09-09,YG,122870.KQ,30100.0,30750.0,29950.0,30500.0,30192.24609375,75353,-0.00974025142084034
2024-09-10,YG,122870.KQ,30600.0,30850.0,30050.0,30200.0,29895.2734375,50102,-0.009836057089885553
2024-09-11,YG,122870.KQ,30200.0,31700.0,30200.0,31000.0,30687.203125,80503,0.026490130259408273
2024-09-12,YG,122870.KQ,31050.0,32300.0,31050.0,32000.0,31677.111328125,100154,0.03225801318851862
2024-09-13,YG,122870.KQ,32000.0,32550.0,31700.0,32300.0,31974.083984375,58848,0.00937499171480094
2024-09-19,YG,122870.KQ,32300.0,32900.0,32000.0,32900.0,32568.03125,78301,0.018575896213797627
2024-09-20,YG,122870.KQ,32700.0,33050.0,32000.0,32000.0,31677.111328125,105547,-0.02735565791607375
2024-09-23,YG,122870.KQ,31900.0,33050.0,31850.0,32600.0,32271.056640625,60910,0.01874998342960188
2024-09-24,YG,122870.KQ,32650.0,34600.0,32650.0,34350.0,34003.3984375,184909,0.053680975375755446
2024-09-25,YG,122870.KQ,34450.0,35050.0,34050.0,34150.0,33805.41796875,91635,-0.005822372993508185
2024-09-26,YG,122870.KQ,34250.0,35350.0,34250.0,35300.0,34943.8125,95020,0.03367491365740083
2024-09-27,YG,122870.KQ,35050.0,38200.0,34850.0,37850.0,37468.08203125,361811,0.07223795432310087
2024-09-30,YG,122870.KQ,37450.0,37950.0,37050.0,37250.0,36874.140625,95292,-0.015851929804002962
2024-10-02,YG,122870.KQ,36400.0,37550.0,36400.0,37000.0,36626.66015625,71664,-0.006711491157632921
2024-10-04,YG,122870.KQ,36750.0,38100.0,36750.0,37800.0,37418.5859375,83269,0.02162156685517136
2024-10-07,YG,122870.KQ,37750.0,38100.0,37300.0,37650.0,37270.1015625,55547,-0.003968198457526273
2024-10-08,YG,122870.KQ,37600.0,38850.0,37500.0,37700.0,37319.59765625,124732,0.0013280375334367989
2024-10-10,YG,122870.KQ,37600.0,37850.0,37050.0,37200.0,36824.64453125,90624,-0.013262552548368833
2024-10-11,YG,122870.KQ,37400.0,37950.0,37050.0,37250.0,36874.140625,72840,0.0013441024178251215
2024-10-14,YG,122870.KQ,37300.0,38700.0,37000.0,38300.0,37913.54296875,103478,0.028187839123369418
2024-10-15,YG,122870.KQ,38250.0,38750.0,37700.0,38400.0,38012.53515625,65495,0.0026109980695181445
2024-10-16,YG,122870.KQ,38000.0,38400.0,37650.0,37850.0,37468.08203125,44709,-0.014322989055111202
2024-10-17,YG,122870.KQ,38000.0,39050.0,38000.0,38800.0,38408.49609375,133175,0.025099071303293696
2024-10-18,YG,122870.KQ,39000.0,39000.0,37250.0,37600.0,37220.60546875,87525,-0.030927808839495197
2024-10-21,YG,122870.KQ,39050.0,40600.0,37250.0,38150.0,37765.05859375,714130,0.014627734238689794
2024-10-22,YG,122870.KQ,38500.0,41400.0,37900.0,40500.0,40091.34375,807941,0.06159887586232937
2024-10-23,YG,122870.KQ,41000.0,43100.0,39550.0,41700.0,41279.234375,945226,0.029629603647296054
2024-10-24,YG,122870.KQ,42000.0,43100.0,40950.0,41650.0,41229.73828125,592217,-0.0011990555178508222
2024-10-25,YG,122870.KQ,41800.0,42100.0,39700.0,39900.0,39497.3984375,326457,-0.042016755768197855
2024-10-28,YG,122870.KQ,40300.0,41150.0,38450.0,40400.0,39992.3515625,313008,0.012531284200482329
2024-10-29,YG,122870.KQ,39900.0,40650.0,39400.0,40550.0,40140.83984375,160838,0.0037129169815868224
2024-10-30,YG,122870.KQ,40600.0,40700.0,38250.0,38450.0,38062.03125,232159,-0.05178786995593154
2024-10-31,YG,122870.KQ,38250.0,38450.0,37600.0,38200.0,37814.5546875,151504,-0.0065019273636375274
2024-11-01,YG,122870.KQ,37800.0,43300.0,37650.0,41600.0,41180.2421875,981569,0.08900508092225556
2024-11-04,YG,122870.KQ,41350.0,42750.0,41000.0,42100.0,41675.19921875,522276,0.012019284126508545
2024-11-05,YG,122870.KQ,42400.0,44000.0,41950.0,43100.0,42665.109375,630097,0.023752979585149436
2024-11-06,YG,122870.KQ,43100.0,44750.0,42500.0,43750.0,43308.55078125,502990,0.015081208408363578
2024-11-07,YG,122870.KQ,43200.0,44600.0,42500.0,43750.0,43308.55078125,365454,0.0
2024-11-08,YG,122870.KQ,43900.0,45100.0,43650.0,44200.0,43754.0078125,313625,0.010285660065144864
2024-11-11,YG,122870.KQ,44300.0,45250.0,43050.0,43300.0,42863.08984375,375852,-0.02036197398345474
2024-11-12,YG,122870.KQ,44350.0,44800.0,42500.0,43150.0,42714.60546875,286457,-0.0034641547200930933
2024-11-13,YG,122870.KQ,43100.0,44600.0,42850.0,43850.0,43407.54296875,325293,0.01622249561703093
2024-11-14,YG,122870.KQ,45250.0,45600.0,43550.0,45000.0,44545.9375,337234,0.026225730677029047
2024-11-15,YG,122870.KQ,45000.0,45650.0,43250.0,45400.0,44941.8984375,312987,0.00888882263393831
2024-11-18,YG,122870.KQ,45850.0,46350.0,44550.0,45500.0,45040.89453125,241374,0.0022027572753222646
2024-11-19,YG,122870.KQ,45500.0,48000.0,45500.0,47900.0,47416.67578125,542714,0.05274720395154775
2024-11-20,YG,122870.KQ,47900.0,49200.0,47150.0,48100.0,47614.65625,306264,0.004175334214978621
2024-11-21,YG,122870.KQ,48650.0,49150.0,46950.0,47300.0,46822.73046875,244736,-0.016631975186211734
2024-11-22,YG,122870.KQ,47800.0,49450.0,46900.0,48900.0,48406.5859375,347160,0.03382663618489912
2024-11-25,YG,122870.KQ,49600.0,51400.0,47400.0,47600.0,47119.703125,661874,-0.026584870376141656
2024-11-26,YG,122870.KQ,47750.0,48800.0,47200.0,48300.0,47812.640625,240720,0.014705896982452504
2024-11-27,YG,122870.KQ,48300.0,49950.0,48150.0,49100.0,48604.56640625,352429,0.016563104879756985
2024-11-28,YG,122870.KQ,49400.0,49600.0,46750.0,47200.0,46723.73828125,328875,-0.03869653129460171
2024-11-29,YG,122870.KQ,46600.0,48200.0,45900.0,47750.0,47268.19140625,244108,0.011652601975524757
2024-12-02,YG,122870.KQ,48300.0,50200.0,47500.0,49250.0,48753.0546875,489552,0.03141358357649504
2024-12-03,YG,122870.KQ,49400.0,50200.0,46400.0,48600.0,48109.61328125,320359,-0.013197971088670601
2024-12-04,YG,122870.KQ,47600.0,49000.0,46700.0,47950.0,47466.171875,265486,-0.013374487183848816
2024-12-05,YG,122870.KQ,48000.0,48500.0,45300.0,45600.0,45139.88671875,427401,-0.04900932736636454
2024-12-06,YG,122870.KQ,45800.0,46000.0,43900.0,45000.0,44545.9375,294483,-0.013157968748363946
2024-12-09,YG,122870.KQ,43450.0,44100.0,42500.0,43200.0,42764.1015625,338792,-0.03999996492384972
2024-12-10,YG,122870.KQ,43850.0,45350.0,43650.0,44300.0,43853.0,227544,0.025462909255992816
2024-12-11,YG,122870.KQ,44300.0,45600.0,44100.0,44950.0,44496.44140625,140041,0.014672688442067816
2024-12-12,YG,122870.KQ,45850.0,46050.0,45000.0,45500.0,45040.89453125,204576,0.012235880169139124
2024-12-13,YG,122870.KQ,45850.0,48900.0,43500.0,48250.0,47763.14453125,385884,0.06043951898227218
2024-12-16,YG,122870.KQ,48600.0,49000.0,46900.0,46950.0,46476.26171875,172554,-0.026943008571347904
2024-12-17,YG,122870.KQ,47050.0,47350.0,45500.0,45500.0,45040.89453125,180582,-0.03088387779951174
2024-12-18,YG,122870.KQ,45500.0,46500.0,45450.0,46350.0,45882.3125,106029,0.018681200218308547
2024-12-19,YG,122870.KQ,45050.0,47600.0,45050.0,46800.0,46327.77734375,158100,0.009708857716140606
2024-12-20,YG,122870.KQ,46500.0,47050.0,45450.0,46350.0,45882.3125,160010,-0.009615502173667245
2024-12-23,YG,122870.KQ,46800.0,47050.0,45500.0,45850.0,45387.36328125,135012,-0.01078736427572169
2024-12-24,YG,122870.KQ,46050.0,46050.0,44550.0,44850.0,44397.453125,158370,-0.021810259170947255
2024-12-26,YG,122870.KQ,44850.0,46450.0,44850.0,45750.0,45288.37109375,100768,0.02006687109374594
2024-12-27,YG,122870.KQ,45600.0,45750.0,44650.0,45150.0,44940.0,125355,-0.007692285797359477
2024-12-30,YG,122870.KQ,44900.0,46300.0,43900.0,45800.0,45586.9765625,117238,0.01439645221406316
2025-01-02,YG,122870.KQ,45350.0,46400.0,44050.0,44700.0,44492.09375,210600,-0.02401744741722256
2025-01-03,YG,122870.KQ,44600.0,46250.0,44600.0,45950.0,45736.27734375,148003,0.027964150231747587
2025-01-06,YG,122870.KQ,45500.0,46100.0,44600.0,45500.0,45288.37109375,180365,-0.009793238016150174
2025-01-07,YG,122870.KQ,45600.0,47450.0,45400.0,46450.0,46233.953125,258544,0.020879135380969638
2025-01-08,YG,122870.KQ,46750.0,46800.0,45550.0,45550.0,45338.13671875,130267,-0.01937572596978754
2025-01-09,YG,122870.KQ,45450.0,45900.0,44400.0,44400.0,44193.48828125,215267,-0.02524692279704166
2025-01-10,YG,122870.KQ,44450.0,46650.0,43950.0,46250.0,46034.8828125,224976,0.04166664825214195
2025-01-13,YG,122870.KQ,46300.0,48000.0,46150.0,47350.0,47129.765625,271635,0.023783764519602624
2025-01-14,YG,122870.KQ,47350.0,49100.0,47200.0,48950.0,48722.32421875,305270,0.03379092963078989
2025-01-15,YG,122870.KQ,48950.0,49250.0,48450.0,49050.0,48821.859375,109735,0.0020429065699558713
2025-01-16,YG,122870.KQ,49100.0,49950.0,48600.0,49300.0,49070.6953125,168934,0.005096814023175522
2025-01-17,YG,122870.KQ,49100.0,50200.0,48650.0,48850.0,48622.7890625,175367,-0.00912777467585435
2025-01-20,YG,122870.KQ,48650.0,49100.0,47800.0,47950.0,47726.9765625,172838,-0.018423716888155472
2025-01-21,YG,122870.KQ,47900.0,49000.0,47700.0,48300.0,48075.34765625,130308,0.007299249163495558
2025-01-22,YG,122870.KQ,48300.0,48800.0,47450.0,48400.0,48174.8828125,147488,0.0020703990943902184
2025-01-23,YG,122870.KQ,48600.0,50000.0,48600.0,49100.0,48871.625,204517,0.014462768704840867
2025-01-24,YG,122870.KQ,49200.0,50500.0,48700.0,49750.0,49518.6015625,219508,0.013238286275522926
2025-01-31,YG,122870.KQ,50600.0,51200.0,49650.0,49850.0,49618.13671875,247209,0.002010055880200312
2025-02-03,YG,122870.KQ,49500.0,51200.0,49300.0,50500.0,50265.11328125,173535,0.01303911443041983
2025-02-04,YG,122870.KQ,50500.0,52000.0,49900.0,51700.0,51459.53515625,313011,0.0237624427168166
2025-02-05,YG,122870.KQ,51900.0,52400.0,51400.0,51700.0,51459.53515625,141220,0.0
2025-02-06,YG,122870.KQ,52900.0,53700.0,51700.0,52500.0,52255.8125,229500,0.015473854191107916
2025-02-07,YG,122870.KQ,53000.0,53400.0,51900.0,52400.0,52156.27734375,211831,-0.0019047671730297866
2025-02-10,YG,122870.KQ,53800.0,54700.0,52500.0,52700.0,52454.8828125,392294,0.005725206704879637
2025-02-11,YG,122870.KQ,52700.0,53900.0,52600.0,53800.0,53549.765625,189290,0.020872848318309156
2025-02-12,YG,122870.KQ,53800.0,53800.0,52800.0,53800.0,53549.765625,116921,0.0
2025-02-13,YG,122870.KQ,53900.0,54000.0,52400.0,53400.0,53151.625,188204,-0.007434964847243486
2025-02-14,YG,122870.KQ,53000.0,53800.0,51300.0,51700.0,51459.53515625,214818,-0.031835147914104245
2025-02-17,YG,122870.KQ,51500.0,51700.0,50100.0,51500.0,51260.46484375,223957,-0.003868482525066552
2025-02-18,YG,122870.KQ,51000.0,52400.0,51000.0,51900.0,51658.6015625,105002,0.007766935394822871
2025-02-19,YG,122870.KQ,51200.0,53400.0,51200.0,53200.0,52952.55859375,249508,0.025048239637003755
2025-02-20,YG,122870.KQ,57400.0,62000.0,56300.0,60200.0,59920.0,2713656,0.1315789376619918
2025-02-21,YG,122870.KQ,61100.0,61200.0,55500.0,57900.0,57630.6953125,946337,-0.03820601948431246
2025-02-24,YG,122870.KQ,56800.0,58400.0,56700.0,57600.0,57332.08984375,279395,-0.005181361549272068
2025-02-25,YG,122870.KQ,58500.0,60000.0,57700.0,59000.0,58725.578125,396710,0.024305555318980154
2025-02-26,YG,122870.KQ,58700.0,59700.0,58500.0,59100.0,58825.11328125,208306,0.001694919989346566
2025-02-27,YG,122870.KQ,59100.0,62800.0,58500.0,61800.0,61512.5546875,659875,0.04568527379456144
2025-02-28,YG,122870.KQ,62200.0,64700.0,61200.0,63000.0,62706.9765625,866473,0.019417529983398962
2025-03-04,YG,122870.KQ,63000.0,66000.0,62100.0,66000.0,65693.0234375,503997,0.04761905355178153
2025-03-05,YG,122870.KQ,65200.0,65400.0,62400.0,64000.0,63702.32421875,285761,-0.030303053727523177
2025-03-06,YG,122870.KQ,64500.0,64500.0,61400.0,62600.0,62308.8359375,190874,-0.021874999041869292
2025-03-07,YG,122870.KQ,61900.0,63400.0,61800.0,62500.0,62209.30078125,212148,-0.0015974484959058177
2025-03-10,YG,122870.KQ,62500.0,63800.0,59900.0,61700.0,61413.0234375,284242,-0.012799972572429263
2025-03-11,YG,122870.KQ,59700.0,62700.0,59700.0,61300.0,61014.8828125,203928,-0.006482999903191344
2025-03-12,YG,122870.KQ,62300.0,63200.0,61400.0,62400.0,62109.765625,202533,0.017944520451913304
2025-03-13,YG,122870.KQ,62900.0,63100.0,61200.0,61800.0,61512.5546875,207969,-0.009615411223828807
2025-03-14,YG,122870.KQ,61700.0,62700.0,60300.0,61300.0,61014.8828125,159587,-0.00809057398978641
2025-03-17,YG,122870.KQ,61100.0,62700.0,60600.0,62600.0,62308.8359375,216836,0.021207172174309452
2025-03-18,YG,122870.KQ,62500.0,63100.0,60600.0,62100.0,61811.16015625,189174,-0.007987242479528978
2025-03-19,YG,122870.KQ,62100.0,64100.0,62100.0,63100.0,62806.51171875,180432,0.01610310435824025
2025-03-20,YG,122870.KQ,63300.0,63500.0,60300.0,60800.0,60517.20703125,148622,-0.03645011679285093
2025-03-21,YG,122870.KQ,61400.0,61900.0,59700.0,61500.0,61213.953125,177446,0.011513189850123284
2025-03-24,YG,122870.KQ,62700.0,65100.0,62400.0,64000.0,63702.32421875,263470,0.040650390421097304
2025-03-25,YG,122870.KQ,63400.0,67000.0,63000.0,66400.0,66091.1640625,333240,0.03750004215775338
2025-03-26,YG,122870.KQ,67600.0,67700.0,64100.0,65700.0,65394.41796875,191353,-0.010542197336562475
2025-03-27,YG,122870.KQ,65300.0,67000.0,64900.0,65400.0,65095.8125,158497,-0.004566222592464864
2025-03-28,YG,122870.KQ,66200.0,66200.0,62000.0,63500.0,63204.6484375,151381,-0.029052007953660586
2025-03-31,YG,122870.KQ,61100.0,64200.0,61000.0,62900.0,62607.44140625,173604,-0.009448783372959513
2025-04-01,YG,122870.KQ,62600.0,63500.0,61400.0,61900.0,61612.08984375,180294,-0.015898294837530802
2025-04-02,YG,122870.KQ,62500.0,62500.0,60600.0,61500.0,61213.953125,119544,-0.006461990167184517
2025-04-03,YG,122870.KQ,60500.0,62750.0,60300.0,61200.0,60915.34765625,140741,-0.0048780621656674406
2025-04-04,YG,122870.KQ,61900.0,63400.0,60400.0,63300.0,63005.578125,351657,0.03431369185554578
2025-04-07,YG,122870.KQ,62000.0,62400.0,58900.0,59100.0,58825.11328125,183948,-0.06635071001897896
2025-04-08,YG,122870.KQ,60400.0,60700.0,58000.0,59100.0,58825.11328125,182446,0.0
2025-04-09,YG,122870.KQ,59600.0,59600.0,56000.0,58000.0,57730.23046875,188707,-0.018612506656217276
2025-04-10,YG,122870.KQ,60200.0,60400.0,56100.0,58000.0,57730.23046875,358699,0.0
2025-04-11,YG,122870.KQ,57600.0,61000.0,57600.0,60700.0,60417.671875,265212,0.046551717954854466
2025-04-14,YG,122870.KQ,60600.0,62800.0,59600.0,62300.0,62010.23046875,184805,0.026359151955489102
2025-04-15,YG,122870.KQ,61800.0,62900.0,61500.0,62200.0,61910.6953125,140457,-0.0016051408855859428
2025-04-16,YG,122870.KQ,61600.0,63500.0,61400.0,61900.0,61612.08984375,142430,-0.004823164515319389
2025-04-17,YG,122870.KQ,62000.0,63100.0,61400.0,62600.0,62308.8359375,100185,0.011308593743808437
2025-04-18,YG,122870.KQ,62600.0,67200.0,62600.0,66800.0,66489.296875,334800,0.06709258606104096
2025-04-21,YG,122870.KQ,66200.0,67000.0,63700.0,64100.0,63801.859375,206627,-0.04041909940862187
2025-04-22,YG,122870.KQ,64100.0,64700.0,63400.0,64000.0,63702.32421875,65316,-0.0015600667006423485
2025-04-23,YG,122870.KQ,64300.0,64300.0,61500.0,62600.0,62308.8359375,224433,-0.021874999041869292
2025-04-24,YG,122870.KQ,62300.0,62900.0,61900.0,62400.0,62109.765625,108565,-0.0031948969918115244
2025-04-25,YG,122870.KQ,62500.0,64800.0,62100.0,63500.0,63204.6484375,129374,0.01762819101766655
2025-04-28,YG,122870.KQ,63700.0,65300.0,62400.0,64400.0,64100.46484375,162773,0.014173267764250319
2025-04-29,YG,122870.KQ,65100.0,67500.0,64600.0,67000.0,66688.3671875,260510,0.040372598702025364
2025-04-30,YG,122870.KQ,67400.0,68400.0,66500.0,67100.0,66787.90625,215800,0.001492600084511464
2025-05-02,YG,122870.KQ,68400.0,68900.0,66900.0,67700.0,67385.1171875,158766,0.008941902374728139
2025-05-07,YG,122870.KQ,67500.0,68400.0,66500.0,68000.0,67683.71875,142839,0.00443126872762023
2025-05-08,YG,122870.KQ,68200.0,68900.0,67200.0,67500.0,67186.046875,197815,-0.007352903832577917
2025-05-09,YG,122870.KQ,67500.0,78000.0,66500.0,74400.0,74053.953125,1217719,0.1022222108524673
2025-05-12,YG,122870.KQ,73500.0,74100.0,70300.0,71100.0,70769.296875,411968,-0.04435490762330585
2025-05-13,YG,122870.KQ,70700.0,73700.0,70600.0,72500.0,72162.7890625,204384,0.019690632082459913
2025-05-14,YG,122870.KQ,72400.0,77200.0,72400.0,76400.0,76044.6484375,345379,0.053793089560852936
2025-05-15,YG,122870.KQ,76000.0,76800.0,75000.0,75300.0,74949.765625,139318,-0.014397894329143623
2025-05-16,YG,122870.KQ,75600.0,75900.0,73500.0,74500.0,74153.484375,114027,-0.010624199333511886
2025-05-19,YG,122870.KQ,74300.0,75100.0,72000.0,72900.0,72560.9296875,131618,-0.021476464672196993
2025-05-20,YG,122870.KQ,73900.0,75300.0,73000.0,74000.0,73655.8125,139597,0.015089150831106402
2025-05-21,YG,122870.KQ,74600.0,75000.0,73200.0,74800.0,74452.09375,99053,0.0108108406244245
2025-05-22,YG,122870.KQ,74000.0,75300.0,73300.0,74800.0,74452.09375,107969,0.0
2025-05-23,YG,122870.KQ,75300.0,79100.0,74700.0,78900.0,78533.0234375,375303,0.05481282636863383
2025-05-26,YG,122870.KQ,80000.0,81100.0,79000.0,80600.0,80225.1171875,241927,0.021546270294134917
2025-05-27,YG,122870.KQ,80300.0,82100.0,80000.0,81000.0,80623.25,173006,0.004962695306128362
2025-05-28,YG,122870.KQ,82800.0,85300.0,79000.0,79600.0,79229.765625,392411,-0.017283902286251207
2025-05-29,YG,122870.KQ,79600.0,84100.0,77900.0,82900.0,82514.4140625,391886,0.04145725298553149
2025-05-30,YG,122870.KQ,82000.0,83400.0,80600.0,81000.0,80623.25,99735,-0.022919196409339482
2025-06-02,YG,122870.KQ,83000.0,87400.0,81700.0,86000.0,85600.0,349111,0.06172847162574069
2025-06-04,YG,122870.KQ,87500.0,87800.0,84800.0,86000.0,85600.0,231628,0.0
2025-06-05,YG,122870.KQ,86600.0,88000.0,86500.0,87400.0,86993.484375,173632,0.0162790230724299
2025-06-09,YG,122870.KQ,87800.0,89200.0,86500.0,87300.0,86893.953125,219344,-0.0011441230422608584
2025-06-10,YG,122870.KQ,87400.0,91200.0,86600.0,90300.0,89880.0,332761,0.034364265493876944
2025-06-11,YG,122870.KQ,90000.0,90000.0,88000.0,88200.0,87789.765625,190082,-0.02325583416777921
2025-06-12,YG,122870.KQ,87900.0,88600.0,87300.0,88100.0,87690.2265625,179249,-0.0011338344713800463
2025-06-13,YG,122870.KQ,88000.0,88700.0,84500.0,85500.0,85102.3203125,280081,-0.029511912004874352
2025-06-16,YG,122870.KQ,85000.0,87400.0,85000.0,87200.0,86794.4140625,147374,0.01988305070633256
2025-06-17,YG,122870.KQ,87300.0,87700.0,86100.0,87600.0,87192.5546875,172450,0.004587168763110716
2025-06-18,YG,122870.KQ,86700.0,89300.0,85000.0,85600.0,85201.859375,231852,-0.02283102404367776
2025-06-19,YG,122870.KQ,87400.0,90400.0,86000.0,89500.0,89083.71875,342746,0.04556073545196626
2025-06-20,YG,122870.KQ,89300.0,94200.0,88500.0,93700.0,93264.1875,344488,0.04692741624013097
2025-06-23,YG,122870.KQ,93400.0,94000.0,92100.0,93000.0,92567.4375,202493,-0.007470713235988913
2025-06-24,YG,122870.KQ,94300.0,95300.0,92100.0,93000.0,92567.4375,207491,0.0
2025-06-25,YG,122870.KQ,93500.0,93700.0,90000.0,91700.0,91273.484375,160723,-0.013978491356639311
2025-06-26,YG,122870.KQ,92200.0,93000.0,89400.0,91500.0,91074.4140625,131642,-0.0021810311490039203
2025-06-27,YG,122870.KQ,92000.0,93500.0,90100.0,92200.0,91771.1640625,136131,0.007650337442982158
2025-06-30,YG,122870.KQ,92500.0,96200.0,92000.0,95200.0,94757.203125,187422,0.032537879332841246
2025-07-01,YG,122870.KQ,95200.0,96600.0,93400.0,95200.0,94757.203125,151026,0.0
2025-07-02,YG,122870.KQ,95300.0,96900.0,90900.0,91800.0,91373.0234375,193001,-0.035714220934061625
2025-07-03,YG,122870.KQ,93000.0,93100.0,85800.0,86500.0,86097.671875,439292,-0.05773423450421766
2025-07-04,YG,122870.KQ,86400.0,87400.0,84100.0,84800.0,84405.578125,242198,-0.019653188212297446
2025-07-07,YG,122870.KQ,86400.0,87000.0,81700.0,82700.0,82315.34375,331817,-0.02476417342825943
2025-07-08,YG,122870.KQ,84800.0,86500.0,84400.0,86000.0,85600.0,215584,0.039903329080126726
2025-07-09,YG,122870.KQ,86300.0,88200.0,84000.0,86600.0,86197.2109375,195267,0.006976763288551346
2025-07-10,YG,122870.KQ,87000.0,87900.0,84700.0,87200.0,86794.4140625,250625,0.006928334670051273
2025-07-11,YG,122870.KQ,87700.0,89300.0,86500.0,86500.0,86097.671875,199057,-0.008027500329667259
2025-07-14,YG,122870.KQ,89200.0,90300.0,86400.0,86800.0,86396.2734375,194632,0.003468172321006824
2025-07-15,YG,122870.KQ,86400.0,88600.0,85750.0,86800.0,86396.2734375,163251,0.0
2025-07-16,YG,122870.KQ,86400.0,87000.0,84500.0,84800.0,84405.578125,176926,-0.023041448818276744
2025-07-17,YG,122870.KQ,84700.0,86000.0,83000.0,85100.0,84704.1875,170931,0.003537791952064717
2025-07-18,YG,122870.KQ,85200.0,85300.0,83800.0,84900.0,84505.1171875,119102,-0.0023501826577345675
2025-07-21,YG,122870.KQ,86000.0,91800.0,85600.0,91200.0,90775.8125,522932,0.0742049182487563
2025-07-22,YG,122870.KQ,90300.0,91400.0,87500.0,87800.0,87391.625,282598,-0.037280718363165266
2025-07-23,YG,122870.KQ,88300.0,88300.0,84200.0,84800.0,84405.578125,197236,-0.034168570214823224
2025-07-24,YG,122870.KQ,85100.0,85500.0,82500.0,83500.0,83111.625,171666,-0.015330184968151306
2025-07-25,YG,122870.KQ,83600.0,84600.0,82300.0,83100.0,82713.484375,109564,-0.004790432445521353
2025-07-28,YG,122870.KQ,82900.0,83200.0,80500.0,81300.0,80921.859375,157223,-0.021660615721099008
2025-07-29,YG,122870.KQ,80900.0,81900.0,79200.0,81200.0,80822.3203125,228351,-0.001230063956374594
2025-07-30,YG,122870.KQ,81300.0,81400.0,79900.0,80300.0,79926.5078125,153045,-0.01108372658117629
2025-07-31,YG,122870.KQ,79900.0,86200.0,79900.0,85100.0,84704.1875,347240,0.05977590937299526
2025-08-01,YG,122870.KQ,83700.0,85100.0,79000.0,79400.0,79030.6953125,228557,-0.06698006739631379
2025-08-04,YG,122870.KQ,79600.0,85700.0,79000.0,84800.0,84405.578125,285348,0.06801006610465543
2025-08-05,YG,122870.KQ,85000.0,86900.0,84400.0,86300.0,85898.6015625,222600,0.01768868208317831
2025-08-06,YG,122870.KQ,87100.0,89000.0,85700.0,88800.0,88386.9765625,271315,0.02896874867269461
2025-08-07,YG,122870.KQ,89600.0,90300.0,88200.0,89200.0,88785.1171875,194148,0.004504516847212869
2025-08-08,YG,122870.KQ,90200.0,95700.0,88900.0,93200.0,92766.5078125,556790,0.044842995663247676
2025-08-11,YG,122870.KQ,94500.0,104700.0,92800.0,104300.0,103814.8828125,949468,0.11909874868127002
2025-08-12,YG,122870.KQ,102800.0,104900.0,101800.0,102100.0,101625.1171875,249090,-0.021092983642383323
2025-08-13,YG,122870.KQ,102000.0,103000.0,97100.0,99800.0,99335.8125,410858,-0.022526957418176452
2025-08-14,YG,122870.KQ,100000.0,101600.0,98100.0,99100.0,98639.0703125,238753,-0.007014008039648356
2025-08-18,YG,122870.KQ,98700.0,100300.0,97000.0,97800.0,97345.1171875,156633,-0.013118058806724453
2025-08-19,YG,122870.KQ,97800.0,101600.0,96700.0,99000.0,98539.53125,260545,0.012269891875515304
2025-08-20,YG,122870.KQ,99400.0,105100.0,96700.0,104700.0,104213.0234375,409318,0.05757579841846461
2025-08-21,YG,122870.KQ,104600.0,109800.0,103600.0,107400.0,106900.4609375,424033,0.025787923729242435
2025-08-22,YG,122870.KQ,105300.0,106100.0,101300.0,102000.0,101525.578125,315445,-0.050279323076468874
2025-08-25,YG,122870.KQ,102700.0,105400.0,100500.0,103700.0,103217.671875,220512,0.016666674361771827
2025-08-26,YG,122870.KQ,104800.0,109300.0,104000.0,104400.0,103914.4140625,302895,0.006750221883940366
2025-08-27,YG,122870.KQ,105200.0,105200.0,102600.0,103500.0,103018.6015625,142844,-0.008620676044626574
2025-08-28,YG,122870.KQ,100000.0,102300.0,98700.0,101400.0,100928.3671875,186032,-0.020289873317023033
2025-08-29,YG,122870.KQ,100900.0,103800.0,100900.0,101600.0,101127.4375,170257,0.0019723920840826192
2025-09-01,YG,122870.KQ,102800.0,104500.0,101400.0,102000.0,101525.578125,106446,0.003937018823402916
2025-09-02,YG,122870.KQ,102200.0,103000.0,101000.0,102300.0,101824.1796875,100784,0.0029411461428208163
2025-09-03,YG,122870.KQ,102300.0,102500.0,97500.0,100100.0,99634.4140625,232320,-0.021505359844001926
2025-09-04,YG,122870.KQ,100300.0,101200.0,99500.0,100000.0,99534.8828125,84390,-0.0009989645740031694
2025-09-05,YG,122870.KQ,100600.0,102300.0,98800.0,99500.0,99037.203125,146114,-0.005000052980797753
2025-09-08,YG,122870.KQ,100700.0,101200.0,99200.0,101200.0,100729.296875,93378,0.017085435539454075
2025-09-09,YG,122870.KQ,101900.0,101900.0,98800.0,99200.0,98738.6015625,160680,-0.0197628234710141
2025-09-10,YG,122870.KQ,100200.0,100800.0,98700.0,100400.0,99933.0234375,139859,0.012096807693229739
2025-09-11,YG,122870.KQ,100100.0,100300.0,97700.0,98000.0,97544.1796875,258291,-0.023904447877472923
2025-09-12,YG,122870.KQ,98500.0,99000.0,97000.0,98200.0,97743.25,197097,0.002040822047381541
2025-09-15,YG,122870.KQ,97300.0,98200.0,96400.0,97600.0,97146.046875,143692,-0.0061099167973236446
2025-09-16,YG,122870.KQ,97400.0,99200.0,97100.0,98300.0,97842.7890625,120943,0.007172110548116395
2025-09-17,YG,122870.KQ,99400.0,101500.0,97500.0,97800.0,97345.1171875,195392,-0.005086444077979979
2025-09-18,YG,122870.KQ,98800.0,99800.0,98000.0,98300.0,97842.7890625,123136,0.005112448260156777
2025-09-22,YG,122870.KQ,98600.0,99900.0,97800.0,99100.0,98639.0703125,140728,0.008138374402750781
2025-09-23,YG,122870.KQ,99300.0,99300.0,96600.0,97400.0,96946.9765625,112009,-0.01715439677846975
2025-09-24,YG,122870.KQ,98100.0,98400.0,95200.0,97800.0,97345.1171875,177095,0.004106787432853309
2025-09-25,YG,122870.KQ,96300.0,97700.0,94400.0,94900.0,94458.6015625,194317,-0.029652392522576898
2025-09-26,YG,122870.KQ,94800.0,103000.0,94500.0,100700.0,100231.625,459571,0.061116969148439004
2025-09-29,YG,122870.KQ,100100.0,101100.0,98800.0,100400.0,99933.0234375,127617,-0.002979115249303832
2025-09-30,YG,122870.KQ,99900.0,100000.0,95100.0,97700.0,97245.578125,245450,-0.026892464773476843
2025-10-01,YG,122870.KQ,98000.0,101300.0,97100.0,99000.0,98539.53125,164391,0.01330603560541066
2025-10-02,YG,122870.KQ,98500.0,99200.0,97000.0,97800.0,97345.1171875,235633,-0.012121166473480716
2025-10-10,YG,122870.KQ,99000.0,99900.0,96000.0,99600.0,99136.7421875,147499,0.018404877941120334
2025-10-13,YG,122870.KQ,99000.0,105900.0,98900.0,105500.0,105009.296875,273265,0.05923691416440824
2025-10-14,YG,122870.KQ,105000.0,105300.0,99200.0,99600.0,99136.7421875,266195,-0.05592414064528517
2025-10-15,YG,122870.KQ,101400.0,103100.0,95300.0,95800.0,95354.4140625,432344,-0.038152636868441614
2025-10-16,YG,122870.KQ,96700.0,96800.0,91600.0,93000.0,92567.4375,374115,-0.0292275568981345
2025-10-17,YG,122870.KQ,92100.0,93500.0,89700.0,90000.0,89581.390625,321548,-0.032258069961156655
2025-10-20,YG,122870.KQ,90800.0,93300.0,89500.0,92000.0,91572.09375,163200,0.02222228423907091
2025-10-21,YG,122870.KQ,92000.0,93700.0,90900.0,93400.0,92965.578125,191701,0.015217347533893255
2025-10-22,YG,122870.KQ,92700.0,92700.0,91100.0,91700.0,91273.484375,146998,-0.01820129325420683
2025-10-23,YG,122870.KQ,91700.0,93700.0,91100.0,91600.0,91173.953125,109829,-0.0010904727772972356
2025-10-24,YG,122870.KQ,92000.0,92000.0,90000.0,90500.0,90079.0703125,154083,-0.01200872370861128
2025-10-27,YG,122870.KQ,90500.0,95600.0,90200.0,93900.0,93463.25,252428,0.03756898995249047
2025-10-28,YG,122870.KQ,94000.0,96500.0,93400.0,94900.0,94458.6015625,154434,0.010649657084468966
2025-10-29,YG,122870.KQ,95100.0,95300.0,90500.0,91300.0,90875.34375,350311,-0.03793469046997355
2025-10-30,YG,122870.KQ,92400.0,93600.0,90600.0,91500.0,91074.4140625,273278,0.002190586624328361
2025-10-31,YG,122870.KQ,91700.0,92900.0,90700.0,91500.0,91074.4140625,263851,0.0
2025-11-03,YG,122870.KQ,95100.0,95300.0,90100.0,90100.0,89680.9296875,393345,-0.015300503322960957
2025-11-04,YG,122870.KQ,89300.0,89500.0,86700.0,88000.0,87590.6953125,312372,-0.023307456582838504
2025-11-05,YG,122870.KQ,86100.0,86300.0,81300.0,83800.0,83410.2265625,381949,-0.04772731549949705
2025-11-06,YG,122870.KQ,83500.0,84200.0,78800.0,79500.0,79130.234375,450047,-0.051312559189525375
2025-11-07,YG,122870.KQ,77900.0,78900.0,70400.0,72000.0,71665.1171875,891149,-0.094339631955627
2025-11-10,YG,122870.KQ,70600.0,71400.0,66300.0,67100.0,66787.90625,858545,-0.06805557750976088
2025-11-11,YG,122870.KQ,68200.0,68300.0,63200.0,63600.0,63304.18359375,646734,-0.052160980211144126
2025-11-12,YG,122870.KQ,64000.0,64600.0,63100.0,63300.0,63005.578125,300279,-0.004716994230054006
2025-11-13,YG,122870.KQ,64000.0,64200.0,62800.0,63500.0,63204.6484375,358252,0.003159566476876874
2025-11-14,YG,122870.KQ,62700.0,64200.0,61900.0,62100.0,61811.16015625,282272,-0.02204724360784871
2025-11-17,YG,122870.KQ,62400.0,62900.0,61100.0,62700.0,62408.37109375,138207,0.009661862614944283
2025-11-18,YG,122870.KQ,63200.0,64400.0,61500.0,61600.0,61313.48828125,241685,-0.017543845373808375
2025-11-19,YG,122870.KQ,62000.0,62100.0,60500.0,61100.0,60815.8125,131031,-0.0081169053531438
2025-11-20,YG,122870.KQ,61600.0,63100.0,61500.0,62500.0,62209.30078125,150570,0.022913256009693184
2025-11-21,YG,122870.KQ,60700.0,61400.0,60100.0,60700.0,60417.671875,133661,-0.028800016778037785
2025-11-24,YG,122870.KQ,61000.0,61700.0,60000.0,60500.0,60218.6015625,107637,-0.003294902076198203
2025-11-25,YG,122870.KQ,60600.0,60900.0,58400.0,58700.0,58426.9765625,149413,-0.02975201936797711
2025-11-26,YG,122870.KQ,59000.0,60900.0,58800.0,60800.0,60517.20703125,165691,0.03577509211886154
2025-11-27,YG,122870.KQ,60800.0,62900.0,60700.0,62200.0,61910.6953125,241781,0.023026315152489207
2025-11-28,YG,122870.KQ,63400.0,65600.0,63300.0,64900.0,64598.13671875,385892,0.04340835444804636
2025-12-01,YG,122870.KQ,65500.0,65800.0,63200.0,63700.0,63403.71875,183024,-0.01848997555378884
2025-12-02,YG,122870.KQ,64200.0,64900.0,62300.0,62800.0,62507.90625,181862,-0.014128705975940847
2025-12-03,YG,122870.KQ,63400.0,63400.0,62400.0,62900.0,62607.44140625,83697,0.0015923610663250987
2025-12-04,YG,122870.KQ,63000.0,63200.0,61400.0,62100.0,61811.16015625,139779,-0.012718635870024642
2025-12-05,YG,122870.KQ,61800.0,62300.0,61300.0,62100.0,61811.16015625,77103,0.0
2025-12-08,YG,122870.KQ,61900.0,61900.0,61100.0,61500.0,61213.953125,87555,-0.009661799418427708
2025-12-09,YG,122870.KQ,61900.0,62500.0,61500.0,61800.0,61512.5546875,53666,0.004877998352601942
2025-12-10,YG,122870.KQ,61400.0,63500.0,61300.0,62200.0,61910.6953125,122358,0.006472509994466247
2025-12-11,YG,122870.KQ,62500.0,62700.0,61200.0,61600.0,61313.48828125,129032,-0.009646265935724707
2025-12-12,YG,122870.KQ,61800.0,63600.0,61600.0,63600.0,63304.18359375,244496,0.03246749399363025
2025-12-15,YG,122870.KQ,62700.0,64400.0,61500.0,63000.0,62706.9765625,278582,-0.009433926754075728
2025-12-16,YG,122870.KQ,62800.0,64800.0,62100.0,63600.0,63304.18359375,185812,0.009523773334132457
2025-12-17,YG,122870.KQ,63900.0,65150.0,63000.0,64700.0,64399.06640625,211047,0.017295583804165737
2025-12-18,YG,122870.KQ,64500.0,64500.0,63100.0,63400.0,63105.11328125,185334,-0.020092731109443873
2025-12-19,YG,122870.KQ,63600.0,65100.0,63000.0,63300.0,63005.578125,281653,-0.0015772914598281007
2025-12-22,YG,122870.KQ,63900.0,64100.0,62800.0,63500.0,63204.6484375,126912,0.003159566476876874
2025-12-23,YG,122870.KQ,63800.0,66600.0,63600.0,66200.0,65892.09375,351553,0.04251974148954374
2025-12-24,YG,122870.KQ,65500.0,66600.0,64900.0,66100.0,65792.5546875,157323,-0.0015106374199863604
2025-12-26,YG,122870.KQ,66000.0,66100.0,63900.0,64500.0,64200.0,157495,-0.024205697666921155
2025-12-29,YG,122870.KQ,64000.0,65500.0,63600.0,64700.0,64700.0,104175,0.007788161993769416
2025-12-30,YG,122870.KQ,64900.0,69900.0,64800.0,69400.0,69400.0,582438,0.07264296754250377
2026-01-02,YG,122870.KQ,72400.0,72400.0,68100.0,70400.0,70400.0,656394,0.014409221902017322
2026-01-05,YG,122870.KQ,71900.0,72000.0,64600.0,65100.0,65100.0,826418,-0.07528409090909094
2026-01-06,YG,122870.KQ,65900.0,65900.0,64000.0,65100.0,65100.0,209459,0.0
2026-01-07,YG,122870.KQ,64400.0,65400.0,62400.0,64300.0,64300.0,395608,-0.01228878648233489
2026-01-08,YG,122870.KQ,64500.0,68800.0,63200.0,68200.0,68200.0,450791,0.06065318818040444
2026-01-09,YG,122870.KQ,67400.0,69200.0,66200.0,67200.0,67200.0,254229,-0.014662756598240456
2026-01-12,YG,122870.KQ,67400.0,69000.0,65800.0,68200.0,68200.0,218100,0.014880952380952328
2026-01-13,YG,122870.KQ,67700.0,68300.0,66800.0,67700.0,67700.0,169111,-0.007331378299120228
2026-01-14,YG,122870.KQ,68700.0,68800.0,66100.0,67000.0,67000.0,182943,-0.010339734121122546
2026-01-15,YG,122870.KQ,67900.0,70900.0,67100.0,69400.0,69400.0,423696,0.035820895522387985
2020-12-28,HYBE,352820.KS,156634.171875,157128.28125,153175.375,154657.71875,153829.515625,116908,
2020-12-29,HYBE,352820.KS,154657.71875,158610.625,153175.375,156634.171875,155795.390625,111993,0.012779569590483097
2020-12-30,HYBE,352820.KS,156634.171875,159104.75,155645.953125,158116.515625,157269.796875,118894,0.00946373473621498
2021-01-04,HYBE,352820.KS,158116.515625,158610.625,154163.609375,156140.0625,155303.921875,154747,-0.012500016144628812
2021-01-05,HYBE,352820.KS,155151.828125,157128.28125,153669.484375,156634.171875,155795.390625,170974,0.003164561101010488
2021-01-06,HYBE,352820.KS,158116.515625,159104.75,155645.953125,156634.171875,155795.390625,149959,0.0
2021-01-07,HYBE,352820.KS,156634.171875,157622.40625,155151.828125,155151.828125,154321.0,141526,-0.009463634444416003
2021-01-08,HYBE,352820.KS,156140.0625,160092.96875,153175.375,158610.625,157761.265625,288730,0.02229291946656642
2021-01-11,HYBE,352820.KS,160092.96875,160587.09375,152187.140625,152681.265625,151863.640625,256956,-0.037383225702681044
2021-01-12,HYBE,352820.KS,152681.265625,155151.828125,148234.234375,151693.03125,150880.71875,204916,-0.006472397678303765
2021-01-13,HYBE,352820.KS,151693.03125,177881.078125,151198.921875,166516.453125,165624.75,2104030,0.09771978402641324
2021-01-14,HYBE,352820.KS,164540.0,168492.90625,161575.3125,164045.890625,163167.421875,345554,-0.01483672050825735
2021-01-15,HYBE,352820.KS,159104.75,160587.09375,155151.828125,155151.828125,154321.0,697825,-0.05421683920321485
2021-01-18,HYBE,352820.KS,154163.609375,166516.453125,152681.265625,163551.765625,162675.9375,638199,0.05413999066880071
2021-01-19,HYBE,352820.KS,166022.34375,172445.828125,165034.109375,171457.59375,170539.421875,465209,0.04833833753071204
2021-01-20,HYBE,352820.KS,171951.71875,174916.390625,167010.5625,173928.171875,172996.78125,429048,0.014409333325881457
2021-01-21,HYBE,352820.KS,175904.625,175904.625,170963.484375,170963.484375,170047.96875,245379,-0.017045476098995316
2021-01-22,HYBE,352820.KS,170963.484375,195669.1875,169481.140625,190233.9375,189215.21875,2278635,0.11271672423314372
2021-01-25,HYBE,352820.KS,199622.09375,214445.53125,195175.078125,201104.4375,200027.5,1907101,0.05714276748682501
2021-01-26,HYBE,352820.KS,201104.4375,216421.984375,192210.390625,208022.046875,206908.078125,917164,0.03439816087787939
2021-01-27,HYBE,352820.KS,205551.46875,218892.546875,204069.125,205057.359375,203959.265625,1015151,-0.014251799768873807
2021-01-28,HYBE,352820.KS,210492.609375,222351.34375,206045.578125,217410.203125,216245.953125,1673528,0.06024088909297376
2021-01-29,HYBE,352820.KS,219386.671875,219386.671875,198139.765625,202092.671875,201010.453125,782336,-0.0704544976672613
2021-02-01,HYBE,352820.KS,202092.671875,214939.640625,196657.421875,214939.640625,213788.625,615332,0.0635696884233865
2021-02-02,HYBE,352820.KS,216421.984375,239645.34375,210986.71875,229763.0625,228532.671875,1379274,0.06896553488287793
2021-02-03,HYBE,352820.KS,228774.828125,238163.0,222845.46875,229763.0625,228532.671875,551769,0.0
2021-02-04,HYBE,352820.KS,231245.40625,244092.375,225810.15625,238657.109375,237379.078125,871763,0.038709590963162954
2021-02-05,HYBE,352820.KS,240633.578125,246562.9375,234704.203125,240139.453125,238853.5,405279,0.006211254532817678
2021-02-08,HYBE,352820.KS,244092.375,248539.40625,240139.453125,242610.03125,241310.84375,330985,0.010288079303841124
2021-02-09,HYBE,352820.KS,239151.234375,239645.34375,227292.484375,228280.71875,227058.265625,590826,-0.059063148193065795
2021-02-10,HYBE,352820.KS,229268.953125,238163.0,227786.609375,228774.828125,227549.71875,393744,0.0021644361796178124
2021-02-15,HYBE,352820.KS,230257.171875,234210.09375,223339.578125,223833.6875,222635.046875,310029,-0.02159823313339082
2021-02-16,HYBE,352820.KS,225316.03125,253480.546875,224821.921875,245080.59375,243768.171875,946405,0.09492272351830278
2021-02-17,HYBE,352820.KS,244586.484375,251998.203125,239151.234375,246068.828125,244751.109375,398411,0.004032263492151245
2021-02-18,HYBE,352820.KS,251998.203125,255951.109375,236680.65625,238657.109375,237379.078125,441614,-0.030120522308664244
2021-02-19,HYBE,352820.KS,239645.34375,243104.140625,226304.265625,231739.515625,230498.53125,346774,-0.02898548148955582
2021-02-22,HYBE,352820.KS,233221.859375,233715.96875,223833.6875,224327.8125,223126.515625,228284,-0.03198291800395148
2021-02-23,HYBE,352820.KS,224821.921875,231739.515625,218398.4375,225810.15625,224600.9375,211536,0.006608008334957338
2021-02-24,HYBE,352820.KS,231739.515625,236680.65625,207527.921875,208516.15625,207399.546875,579571,-0.07658645959569954
2021-02-25,HYBE,352820.KS,212469.0625,213951.40625,202586.78125,209504.390625,208382.484375,390458,0.004739342562751103
2021-02-26,HYBE,352820.KS,200116.21875,206539.703125,198139.765625,204069.125,202976.3125,277379,-0.025943504278753027
2021-03-02,HYBE,352820.KS,210492.609375,213951.40625,203575.015625,204563.25,203467.796875,178600,0.0024213878405145994
2021-03-03,HYBE,352820.KS,207527.921875,211974.953125,205551.46875,209998.5,208873.953125,735612,0.02657008299608843
2021-03-04,HYBE,352820.KS,207033.8125,214445.53125,206539.703125,210492.609375,209365.40625,238241,0.002352869362825194
2021-03-05,HYBE,352820.KS,207033.8125,207527.921875,202092.671875,205057.359375,203959.265625,168520,-0.025821556301161896
2021-03-08,HYBE,352820.KS,207033.8125,212963.1875,203575.015625,205551.46875,204450.71875,286465,0.0024095650839592864
2021-03-09,HYBE,352820.KS,207033.8125,208516.15625,194680.953125,197645.640625,196587.234375,307049,-0.03846151494637384
2021-03-10,HYBE,352820.KS,201104.4375,201598.5625,190233.9375,190728.046875,189706.6875,217853,-0.03499996781009196
2021-03-11,HYBE,352820.KS,192210.390625,210986.71875,190728.046875,209010.265625,207891.0,451362,0.0958548838717137
2021-03-12,HYBE,352820.KS,212469.0625,225810.15625,211974.953125,225316.03125,224109.453125,467094,0.07801421478082271
2021-03-15,HYBE,352820.KS,217410.203125,223833.6875,211480.84375,215433.75,214280.078125,359746,-0.0438597072231377
2021-03-16,HYBE,352820.KS,218398.4375,220374.890625,213457.296875,216421.984375,215263.03125,183607,0.0045872352371767455
2021-03-17,HYBE,352820.KS,217410.203125,231245.40625,217410.203125,228280.71875,227058.265625,392099,0.05479451955362169
2021-03-18,HYBE,352820.KS,229268.953125,232727.75,227292.484375,231245.40625,230007.078125,258333,0.012987029967321817
2021-03-19,HYBE,352820.KS,225810.15625,228774.828125,220374.890625,223339.578125,222143.578125,213584,-0.034188078315252945
2021-03-22,HYBE,352820.KS,224821.921875,231739.515625,223833.6875,227292.484375,226075.328125,205224,0.01769913869753026
2021-03-23,HYBE,352820.KS,229268.953125,231739.515625,217410.203125,219386.671875,218211.84375,185111,-0.03478258525694666
2021-03-24,HYBE,352820.KS,218398.4375,222845.46875,213457.296875,216421.984375,215263.03125,146528,-0.013513530930880147
2021-03-25,HYBE,352820.KS,216421.984375,232727.75,215927.875,232727.75,231481.484375,310402,0.07534249160583628
2021-03-26,HYBE,352820.KS,234210.09375,240139.453125,226304.265625,239151.234375,237870.5625,401241,0.027600817154989743
2021-03-29,HYBE,352820.KS,240633.578125,240633.578125,231245.40625,233715.96875,232464.421875,227895,-0.022727236898008374
2021-03-30,HYBE,352820.KS,235198.3125,245574.71875,234210.09375,239645.34375,238362.03125,363671,0.02536994404318449
2021-03-31,HYBE,352820.KS,242115.921875,248045.28125,238163.0,240139.453125,238853.5,280230,0.002061858373259673
2021-04-01,HYBE,352820.KS,243104.140625,244092.375,231245.40625,236186.546875,234921.75,285261,-0.016460926886145644
2021-04-02,HYBE,352820.KS,237174.78125,240633.578125,231245.40625,240139.453125,238853.5,593838,0.016736423936906553
2021-04-05,HYBE,352820.KS,251998.203125,261880.484375,240633.578125,245080.59375,243768.171875,1697326,0.02057609319101461
2021-04-06,HYBE,352820.KS,250021.734375,261386.359375,248539.40625,255951.109375,254580.46875,933883,0.0443548343158775
2021-04-07,HYBE,352820.KS,258915.796875,276209.78125,253480.546875,272751.0,271290.40625,1044384,0.06563715426421535
2021-04-08,HYBE,352820.KS,274727.4375,281645.03125,261880.484375,263856.9375,262443.96875,641095,-0.032608736970402896
2021-04-09,HYBE,352820.KS,264845.15625,268798.0625,253974.65625,254962.875,253597.53125,516295,-0.03370790931921541
2021-04-12,HYBE,352820.KS,252986.421875,259409.90625,247057.0625,249527.625,248191.390625,464004,-0.02131779674018419
2021-04-13,HYBE,352820.KS,252492.3125,255457.0,248539.40625,249527.625,248191.390625,324515,0.0
2021-04-14,HYBE,352820.KS,238657.109375,244092.375,229268.953125,232727.75,231481.484375,1031845,-0.06732669577264871
2021-04-15,HYBE,352820.KS,224821.921875,251998.203125,224821.921875,247057.0625,245734.0625,1271745,0.061571136730360854
2021-04-16,HYBE,352820.KS,253500.0,255500.0,242500.0,249000.0,247666.59375,440679,0.007864319786761387
2021-04-19,HYBE,352820.KS,250000.0,254000.0,240500.0,241500.0,240206.75,347666,-0.03012050853144177
2021-04-20,HYBE,352820.KS,241000.0,247500.0,239500.0,242000.0,240704.078125,215412,0.0020704169429044406
2021-04-21,HYBE,352820.KS,242000.0,246500.0,241000.0,242000.0,240704.078125,231381,0.0
2021-04-22,HYBE,352820.KS,246000.0,256000.0,245500.0,255000.0,253634.453125,446672,0.05371896936987142
2021-04-23,HYBE,352820.KS,256000.0,261500.0,251500.0,258500.0,257115.71875,285699,0.013725523414140905
2021-04-26,HYBE,352820.KS,260000.0,262500.0,255500.0,259000.0,257613.046875,216884,0.0019342579575367669
2021-04-27,HYBE,352820.KS,260000.0,264500.0,255000.0,256000.0,254629.125,234760,-0.01158296099982803
2021-04-28,HYBE,352820.KS,257000.0,258500.0,242000.0,244000.0,242693.375,412618,-0.04687503835234874
2021-04-29,HYBE,352820.KS,247000.0,247500.0,242000.0,243500.0,242196.046875,176278,-0.002049203547480394
2021-04-30,HYBE,352820.KS,244500.0,249000.0,240000.0,243000.0,241698.734375,183616,-0.002053346891564556
2021-05-03,HYBE,352820.KS,243000.0,245000.0,234000.0,236500.0,235233.53125,195301,-0.026749015222268913
2021-05-04,HYBE,352820.KS,237000.0,240500.0,234000.0,239500.0,238217.453125,196353,0.012684934240215773
2021-05-06,HYBE,352820.KS,240000.0,251000.0,237000.0,251000.0,249655.875,264248,0.04801672474013863
2021-05-07,HYBE,352820.KS,253500.0,256000.0,249000.0,252500.0,251147.84375,193831,0.005976101103168485
2021-05-10,HYBE,352820.KS,255500.0,262000.0,253500.0,258500.0,257115.71875,257309,0.023762397920248812
2021-05-11,HYBE,352820.KS,258000.0,261000.0,253500.0,259000.0,257613.046875,195611,0.0019342579575367669
2021-05-12,HYBE,352820.KS,259000.0,264000.0,244500.0,246000.0,244682.65625,382142,-0.05019307361119074
2021-05-13,HYBE,352820.KS,242000.0,246000.0,238000.0,240500.0,239212.109375,248997,-0.022357722279304326
2021-05-14,HYBE,352820.KS,245000.0,245000.0,241000.0,242500.0,241201.40625,149565,0.008316037512471786
2021-05-17,HYBE,352820.KS,242500.0,248500.0,242500.0,248500.0,247169.28125,143607,0.024742289411921803
2021-05-18,HYBE,352820.KS,250000.0,260500.0,249000.0,260500.0,259105.0,395521,0.048289652701330565
2021-05-20,HYBE,352820.KS,261000.0,266000.0,255000.0,266000.0,264575.5625,342100,0.021113303487003243
2021-05-21,HYBE,352820.KS,268000.0,272000.0,257500.0,261500.0,260099.65625,357864,-0.01691730788628676
2021-05-24,HYBE,352820.KS,263000.0,272000.0,261000.0,263500.0,262088.921875,543930,0.007648090173129507
2021-05-25,HYBE,352820.KS,265000.0,266000.0,255000.0,260500.0,259105.0,307669,-0.011385150710121028
2021-05-26,HYBE,352820.KS,261500.0,264000.0,256500.0,259000.0,257613.046875,257975,-0.00575810241021979
2021-05-27,HYBE,352820.KS,259500.0,260000.0,252000.0,253000.0,251645.171875,1175231,-0.023166043305623996
2021-05-28,HYBE,352820.KS,255000.0,263000.0,254500.0,261000.0,259602.34375,285689,0.031620602198370706
2021-05-31,HYBE,352820.KS,263500.0,267000.0,261500.0,265000.0,263580.90625,225074,0.015325603161084667
2021-06-01,HYBE,352820.KS,266000.0,266500.0,258000.0,261000.0,259602.34375,183347,-0.015094274303110722
2021-06-02,HYBE,352820.KS,263000.0,266500.0,261500.0,263500.0,262088.921875,204841,0.009578411693365263
2021-06-03,HYBE,352820.KS,264000.0,274000.0,262500.0,269500.0,268056.78125,410640,0.02277036103741259
2021-06-04,HYBE,352820.KS,268500.0,269000.0,260000.0,266000.0,264575.5625,284503,-0.012986870668842632
2021-06-07,HYBE,352820.KS,267000.0,268000.0,261000.0,265500.0,264078.25,153686,-0.001879661505019059
2021-06-08,HYBE,352820.KS,265000.0,267000.0,263500.0,265000.0,263580.90625,153360,-0.001883319622119628
2021-06-09,HYBE,352820.KS,265000.0,265000.0,261000.0,262000.0,260596.984375,166528,-0.011320705727333014
2021-06-10,HYBE,352820.KS,262000.0,279000.0,261500.0,272500.0,271040.75,946188,0.040076310361179646
2021-06-11,HYBE,352820.KS,272500.0,277500.0,271500.0,275500.0,274024.71875,324529,0.011009299339674872
2021-06-14,HYBE,352820.KS,277000.0,286000.0,276500.0,282000.0,280489.875,502504,0.023593332307726422
2021-06-15,HYBE,352820.KS,285000.0,293000.0,279500.0,289000.0,287452.40625,461455,0.024822754297280758
2021-06-16,HYBE,352820.KS,290500.0,298000.0,287000.0,292000.0,290436.3125,478261,0.010380522775672585
2021-06-17,HYBE,352820.KS,292000.0,301000.0,289000.0,297000.0,295409.53125,567305,0.01712326777320583
2021-06-18,HYBE,352820.KS,298500.0,326500.0,297500.0,313000.0,311323.875,1630734,0.05387214042370214
2021-06-21,HYBE,352820.KS,313000.0,321000.0,299500.0,308000.0,306350.65625,556480,-0.015974421332125566
2021-06-22,HYBE,352820.KS,311000.0,324500.0,311000.0,324500.0,322762.3125,607966,0.05357147411039698
2021-06-23,HYBE,352820.KS,334500.0,337000.0,318500.0,321500.0,319778.34375,687701,-0.009245096575517975
2021-06-24,HYBE,352820.KS,326000.0,329500.0,317500.0,322000.0,320275.65625,375522,0.0015551787971883613
2021-06-25,HYBE,352820.KS,326000.0,326500.0,312000.0,314000.0,312318.5,354850,-0.024844711406316833
2021-06-28,HYBE,352820.KS,310500.0,317000.0,307500.0,312000.0,310329.21875,331362,-0.006369399347140869
2021-06-29,HYBE,352820.KS,288500.0,294500.0,286500.0,289000.0,287452.40625,4827044,-0.07371788126218781
2021-06-30,HYBE,352820.KS,290500.0,298500.0,289000.0,292500.0,290933.65625,1002404,0.012110700499658789
2021-07-01,HYBE,352820.KS,293500.0,304500.0,292500.0,302000.0,300382.78125,734474,0.032478624583332394
2021-07-02,HYBE,352820.KS,302000.0,305500.0,296500.0,303000.0,301377.40625,654721,0.0033111917928885237
2021-07-05,HYBE,352820.KS,306000.0,315000.0,303000.0,306500.0,304858.65625,438374,0.011551131331697162
2021-07-06,HYBE,352820.KS,307500.0,308500.0,300500.0,302000.0,300382.78125,321244,-0.014681803872839794
2021-07-07,HYBE,352820.KS,303000.0,304000.0,297000.0,297500.0,295906.875,371676,-0.014900675169775557
2021-07-08,HYBE,352820.KS,298500.0,301500.0,290000.0,294000.0,292425.625,374006,-0.011764681033517688
2021-07-09,HYBE,352820.KS,291500.0,310000.0,289000.0,308000.0,306350.65625,667038,0.04761905270784661
2021-07-12,HYBE,352820.KS,310000.0,314500.0,302500.0,307000.0,305356.0,387814,-0.003246790009120426
2021-07-13,HYBE,352820.KS,306500.0,315000.0,306000.0,309000.0,307345.25,407290,0.006514527305833129
2021-07-14,HYBE,352820.KS,312000.0,323000.0,309000.0,319000.0,317291.75,530995,0.032362628021744166
2021-07-15,HYBE,352820.KS,320000.0,322000.0,315500.0,319500.0,317789.0625,238471,0.001567366627087008
2021-07-16,HYBE,352820.KS,319000.0,319000.0,314500.0,317500.0,315799.75,227008,-0.006259852004818489
2021-07-19,HYBE,352820.KS,317000.0,317500.0,310500.0,315000.0,313313.15625,209873,-0.007873957309972535
2021-07-20,HYBE,352820.KS,311500.0,318500.0,299000.0,306000.0,304361.375,484428,-0.028571354478511446
2021-07-21,HYBE,352820.KS,311000.0,312000.0,296500.0,298500.0,296901.53125,388660,-0.024509824053725593
2021-07-22,HYBE,352820.KS,301500.0,306500.0,298500.0,301500.0,299885.4375,254160,0.010050154465143013
2021-07-23,HYBE,352820.KS,300500.0,306500.0,299000.0,303000.0,301377.40625,196806,0.00497512904407027
2021-07-26,HYBE,352820.KS,305000.0,307000.0,298500.0,299000.0,297398.8125,170632,-0.013201367015215681
2021-07-27,HYBE,352820.KS,301000.0,302000.0,296500.0,298500.0,296901.53125,129698,-0.0016721023390098289
2021-07-28,HYBE,352820.KS,299000.0,303500.0,297500.0,299000.0,297398.8125,153207,0.0016749029481470945
2021-07-29,HYBE,352820.KS,299500.0,302000.0,295000.0,297000.0,295409.53125,160168,-0.006688934744821795
2021-07-30,HYBE,352820.KS,296500.0,297000.0,289500.0,289500.0,287949.71875,231902,-0.025252443509302003
2021-08-02,HYBE,352820.KS,292500.0,299000.0,291000.0,294500.0,292922.9375,197854,0.01727113598717489
2021-08-03,HYBE,352820.KS,295000.0,301000.0,289000.0,291500.0,289939.0,210664,-0.010186766271931158
2021-08-04,HYBE,352820.KS,291500.0,297500.0,290000.0,295500.0,293917.5625,131349,0.013722067400384175
2021-08-05,HYBE,352820.KS,297000.0,300500.0,295500.0,298500.0,296901.53125,166125,0.010152400301019826
2021-08-06,HYBE,352820.KS,303500.0,310500.0,298000.0,310000.0,308339.9375,326148,0.038525925419928164
2021-08-09,HYBE,352820.KS,307500.0,311500.0,304000.0,308000.0,306350.65625,189206,-0.006451584787001474
2021-08-10,HYBE,352820.KS,308000.0,316000.0,306500.0,313500.0,311821.21875,258863,0.017857192039228753
2021-08-11,HYBE,352820.KS,312500.0,313000.0,299000.0,301000.0,299388.125,239660,-0.03987250707261247
2021-08-12,HYBE,352820.KS,304000.0,305500.0,299500.0,303500.0,301874.75,158960,0.008305690147196065
2021-08-13,HYBE,352820.KS,301000.0,303000.0,296500.0,299000.0,297398.8125,162223,-0.014827134432409461
2021-08-17,HYBE,352820.KS,299500.0,303500.0,289000.0,291500.0,289939.0,222761,-0.025083531562520966
2021-08-18,HYBE,352820.KS,289500.0,295000.0,282000.0,293000.0,291430.96875,174415,0.005145802220467122
2021-08-19,HYBE,352820.KS,290500.0,294000.0,285000.0,285000.0,283473.8125,158306,-0.02730374292110982
2021-08-20,HYBE,352820.KS,284000.0,290500.0,267500.0,274000.0,272532.71875,374222,-0.03859648852043429
2021-08-23,HYBE,352820.KS,274500.0,284500.0,274500.0,283500.0,281981.84375,140378,0.034671525104726486
2021-08-24,HYBE,352820.KS,286000.0,292000.0,286000.0,288500.0,286955.09375,132347,0.017636773821541496
2021-08-25,HYBE,352820.KS,288500.0,290000.0,283500.0,285500.0,283971.125,100549,-0.010398730724744287
2021-08-26,HYBE,352820.KS,287500.0,289500.0,285000.0,287000.0,285463.09375,92775,0.0052539452734852166
2021-08-27,HYBE,352820.KS,286500.0,288000.0,283000.0,284500.0,282976.46875,90563,-0.008710845830661729
2021-08-30,HYBE,352820.KS,289500.0,291500.0,286000.0,286000.0,284468.4375,107789,0.005272412779022018
2021-08-31,HYBE,352820.KS,286500.0,290500.0,280500.0,289500.0,287949.71875,185294,0.01223784712495557
2021-09-01,HYBE,352820.KS,288500.0,291000.0,285000.0,286000.0,284468.4375,98641,-0.012089892864324936
2021-09-02,HYBE,352820.KS,287000.0,287000.0,280500.0,280500.0,278997.875,125291,-0.01923082415777677
2021-09-03,HYBE,352820.KS,284500.0,284500.0,279500.0,281000.0,279495.25,115176,0.0017827196712518756
2021-09-06,HYBE,352820.KS,280500.0,288000.0,279500.0,286500.0,284965.78125,129959,0.019572895245983712
2021-09-07,HYBE,352820.KS,286500.0,288000.0,284500.0,286000.0,284468.4375,92619,-0.0017452753373349283
2021-09-08,HYBE,352820.KS,286000.0,287000.0,278500.0,280000.0,278500.59375,131121,-0.02097893109846327
2021-09-09,HYBE,352820.KS,280000.0,283500.0,276000.0,278000.0,276511.3125,133423,-0.007142825884908888
2021-09-10,HYBE,352820.KS,276500.0,279500.0,251000.0,269500.0,268056.78125,743729,-0.030575715595722697
2021-09-13,HYBE,352820.KS,265500.0,273500.0,260500.0,264000.0,262586.28125,195104,-0.020407989585228936
2021-09-14,HYBE,352820.KS,267000.0,285000.0,267000.0,283500.0,281981.84375,402730,0.07386357888793937
2021-09-15,HYBE,352820.KS,282000.0,286500.0,279500.0,279500.0,278003.25,135386,-0.014109396892685533
2021-09-16,HYBE,352820.KS,283000.0,283000.0,274500.0,276500.0,275019.34375,113301,-0.010733350239610528
2021-09-17,HYBE,352820.KS,276000.0,278000.0,270000.0,276500.0,275019.34375,224161,0.0
2021-09-23,HYBE,352820.KS,276000.0,279500.0,270500.0,270500.0,269051.46875,145097,-0.021699837250084286
2021-09-24,HYBE,352820.KS,271000.0,275500.0,267500.0,268000.0,266564.875,121739,-0.009242074616996443
2021-09-27,HYBE,352820.KS,268000.0,283000.0,268000.0,278000.0,276511.3125,199399,0.0373133838432389
2021-09-28,HYBE,352820.KS,287500.0,294500.0,281500.0,283500.0,281981.84375,416036,0.019784113715058282
2021-09-29,HYBE,352820.KS,276500.0,289000.0,276500.0,287000.0,285463.09375,227365,0.012345653016888614
2021-09-30,HYBE,352820.KS,290000.0,302500.0,289000.0,298500.0,296901.53125,493052,0.040069759455551246
2021-10-01,HYBE,352820.KS,299500.0,302000.0,287000.0,291500.0,289939.0,325950,-0.0234506410953379
2021-10-05,HYBE,352820.KS,288000.0,300000.0,288000.0,293000.0,291430.96875,362265,0.005145802220467122
2021-10-06,HYBE,352820.KS,297000.0,297500.0,283000.0,283000.0,281484.53125,234461,-0.034129651844009845
2021-10-07,HYBE,352820.KS,286000.0,296500.0,285000.0,291500.0,289939.0,256879,0.030035287241028552
2021-10-08,HYBE,352820.KS,291500.0,295000.0,280500.0,281000.0,279495.25,243559,-0.036020507761977516
2021-10-12,HYBE,352820.KS,281000.0,282000.0,272000.0,275500.0,274024.71875,162190,-0.0195728952459836
2021-10-13,HYBE,352820.KS,272500.0,279500.0,272500.0,274500.0,273030.03125,105066,-0.0036299188793529336
2021-10-14,HYBE,352820.KS,274500.0,288500.0,273500.0,288500.0,286955.09375,258404,0.051001944497634844
2021-10-15,HYBE,352820.KS,290000.0,308500.0,290000.0,306500.0,304858.65625,757313,0.06239151313200897
2021-10-18,HYBE,352820.KS,307500.0,310500.0,303500.0,305000.0,303366.71875,332715,-0.004893866286599824
2021-10-19,HYBE,352820.KS,309000.0,324500.0,306500.0,322000.0,320275.65625,506796,0.05573761541698441
2021-10-20,HYBE,352820.KS,326000.0,338000.0,315000.0,319500.0,317789.0625,769351,-0.007763917430112177
2021-10-21,HYBE,352820.KS,321500.0,335500.0,315000.0,330500.0,328730.15625,534501,0.03442879268382626
2021-10-22,HYBE,352820.KS,331000.0,334000.0,316000.0,325000.0,323259.59375,486408,-0.01664149879769361
2021-10-25,HYBE,352820.KS,324500.0,329500.0,319000.0,326000.0,324254.28125,248602,0.003077054847656857
2021-10-26,HYBE,352820.KS,328000.0,347000.0,325500.0,342000.0,340168.59375,716852,0.04907972976841002
2021-10-27,HYBE,352820.KS,343000.0,349500.0,337000.0,348500.0,346633.75,429359,0.019005741178891533
2021-10-28,HYBE,352820.KS,346000.0,349000.0,330500.0,333500.0,331714.09375,454192,-0.04304155683051636
2021-10-29,HYBE,352820.KS,337500.0,342000.0,330500.0,335000.0,333206.03125,248223,0.004497660871546794
2021-11-01,HYBE,352820.KS,340000.0,350000.0,338000.0,348500.0,346633.75,416317,0.040298546516780664
2021-11-02,HYBE,352820.KS,352500.0,358500.0,345000.0,348000.0,346136.4375,319505,-0.0014346915151799422
2021-11-03,HYBE,352820.KS,349000.0,356000.0,341000.0,346500.0,344644.46875,264872,-0.004310348719065438
2021-11-04,HYBE,352820.KS,354000.0,372500.0,340000.0,356500.0,354590.9375,941627,0.02886008525271011
2021-11-05,HYBE,352820.KS,360500.0,388000.0,357000.0,383500.0,381446.34375,809898,0.07573630177731205
2021-11-08,HYBE,352820.KS,383500.0,397500.0,380500.0,392500.0,390398.15625,428618,0.023468077874321036
2021-11-09,HYBE,352820.KS,390000.0,394500.0,383000.0,389000.0,386916.875,323922,-0.008917258430315655
2021-11-10,HYBE,352820.KS,390500.0,396500.0,377000.0,385000.0,382938.3125,351257,-0.010282731917546917
2021-11-11,HYBE,352820.KS,379000.0,390500.0,378000.0,389000.0,386916.875,278757,0.01038956502948496
2021-11-12,HYBE,352820.KS,393000.0,401500.0,389000.0,396500.0,394376.71875,311455,0.0192802233037781
2021-11-15,HYBE,352820.KS,398500.0,413500.0,396500.0,407000.0,404820.5,266892,0.026481738787984765
2021-11-16,HYBE,352820.KS,410000.0,418000.0,404500.0,414000.0,411783.0,318155,0.017198980782840767
2021-11-17,HYBE,352820.KS,418000.0,421500.0,408500.0,414000.0,411783.0,298647,0.0
2021-11-18,HYBE,352820.KS,414000.0,419000.0,395000.0,412500.0,410291.03125,379310,-0.0036231917053399787
2021-11-19,HYBE,352820.KS,413000.0,416000.0,400000.0,400500.0,398355.28125,329932,-0.029090935679574437
2021-11-22,HYBE,352820.KS,395000.0,397500.0,370000.0,392500.0,390398.15625,566563,-0.019974945418148593
2021-11-23,HYBE,352820.KS,390500.0,406000.0,382000.0,392500.0,390398.15625,289318,0.0
2021-11-24,HYBE,352820.KS,390000.0,394000.0,374000.0,386000.0,383932.9375,317948,-0.016560577058309267
2021-11-25,HYBE,352820.KS,382500.0,394000.0,382000.0,385500.0,383435.625,236016,-0.0012953108509998756
2021-11-26,HYBE,352820.KS,388500.0,393500.0,366000.0,372000.0,370007.90625,362043,-0.03501948664785648
2021-11-29,HYBE,352820.KS,360500.0,386500.0,360000.0,369000.0,367023.96875,371140,-0.008064523621243547
2021-11-30,HYBE,352820.KS,377500.0,380000.0,357500.0,364500.0,362548.0625,532093,-0.012195133373016254
2021-12-01,HYBE,352820.KS,365000.0,369500.0,342500.0,352500.0,350612.34375,409117,-0.03292175571894007
2021-12-02,HYBE,352820.KS,344000.0,346000.0,328500.0,330000.0,328232.84375,508738,-0.06382975499561261
2021-12-03,HYBE,352820.KS,333500.0,358500.0,330000.0,354500.0,352601.625,545016,0.07424236091547431
2021-12-06,HYBE,352820.KS,347500.0,349500.0,334000.0,335000.0,333206.03125,365913,-0.05500710256227548
2021-12-07,HYBE,352820.KS,340000.0,344500.0,336000.0,339500.0,337681.96875,215082,0.01343294262474437
2021-12-08,HYBE,352820.KS,344000.0,348500.0,337500.0,341000.0,339173.9375,392299,0.004418265966414481
2021-12-09,HYBE,352820.KS,345500.0,361000.0,344500.0,354500.0,352601.625,541135,0.03958938472387774
2021-12-10,HYBE,352820.KS,350000.0,356500.0,345000.0,352000.0,350115.0,196627,-0.007052222178499656
2021-12-13,HYBE,352820.KS,351500.0,353000.0,336500.0,337500.0,335692.6875,271751,-0.04119307227625213
2021-12-14,HYBE,352820.KS,332000.0,339000.0,329000.0,331500.0,329724.78125,207992,-0.01777788576344841
2021-12-15,HYBE,352820.KS,328500.0,336000.0,328500.0,332500.0,330719.4375,118317,0.0030166257028945154
2021-12-16,HYBE,352820.KS,338000.0,338000.0,330500.0,333000.0,331216.75,108315,0.0015037292750597064
2021-12-17,HYBE,352820.KS,329500.0,334500.0,328500.0,331000.0,329227.5,108623,-0.006005885873827332
2021-12-20,HYBE,352820.KS,331000.0,338000.0,324500.0,325000.0,323259.59375,141983,-0.018126998048461962
2021-12-21,HYBE,352820.KS,325500.0,338500.0,323000.0,337000.0,335195.34375,186791,0.036923111427377364
2021-12-22,HYBE,352820.KS,340000.0,345000.0,334500.0,341000.0,339173.9375,196987,0.011869477975109843
2021-12-23,HYBE,352820.KS,346000.0,347500.0,339500.0,341000.0,339173.9375,153526,0.0
2021-12-24,HYBE,352820.KS,341000.0,345000.0,339500.0,340500.0,338676.59375,125893,-0.0014663383444667444
2021-12-27,HYBE,352820.KS,338000.0,343000.0,335500.0,341000.0,339173.9375,153394,0.0014684916500817824
2021-12-28,HYBE,352820.KS,341500.0,362000.0,341500.0,358000.0,356082.90625,485820,0.04985338459267674
2021-12-29,HYBE,352820.KS,364000.0,364000.0,346500.0,349500.0,347628.4375,334231,-0.02374297839521744
2021-12-30,HYBE,352820.KS,350000.0,356000.0,345500.0,349000.0,347131.09375,143001,-0.0014306762518530025
2022-01-04,HYBE,352820.KS,350500.0,351500.0,336000.0,337500.0,335692.6875,223248,-0.03295125805767729
2022-01-05,HYBE,352820.KS,332500.0,336000.0,310500.0,314000.0,312318.5,500313,-0.06962971899708126
2022-01-06,HYBE,352820.KS,308000.0,308500.0,296500.0,298500.0,296901.53125,459978,-0.04936297001298351
2022-01-07,HYBE,352820.KS,302500.0,307500.0,300500.0,302500.0,300880.09375,223108,0.013400276122691679
2022-01-10,HYBE,352820.KS,302000.0,302000.0,289000.0,295500.0,293917.5625,275890,-0.023140551318044822
2022-01-11,HYBE,352820.KS,294000.0,300500.0,288000.0,289000.0,287452.40625,209051,-0.02199649519072211
2022-01-12,HYBE,352820.KS,295500.0,302500.0,293000.0,297000.0,295409.53125,223419,0.02768153901999204
2022-01-13,HYBE,352820.KS,298500.0,299000.0,288000.0,291500.0,289939.0,179105,-0.018518465625844582
2022-01-14,HYBE,352820.KS,284500.0,285000.0,276500.0,284000.0,282479.15625,282689,-0.025729011102335275
2022-01-17,HYBE,352820.KS,281000.0,286500.0,278000.0,280000.0,278500.59375,142574,-0.01408444627496297
2022-01-18,HYBE,352820.KS,280000.0,284500.0,276500.0,277500.0,276014.0,151095,-0.00892850430413128
2022-01-19,HYBE,352820.KS,273000.0,276500.0,267000.0,274500.0,273030.03125,268812,-0.010810932597621892
2022-01-20,HYBE,352820.KS,275500.0,289000.0,275000.0,288000.0,286457.71875,263490,0.049180258444555314
2022-01-21,HYBE,352820.KS,286000.0,293500.0,281000.0,285000.0,283473.8125,249274,-0.010416567802818189
2022-01-24,HYBE,352820.KS,283500.0,285000.0,275000.0,277000.0,275516.625,192988,-0.02807027368709769
2022-01-25,HYBE,352820.KS,280000.0,281500.0,269000.0,271000.0,269548.78125,180016,-0.02166055768866937
2022-01-26,HYBE,352820.KS,271500.0,272500.0,251000.0,251500.0,250153.203125,430078,-0.07195572554643115
2022-01-27,HYBE,352820.KS,250000.0,255000.0,241500.0,241500.0,240206.75,309387,-0.03976144618875743
2022-01-28,HYBE,352820.KS,244500.0,244500.0,229500.0,237000.0,235730.859375,408005,-0.01863349229361788
2022-02-03,HYBE,352820.KS,244500.0,247000.0,237500.0,238000.0,236725.5,207469,0.004219390824082625
2022-02-04,HYBE,352820.KS,235000.0,264500.0,235000.0,260000.0,258607.6875,353247,0.09243696813397806
2022-02-07,HYBE,352820.KS,262500.0,262500.0,246000.0,249500.0,248163.921875,330953,-0.040384590751966765
2022-02-08,HYBE,352820.KS,249500.0,249500.0,249500.0,249500.0,248163.921875,0,0.0
2022-02-09,HYBE,352820.KS,264000.0,265000.0,255500.0,258000.0,256618.390625,178164,0.0340680816378236
2022-02-10,HYBE,352820.KS,261000.0,265000.0,253000.0,255000.0,253634.453125,204104,-0.011627917596757409
2022-02-11,HYBE,352820.KS,250000.0,258000.0,245500.0,252000.0,250650.515625,184851,-0.011764716753718818
2022-02-14,HYBE,352820.KS,247500.0,256000.0,243000.0,254000.0,252639.8125,167918,0.007936536136938122
2022-02-15,HYBE,352820.KS,254000.0,254500.0,237000.0,239000.0,237720.125,299085,-0.05905517167845431
2022-02-16,HYBE,352820.KS,245000.0,258500.0,241500.0,256500.0,255126.4375,309210,0.07322187172836125
2022-02-17,HYBE,352820.KS,260000.0,268500.0,254000.0,260000.0,258607.6875,468439,0.013645195041772196
2022-02-18,HYBE,352820.KS,255500.0,265000.0,255000.0,262500.0,261094.3125,234132,0.009615433415915087
2022-02-21,HYBE,352820.KS,259000.0,276500.0,257500.0,275500.0,274024.71875,478340,0.04952389091202436
2022-02-22,HYBE,352820.KS,275500.0,275500.0,275500.0,275500.0,274024.71875,0,0.0
2022-02-23,HYBE,352820.KS,282500.0,289500.0,280500.0,281500.0,279992.5625,536597,0.021778486908856642
2022-02-24,HYBE,352820.KS,279500.0,289000.0,277000.0,283000.0,281484.53125,461796,0.005328601362402319
2022-02-25,HYBE,352820.KS,289500.0,292000.0,282000.0,286500.0,284965.78125,305530,0.012367464686392049
2022-02-28,HYBE,352820.KS,286500.0,286500.0,286500.0,286500.0,284965.78125,0,0.0
2022-03-02,HYBE,352820.KS,286500.0,289500.0,282000.0,286500.0,284965.78125,166979,0.0
2022-03-03,HYBE,352820.KS,287500.0,288000.0,277000.0,278500.0,277008.59375,330762,-0.027923308774463584
2022-03-04,HYBE,352820.KS,278500.0,278500.0,278500.0,278500.0,277008.59375,0,0.0
2022-03-07,HYBE,352820.KS,270500.0,280500.0,270000.0,276500.0,275019.34375,177007,-0.007181185150505809
2022-03-08,HYBE,352820.KS,273000.0,276500.0,270000.0,274000.0,272532.71875,178639,-0.00904163673032543
2022-03-10,HYBE,352820.KS,274000.0,274000.0,274000.0,274000.0,272532.71875,0,0.0
2022-03-11,HYBE,352820.KS,287000.0,289500.0,282000.0,284000.0,282479.15625,224499,0.036496306005460166
2022-03-14,HYBE,352820.KS,286500.0,289500.0,280000.0,285000.0,283473.8125,206924,0.003521166882556548
2022-03-15,HYBE,352820.KS,285000.0,285000.0,285000.0,285000.0,283473.8125,0,0.0
2022-03-16,HYBE,352820.KS,285000.0,285000.0,285000.0,285000.0,283473.8125,0,0.0
2022-03-17,HYBE,352820.KS,285000.0,285000.0,285000.0,285000.0,283473.8125,0,0.0
2022-03-18,HYBE,352820.KS,281500.0,287000.0,281000.0,285500.0,283971.125,211348,0.0017543507656461177
2022-03-21,HYBE,352820.KS,285500.0,285500.0,285500.0,285500.0,283971.125,0,0.0
2022-03-22,HYBE,352820.KS,283000.0,289000.0,282000.0,289000.0,287452.40625,158891,0.012259279002398538
2022-03-23,HYBE,352820.KS,294500.0,306000.0,292000.0,297500.0,295906.875,402162,0.029411716743978467
2022-03-24,HYBE,352820.KS,297500.0,301000.0,293500.0,300000.0,298393.5,157070,0.008403403942541132
2022-03-25,HYBE,352820.KS,301000.0,303000.0,297500.0,301000.0,299388.125,149546,0.0033332663077445535
2022-03-28,HYBE,352820.KS,301000.0,301000.0,301000.0,301000.0,299388.125,0,0.0
2022-03-29,HYBE,352820.KS,298500.0,303000.0,297000.0,299000.0,297398.8125,111160,-0.006644593869579829
2022-03-30,HYBE,352820.KS,302500.0,312000.0,299500.0,309500.0,307842.625,297512,0.03511719637414501
2022-03-31,HYBE,352820.KS,310000.0,313500.0,307500.0,309500.0,307842.625,151625,0.0
2022-04-01,HYBE,352820.KS,307500.0,329500.0,304000.0,323000.0,321270.3125,715079,0.043618675289037734
2022-04-04,HYBE,352820.KS,333000.0,334500.0,308500.0,313500.0,311821.21875,561925,-0.029411661713996673
2022-04-05,HYBE,352820.KS,313500.0,317500.0,306500.0,311500.0,309831.90625,182959,-0.00637965725352041
2022-04-06,HYBE,352820.KS,308000.0,311000.0,299000.0,300000.0,298393.5,266799,-0.03691810307222032
2022-04-07,HYBE,352820.KS,295000.0,303500.0,289500.0,290000.0,288447.03125,270975,-0.03333339616982278
2022-04-08,HYBE,352820.KS,293500.0,296500.0,282000.0,283500.0,281981.84375,274873,-0.02241377722621296
2022-04-11,HYBE,352820.KS,286500.0,295000.0,281000.0,282000.0,280489.875,258351,-0.005291009981914785
2022-04-12,HYBE,352820.KS,279000.0,285000.0,276500.0,283500.0,281981.84375,181292,0.005319153677115773
2022-04-13,HYBE,352820.KS,287000.0,302500.0,286000.0,301500.0,299885.4375,320345,0.06349200896023999
2022-04-14,HYBE,352820.KS,299000.0,299500.0,292000.0,297000.0,295409.53125,194491,-0.014925387132211143
2022-04-15,HYBE,352820.KS,294000.0,300000.0,287500.0,294000.0,292425.625,126475,-0.010100913932512112
2022-04-18,HYBE,352820.KS,293500.0,293500.0,279000.0,279500.0,278003.25,267792,-0.049319805677084605
2022-04-19,HYBE,352820.KS,280500.0,283500.0,279000.0,280000.0,278500.59375,121423,0.001788985380566599
2022-04-20,HYBE,352820.KS,281500.0,281500.0,263500.0,264000.0,262586.28125,469129,-0.057142831495309854
2022-04-21,HYBE,352820.KS,263000.0,267000.0,257500.0,261000.0,259602.34375,235355,-0.011363645830221758
2022-04-22,HYBE,352820.KS,260000.0,260000.0,253500.0,254500.0,253137.140625,222681,-0.02490425560728393
2022-04-25,HYBE,352820.KS,248500.0,257000.0,246500.0,250500.0,249158.578125,168202,-0.01571702394274055
2022-04-26,HYBE,352820.KS,253000.0,264000.0,253000.0,260500.0,259105.0,252790,0.03992004589948328
2022-04-27,HYBE,352820.KS,253500.0,264000.0,251000.0,260500.0,259105.0,256788,0.0
2022-04-28,HYBE,352820.KS,263000.0,263500.0,256000.0,259000.0,257613.046875,149230,-0.00575810241021979
2022-04-29,HYBE,352820.KS,259500.0,260500.0,251000.0,251500.0,250153.203125,224108,-0.02895755413203005
2022-05-02,HYBE,352820.KS,247500.0,253500.0,244500.0,252500.0,251147.84375,146391,0.003976125880359005
2022-05-03,HYBE,352820.KS,253500.0,257000.0,251500.0,253500.0,252142.5,154984,0.003960441129608583
2022-05-04,HYBE,352820.KS,255000.0,256000.0,245000.0,247000.0,245677.296875,273895,-0.025641068542589962
2022-05-06,HYBE,352820.KS,245000.0,249000.0,240000.0,241000.0,239709.4375,198883,-0.024291456520039945
2022-05-10,HYBE,352820.KS,229500.0,233000.0,219000.0,230500.0,229265.65625,350101,-0.04356850259598144
2022-05-11,HYBE,352820.KS,230000.0,234000.0,226000.0,228000.0,226779.046875,172713,-0.010845974123086743
2022-05-12,HYBE,352820.KS,221500.0,225000.0,211500.0,213000.0,211859.375,405107,-0.06578946371189087
2022-05-13,HYBE,352820.KS,213000.0,218000.0,211500.0,215000.0,213848.65625,246632,0.009389630503724433
2022-05-16,HYBE,352820.KS,216500.0,222000.0,213000.0,215500.0,214345.96875,185060,0.00232553483721043
2022-05-17,HYBE,352820.KS,215000.0,222000.0,215000.0,219000.0,217827.25,131418,0.016241412284550005
2022-05-18,HYBE,352820.KS,222500.0,226500.0,219500.0,220000.0,218821.890625,206231,0.004566190065751652
2022-05-19,HYBE,352820.KS,212000.0,221500.0,212000.0,218500.0,217329.9375,145862,-0.006818116417597331
2022-05-20,HYBE,352820.KS,219000.0,221000.0,213000.0,221000.0,219816.515625,277547,0.011441489164372598
2022-05-23,HYBE,352820.KS,220500.0,221500.0,217500.0,221000.0,219816.515625,131124,0.0
2022-05-24,HYBE,352820.KS,221000.0,221000.0,215000.0,215500.0,214345.96875,114706,-0.024886878310511396
2022-05-25,HYBE,352820.KS,216500.0,221000.0,216000.0,219500.0,218324.578125,124760,0.018561624453224068
2022-05-26,HYBE,352820.KS,220000.0,221500.0,213500.0,214500.0,213351.328125,133881,-0.022779157723381016
2022-05-27,HYBE,352820.KS,219500.0,226500.0,215500.0,218500.0,217329.9375,253460,0.018648158462219566
2022-05-30,HYBE,352820.KS,222500.0,228000.0,220500.0,228000.0,226779.046875,214345,0.04347817647074059
2022-05-31,HYBE,352820.KS,228000.0,233000.0,225500.0,231000.0,229762.984375,242955,0.013157906522310858
2022-06-02,HYBE,352820.KS,232000.0,232500.0,224500.0,227000.0,225784.40625,137833,-0.017316009956183764
2022-06-03,HYBE,352820.KS,229000.0,232000.0,227500.0,228000.0,226779.046875,137854,0.004405267137442159
2022-06-07,HYBE,352820.KS,229500.0,230000.0,220000.0,221500.0,220313.859375,146529,-0.028508751531897913
2022-06-08,HYBE,352820.KS,221500.0,226000.0,220000.0,222000.0,220811.171875,102544,0.002257291036573017
2022-06-09,HYBE,352820.KS,222000.0,228000.0,221000.0,227500.0,226281.71875,196150,0.024774773977907394
2022-06-10,HYBE,352820.KS,223500.0,225500.0,220000.0,223500.0,222303.140625,160657,-0.01758241075318856
2022-06-13,HYBE,352820.KS,216000.0,217500.0,198500.0,199000.0,197934.34375,454935,-0.10961966981882354
2022-06-14,HYBE,352820.KS,192000.0,196000.0,184500.0,193000.0,191966.46875,499366,-0.030150780743425143
2022-06-15,HYBE,352820.KS,168000.0,168500.0,139000.0,145000.0,144223.515625,4212828,-0.24870464845178852
2022-06-16,HYBE,352820.KS,148000.0,158000.0,139000.0,148000.0,147207.453125,2713956,0.0206896738515141
2022-06-17,HYBE,352820.KS,141000.0,153000.0,140500.0,148500.0,147704.765625,879832,0.0033783106048150824
2022-06-20,HYBE,352820.KS,151500.0,152000.0,145500.0,149500.0,148699.40625,489287,0.00673397788345742
2022-06-21,HYBE,352820.KS,150000.0,151500.0,139500.0,149500.0,148699.40625,506620,0.0
2022-06-22,HYBE,352820.KS,152000.0,152500.0,139500.0,139500.0,138752.984375,481524,-0.06688945252597467
2022-06-23,HYBE,352820.KS,138000.0,146000.0,138000.0,139500.0,138752.984375,558128,0.0
2022-06-24,HYBE,352820.KS,141000.0,149500.0,140500.0,148000.0,147207.453125,406847,0.06093179752552613
2022-06-27,HYBE,352820.KS,150000.0,154000.0,144000.0,152000.0,151186.03125,395216,0.027027015552137934
2022-06-28,HYBE,352820.KS,151000.0,151000.0,142500.0,147000.0,146212.8125,538781,-0.032894697406113727
2022-06-29,HYBE,352820.KS,144000.0,150000.0,143500.0,148500.0,147704.765625,233353,0.010203983491528845
2022-06-30,HYBE,352820.KS,147500.0,152000.0,144000.0,145500.0,144720.84375,248262,-0.02020193365037204
2022-07-01,HYBE,352820.KS,146500.0,148000.0,139000.0,140000.0,139250.296875,253927,-0.03780068394605385
2022-07-04,HYBE,352820.KS,142500.0,146500.0,139500.0,142000.0,141239.578125,256569,0.014285651769817775
2022-07-05,HYBE,352820.KS,142500.0,150500.0,142000.0,150000.0,149196.75,290363,0.05633811698274638
2022-07-06,HYBE,352820.KS,149000.0,156000.0,147000.0,149500.0,148699.40625,363099,-0.0033334757627092593
2022-07-07,HYBE,352820.KS,151000.0,164500.0,150500.0,158500.0,157651.234375,406439,0.06020083301442236
2022-07-08,HYBE,352820.KS,160500.0,170500.0,158500.0,164500.0,163619.09375,427550,0.03785482174408128
2022-07-11,HYBE,352820.KS,166000.0,168500.0,158500.0,159500.0,158645.875,217806,-0.030395100205106718
2022-07-12,HYBE,352820.KS,158000.0,160000.0,152500.0,156000.0,155164.609375,188670,-0.021943625228200814
2022-07-13,HYBE,352820.KS,156000.0,161000.0,155000.0,158500.0,157651.234375,131005,0.016025722682614818
2022-07-14,HYBE,352820.KS,156500.0,165000.0,156500.0,163500.0,162624.453125,231449,0.03154570130526446
2022-07-15,HYBE,352820.KS,163500.0,164500.0,156000.0,156500.0,155661.9375,179481,-0.0428134606524907
2022-07-18,HYBE,352820.KS,158500.0,159000.0,150000.0,154500.0,153672.625,191737,-0.012779697670151413
2022-07-19,HYBE,352820.KS,153000.0,154000.0,150500.0,152500.0,151683.359375,160410,-0.01294482751888959
2022-07-20,HYBE,352820.KS,155500.0,158000.0,151000.0,153000.0,152180.6875,184814,0.0032787256759687633
2022-07-21,HYBE,352820.KS,152500.0,158500.0,152000.0,157000.0,156159.25,174637,0.0261436754253066
2022-07-22,HYBE,352820.KS,158500.0,170000.0,157000.0,167000.0,166105.703125,521238,0.06369429364574941
2022-07-25,HYBE,352820.KS,167000.0,178500.0,164500.0,176500.0,175554.84375,468714,0.05688631062769245
2022-07-26,HYBE,352820.KS,177000.0,178000.0,171000.0,172000.0,171078.9375,335739,-0.0254957718875245
2022-07-27,HYBE,352820.KS,171000.0,173000.0,167000.0,167500.0,166603.015625,220878,-0.02616290433180879
2022-07-28,HYBE,352820.KS,169000.0,173000.0,164000.0,169500.0,168592.3125,336241,0.011940341340985317
2022-07-29,HYBE,352820.KS,172500.0,179500.0,170500.0,175500.0,174560.1875,340984,0.03539826289529069
2022-08-01,HYBE,352820.KS,176000.0,188000.0,172500.0,173500.0,172570.90625,512705,-0.011395961922875508
2022-08-02,HYBE,352820.KS,174000.0,174000.0,161000.0,165500.0,164613.75,522875,-0.04610948869024667
2022-08-03,HYBE,352820.KS,166000.0,173500.0,164000.0,170500.0,169586.96875,330579,0.0302114419360473
2022-08-04,HYBE,352820.KS,173500.0,178000.0,171500.0,173500.0,172570.90625,320473,0.01759532304866429
2022-08-05,HYBE,352820.KS,174000.0,176000.0,171000.0,175000.0,174062.859375,135121,0.008645449904740143
2022-08-08,HYBE,352820.KS,175500.0,179000.0,174000.0,177500.0,176549.484375,153497,0.014285787381228987
2022-08-09,HYBE,352820.KS,177000.0,186000.0,176000.0,184000.0,183014.6875,304548,0.03661977913947112
2022-08-10,HYBE,352820.KS,184500.0,186000.0,176000.0,177000.0,176052.15625,238348,-0.038043565492523634
2022-08-11,HYBE,352820.KS,181000.0,181500.0,177500.0,180500.0,179533.40625,166745,0.01977396968121492
2022-08-12,HYBE,352820.KS,181500.0,185000.0,180000.0,183000.0,182020.03125,203145,0.013850486391025152
2022-08-16,HYBE,352820.KS,184500.0,190500.0,183000.0,187000.0,185998.609375,278176,0.02185791364652334
2022-08-17,HYBE,352820.KS,187000.0,190000.0,183500.0,186000.0,185003.953125,231715,-0.005347654228933685
2022-08-18,HYBE,352820.KS,183500.0,189500.0,180000.0,188000.0,186993.25,234636,0.01075272631420976
2022-08-19,HYBE,352820.KS,188500.0,196000.0,185000.0,186500.0,185501.28125,372611,-0.00797873051567366
2022-08-22,HYBE,352820.KS,183000.0,187000.0,181000.0,184000.0,183014.6875,169332,-0.013404725472751955
2022-08-23,HYBE,352820.KS,182000.0,182500.0,172000.0,172500.0,171576.25,358340,-0.06250010671957684
2022-08-24,HYBE,352820.KS,173000.0,176500.0,169000.0,176000.0,175057.5,197180,0.020289812838315324
2022-08-25,HYBE,352820.KS,176000.0,178500.0,172500.0,173500.0,172570.90625,199435,-0.014204439969724203
2022-08-26,HYBE,352820.KS,174500.0,177500.0,172500.0,175500.0,174560.1875,152990,0.011527326901315416
2022-08-29,HYBE,352820.KS,167000.0,171500.0,164500.0,164500.0,163619.09375,320328,-0.06267805910783641
2022-08-30,HYBE,352820.KS,165000.0,170500.0,165000.0,170000.0,169089.640625,184450,0.03343464842409327
2022-08-31,HYBE,352820.KS,168000.0,183000.0,167000.0,181500.0,180528.0625,492139,0.06764708844800049
2022-09-01,HYBE,352820.KS,178500.0,178500.0,165500.0,166500.0,165608.375,427882,-0.08264469962945509
2022-09-02,HYBE,352820.KS,168000.0,174000.0,167000.0,168500.0,167597.671875,240091,0.012012054794934057
2022-09-05,HYBE,352820.KS,167000.0,175000.0,167000.0,167500.0,166603.015625,189623,-0.005934785602164205
2022-09-06,HYBE,352820.KS,168000.0,170000.0,160000.0,160500.0,159640.515625,303572,-0.04179096022890494
2022-09-07,HYBE,352820.KS,158500.0,161000.0,155000.0,158000.0,157153.90625,240922,-0.015576305083110031
2022-09-08,HYBE,352820.KS,158000.0,161000.0,157500.0,158000.0,157153.90625,163232,0.0
2022-09-13,HYBE,352820.KS,161000.0,165000.0,160500.0,162000.0,161132.46875,198394,0.025316344944496194
2022-09-14,HYBE,352820.KS,154500.0,160000.0,153500.0,158500.0,157651.234375,172820,-0.02160479760538636
2022-09-15,HYBE,352820.KS,158500.0,159000.0,154500.0,155500.0,154667.296875,143820,-0.01892746042763105
2022-09-16,HYBE,352820.KS,155500.0,158000.0,153500.0,154000.0,153175.328125,121151,-0.009646310371647537
2022-09-19,HYBE,352820.KS,158000.0,164000.0,156500.0,157500.0,156656.578125,293981,0.02272722404197558
2022-09-20,HYBE,352820.KS,158500.0,161500.0,157000.0,157500.0,156656.578125,118153,0.0
2022-09-21,HYBE,352820.KS,156500.0,159500.0,153500.0,155500.0,154667.296875,131771,-0.012698357603679433
2022-09-22,HYBE,352820.KS,152000.0,153000.0,146000.0,149000.0,148202.09375,199068,-0.04180071195157109
2022-09-23,HYBE,352820.KS,147000.0,149000.0,143000.0,144000.0,143228.859375,145258,-0.033557112785392085
2022-09-26,HYBE,352820.KS,141000.0,145500.0,138500.0,141000.0,140244.9375,206341,-0.020833244696779496
2022-09-27,HYBE,352820.KS,140500.0,142000.0,137000.0,140000.0,139250.296875,222288,-0.0070921677654139925
2022-09-28,HYBE,352820.KS,138000.0,139000.0,129000.0,130000.0,129303.84375,323802,-0.07142859547314695
2022-09-29,HYBE,352820.KS,131500.0,137000.0,130500.0,132000.0,131293.140625,219709,0.01538466929758231
2022-09-30,HYBE,352820.KS,130000.0,136000.0,129500.0,135000.0,134277.078125,173772,0.022727291660443516
2022-10-04,HYBE,352820.KS,137000.0,138000.0,134000.0,134500.0,133779.75,136336,-0.003703745508500167
2022-10-05,HYBE,352820.KS,137000.0,137500.0,127000.0,130000.0,129303.84375,299002,-0.03345727772701024
2022-10-06,HYBE,352820.KS,129500.0,133000.0,129000.0,131000.0,130298.4921875,152272,0.007692334648791155
2022-10-07,HYBE,352820.KS,129500.0,130000.0,121000.0,123000.0,122341.328125,378378,-0.061068734786658974
2022-10-11,HYBE,352820.KS,119000.0,120500.0,114500.0,118500.0,117865.4296875,326980,-0.03658533470330516
2022-10-12,HYBE,352820.KS,116500.0,118500.0,111000.0,114500.0,113886.84375,421362,-0.033755325442316186
2022-10-13,HYBE,352820.KS,113000.0,114000.0,107000.0,109500.0,108913.625,396283,-0.04366807074675827
2022-10-14,HYBE,352820.KS,111500.0,119000.0,111500.0,118000.0,117368.1015625,457209,0.0776255180423937
2022-10-17,HYBE,352820.KS,113500.0,117000.0,109500.0,115000.0,114384.171875,425995,-0.02542368537767492
2022-10-18,HYBE,352820.KS,116500.0,124000.0,115500.0,120500.0,119854.71875,560834,0.047826082799097946
2022-10-19,HYBE,352820.KS,121500.0,125000.0,118000.0,118500.0,117865.4296875,237888,-0.01659750307077501
2022-10-20,HYBE,352820.KS,118500.0,119000.0,111500.0,113000.0,112394.8828125,310488,-0.04641349791456428
2022-10-21,HYBE,352820.KS,111000.0,113000.0,108500.0,112500.0,111897.5625,216920,-0.004424759384549892
2022-10-24,HYBE,352820.KS,114500.0,116500.0,112500.0,113000.0,112394.8828125,172825,0.0044444248953143806
2022-10-25,HYBE,352820.KS,114500.0,119000.0,113500.0,118000.0,117368.1015625,179569,0.04424773286428385
2022-10-26,HYBE,352820.KS,118000.0,119500.0,115000.0,115000.0,114384.171875,120404,-0.02542368537767492
2022-10-27,HYBE,352820.KS,117000.0,121000.0,116500.0,119000.0,118362.75,147272,0.034782593253792404
2022-10-28,HYBE,352820.KS,119000.0,123500.0,118000.0,119000.0,118362.75,159529,0.0
2022-10-31,HYBE,352820.KS,121500.0,123000.0,118500.0,121000.0,120352.0390625,147619,0.01680671547847612
2022-11-01,HYBE,352820.KS,121000.0,124000.0,120000.0,122000.0,121346.6875,141844,0.008264491779681915
2022-11-02,HYBE,352820.KS,121000.0,129000.0,119500.0,127000.0,126319.90625,202996,0.04098355589640623
2022-11-03,HYBE,352820.KS,123500.0,129000.0,120500.0,124500.0,123833.296875,276169,-0.01968501599485628
2022-11-04,HYBE,352820.KS,122500.0,124000.0,119500.0,122500.0,121844.0078125,163152,-0.016064250187153073
2022-11-07,HYBE,352820.KS,121500.0,125500.0,121500.0,123500.0,122838.6484375,74092,0.00816322971360739
2022-11-08,HYBE,352820.KS,125500.0,129500.0,123500.0,129500.0,128806.5234375,174799,0.04858304023946047
2022-11-09,HYBE,352820.KS,131000.0,133000.0,129500.0,130500.0,129801.171875,167942,0.007722034652869247
2022-11-10,HYBE,352820.KS,126000.0,130000.0,126000.0,126500.0,125822.5859375,161369,-0.03065138688679503
2022-11-11,HYBE,352820.KS,133500.0,144000.0,133000.0,141000.0,140244.9375,412850,0.11462450445633054
2022-11-14,HYBE,352820.KS,139500.0,141000.0,135000.0,135500.0,134774.390625,186311,-0.03900708982810874
2022-11-15,HYBE,352820.KS,134500.0,139000.0,134500.0,138000.0,137261.0,105371,0.018450162256113067
2022-11-16,HYBE,352820.KS,140000.0,142500.0,138000.0,140500.0,139747.625,163231,0.018116034416185256
2022-11-17,HYBE,352820.KS,140000.0,147000.0,140000.0,143000.0,142234.21875,209807,0.017793459817295743
2022-11-18,HYBE,352820.KS,143000.0,146000.0,137000.0,137000.0,136266.359375,146362,-0.04195797205094154
2022-11-21,HYBE,352820.KS,139500.0,143000.0,135500.0,137500.0,136763.671875,169182,0.0036495618014671383
2022-11-22,HYBE,352820.KS,136500.0,138500.0,131500.0,132000.0,131293.140625,109850,-0.03999988575182445
2022-11-23,HYBE,352820.KS,135000.0,143500.0,134500.0,141000.0,140244.9375,201975,0.06818175597282838
2022-11-24,HYBE,352820.KS,142000.0,144000.0,139000.0,143000.0,142234.21875,134981,0.014184335530827985
2022-11-25,HYBE,352820.KS,142000.0,144000.0,138500.0,139000.0,138255.65625,138106,-0.027971908131284362
2022-11-28,HYBE,352820.KS,139000.0,140000.0,135500.0,138000.0,137261.0,113583,-0.007194325910264476
2022-11-29,HYBE,352820.KS,137000.0,146000.0,137000.0,144000.0,143228.859375,168762,0.043478186629851256
2022-11-30,HYBE,352820.KS,143500.0,144500.0,140500.0,143000.0,142234.21875,125388,-0.006944414898926499
2022-12-01,HYBE,352820.KS,147000.0,156000.0,145500.0,153500.0,152678.0,393983,0.07342664333367388
2022-12-02,HYBE,352820.KS,153500.0,154000.0,150000.0,151000.0,150191.390625,152969,-0.016286625283275957
2022-12-05,HYBE,352820.KS,151500.0,155500.0,150500.0,152000.0,151186.03125,172743,0.006622487619702744
2022-12-06,HYBE,352820.KS,150500.0,150500.0,145000.0,145000.0,144223.515625,166530,-0.04605263837825624
2022-12-07,HYBE,352820.KS,144500.0,149000.0,143000.0,145000.0,144223.515625,113589,0.0
2022-12-08,HYBE,352820.KS,145500.0,147500.0,141500.0,145000.0,144223.515625,128477,0.0
2022-12-09,HYBE,352820.KS,147500.0,158500.0,147000.0,156500.0,155661.9375,404438,0.07931038031787674
2022-12-12,HYBE,352820.KS,155000.0,162500.0,154000.0,157000.0,156159.25,249465,0.003194824039756128
2022-12-13,HYBE,352820.KS,157500.0,159000.0,154500.0,155500.0,154667.296875,180480,-0.009554048991654351
2022-12-14,HYBE,352820.KS,156500.0,164500.0,156500.0,163000.0,162127.140625,262419,0.04823155185823769
2022-12-15,HYBE,352820.KS,161500.0,165000.0,155500.0,157500.0,156656.578125,237924,-0.03374242263763483
2022-12-16,HYBE,352820.KS,153500.0,166500.0,153000.0,164000.0,163121.78125,319185,0.04126991156312165
2022-12-19,HYBE,352820.KS,164500.0,169000.0,162000.0,167000.0,166105.703125,202717,0.01829260232529495
2022-12-20,HYBE,352820.KS,167000.0,168500.0,161000.0,162500.0,161629.796875,166667,-0.026946132286810975
2022-12-21,HYBE,352820.KS,165000.0,169000.0,160500.0,169000.0,168095.0,229363,0.040000069603502775
2022-12-22,HYBE,352820.KS,169500.0,177000.0,169000.0,175000.0,174062.859375,341749,0.035502896427615394
2022-12-23,HYBE,352820.KS,173000.0,179500.0,172500.0,175000.0,174062.859375,283230,0.0
2022-12-26,HYBE,352820.KS,173500.0,174500.0,169000.0,171500.0,170581.625,190601,-0.01999986894102468
2022-12-27,HYBE,352820.KS,173000.0,175000.0,168000.0,170500.0,169586.96875,202232,-0.005830969484550308
2022-12-28,HYBE,352820.KS,170000.0,171500.0,166500.0,170000.0,169089.640625,174958,-0.002932584553316353
2022-12-29,HYBE,352820.KS,168000.0,175500.0,168000.0,173500.0,172570.90625,194427,0.02058828448704686
2023-01-02,HYBE,352820.KS,174500.0,176000.0,166500.0,169500.0,168592.3125,183432,-0.02305483488761595
2023-01-03,HYBE,352820.KS,170000.0,182000.0,170000.0,176500.0,175554.84375,522683,0.04129803516396979
2023-01-04,HYBE,352820.KS,176500.0,177000.0,169000.0,171500.0,170581.625,251334,-0.02832857609489914
2023-01-05,HYBE,352820.KS,172000.0,177000.0,171000.0,172000.0,171078.9375,173260,0.002915393143898104
2023-01-06,HYBE,352820.KS,170000.0,172000.0,160500.0,168000.0,167100.34375,509214,-0.023255894665583865
2023-01-09,HYBE,352820.KS,170500.0,176500.0,170500.0,173500.0,172570.90625,204808,0.032738188188197626
2023-01-10,HYBE,352820.KS,173500.0,175000.0,169500.0,170500.0,169586.96875,179809,-0.017291080894465627
2023-01-11,HYBE,352820.KS,172000.0,176000.0,167000.0,174500.0,173565.546875,200157,0.023460400019680083
2023-01-12,HYBE,352820.KS,174500.0,177000.0,171500.0,173000.0,172073.5625,167481,-0.008596086042781947
2023-01-13,HYBE,352820.KS,174000.0,177500.0,173000.0,174500.0,173565.546875,145611,0.008670619433476245
2023-01-16,HYBE,352820.KS,173500.0,179000.0,173000.0,178500.0,177544.109375,223077,0.022922536019578388
2023-01-17,HYBE,352820.KS,178500.0,180500.0,176000.0,177000.0,176052.15625,167937,-0.008403281473274737
2023-01-18,HYBE,352820.KS,177500.0,182000.0,176000.0,179000.0,178041.453125,221721,0.011299474640771301
2023-01-19,HYBE,352820.KS,179500.0,189000.0,179500.0,188000.0,186993.25,399272,0.05027928450300334
2023-01-20,HYBE,352820.KS,187500.0,191000.0,186000.0,187000.0,185998.609375,181112,-0.005319125824060467
2023-01-25,HYBE,352820.KS,188000.0,188500.0,185000.0,186600.0,185600.75,1464,-0.0021390448903725323
2023-01-26,HYBE,352820.KS,187000.0,194200.0,186200.0,191200.0,190176.109375,867,0.02465162115454822
2023-01-27,HYBE,352820.KS,192200.0,194800.0,189000.0,194000.0,192961.125,944,0.014644403201604872
2023-01-30,HYBE,352820.KS,194900.0,196000.0,187700.0,188900.0,187888.4375,987,-0.026288650110222966
2023-01-31,HYBE,352820.KS,186100.0,193500.0,185700.0,188900.0,187888.4375,451,0.0
2023-02-01,HYBE,352820.KS,189500.0,191500.0,188500.0,189500.0,188485.234375,532,0.0031763363565147085
2023-02-02,HYBE,352820.KS,189700.0,192000.0,187300.0,187800.0,186794.328125,1421,-0.008971027654271713
2023-02-03,HYBE,352820.KS,187900.0,197200.0,187100.0,187900.0,186893.796875,2439,0.0005325041236445838
2023-02-06,HYBE,352820.KS,195400.0,195500.0,188800.0,188900.0,187888.4375,1333,0.005321956328305788
2023-02-07,HYBE,352820.KS,188800.0,190600.0,184300.0,189400.0,188385.75,662,0.002646849942535612
2023-02-08,HYBE,352820.KS,189600.0,200000.0,189600.0,197600.0,196541.84375,814,0.043294642774201364
2023-02-09,HYBE,352820.KS,198000.0,205500.0,196800.0,197600.0,196541.84375,2276,0.0
2023-02-10,HYBE,352820.KS,212500.0,218500.0,193800.0,198300.0,197238.09375,10226,0.0035425026381945557
2023-02-13,HYBE,352820.KS,204000.0,204500.0,188800.0,189000.0,187987.890625,7194,-0.04689866419376709
2023-02-14,HYBE,352820.KS,191300.0,203000.0,189900.0,202000.0,200918.28125,14374,0.0687831039648914
2023-02-15,HYBE,352820.KS,199900.0,201500.0,192500.0,197200.0,196143.984375,4188,-0.023762381627480678
2023-02-16,HYBE,352820.KS,194100.0,196200.0,189800.0,190500.0,189479.859375,6876,-0.03397567874046614
2023-02-17,HYBE,352820.KS,189400.0,189400.0,179900.0,182000.0,181025.390625,7182,-0.04461935309582288
2023-02-20,HYBE,352820.KS,181000.0,188100.0,181000.0,184500.0,183511.984375,3002,0.013736160112207907
2023-02-21,HYBE,352820.KS,183800.0,184500.0,180900.0,182100.0,181124.84375,2994,-0.013008091177968861
2023-02-22,HYBE,352820.KS,183900.0,192900.0,183800.0,187700.0,186694.859375,3345,0.03075235572149393
2023-02-23,HYBE,352820.KS,192000.0,192100.0,187600.0,187700.0,186694.859375,2509,0.0
2023-02-24,HYBE,352820.KS,187600.0,188200.0,182700.0,183200.0,182218.96875,1863,-0.023974364586062946
2023-02-27,HYBE,352820.KS,181000.0,185200.0,178100.0,182400.0,181423.25,293030,-0.0043668272049750545
2023-02-28,HYBE,352820.KS,184000.0,190000.0,183000.0,185100.0,184108.765625,350642,0.01480248879347057
2023-03-02,HYBE,352820.KS,185100.0,189900.0,182500.0,187000.0,185998.609375,208411,0.010264822229319126
2023-03-03,HYBE,352820.KS,185200.0,188900.0,185200.0,187400.0,186396.46875,124515,0.0021390448903726433
2023-03-06,HYBE,352820.KS,194200.0,195900.0,189400.0,191800.0,190772.890625,354913,0.02347910292694322
2023-03-07,HYBE,352820.KS,186900.0,191000.0,184000.0,188500.0,187490.578125,308012,-0.01720534028313281
2023-03-08,HYBE,352820.KS,188500.0,189900.0,175400.0,177200.0,176251.078125,475591,-0.05994701233736999
2023-03-09,HYBE,352820.KS,177800.0,179500.0,174800.0,176500.0,175554.84375,216070,-0.003950241793733711
2023-03-10,HYBE,352820.KS,174100.0,189800.0,173900.0,183700.0,182716.28125,505221,0.04079316381721876
2023-03-13,HYBE,352820.KS,185600.0,196600.0,182600.0,189600.0,188584.6875,849993,0.03211758804334797
2023-03-14,HYBE,352820.KS,187700.0,189300.0,173000.0,173700.0,172769.828125,431611,-0.08386078204255054
2023-03-15,HYBE,352820.KS,176400.0,176400.0,170300.0,173500.0,172570.90625,244634,-0.0011513692938102116
2023-03-16,HYBE,352820.KS,172000.0,178000.0,171000.0,176500.0,175554.84375,236020,0.017291080894465738
2023-03-17,HYBE,352820.KS,176600.0,183100.0,176500.0,179400.0,178439.3125,201551,0.016430584815464444
2023-03-20,HYBE,352820.KS,179300.0,188000.0,179300.0,184000.0,183014.6875,231416,0.025641070546043476
2023-03-21,HYBE,352820.KS,186500.0,191300.0,186100.0,189600.0,188584.6875,287767,0.03043471579296053
2023-03-22,HYBE,352820.KS,189200.0,191200.0,188100.0,190300.0,189280.921875,126708,0.003691892402451824
2023-03-23,HYBE,352820.KS,190000.0,191000.0,185400.0,188400.0,187391.109375,180348,-0.009984167877457928
2023-03-24,HYBE,352820.KS,187000.0,190600.0,184800.0,187500.0,186495.9375,159391,-0.004777024256837126
2023-03-27,HYBE,352820.KS,186400.0,188600.0,177900.0,182100.0,181124.84375,237102,-0.028800057642006327
2023-03-28,HYBE,352820.KS,181400.0,187800.0,178900.0,187300.0,186297.0,195777,0.02855575272235389
2023-03-29,HYBE,352820.KS,186000.0,191300.0,186000.0,190100.0,189082.015625,169791,0.014949331578071545
2023-03-30,HYBE,352820.KS,189900.0,192000.0,187000.0,188000.0,186993.25,129308,-0.011046876235667913
2023-03-31,HYBE,352820.KS,189000.0,191300.0,185300.0,188900.0,187888.4375,137451,0.004787271733070586
2023-04-03,HYBE,352820.KS,188000.0,189500.0,183700.0,184000.0,183014.6875,141199,-0.02593959513873756
2023-04-04,HYBE,352820.KS,184900.0,190900.0,184500.0,190300.0,189280.921875,191538,0.03423896989141917
2023-04-05,HYBE,352820.KS,190200.0,191300.0,188200.0,190700.0,189678.78125,114403,0.0021019518029543605
2023-04-06,HYBE,352820.KS,190300.0,212500.0,190300.0,205000.0,203902.203125,862698,0.07498688984221835
2023-04-07,HYBE,352820.KS,206000.0,219000.0,200500.0,217000.0,215837.953125,493700,0.05853664068888409
2023-04-10,HYBE,352820.KS,218500.0,223000.0,215000.0,222000.0,220811.171875,265446,0.02304144696516741
2023-04-11,HYBE,352820.KS,222500.0,227000.0,216000.0,224500.0,223297.796875,223899,0.011261318795081854
2023-04-12,HYBE,352820.KS,223500.0,237000.0,222500.0,235500.0,234238.890625,321808,0.04899776846488413
2023-04-13,HYBE,352820.KS,238000.0,249500.0,231500.0,245000.0,243688.015625,511910,0.04033969327120568
2023-04-14,HYBE,352820.KS,246000.0,263000.0,245500.0,259000.0,257613.046875,625603,0.057142864470727917
2023-04-17,HYBE,352820.KS,265000.0,270000.0,254500.0,260000.0,258607.6875,347729,0.0038609869999426394
2023-04-18,HYBE,352820.KS,262000.0,270000.0,256500.0,258500.0,257115.71875,246929,-0.005769235881667334
2023-04-19,HYBE,352820.KS,260500.0,261500.0,249500.0,251500.0,250153.203125,241084,-0.027079307554003784
2023-04-20,HYBE,352820.KS,250500.0,267000.0,242500.0,257000.0,255623.75,436176,0.021868786034558108
2023-04-21,HYBE,352820.KS,255500.0,258500.0,243500.0,250000.0,248661.234375,231363,-0.02723735812889061
2023-04-24,HYBE,352820.KS,250000.0,262000.0,247500.0,259000.0,257613.046875,270654,0.03600003242363048
2023-04-25,HYBE,352820.KS,261000.0,265000.0,257000.0,260500.0,259105.0,193822,0.005791450173421975
2023-04-26,HYBE,352820.KS,260000.0,270000.0,259500.0,265000.0,263580.90625,265975,0.017274488141872935
2023-04-27,HYBE,352820.KS,265000.0,269000.0,259500.0,264000.0,262586.28125,175062,-0.0037735092960664574
2023-04-28,HYBE,352820.KS,264000.0,277000.0,263000.0,270000.0,268554.15625,248614,0.022727291660443516
2023-05-02,HYBE,352820.KS,270500.0,285000.0,269000.0,284500.0,282976.46875,447119,0.053703553508120505
2023-05-03,HYBE,352820.KS,285500.0,303000.0,285000.0,294500.0,292922.9375,573639,0.03514945533788305
2023-05-04,HYBE,352820.KS,295000.0,298000.0,284000.0,292500.0,290933.65625,258060,-0.006791141953504387
2023-05-08,HYBE,352820.KS,290000.0,294500.0,276000.0,279000.0,277505.96875,309476,-0.04615377840115398
2023-05-09,HYBE,352820.KS,278000.0,283000.0,273000.0,277500.0,276014.0,182461,-0.005376348324039437
2023-05-10,HYBE,352820.KS,277500.0,282500.0,271000.0,279500.0,278003.25,171679,0.007207061960625261
2023-05-11,HYBE,352820.KS,281000.0,282000.0,269000.0,277500.0,276014.0,210118,-0.007155491887235077
2023-05-12,HYBE,352820.KS,280500.0,287500.0,277500.0,282000.0,280489.875,243863,0.016216115849196022
2023-05-15,HYBE,352820.KS,280000.0,289500.0,276500.0,278500.0,277008.59375,160301,-0.012411432854750992
2023-05-16,HYBE,352820.KS,279000.0,288000.0,276500.0,284000.0,282479.15625,297601,0.019748710413429293
2023-05-17,HYBE,352820.KS,285000.0,295000.0,282500.0,292000.0,290436.3125,372362,0.02816900317755744
2023-05-18,HYBE,352820.KS,292500.0,294000.0,284500.0,286000.0,284468.4375,159742,-0.020547964366542493
2023-05-19,HYBE,352820.KS,286000.0,288500.0,276500.0,281000.0,279495.25,205231,-0.017482387655045173
2023-05-22,HYBE,352820.KS,281000.0,281000.0,261000.0,269000.0,267559.5,483751,-0.04270466134934314
2023-05-23,HYBE,352820.KS,271000.0,273500.0,267500.0,273000.0,271538.0625,236713,0.014869823347704036
2023-05-24,HYBE,352820.KS,278000.0,278500.0,263500.0,267500.0,266067.5,309525,-0.020146577056761594
2023-05-25,HYBE,352820.KS,263000.0,272000.0,262500.0,267000.0,265570.1875,183552,-0.0018691215574995201
2023-05-26,HYBE,352820.KS,264500.0,272000.0,263000.0,270000.0,268554.15625,192873,0.01123608330471959
2023-05-30,HYBE,352820.KS,270500.0,278500.0,265500.0,276000.0,274522.0,198316,0.022222123959401596
2023-05-31,HYBE,352820.KS,272500.0,279000.0,270000.0,274000.0,272532.71875,250839,-0.007246345465937165
2023-06-01,HYBE,352820.KS,274000.0,283000.0,272500.0,277500.0,276014.0,273680,0.012773810300529265
2023-06-02,HYBE,352820.KS,276000.0,278000.0,263500.0,270000.0,268554.15625,448545,-0.027027048446817914
2023-06-05,HYBE,352820.KS,270000.0,271000.0,264000.0,265000.0,263580.90625,165535,-0.018518611178634514
2023-06-07,HYBE,352820.KS,265000.0,272000.0,265000.0,269000.0,267559.5,174858,0.015094392862533113
2023-06-08,HYBE,352820.KS,267500.0,271000.0,265000.0,268000.0,266564.875,151260,-0.003717397438700587
2023-06-09,HYBE,352820.KS,270500.0,286500.0,269000.0,280500.0,278997.875,430504,0.04664155395567393
2023-06-12,HYBE,352820.KS,284500.0,295000.0,281000.0,294000.0,292425.625,402574,0.04812850277085445
2023-06-13,HYBE,352820.KS,294500.0,296500.0,289000.0,294000.0,292425.625,209505,0.0
2023-06-14,HYBE,352820.KS,295000.0,307500.0,288500.0,292000.0,290436.3125,448757,-0.006802798147392153
2023-06-15,HYBE,352820.KS,296000.0,302500.0,295500.0,300500.0,298890.8125,329373,0.029109652051514834
2023-06-16,HYBE,352820.KS,302500.0,303000.0,295000.0,297500.0,295906.875,213190,-0.00998336976316394
2023-06-19,HYBE,352820.KS,298500.0,306500.0,295000.0,300500.0,298890.8125,221540,0.010084042488029299
2023-06-20,HYBE,352820.KS,299500.0,303500.0,298000.0,300500.0,298890.8125,221852,0.0
2023-06-21,HYBE,352820.KS,300500.0,303500.0,294500.0,296500.0,294912.21875,233629,-0.01331119453529539
2023-06-22,HYBE,352820.KS,295000.0,312500.0,291000.0,307000.0,305356.0,560667,0.03541318597875143
2023-06-23,HYBE,352820.KS,307000.0,308500.0,297500.0,301000.0,299388.125,246155,-0.01954399127575679
2023-06-26,HYBE,352820.KS,299000.0,303500.0,296000.0,298000.0,296404.1875,125709,-0.009966786424812302
2023-06-27,HYBE,352820.KS,298500.0,298500.0,285500.0,292000.0,290436.3125,289388,-0.020134246585163385
2023-06-28,HYBE,352820.KS,294500.0,294500.0,284000.0,285000.0,283473.8125,166864,-0.023972553363140525
2023-06-29,HYBE,352820.KS,284000.0,291000.0,278000.0,279500.0,278003.25,187764,-0.019298299379947093
2023-06-30,HYBE,352820.KS,280500.0,284500.0,276000.0,281500.0,279992.5625,206049,0.007155716704750681
2023-07-03,HYBE,352820.KS,282500.0,284500.0,273000.0,279500.0,278003.25,263649,-0.007104876223274714
2023-07-04,HYBE,352820.KS,280500.0,291000.0,276500.0,286000.0,284468.4375,325615,0.023255798268545513
2023-07-05,HYBE,352820.KS,284500.0,285000.0,276000.0,280500.0,278997.875,225458,-0.01923082415777677
2023-07-06,HYBE,352820.KS,280500.0,284500.0,276000.0,279500.0,278003.25,214205,-0.0035649913104176534
2023-07-07,HYBE,352820.KS,280000.0,289500.0,280000.0,286000.0,284468.4375,277604,0.023255798268545513
2023-07-10,HYBE,352820.KS,286000.0,288000.0,264000.0,267000.0,265570.1875,564140,-0.0664335564468378
2023-07-11,HYBE,352820.KS,267000.0,273500.0,266500.0,270000.0,268554.15625,254572,0.01123608330471959
2023-07-12,HYBE,352820.KS,272000.0,272500.0,261500.0,263000.0,261591.609375,302058,-0.025926044013701577
2023-07-13,HYBE,352820.KS,264500.0,264500.0,250500.0,259000.0,257613.046875,727720,-0.015209060066971092
2023-07-14,HYBE,352820.KS,261500.0,263500.0,254000.0,256500.0,255126.4375,285821,-0.009652497826348694
2023-07-17,HYBE,352820.KS,259500.0,270500.0,258500.0,264500.0,263083.59375,413339,0.031189069733316144
2023-07-18,HYBE,352820.KS,268500.0,270000.0,263000.0,264500.0,263083.59375,221247,0.0
2023-07-19,HYBE,352820.KS,266500.0,266500.0,255000.0,263500.0,262088.921875,209078,-0.003780820616070768
2023-07-20,HYBE,352820.KS,264000.0,272500.0,260500.0,269000.0,267559.5,250901,0.020872984961985974
2023-07-21,HYBE,352820.KS,267500.0,268000.0,255000.0,256500.0,255126.4375,458757,-0.04646840235536398
2023-07-24,HYBE,352820.KS,256500.0,265000.0,256000.0,262000.0,260596.984375,311457,0.02144249309717261
2023-07-25,HYBE,352820.KS,264000.0,278500.0,262000.0,271000.0,269548.78125,516976,0.03435111460122786
2023-07-26,HYBE,352820.KS,274500.0,274500.0,257000.0,257000.0,255623.75,403873,-0.05166052387780917
2023-07-27,HYBE,352820.KS,258000.0,266500.0,258000.0,261500.0,260099.65625,264353,0.017509743323928184
2023-07-28,HYBE,352820.KS,259000.0,264500.0,254000.0,258500.0,257115.71875,183611,-0.011472285442514885
2023-07-31,HYBE,352820.KS,259500.0,264000.0,258000.0,262500.0,261094.3125,183430,0.01547394211969011
2023-08-01,HYBE,352820.KS,261000.0,261500.0,250500.0,254000.0,252639.8125,379829,-0.032381019406541034
2023-08-02,HYBE,352820.KS,251500.0,258500.0,248000.0,252000.0,250650.515625,243418,-0.007874043506108097
2023-08-03,HYBE,352820.KS,253500.0,256500.0,246000.0,248000.0,246671.953125,222403,-0.015872947598290055
2023-08-04,HYBE,352820.KS,249000.0,272000.0,249000.0,272000.0,270543.40625,634142,0.0967740872952152
2023-08-07,HYBE,352820.KS,268000.0,277500.0,267500.0,274500.0,273030.03125,343927,0.00919122382048454
2023-08-08,HYBE,352820.KS,277500.0,290500.0,259000.0,272000.0,270543.40625,1056691,-0.009107514615207757
2023-08-09,HYBE,352820.KS,266000.0,266500.0,254000.0,259500.0,258110.359375,546016,-0.045955830331754766
2023-08-10,HYBE,352820.KS,260500.0,263500.0,252500.0,256500.0,255126.4375,398236,-0.011560643603090615
2023-08-11,HYBE,352820.KS,256500.0,257500.0,251000.0,255000.0,253634.453125,211734,-0.005848019474657518
2023-08-14,HYBE,352820.KS,250000.0,255000.0,249000.0,252000.0,250650.515625,203072,-0.011764716753718818
2023-08-16,HYBE,352820.KS,251500.0,253000.0,241000.0,241000.0,239709.4375,303977,-0.04365073057088387
2023-08-17,HYBE,352820.KS,240500.0,243000.0,233000.0,239500.0,238217.453125,262180,-0.006224136982508233
2023-08-18,HYBE,352820.KS,236500.0,241500.0,235500.0,236500.0,235233.53125,180055,-0.01252604221838538
2023-08-21,HYBE,352820.KS,236500.0,241500.0,236500.0,238500.0,237222.828125,141955,0.008456689250164073
2023-08-22,HYBE,352820.KS,240000.0,240500.0,236000.0,236000.0,234736.203125,143326,-0.010482233179893274
2023-08-23,HYBE,352820.KS,240500.0,244000.0,232500.0,234000.0,232746.90625,190278,-0.008474606168613397
2023-08-24,HYBE,352820.KS,232500.0,236000.0,231500.0,232500.0,231254.96875,159208,-0.006410128168996887
2023-08-25,HYBE,352820.KS,229500.0,238500.0,229000.0,237000.0,235730.859375,144973,0.019354786836336846
2023-08-28,HYBE,352820.KS,237000.0,245000.0,234500.0,244500.0,243190.6875,158483,0.0316455306054475
2023-08-29,HYBE,352820.KS,247000.0,251500.0,240000.0,251000.0,249655.875,226439,0.02658484815542117
2023-08-30,HYBE,352820.KS,252000.0,253500.0,245500.0,245500.0,244185.328125,172686,-0.021912349849567914
2023-08-31,HYBE,352820.KS,246000.0,254500.0,245500.0,252500.0,251147.84375,240370,0.028513243111133457
2023-09-01,HYBE,352820.KS,252000.0,255000.0,249000.0,249000.0,247666.59375,167391,-0.013861357310578137
2023-09-04,HYBE,352820.KS,249000.0,255000.0,245000.0,250500.0,249158.578125,109059,0.006024164795136011
2023-09-05,HYBE,352820.KS,251000.0,252500.0,248000.0,251000.0,249655.875,84174,0.0019959050928219924
2023-09-06,HYBE,352820.KS,251000.0,252500.0,247000.0,249500.0,248163.921875,78857,-0.005976038517018667
2023-09-07,HYBE,352820.KS,247000.0,252000.0,243000.0,245500.0,244185.328125,130515,-0.01603211989857256
2023-09-08,HYBE,352820.KS,245500.0,248000.0,241000.0,245500.0,244185.328125,135475,0.0
2023-09-11,HYBE,352820.KS,244500.0,246000.0,238500.0,244500.0,243190.6875,124617,-0.004073302162080905
2023-09-12,HYBE,352820.KS,245000.0,253000.0,242000.0,247500.0,246174.609375,164520,0.012269885437122152
2023-09-13,HYBE,352820.KS,246500.0,248000.0,240000.0,242000.0,240704.078125,157118,-0.02222215875101352
2023-09-14,HYBE,352820.KS,244000.0,247000.0,240500.0,246000.0,244682.65625,143362,0.016528918645632107
2023-09-15,HYBE,352820.KS,244500.0,246500.0,240000.0,244500.0,243190.6875,137119,-0.006097566426921608
2023-09-18,HYBE,352820.KS,243500.0,247000.0,241000.0,241500.0,240206.75,145548,-0.012269949687115367
2023-09-19,HYBE,352820.KS,240500.0,245500.0,239500.0,245000.0,243688.015625,116313,0.014492788504069987
2023-09-20,HYBE,352820.KS,243000.0,246000.0,237000.0,243000.0,241698.734375,203324,-0.008163229713607278
2023-09-21,HYBE,352820.KS,243000.0,243000.0,230000.0,230500.0,229265.65625,362626,-0.051440393997718825
2023-09-22,HYBE,352820.KS,227000.0,235000.0,223000.0,230500.0,229265.65625,173553,0.0
2023-09-25,HYBE,352820.KS,226500.0,244000.0,226500.0,242500.0,241201.40625,304537,0.05206078483462351
2023-09-26,HYBE,352820.KS,240000.0,246000.0,238500.0,242500.0,241201.40625,152583,0.0
2023-09-27,HYBE,352820.KS,239500.0,240500.0,236000.0,238000.0,236725.5,131388,-0.01855671705894124
2023-10-04,HYBE,352820.KS,236500.0,237000.0,221000.0,222500.0,221308.5,268790,-0.0651260637320441
2023-10-05,HYBE,352820.KS,225500.0,233000.0,224000.0,227000.0,225784.40625,152422,0.020224737188133224
2023-10-06,HYBE,352820.KS,227000.0,235500.0,227000.0,229000.0,227773.6875,118723,0.008810534274884096
2023-10-10,HYBE,352820.KS,232500.0,235000.0,222500.0,223500.0,222303.140625,170957,-0.024017466350234162
2023-10-11,HYBE,352820.KS,227000.0,231500.0,226000.0,228500.0,227276.359375,189698,0.022371338236688576
2023-10-12,HYBE,352820.KS,231500.0,246500.0,230000.0,246000.0,244682.65625,308148,0.07658648230227971
2023-10-13,HYBE,352820.KS,244000.0,247500.0,242000.0,244500.0,243190.6875,126861,-0.006097566426921608
2023-10-16,HYBE,352820.KS,243000.0,243000.0,238000.0,240000.0,238714.78125,106675,-0.018404924530673106
2023-10-17,HYBE,352820.KS,243000.0,245000.0,237000.0,237500.0,236228.1875,122953,-0.010416588939232252
2023-10-18,HYBE,352820.KS,236500.0,240000.0,233500.0,234000.0,232746.90625,86725,-0.014736942643646223
2023-10-19,HYBE,352820.KS,230000.0,233500.0,227000.0,227500.0,226281.71875,117136,-0.027777759129719914
2023-10-20,HYBE,352820.KS,224000.0,228000.0,222000.0,224500.0,223297.796875,130309,-0.013186756276571732
2023-10-23,HYBE,352820.KS,224500.0,234500.0,224500.0,229000.0,227773.6875,141201,0.02004449075467396
2023-10-24,HYBE,352820.KS,232500.0,235500.0,226000.0,231500.0,230260.296875,105953,0.010917017686689512
2023-10-25,HYBE,352820.KS,233000.0,235500.0,227000.0,228500.0,227276.359375,140886,-0.012958975300982445
2023-10-26,HYBE,352820.KS,221500.0,222000.0,202000.0,204000.0,202907.5625,894408,-0.10722099272451002
2023-10-27,HYBE,352820.KS,210000.0,218500.0,209000.0,212000.0,210864.734375,312497,0.03921574818089879
2023-10-30,HYBE,352820.KS,210000.0,222000.0,210000.0,219500.0,218324.578125,144405,0.03537738907414201
2023-10-31,HYBE,352820.KS,223500.0,225500.0,216000.0,219500.0,218324.578125,130896,0.0
2023-11-01,HYBE,352820.KS,220000.0,231000.0,214000.0,230500.0,229265.65625,259672,0.050113817779763536
2023-11-02,HYBE,352820.KS,235000.0,243000.0,220500.0,227500.0,226281.71875,606694,-0.013015196208655877
2023-11-03,HYBE,352820.KS,231500.0,231500.0,213000.0,216000.0,214843.3125,448385,-0.050549405021257376
2023-11-06,HYBE,352820.KS,222500.0,227500.0,217000.0,227500.0,226281.71875,351886,0.05324069023558731
2023-11-07,HYBE,352820.KS,212000.0,220000.0,208000.0,215500.0,214345.96875,3694893,-0.052747301310658745
2023-11-08,HYBE,352820.KS,219000.0,223500.0,214500.0,216500.0,215340.625,459041,0.004640424337348348
2023-11-09,HYBE,352820.KS,216000.0,217000.0,206500.0,212000.0,210864.734375,540242,-0.02078516594349067
2023-11-10,HYBE,352820.KS,209500.0,214000.0,209000.0,212000.0,210864.734375,332496,0.0
2023-11-13,HYBE,352820.KS,214000.0,217000.0,202500.0,202500.0,201415.59375,404476,-0.04481138419379194
2023-11-14,HYBE,352820.KS,204500.0,207500.0,201500.0,204500.0,203404.890625,210013,0.00987657826269972
2023-11-15,HYBE,352820.KS,209500.0,211500.0,206000.0,211000.0,209870.09375,291330,0.031784895167144
2023-11-16,HYBE,352820.KS,212500.0,212500.0,205500.0,205500.0,204399.546875,199322,-0.026066347888120678
2023-11-17,HYBE,352820.KS,205500.0,207500.0,188400.0,190300.0,189280.921875,855001,-0.07396603970578153
2023-11-20,HYBE,352820.KS,190400.0,195500.0,190300.0,193400.0,192364.328125,380926,0.016290105835580437
2023-11-21,HYBE,352820.KS,193400.0,201000.0,193400.0,199200.0,198133.28125,287774,0.029989724088820058
2023-11-22,HYBE,352820.KS,199200.0,202500.0,197100.0,200000.0,198929.0,171638,0.004016078192315309
2023-11-23,HYBE,352820.KS,199000.0,212000.0,199000.0,212000.0,210864.734375,433361,0.05999997172357974
2023-11-24,HYBE,352820.KS,210000.0,212500.0,207000.0,210500.0,209372.765625,162201,-0.007075477814828424
2023-11-27,HYBE,352820.KS,212500.0,213000.0,207000.0,212000.0,210864.734375,166300,0.007125896940541887
2023-11-28,HYBE,352820.KS,213000.0,214000.0,210000.0,213000.0,211859.375,162997,0.004716960510007029
2023-11-29,HYBE,352820.KS,213000.0,215500.0,211500.0,215000.0,213848.65625,152859,0.009389630503724433
2023-11-30,HYBE,352820.KS,213500.0,215500.0,207500.0,215500.0,214345.96875,323582,0.00232553483721043
2023-12-01,HYBE,352820.KS,214500.0,221000.0,211000.0,211500.0,210367.40625,228602,-0.018561405764716543
2023-12-04,HYBE,352820.KS,210500.0,212500.0,208000.0,209000.0,207880.78125,139142,-0.011820391021244547
2023-12-05,HYBE,352820.KS,208000.0,216500.0,207500.0,213000.0,211859.375,209643,0.019138824311109914
2023-12-06,HYBE,352820.KS,215500.0,231000.0,213500.0,228500.0,227276.359375,624115,0.07276989453499527
2023-12-07,HYBE,352820.KS,226000.0,230500.0,221500.0,228500.0,227276.359375,211541,0.0
2023-12-08,HYBE,352820.KS,227000.0,239500.0,225000.0,237500.0,236228.1875,318590,0.03938741428988535
2023-12-11,HYBE,352820.KS,237500.0,240000.0,235000.0,238000.0,236725.5,164080,0.0021052208259439986
2023-12-12,HYBE,352820.KS,236000.0,238000.0,229500.0,234000.0,232746.90625,189470,-0.0168067814831947
2023-12-13,HYBE,352820.KS,233500.0,236000.0,227000.0,233500.0,232249.59375,185773,-0.002136709389665592
2023-12-14,HYBE,352820.KS,236500.0,245500.0,232500.0,233000.0,231752.265625,489385,-0.0021413519695338
2023-12-15,HYBE,352820.KS,235000.0,241500.0,232000.0,238500.0,237222.828125,209700,0.023605216912321092
2023-12-18,HYBE,352820.KS,237500.0,242000.0,236500.0,241500.0,240206.75,156864,0.012578561256455734
2023-12-19,HYBE,352820.KS,242000.0,248500.0,238000.0,239000.0,237720.125,193061,-0.010352019666391543
2023-12-20,HYBE,352820.KS,241000.0,241000.0,231000.0,234500.0,233244.25,187141,-0.018828338576719172
2023-12-21,HYBE,352820.KS,231500.0,234000.0,229000.0,230500.0,229265.65625,149421,-0.0170576284302828
2023-12-22,HYBE,352820.KS,232000.0,235500.0,229500.0,230000.0,228768.34375,123871,-0.002169153933189727
2023-12-26,HYBE,352820.KS,230500.0,231000.0,223500.0,226500.0,225287.09375,138055,-0.01521735893583398
2023-12-27,HYBE,352820.KS,227500.0,233500.0,225500.0,231500.0,230974.125,117174,0.02524348445948199
2023-12-28,HYBE,352820.KS,233500.0,234500.0,230000.0,233500.0,232969.59375,100687,0.008639360577727073
2024-01-02,HYBE,352820.KS,233000.0,245000.0,232500.0,241500.0,240951.421875,234689,0.03426124412426668
2024-01-03,HYBE,352820.KS,238000.0,243000.0,236500.0,239500.0,238955.953125,145077,-0.008281622637758113
2024-01-04,HYBE,352820.KS,238000.0,244500.0,237000.0,240500.0,239953.6875,162942,0.0041753903259236225
2024-01-05,HYBE,352820.KS,242500.0,257000.0,242500.0,252000.0,251427.5625,377790,0.04781703969437845
2024-01-08,HYBE,352820.KS,251000.0,255000.0,248500.0,251000.0,250429.828125,169979,-0.0039682776425914446
2024-01-09,HYBE,352820.KS,252500.0,253500.0,245500.0,248000.0,247436.65625,200102,-0.01195213803966666
2024-01-10,HYBE,352820.KS,248000.0,253500.0,244000.0,250500.0,249930.984375,173379,0.010080673424877729
2024-01-11,HYBE,352820.KS,252500.0,261000.0,250500.0,256000.0,255418.484375,333502,0.021956061245157477
2024-01-12,HYBE,352820.KS,257000.0,260000.0,244500.0,247000.0,246438.921875,196430,-0.03515627509094599
2024-01-15,HYBE,352820.KS,247000.0,249500.0,244000.0,233500.0,232969.59375,30001,-0.05465584747133401
2024-01-16,HYBE,352820.KS,233500.0,236000.0,227000.0,228500.0,227980.9375,244762,-0.021413336262900207
2024-01-17,HYBE,352820.KS,230000.0,232500.0,219000.0,223500.0,222992.3125,274411,-0.0218817636891242
2024-01-18,HYBE,352820.KS,222000.0,225500.0,217500.0,219500.0,219001.390625,209769,-0.01789712761959006
2024-01-19,HYBE,352820.KS,221500.0,225000.0,217500.0,220000.0,219500.25,178099,0.0022778822252056408
2024-01-22,HYBE,352820.KS,221500.0,222000.0,212500.0,216000.0,215509.34375,187377,-0.01818178453099717
2024-01-23,HYBE,352820.KS,216500.0,224000.0,216500.0,219000.0,218502.53125,168118,0.013888898958702267
2024-01-24,HYBE,352820.KS,220000.0,224000.0,217000.0,222000.0,221495.703125,109494,0.013698568423334834
2024-01-25,HYBE,352820.KS,221500.0,222500.0,209500.0,216000.0,215509.34375,265472,-0.027026977456179435
2024-01-26,HYBE,352820.KS,216000.0,221500.0,215000.0,216500.0,216008.203125,98877,0.002314792325564863
2024-01-29,HYBE,352820.KS,216500.0,218000.0,204000.0,204500.0,204035.46875,333725,-0.05542722082675533
2024-01-30,HYBE,352820.KS,207000.0,208000.0,203500.0,204500.0,204035.46875,132470,0.0
2024-01-31,HYBE,352820.KS,201500.0,206000.0,200000.0,201500.0,201042.28125,141866,-0.01466993713562359
2024-02-01,HYBE,352820.KS,200500.0,203000.0,195800.0,199000.0,198547.953125,270877,-0.012406982797306454
2024-02-02,HYBE,352820.KS,201000.0,209000.0,200000.0,205500.0,205033.203125,261080,0.03266339389516193
2024-02-05,HYBE,352820.KS,204000.0,204500.0,198300.0,199000.0,198547.953125,208730,-0.03163024281509286
2024-02-06,HYBE,352820.KS,199000.0,201500.0,196300.0,196500.0,196053.640625,169121,-0.012562771163043163
2024-02-07,HYBE,352820.KS,197400.0,199600.0,195500.0,197400.0,196951.59375,155965,0.00458014001748408
2024-02-08,HYBE,352820.KS,197700.0,202000.0,197000.0,200000.0,199545.6875,182164,0.013171224972633677
2024-02-13,HYBE,352820.KS,203000.0,206000.0,200000.0,205500.0,205033.203125,181950,0.027500046198693173
2024-02-14,HYBE,352820.KS,203000.0,223000.0,200500.0,218500.0,218003.671875,403422,0.06326033321584723
2024-02-15,HYBE,352820.KS,220500.0,223000.0,215000.0,217500.0,217005.9375,163423,-0.004576686100828953
2024-02-16,HYBE,352820.KS,221000.0,221500.0,206500.0,208500.0,208026.375,270500,-0.04137934013902267
2024-02-19,HYBE,352820.KS,208500.0,211000.0,202500.0,204000.0,203536.59375,252342,-0.02158275002388521
2024-02-20,HYBE,352820.KS,203500.0,206500.0,199900.0,204000.0,203536.59375,151584,0.0
2024-02-21,HYBE,352820.KS,204500.0,213500.0,204500.0,210000.0,209522.984375,270699,0.029411864052087733
2024-02-22,HYBE,352820.KS,212000.0,221500.0,210000.0,217500.0,217005.9375,348458,0.03571423511039318
2024-02-23,HYBE,352820.KS,217500.0,221000.0,215000.0,215500.0,215010.46875,161378,-0.009195456921541556
2024-02-26,HYBE,352820.KS,217500.0,219000.0,212000.0,217500.0,217005.9375,143790,0.009280798100673948
2024-02-27,HYBE,352820.KS,212000.0,212500.0,200500.0,202000.0,201541.140625,558864,-0.07126439512743743
2024-02-28,HYBE,352820.KS,202500.0,205000.0,200500.0,202000.0,201541.140625,165340,0.0
2024-02-29,HYBE,352820.KS,201000.0,201500.0,199000.0,199100.0,198647.71875,242405,-0.0143564825823016
2024-03-04,HYBE,352820.KS,199200.0,202000.0,192300.0,192700.0,192262.265625,365721,-0.032144608381011186
2024-03-05,HYBE,352820.KS,192700.0,193000.0,188000.0,188600.0,188171.578125,359160,-0.021276600932076395
2024-03-06,HYBE,352820.KS,188600.0,190600.0,186500.0,187500.0,187074.09375,203755,-0.005832359944767829
2024-03-07,HYBE,352820.KS,187500.0,188400.0,183000.0,185900.0,185477.703125,241817,-0.008533467103859715
2024-03-08,HYBE,352820.KS,187800.0,198000.0,187800.0,194600.0,194157.953125,421668,0.046799425773296655
2024-03-11,HYBE,352820.KS,194600.0,203500.0,193000.0,203000.0,202538.875,343779,0.043165483257872506
2024-03-12,HYBE,352820.KS,203500.0,205000.0,199800.0,204500.0,204035.46875,178941,0.007389167881968417
2024-03-13,HYBE,352820.KS,204500.0,205000.0,200000.0,201500.0,201042.28125,126807,-0.01466993713562359
2024-03-14,HYBE,352820.KS,201000.0,204000.0,199500.0,200000.0,199545.6875,200653,-0.007444174134389914
2024-03-15,HYBE,352820.KS,199000.0,200000.0,196600.0,199000.0,198547.953125,111570,-0.005000029755090507
2024-03-18,HYBE,352820.KS,200000.0,200500.0,197000.0,197400.0,196951.59375,99544,-0.008040170396493518
2024-03-19,HYBE,352820.KS,197300.0,197300.0,191200.0,192700.0,192262.265625,190105,-0.02380954647644229
2024-03-20,HYBE,352820.KS,193400.0,195900.0,191300.0,193300.0,192860.90625,105360,0.003113666756469069
2024-03-21,HYBE,352820.KS,195200.0,199200.0,194500.0,195200.0,194756.59375,182750,0.009829298932893415
2024-03-22,HYBE,352820.KS,194000.0,196600.0,192000.0,195800.0,195355.234375,162868,0.0030737887404646003
2024-03-25,HYBE,352820.KS,195800.0,208500.0,195800.0,207000.0,206529.78125,367548,0.057201164385232595
2024-03-26,HYBE,352820.KS,207000.0,213000.0,204000.0,209500.0,209024.109375,313066,0.012077329041377594
2024-03-27,HYBE,352820.KS,212500.0,228500.0,211500.0,224000.0,223491.15625,880275,0.06921233592745701
2024-03-28,HYBE,352820.KS,226500.0,232000.0,222500.0,229000.0,228479.8125,480913,0.02232149286667795
2024-03-29,HYBE,352820.KS,230500.0,233000.0,224000.0,230000.0,229477.546875,233449,0.004366838208080148
2024-04-01,HYBE,352820.KS,233500.0,236000.0,223500.0,226500.0,225985.484375,249106,-0.015217447404133999
2024-04-02,HYBE,352820.KS,223500.0,226000.0,216000.0,222500.0,221994.578125,271762,-0.017660011487186877
2024-04-03,HYBE,352820.KS,220500.0,228500.0,220000.0,224000.0,223491.15625,184075,0.006741507552302961
2024-04-04,HYBE,352820.KS,225000.0,225500.0,220500.0,221000.0,220497.984375,173764,-0.01339279784141345
2024-04-05,HYBE,352820.KS,220000.0,228000.0,218500.0,224000.0,223491.15625,204395,0.013574599711122737
2024-04-08,HYBE,352820.KS,224500.0,226500.0,217000.0,217000.0,216507.0625,187961,-0.031249978152099733
2024-04-09,HYBE,352820.KS,218500.0,224500.0,216000.0,216500.0,216008.203125,109649,-0.0023041251829833964
2024-04-11,HYBE,352820.KS,213500.0,217000.0,207500.0,216500.0,216008.203125,206335,0.0
2024-04-12,HYBE,352820.KS,214500.0,220000.0,211500.0,213000.0,212516.15625,169941,-0.016166269727169613
2024-04-15,HYBE,352820.KS,210500.0,215500.0,208000.0,214500.0,214012.75,104498,0.0070422586988607705
2024-04-16,HYBE,352820.KS,214500.0,223000.0,212000.0,223000.0,222493.4375,241597,0.03962701988549755
2024-04-17,HYBE,352820.KS,220500.0,225000.0,219000.0,219000.0,218502.53125,168906,-0.0179371863495974
2024-04-18,HYBE,352820.KS,220000.0,230500.0,220000.0,228500.0,227980.9375,260678,0.04337893110792046
2024-04-19,HYBE,352820.KS,227500.0,232000.0,221500.0,230500.0,229976.390625,234688,0.008752719182935964
2024-04-22,HYBE,352820.KS,233500.0,238500.0,206000.0,212500.0,212017.28125,1044009,-0.07809110024813004
2024-04-23,HYBE,352820.KS,209000.0,212500.0,202500.0,210000.0,209522.984375,1096822,-0.011764592302543786
2024-04-24,HYBE,352820.KS,210500.0,214500.0,209000.0,211000.0,210520.703125,584355,0.004761858241835171
2024-04-25,HYBE,352820.KS,212500.0,217000.0,207000.0,212000.0,211518.4375,625138,0.004739364633451704
2024-04-26,HYBE,352820.KS,206000.0,207500.0,199800.0,201500.0,201042.28125,1122644,-0.04952833603453599
2024-04-29,HYBE,352820.KS,201500.0,206500.0,201000.0,205000.0,204534.328125,502131,0.017369713740253312
2024-04-30,HYBE,352820.KS,203500.0,205000.0,202000.0,202000.0,201541.140625,280426,-0.01463415714828431
2024-05-02,HYBE,352820.KS,202500.0,205500.0,200000.0,200000.0,199545.6875,385603,-0.00990097167661097
2024-05-03,HYBE,352820.KS,201500.0,205500.0,200000.0,203500.0,203037.734375,360938,0.01749998668851216
2024-05-07,HYBE,352820.KS,204000.0,204500.0,201000.0,204500.0,204035.46875,270690,0.004914034221625174
2024-05-08,HYBE,352820.KS,204500.0,205500.0,202500.0,203000.0,202538.875,200974,-0.007334968567811795
2024-05-09,HYBE,352820.KS,202500.0,203000.0,199700.0,199900.0,199445.90625,300714,-0.015270988100432592
2024-05-10,HYBE,352820.KS,199800.0,202500.0,196500.0,200500.0,200044.546875,1348983,0.0030015187388685582
2024-05-13,HYBE,352820.KS,201000.0,201000.0,192000.0,192800.0,192362.03125,499201,-0.038404024228665956
2024-05-14,HYBE,352820.KS,191500.0,195600.0,191500.0,193500.0,193060.453125,181446,0.003630767831164672
2024-05-16,HYBE,352820.KS,194200.0,197400.0,192700.0,194000.0,193559.328125,261386,0.002584035165798637
2024-05-17,HYBE,352820.KS,193500.0,196600.0,193200.0,193900.0,193459.546875,187827,-0.0005155073174027969
2024-05-20,HYBE,352820.KS,193800.0,193900.0,191000.0,191200.0,190765.671875,209543,-0.01392474573374558
2024-05-21,HYBE,352820.KS,190300.0,191200.0,187900.0,188000.0,187572.9375,264225,-0.016736419837066085
2024-05-22,HYBE,352820.KS,187500.0,189500.0,186600.0,186800.0,186375.671875,210132,-0.006382933705455285
2024-05-23,HYBE,352820.KS,186500.0,201500.0,185700.0,198100.0,197650.0,662370,0.060492488164236136
2024-05-24,HYBE,352820.KS,198100.0,203000.0,196900.0,200500.0,200044.546875,361727,0.012115086643055939
2024-05-27,HYBE,352820.KS,204500.0,208500.0,202000.0,203500.0,203037.734375,422906,0.01496260481356848
2024-05-28,HYBE,352820.KS,203000.0,203500.0,197100.0,200000.0,199545.6875,304764,-0.017199004341480584
2024-05-29,HYBE,352820.KS,198600.0,201500.0,198000.0,199300.0,198847.265625,173129,-0.00350005997999836
2024-05-30,HYBE,352820.KS,198000.0,206500.0,197300.0,204000.0,203536.59375,388278,0.023582562778828864
2024-05-31,HYBE,352820.KS,198600.0,207000.0,193000.0,200000.0,199545.6875,988802,-0.019607807011362
2024-06-03,HYBE,352820.KS,201000.0,204000.0,199600.0,200500.0,200044.546875,289503,0.0024999757261103817
2024-06-04,HYBE,352820.KS,201000.0,202500.0,198800.0,200000.0,199545.6875,225339,-0.00249374143306047
2024-06-05,HYBE,352820.KS,200500.0,201000.0,198500.0,198500.0,198049.09375,214389,-0.007500005481200889
2024-06-07,HYBE,352820.KS,198500.0,199800.0,196500.0,197000.0,196552.5,188602,-0.007556680627325507
2024-06-10,HYBE,352820.KS,197000.0,204000.0,197000.0,202500.0,202040.015625,293388,0.02791882893883324
2024-06-11,HYBE,352820.KS,202500.0,203500.0,198000.0,198000.0,197550.234375,259363,-0.022222237689455193
2024-06-12,HYBE,352820.KS,200500.0,201500.0,198300.0,199100.0,198647.71875,200055,0.005555469870598628
2024-06-13,HYBE,352820.KS,201000.0,201000.0,198500.0,199700.0,199246.359375,309593,0.0030135791579535276
2024-06-14,HYBE,352820.KS,199300.0,201000.0,198200.0,200500.0,200044.546875,207259,0.0040060330462436955
2024-06-17,HYBE,352820.KS,201500.0,203500.0,199100.0,202500.0,202040.015625,204260,0.00997512194744754
2024-06-18,HYBE,352820.KS,203000.0,203000.0,199800.0,199900.0,199445.90625,216279,-0.012839582134139382
2024-06-19,HYBE,352820.KS,200500.0,201000.0,199500.0,200500.0,200044.546875,160180,0.0030015187388685582
2024-06-20,HYBE,352820.KS,200500.0,205000.0,199900.0,202500.0,202040.015625,260509,0.00997512194744754
2024-06-21,HYBE,352820.KS,202500.0,202500.0,200000.0,200000.0,199545.6875,125219,-0.01234571338397461
2024-06-24,HYBE,352820.KS,200500.0,202000.0,198100.0,198100.0,197650.0,174289,-0.009500017383237136
2024-06-25,HYBE,352820.KS,196200.0,199300.0,196000.0,198700.0,198248.640625,118914,0.0030287914242348446
2024-06-26,HYBE,352820.KS,198300.0,198800.0,197300.0,197900.0,197450.453125,132736,-0.0040261940635942794
2024-06-27,HYBE,352820.KS,197700.0,198800.0,197500.0,198500.0,198049.09375,147771,0.0030318523737244973
2024-06-28,HYBE,352820.KS,198500.0,205000.0,198500.0,202500.0,202040.015625,287559,0.020151174637727864
2024-07-01,HYBE,352820.KS,204500.0,204500.0,199200.0,200500.0,200044.546875,146521,-0.009876601641645721
2024-07-02,HYBE,352820.KS,200000.0,200000.0,196700.0,197200.0,196752.046875,196568,-0.016458834051884197
2024-07-03,HYBE,352820.KS,197800.0,198500.0,196900.0,197000.0,196552.5,165916,-0.0010142048236315704
2024-07-04,HYBE,352820.KS,197100.0,201000.0,197100.0,201000.0,200543.421875,191958,0.020304610091451458
2024-07-05,HYBE,352820.KS,199700.0,201000.0,197100.0,197400.0,196951.59375,245901,-0.0179104759030132
2024-07-08,HYBE,352820.KS,196100.0,196900.0,193300.0,196300.0,195854.09375,189248,-0.00557243523194384
2024-07-09,HYBE,352820.KS,196900.0,196900.0,194100.0,194300.0,193858.640625,188231,-0.010188467786367061
2024-07-10,HYBE,352820.KS,193100.0,194100.0,190200.0,190500.0,190067.265625,268683,-0.019557420746254106
2024-07-11,HYBE,352820.KS,191000.0,191300.0,188100.0,190100.0,189668.171875,297369,-0.002099750047372173
2024-07-12,HYBE,352820.KS,189700.0,193000.0,189200.0,189700.0,189269.09375,194203,-0.0021040858940898355
2024-07-15,HYBE,352820.KS,190500.0,191700.0,188000.0,188200.0,187772.484375,153404,-0.007907309880063274
2024-07-16,HYBE,352820.KS,188300.0,188300.0,185900.0,186300.0,185876.8125,148849,-0.010095578600399002
2024-07-17,HYBE,352820.KS,185600.0,186500.0,182400.0,182500.0,182085.4375,262322,-0.020397245622016502
2024-07-18,HYBE,352820.KS,182500.0,185300.0,180700.0,185000.0,184579.765625,153728,0.013698668928425528
2024-07-19,HYBE,352820.KS,183500.0,184600.0,178700.0,182500.0,182085.4375,142688,-0.013513551263617862
2024-07-22,HYBE,352820.KS,182900.0,183900.0,178800.0,179600.0,179192.03125,125247,-0.01589037701051743
2024-07-23,HYBE,352820.KS,179700.0,182800.0,179600.0,180200.0,179790.671875,95784,0.0033407770469704445
2024-07-24,HYBE,352820.KS,179200.0,182000.0,177200.0,177300.0,176897.25,119703,-0.016093281396777126
2024-07-25,HYBE,352820.KS,176400.0,176400.0,170000.0,170300.0,169913.140625,260980,-0.039481164206905395
2024-07-26,HYBE,352820.KS,170300.0,172900.0,168100.0,171700.0,171309.984375,106209,0.008220928321740928
2024-07-29,HYBE,352820.KS,171700.0,176900.0,171700.0,174500.0,174103.609375,104500,0.016307426623101584
2024-07-30,HYBE,352820.KS,173200.0,176400.0,171200.0,172000.0,171609.28125,85248,-0.014326688194197579
2024-07-31,HYBE,352820.KS,172900.0,176800.0,171000.0,176000.0,175600.203125,101213,0.023255862654573134
2024-08-01,HYBE,352820.KS,174300.0,176800.0,174300.0,175300.0,174901.796875,70054,-0.003977251948295568
2024-08-02,HYBE,352820.KS,174500.0,184000.0,174500.0,180800.0,180389.3125,359084,0.0313748384696233
2024-08-05,HYBE,352820.KS,179000.0,180400.0,160000.0,170100.0,169713.59375,314374,-0.05918154796448927
2024-08-06,HYBE,352820.KS,170300.0,176500.0,167000.0,171400.0,171010.65625,288864,0.007642655319117564
2024-08-07,HYBE,352820.KS,169100.0,189100.0,168500.0,181500.0,181087.703125,581910,0.05892642655126945
2024-08-08,HYBE,352820.KS,178800.0,184900.0,174100.0,183800.0,183382.484375,336637,0.012672209158321346
2024-08-09,HYBE,352820.KS,183800.0,183800.0,171600.0,172200.0,171808.828125,371507,-0.06311211394831451
2024-08-12,HYBE,352820.KS,172300.0,173500.0,170000.0,172100.0,171709.0625,189214,-0.0005806781065255118
2024-08-13,HYBE,352820.KS,172100.0,173700.0,170600.0,170900.0,170511.796875,119427,-0.006972640858719958
2024-08-14,HYBE,352820.KS,171000.0,171300.0,162300.0,163100.0,162729.5,387330,-0.04564081205891635
2024-08-16,HYBE,352820.KS,164700.0,168600.0,163500.0,166400.0,166022.015625,189894,0.020233059310082124
2024-08-19,HYBE,352820.KS,166600.0,172200.0,166400.0,168400.0,168017.46875,141875,0.012019207919431674
2024-08-20,HYBE,352820.KS,168400.0,170700.0,167200.0,169000.0,168616.109375,72264,0.0035629665739742578
2024-08-21,HYBE,352820.KS,169000.0,171100.0,168200.0,169800.0,169414.28125,64300,0.004733663218529527
2024-08-22,HYBE,352820.KS,170300.0,177400.0,170200.0,177400.0,176997.015625,177988,0.04475853109343464
2024-08-23,HYBE,352820.KS,176500.0,177000.0,174200.0,176600.0,176198.828125,77977,-0.004509609934277625
2024-08-26,HYBE,352820.KS,176700.0,179300.0,175400.0,177300.0,176897.25,86393,0.003963828150460369
2024-08-27,HYBE,352820.KS,178300.0,178400.0,175000.0,176800.0,176398.375,81862,-0.0028201399399934157
2024-08-28,HYBE,352820.KS,183800.0,186400.0,179100.0,182000.0,181586.578125,393308,0.02941185328379592
2024-08-29,HYBE,352820.KS,181000.0,188000.0,180100.0,187500.0,187074.09375,253883,0.03021983057152222
2024-08-30,HYBE,352820.KS,187500.0,188400.0,184400.0,184400.0,183981.125,242584,-0.016533388926279424
2024-09-02,HYBE,352820.KS,184400.0,185000.0,179800.0,179800.0,179391.578125,152114,-0.0249457485108866
2024-09-03,HYBE,352820.KS,178900.0,181200.0,178100.0,180400.0,179990.21875,104328,0.0033370609214602442
2024-09-04,HYBE,352820.KS,176500.0,179000.0,170600.0,171200.0,170811.109375,270458,-0.05099782331921854
2024-09-05,HYBE,352820.KS,171300.0,174900.0,170800.0,171800.0,171409.75,80106,0.0035046937356149055
2024-09-06,HYBE,352820.KS,171300.0,173300.0,165500.0,165600.0,165223.828125,134534,-0.03608850648810813
2024-09-09,HYBE,352820.KS,161500.0,166300.0,160100.0,165000.0,164625.203125,121498,-0.0036231154234430685
2024-09-10,HYBE,352820.KS,165700.0,169900.0,163000.0,166000.0,165622.921875,79619,0.006060546812157508
2024-09-11,HYBE,352820.KS,166500.0,175900.0,166500.0,173900.0,173504.984375,144121,0.047590408445690846
2024-09-12,HYBE,352820.KS,169500.0,171200.0,163200.0,169000.0,168616.109375,324402,-0.02817714440660435
2024-09-13,HYBE,352820.KS,169000.0,171200.0,163600.0,164000.0,163627.46875,198333,-0.029585788946804192
2024-09-19,HYBE,352820.KS,165500.0,166500.0,160200.0,161600.0,161232.90625,217954,-0.014634232982351891
2024-09-20,HYBE,352820.KS,162500.0,163000.0,159600.0,160000.0,159636.546875,213370,-0.009900952678510655
2024-09-23,HYBE,352820.KS,160900.0,160900.0,157700.0,158000.0,157641.09375,169540,-0.012499976753835074
2024-09-24,HYBE,352820.KS,158800.0,163300.0,157700.0,162900.0,162529.953125,201866,0.031012594867891208
2024-09-25,HYBE,352820.KS,164200.0,164700.0,159600.0,159700.0,159337.234375,182649,-0.019643879104207396
2024-09-26,HYBE,352820.KS,161000.0,172000.0,161000.0,169900.0,169514.046875,359860,0.06386964440495357
2024-09-27,HYBE,352820.KS,169900.0,174000.0,167500.0,172900.0,172507.25,205833,0.017657552162666512
2024-09-30,HYBE,352820.KS,173900.0,175000.0,168700.0,168800.0,168416.5625,97366,-0.023713133795825958
2024-10-02,HYBE,352820.KS,165500.0,171600.0,165500.0,170100.0,169713.59375,101129,0.007701328365492532
2024-10-04,HYBE,352820.KS,169200.0,174000.0,169100.0,173500.0,173105.890625,103045,0.01998836274716509
2024-10-07,HYBE,352820.KS,172800.0,175600.0,169000.0,173500.0,173105.890625,117563,0.0
2024-10-08,HYBE,352820.KS,172200.0,179600.0,172100.0,178800.0,178393.84375,207172,0.0305475053789781
2024-10-10,HYBE,352820.KS,179900.0,182000.0,178000.0,178600.0,178194.3125,171193,-0.0011184873076652835
2024-10-11,HYBE,352820.KS,180100.0,180700.0,175500.0,176100.0,175699.984375,83682,-0.013997798751292923
2024-10-14,HYBE,352820.KS,176400.0,185500.0,175300.0,176100.0,175699.984375,170212,0.0
2024-10-15,HYBE,352820.KS,183100.0,186100.0,181400.0,184500.0,184080.890625,137031,0.04770009672916342
2024-10-16,HYBE,352820.KS,182700.0,182800.0,178300.0,179500.0,179092.25,135350,-0.02710026341171179
2024-10-17,HYBE,352820.KS,179500.0,192800.0,179200.0,192100.0,191663.640625,442042,0.07019505659792658
2024-10-18,HYBE,352820.KS,190500.0,194000.0,187500.0,188800.0,188371.125,149104,-0.01717861360800288
2024-10-21,HYBE,352820.KS,190600.0,195000.0,189900.0,194300.0,193858.640625,230091,0.029131405490093076
2024-10-22,HYBE,352820.KS,193600.0,196500.0,192500.0,196000.0,195554.78125,204164,0.00874936819701011
2024-10-23,HYBE,352820.KS,196000.0,197300.0,191400.0,193800.0,193359.78125,115404,-0.011224476261686878
2024-10-24,HYBE,352820.KS,193800.0,195000.0,191000.0,193900.0,193459.546875,84633,0.0005159585119256516
2024-10-25,HYBE,352820.KS,193000.0,194800.0,187900.0,192700.0,192262.265625,139134,-0.00618879382971782
2024-10-28,HYBE,352820.KS,192700.0,195500.0,189100.0,195400.0,194956.140625,116144,0.014011459769512458
2024-10-29,HYBE,352820.KS,195300.0,196500.0,193700.0,196500.0,196053.640625,94994,0.005629471308169931
2024-10-30,HYBE,352820.KS,196500.0,197700.0,191000.0,192300.0,191863.171875,107772,-0.02137409301169413
2024-10-31,HYBE,352820.KS,190900.0,191900.0,185100.0,185500.0,185078.609375,179988,-0.03536146324329603
2024-11-01,HYBE,352820.KS,183500.0,190400.0,180400.0,186700.0,186275.90625,117131,0.006469126167757633
2024-11-04,HYBE,352820.KS,186600.0,198900.0,186000.0,197300.0,196851.8125,313787,0.056775492133728456
2024-11-05,HYBE,352820.KS,195400.0,204000.0,195400.0,202500.0,202040.015625,431004,0.026355881914981172
2024-11-06,HYBE,352820.KS,203000.0,204500.0,199800.0,202000.0,201541.140625,197575,-0.0024691890784939163
2024-11-07,HYBE,352820.KS,200000.0,201500.0,194800.0,199300.0,198847.265625,225619,-0.013366377661880868
2024-11-08,HYBE,352820.KS,200000.0,200500.0,197200.0,198600.0,198148.875,114661,-0.003512196271871715
2024-11-11,HYBE,352820.KS,198700.0,205000.0,198500.0,200000.0,199545.6875,187695,0.007049308253705755
2024-11-12,HYBE,352820.KS,199800.0,199900.0,194000.0,194200.0,193758.875,170663,-0.028999937670915577
2024-11-13,HYBE,352820.KS,193000.0,204000.0,192800.0,198600.0,198148.875,262756,0.02265702667813274
2024-11-14,HYBE,352820.KS,198500.0,202500.0,193700.0,198400.0,197949.328125,275736,-0.0010070553012223593
2024-11-15,HYBE,352820.KS,198400.0,207000.0,197500.0,205000.0,204534.328125,254872,0.033266089167232504
2024-11-18,HYBE,352820.KS,206500.0,211500.0,204500.0,211500.0,211019.5625,261661,0.03170731502360136
2024-11-19,HYBE,352820.KS,210500.0,217500.0,210000.0,216000.0,215509.34375,302783,0.02127661149899307
2024-11-20,HYBE,352820.KS,216000.0,219500.0,213500.0,217500.0,217005.9375,195564,0.0069444494793511335
2024-11-21,HYBE,352820.KS,217000.0,217500.0,208500.0,214000.0,213513.890625,204473,-0.0160919416087405
2024-11-22,HYBE,352820.KS,214000.0,219000.0,209500.0,214000.0,213513.890625,131800,0.0
2024-11-25,HYBE,352820.KS,219500.0,222000.0,209000.0,214000.0,213513.890625,274875,0.0
2024-11-26,HYBE,352820.KS,211000.0,213000.0,207500.0,211000.0,210520.703125,171103,-0.01401870150573492
2024-11-27,HYBE,352820.KS,211000.0,216000.0,209000.0,211500.0,211019.5625,234977,0.0023696452063615148
2024-11-28,HYBE,352820.KS,213000.0,213500.0,201000.0,203500.0,203037.734375,302565,-0.037825062427565226
2024-11-29,HYBE,352820.KS,190000.0,198700.0,189300.0,195200.0,194756.59375,724065,-0.040786214693004696
2024-12-02,HYBE,352820.KS,193100.0,196700.0,188000.0,189800.0,189368.859375,473421,-0.027663938207483696
2024-12-03,HYBE,352820.KS,195400.0,201000.0,190800.0,199300.0,198847.265625,447881,0.05005261309215725
2024-12-04,HYBE,352820.KS,197000.0,203500.0,195500.0,196800.0,196352.953125,333186,-0.012543861200002393
2024-12-05,HYBE,352820.KS,196700.0,197900.0,189600.0,190400.0,189967.484375,228649,-0.03252036013909587
2024-12-06,HYBE,352820.KS,189500.0,191100.0,184400.0,189000.0,188570.671875,214282,-0.007352903074942296
2024-12-09,HYBE,352820.KS,184000.0,189200.0,181100.0,185300.0,184879.078125,243780,-0.019576712079846015
2024-12-10,HYBE,352820.KS,187100.0,199500.0,187100.0,197400.0,196951.59375,270878,0.06529952305818809
2024-12-11,HYBE,352820.KS,197400.0,199800.0,192900.0,194200.0,193758.875,194664,-0.01621067740153792
2024-12-12,HYBE,352820.KS,194600.0,197100.0,192300.0,197100.0,196652.265625,255642,0.014932945007035237
2024-12-13,HYBE,352820.KS,196100.0,208000.0,195600.0,205500.0,205033.203125,227419,0.04261805717500233
2024-12-16,HYBE,352820.KS,207500.0,208500.0,203000.0,205000.0,204534.328125,96609,-0.002433142497880514
2024-12-17,HYBE,352820.KS,204500.0,209000.0,201000.0,202500.0,202040.015625,131571,-0.01219508002820735
2024-12-18,HYBE,352820.KS,202000.0,205500.0,201000.0,204000.0,203536.59375,85500,0.007407335226986778
2024-12-19,HYBE,352820.KS,199300.0,207500.0,198700.0,204000.0,203536.59375,148772,0.0
2024-12-20,HYBE,352820.KS,202500.0,204000.0,196000.0,196700.0,196253.171875,176518,-0.03578433607838638
2024-12-23,HYBE,352820.KS,198000.0,201500.0,195400.0,199900.0,199445.90625,104578,0.016268447253599216
2024-12-24,HYBE,352820.KS,201000.0,202000.0,193400.0,195500.0,195055.90625,122941,-0.022010980734281205
2024-12-26,HYBE,352820.KS,195800.0,200500.0,194900.0,195500.0,195055.90625,118157,0.0
2024-12-27,HYBE,352820.KS,195100.0,195500.0,190000.0,191700.0,191264.546875,152084,-0.019437295941916677
2024-12-30,HYBE,352820.KS,190300.0,195500.0,190000.0,193400.0,192960.671875,95293,0.008867952935932788
2025-01-02,HYBE,352820.KS,194100.0,198300.0,190100.0,196300.0,195854.09375,144969,0.01499487873298011
2025-01-03,HYBE,352820.KS,195100.0,203000.0,195100.0,201000.0,200543.421875,141133,0.02394296710992294
2025-01-06,HYBE,352820.KS,201000.0,205500.0,199600.0,203500.0,203037.734375,136852,0.012437767724711168
2025-01-07,HYBE,352820.KS,204000.0,208000.0,203500.0,204500.0,204035.46875,121434,0.004914034221625174
2025-01-08,HYBE,352820.KS,204000.0,208500.0,202500.0,205500.0,205033.203125,135886,0.004890004571815432
2025-01-09,HYBE,352820.KS,205000.0,206500.0,201500.0,201500.0,201042.28125,146258,-0.019464758947198013
2025-01-10,HYBE,352820.KS,202000.0,216000.0,201500.0,215500.0,215010.46875,327543,0.06947885496101325
2025-01-13,HYBE,352820.KS,214500.0,218500.0,214000.0,214000.0,213513.890625,182397,-0.006960489569185269
2025-01-14,HYBE,352820.KS,216000.0,221500.0,214000.0,219500.0,219001.390625,222826,0.02570090397368019
2025-01-15,HYBE,352820.KS,221000.0,224500.0,218000.0,222000.0,221495.703125,175778,0.011389482472607071
2025-01-16,HYBE,352820.KS,224500.0,225500.0,221000.0,222500.0,221994.578125,137240,0.002252301028695225
2025-01-17,HYBE,352820.KS,222000.0,226500.0,220500.0,223500.0,222992.3125,142659,0.004494408752803825
2025-01-20,HYBE,352820.KS,224000.0,225500.0,219000.0,220500.0,219999.125,126869,-0.013422828197272474
2025-01-21,HYBE,352820.KS,220500.0,226000.0,217000.0,218000.0,217504.796875,182290,-0.01133790020755765
2025-01-22,HYBE,352820.KS,218500.0,221500.0,215000.0,220000.0,219500.25,148873,0.009174294791056026
2025-01-23,HYBE,352820.KS,220500.0,224000.0,217000.0,217000.0,216507.0625,112256,-0.01363637399046247
2025-01-24,HYBE,352820.KS,217000.0,225500.0,217000.0,221500.0,220996.84375,165415,0.02073734315248954
2025-01-31,HYBE,352820.KS,222500.0,228500.0,221500.0,225000.0,224488.90625,213053,0.015801413453444324
2025-02-03,HYBE,352820.KS,221500.0,228000.0,221500.0,226500.0,225985.484375,154897,0.006666601704288011
2025-02-04,HYBE,352820.KS,227500.0,234500.0,225500.0,233000.0,232470.71875,194480,0.028697570522885574
2025-02-05,HYBE,352820.KS,235500.0,237500.0,231500.0,236000.0,235463.90625,177305,0.012875546288558137
2025-02-06,HYBE,352820.KS,237500.0,242000.0,233500.0,237000.0,236461.640625,182579,0.004237313441749713
2025-02-07,HYBE,352820.KS,237000.0,238000.0,233500.0,234500.0,233967.328125,103131,-0.010548486821825298
2025-02-10,HYBE,352820.KS,240000.0,245500.0,236500.0,238000.0,237459.359375,235775,0.014925294390395916
2025-02-11,HYBE,352820.KS,240000.0,247000.0,239000.0,245500.0,244942.328125,240798,0.031512629233462874
2025-02-12,HYBE,352820.KS,246500.0,250500.0,243000.0,250000.0,249432.109375,196507,0.018329952541762173
2025-02-13,HYBE,352820.KS,250000.0,254500.0,245500.0,247500.0,246937.78125,194126,-0.010000028189033117
2025-02-14,HYBE,352820.KS,247500.0,249500.0,244500.0,248000.0,247436.65625,171668,0.0020202457375080307
2025-02-17,HYBE,352820.KS,248000.0,248000.0,238000.0,240000.0,239454.8125,208854,-0.03225812970061903
2025-02-18,HYBE,352820.KS,241500.0,245500.0,238500.0,243000.0,242448.015625,125070,0.012500075040254188
2025-02-19,HYBE,352820.KS,245000.0,245500.0,240000.0,245000.0,244443.46875,138868,0.00823043702731896
2025-02-20,HYBE,352820.KS,257000.0,263000.0,246000.0,248500.0,247935.515625,480156,0.014285703327878263
2025-02-21,HYBE,352820.KS,248500.0,250500.0,243500.0,245500.0,244942.328125,166249,-0.01207244348376113
2025-02-24,HYBE,352820.KS,242500.0,247500.0,241000.0,246000.0,245441.203125,139031,0.0020367039205466675
2025-02-25,HYBE,352820.KS,246000.0,254000.0,245500.0,251000.0,250429.828125,188260,0.020325132603996154
2025-02-26,HYBE,352820.KS,248000.0,261500.0,247500.0,253000.0,252425.28125,289435,0.007968112824020324
2025-02-27,HYBE,352820.KS,252500.0,262500.0,251000.0,262500.0,261903.71875,237104,0.037549477821964494
2025-02-28,HYBE,352820.KS,258500.0,263000.0,253000.0,257500.0,256915.0625,295956,-0.019047672456922737
2025-03-04,HYBE,352820.KS,257000.0,257500.0,248000.0,251000.0,250429.828125,212321,-0.02524271761995267
2025-03-05,HYBE,352820.KS,251000.0,252500.0,248000.0,251000.0,250429.828125,175950,0.0
2025-03-06,HYBE,352820.KS,252000.0,253000.0,244500.0,250000.0,249432.109375,173575,-0.003984025215646447
2025-03-07,HYBE,352820.KS,248500.0,252500.0,247000.0,250000.0,249432.109375,117062,0.0
2025-03-10,HYBE,352820.KS,248500.0,248500.0,232500.0,239000.0,238457.09375,302992,-0.04400001127561326
2025-03-11,HYBE,352820.KS,231000.0,242000.0,231000.0,237000.0,236461.640625,167065,-0.008368185209419843
2025-03-12,HYBE,352820.KS,236000.0,238000.0,231000.0,233000.0,232470.71875,212297,-0.016877671424639806
2025-03-13,HYBE,352820.KS,231500.0,233500.0,229500.0,233500.0,233169.734375,193942,0.003006897508463169
2025-03-14,HYBE,352820.KS,231500.0,234000.0,225500.0,232000.0,231671.859375,195374,-0.006423968376577549
2025-03-17,HYBE,352820.KS,231500.0,241000.0,229000.0,238500.0,238162.65625,187752,0.02801720024396026
2025-03-18,HYBE,352820.KS,240000.0,240500.0,228500.0,228500.0,228176.8125,214516,-0.04192867138464329
2025-03-19,HYBE,352820.KS,228500.0,236500.0,228500.0,234000.0,233669.03125,152224,0.02407001259166064
2025-03-20,HYBE,352820.KS,234500.0,235000.0,228000.0,229000.0,228676.09375,127529,-0.02136756194558842
2025-03-21,HYBE,352820.KS,225500.0,239000.0,224500.0,232000.0,231671.859375,246272,0.013100475768468955
2025-03-24,HYBE,352820.KS,232500.0,239000.0,230500.0,233000.0,232670.4375,106819,0.00431031255886638
2025-03-25,HYBE,352820.KS,231500.0,242000.0,231000.0,240000.0,239660.546875,127121,0.030042963128910527
2025-03-26,HYBE,352820.KS,243000.0,244000.0,238000.0,242000.0,241657.703125,99315,0.008333270853469577
2025-03-27,HYBE,352820.KS,240000.0,248500.0,238500.0,245000.0,244653.46875,133782,0.01239673135290209
2025-03-28,HYBE,352820.KS,245000.0,245000.0,239000.0,240500.0,240159.828125,79329,-0.018367369356989793
2025-03-31,HYBE,352820.KS,236500.0,242500.0,233000.0,235500.0,235166.90625,129001,-0.020789996037144265
2025-04-01,HYBE,352820.KS,236000.0,238500.0,231500.0,235000.0,234667.609375,159236,-0.0021231596016711984
2025-04-02,HYBE,352820.KS,235500.0,235500.0,230000.0,232500.0,232171.140625,136574,-0.010638318414070591
2025-04-03,HYBE,352820.KS,227500.0,241000.0,226500.0,237000.0,236664.78125,183448,0.01935486302433298
2025-04-04,HYBE,352820.KS,239500.0,246500.0,235000.0,246000.0,245652.046875,377791,0.03797466432281005
2025-04-07,HYBE,352820.KS,239500.0,241500.0,231000.0,231500.0,231172.5625,193815,-0.058943064221108954
2025-04-08,HYBE,352820.KS,237000.0,239000.0,228500.0,230500.0,230173.984375,143665,-0.004319622165368298
2025-04-09,HYBE,352820.KS,227500.0,228500.0,209500.0,215000.0,214695.90625,466461,-0.06724512401793892
2025-04-10,HYBE,352820.KS,222500.0,229500.0,215500.0,229500.0,229175.390625,271166,0.0674418279691813
2025-04-11,HYBE,352820.KS,224000.0,229500.0,222500.0,226000.0,225680.34375,167451,-0.015250533076297645
2025-04-14,HYBE,352820.KS,226000.0,226000.0,219000.0,223000.0,222684.578125,238499,-0.01327437549598287
2025-04-15,HYBE,352820.KS,223000.0,226500.0,220000.0,223000.0,222684.578125,130089,0.0
2025-04-16,HYBE,352820.KS,223000.0,231500.0,222500.0,227000.0,226678.921875,137078,0.017937226653198524
2025-04-17,HYBE,352820.KS,227500.0,230500.0,223000.0,227000.0,226678.921875,177374,0.0
2025-04-18,HYBE,352820.KS,228000.0,232000.0,226000.0,230500.0,230173.984375,152020,0.01541855974560935
2025-04-21,HYBE,352820.KS,233000.0,236000.0,229000.0,230000.0,229674.6875,128404,-0.0021692150672707466
2025-04-22,HYBE,352820.KS,229000.0,233000.0,228500.0,230500.0,230173.984375,127682,0.002173930790697165
2025-04-23,HYBE,352820.KS,232000.0,232500.0,228500.0,230500.0,230173.984375,112877,0.0
2025-04-24,HYBE,352820.KS,229500.0,231500.0,227000.0,228000.0,227677.515625,74368,-0.010846007452921969
2025-04-25,HYBE,352820.KS,228500.0,234500.0,226500.0,232500.0,232171.140625,172035,0.019736797406913364
2025-04-28,HYBE,352820.KS,233500.0,248500.0,230000.0,248500.0,248148.515625,318665,0.06881723093141212
2025-04-29,HYBE,352820.KS,250000.0,253500.0,243500.0,253000.0,252642.15625,288637,0.018108674209402764
2025-04-30,HYBE,352820.KS,258500.0,267000.0,257000.0,267000.0,266622.34375,539397,0.05533592535588561
2025-05-02,HYBE,352820.KS,268500.0,271000.0,262500.0,264500.0,264125.875,266554,-0.009363314097714293
2025-05-07,HYBE,352820.KS,267000.0,267500.0,261500.0,264500.0,264125.875,203802,0.0
2025-05-08,HYBE,352820.KS,265500.0,271500.0,262500.0,265000.0,264625.1875,239328,0.0018904338698357837
2025-05-09,HYBE,352820.KS,264500.0,274000.0,263500.0,270000.0,269618.09375,220742,0.01886784208702741
2025-05-12,HYBE,352820.KS,268000.0,270000.0,262000.0,265500.0,265124.46875,158328,-0.016666629963516644
2025-05-13,HYBE,352820.KS,262500.0,268000.0,260500.0,267000.0,266622.34375,120932,0.0056497048615020695
2025-05-14,HYBE,352820.KS,267500.0,277000.0,267500.0,275000.0,274611.03125,196783,0.029962558229893244
2025-05-15,HYBE,352820.KS,274500.0,277500.0,272500.0,273500.0,273113.15625,84501,-0.005454533247196358
2025-05-16,HYBE,352820.KS,274000.0,276000.0,272000.0,274500.0,274111.75,81185,0.0036563370425330977
2025-05-19,HYBE,352820.KS,274000.0,277500.0,268000.0,270000.0,269618.09375,110756,-0.01639351924899246
2025-05-20,HYBE,352820.KS,274000.0,279000.0,270500.0,277500.0,277107.5,162553,0.02777783251054533
2025-05-21,HYBE,352820.KS,279500.0,283000.0,275500.0,279000.0,278605.375,148175,0.005405393213824938
2025-05-22,HYBE,352820.KS,276000.0,281500.0,273000.0,280500.0,280103.25,142564,0.00537633202518073
2025-05-23,HYBE,352820.KS,280500.0,286500.0,279000.0,285500.0,285096.1875,159621,0.017825346546318288
2025-05-26,HYBE,352820.KS,289000.0,292000.0,285000.0,289500.0,289090.53125,153727,0.014010512680040721
2025-05-27,HYBE,352820.KS,288500.0,291000.0,282000.0,286500.0,286094.78125,153786,-0.010362670776682514
2025-05-28,HYBE,352820.KS,289500.0,292500.0,276500.0,279000.0,278605.375,242432,-0.02617805965308917
2025-05-29,HYBE,352820.KS,260000.0,276000.0,259500.0,272000.0,271615.28125,484102,-0.02508958683944984
2025-05-30,HYBE,352820.KS,268000.0,276000.0,260000.0,266000.0,265623.75,334461,-0.022058888669394427
2025-06-02,HYBE,352820.KS,267000.0,273500.0,264500.0,272000.0,271615.28125,199983,0.022556459089219327
2025-06-04,HYBE,352820.KS,279000.0,285500.0,274500.0,281000.0,280602.5625,231183,0.033088275477873186
2025-06-05,HYBE,352820.KS,284000.0,288500.0,281500.0,284500.0,284097.59375,186632,0.01245545022419381
2025-06-09,HYBE,352820.KS,291500.0,304500.0,291000.0,302000.0,301572.84375,453290,0.061511432635990015
2025-06-10,HYBE,352820.KS,308000.0,310000.0,300000.0,309000.0,308562.9375,329855,0.023178790447705877
2025-06-11,HYBE,352820.KS,313500.0,313500.0,299500.0,300500.0,300074.96875,363329,-0.02750806308356457
2025-06-12,HYBE,352820.KS,299000.0,304000.0,297500.0,302000.0,301572.84375,268735,0.004991669269314825
2025-06-13,HYBE,352820.KS,302000.0,304000.0,293500.0,296000.0,295581.34375,273190,-0.019867505062779678
2025-06-16,HYBE,352820.KS,296500.0,301500.0,296000.0,299000.0,298577.09375,179249,0.010135111918747386
2025-06-17,HYBE,352820.KS,301500.0,302000.0,294000.0,298500.0,298077.78125,169266,-0.001672306785925337
2025-06-18,HYBE,352820.KS,296500.0,309000.0,295500.0,304000.0,303570.03125,233220,0.018425559855444584
2025-06-19,HYBE,352820.KS,304000.0,305000.0,298000.0,300000.0,299575.6875,197511,-0.01315789880032825
2025-06-20,HYBE,352820.KS,301000.0,307500.0,300500.0,307000.0,306565.78125,257752,0.02333331455677623
2025-06-23,HYBE,352820.KS,303500.0,304000.0,298500.0,303000.0,302571.4375,149208,-0.013029320277407885
2025-06-24,HYBE,352820.KS,307000.0,316000.0,303500.0,312500.0,312058.0,269200,0.03135313292749253
2025-06-25,HYBE,352820.KS,312000.0,312500.0,306000.0,310500.0,310060.8125,243590,-0.006400052233879627
2025-06-26,HYBE,352820.KS,310500.0,311000.0,301500.0,306000.0,305567.1875,156864,-0.014492721488304827
2025-06-27,HYBE,352820.KS,306000.0,306500.0,297500.0,305500.0,305067.90625,172862,-0.001633949162162529
2025-06-30,HYBE,352820.KS,305500.0,312000.0,302500.0,309000.0,308562.9375,192357,0.011456568122691468
2025-07-01,HYBE,352820.KS,311000.0,318000.0,308000.0,313500.0,313056.59375,209630,0.014563175624421776
2025-07-02,HYBE,352820.KS,316500.0,323000.0,300500.0,305000.0,304568.59375,292797,-0.02711330848625515
2025-07-03,HYBE,352820.KS,305000.0,305000.0,287000.0,290500.0,290089.125,420996,-0.04754091212006328
2025-07-04,HYBE,352820.KS,285000.0,290500.0,275000.0,275500.0,275110.3125,419779,-0.05163520866216542
2025-07-07,HYBE,352820.KS,279000.0,282000.0,275000.0,277500.0,277107.5,164118,0.007259587915302124
2025-07-08,HYBE,352820.KS,282000.0,286500.0,280000.0,281500.0,281101.84375,268546,0.014414419494239494
2025-07-09,HYBE,352820.KS,280000.0,280000.0,266500.0,277000.0,276608.21875,392730,-0.015985754273445618
2025-07-10,HYBE,352820.KS,273000.0,275500.0,268000.0,274500.0,274111.75,439650,-0.009025287684081174
2025-07-11,HYBE,352820.KS,276500.0,279500.0,269500.0,271000.0,270616.6875,319274,-0.012750502304260891
2025-07-14,HYBE,352820.KS,271000.0,275000.0,267500.0,272500.0,272114.5625,168016,0.005535042993237482
2025-07-15,HYBE,352820.KS,272500.0,275000.0,269500.0,271000.0,270616.6875,203617,-0.005504574934316553
2025-07-16,HYBE,352820.KS,269500.0,271000.0,266000.0,266500.0,266123.0625,193766,-0.016605128979712336
2025-07-17,HYBE,352820.KS,263000.0,271500.0,263000.0,270500.0,270117.40625,197964,0.015009385930240482
2025-07-18,HYBE,352820.KS,269000.0,270000.0,265500.0,268000.0,267620.9375,147303,-0.009242161712783026
2025-07-21,HYBE,352820.KS,267000.0,277000.0,266500.0,276000.0,275609.625,255728,0.029850756725639194
2025-07-22,HYBE,352820.KS,275000.0,277500.0,272000.0,272500.0,272114.5625,199738,-0.01268120625322866
2025-07-23,HYBE,352820.KS,273500.0,274750.0,264500.0,267500.0,267121.65625,150763,-0.01834854483394288
2025-07-24,HYBE,352820.KS,269000.0,269500.0,260000.0,262000.0,261629.421875,217097,-0.02056079784807785
2025-07-25,HYBE,352820.KS,259000.0,262500.0,254500.0,256500.0,256137.203125,340667,-0.020992359003965677
2025-07-28,HYBE,352820.KS,256500.0,259000.0,249500.0,251500.0,251144.28125,246746,-0.019493153724191137
2025-07-29,HYBE,352820.KS,253000.0,256500.0,249500.0,254500.0,254140.03125,148483,0.01192840221202518
2025-07-30,HYBE,352820.KS,250500.0,252500.0,246000.0,250500.0,250145.6875,208851,-0.015717097894234255
2025-07-31,HYBE,352820.KS,249000.0,263000.0,249000.0,259500.0,259132.953125,309555,0.03592812538493195
2025-08-01,HYBE,352820.KS,255500.0,259000.0,250000.0,251000.0,250644.984375,169962,-0.0327552657724145
2025-08-04,HYBE,352820.KS,248500.0,261500.0,248500.0,260500.0,260131.546875,177197,0.03784860296987547
2025-08-05,HYBE,352820.KS,264000.0,264500.0,257500.0,262000.0,261629.421875,166073,0.005758144361936113
2025-08-06,HYBE,352820.KS,263500.0,268000.0,255500.0,259000.0,258633.671875,295798,-0.011450355921480804
2025-08-07,HYBE,352820.KS,271500.0,282000.0,269500.0,277500.0,277107.5,578454,0.07142854985227354
2025-08-08,HYBE,352820.KS,281500.0,295500.0,275000.0,291000.0,290588.40625,603873,0.048648651696543865
2025-08-11,HYBE,352820.KS,294500.0,294500.0,285000.0,289000.0,288591.21875,334370,-0.0068729084059938605
2025-08-12,HYBE,352820.KS,287500.0,288000.0,281500.0,282000.0,281601.125,212969,-0.02422143605157767
2025-08-13,HYBE,352820.KS,284500.0,284500.0,275000.0,279500.0,279104.65625,218777,-0.0088652655418191
2025-08-14,HYBE,352820.KS,284000.0,295000.0,279500.0,283500.0,283099.0,322744,0.014311275933792222
2025-08-18,HYBE,352820.KS,280500.0,286000.0,277000.0,280500.0,280103.25,148873,-0.010581987220018463
2025-08-19,HYBE,352820.KS,282500.0,294500.0,281000.0,287500.0,287093.34375,281644,0.02495541822524383
2025-08-20,HYBE,352820.KS,286500.0,288500.0,280000.0,286500.0,286094.78125,219592,-0.0034781806048054253
2025-08-21,HYBE,352820.KS,288000.0,292500.0,285000.0,291500.0,291087.6875,207405,0.01745193053919092
2025-08-22,HYBE,352820.KS,289500.0,293000.0,284500.0,285500.0,285096.1875,349789,-0.020583144726793012
2025-08-25,HYBE,352820.KS,288000.0,296000.0,286000.0,293500.0,293084.875,294500,0.02802102536008122
2025-08-26,HYBE,352820.KS,294500.0,306000.0,292000.0,297500.0,297079.21875,386581,0.013628624643287957
2025-08-27,HYBE,352820.KS,298500.0,299000.0,292500.0,295500.0,295082.03125,143004,-0.006722743880919757
2025-08-28,HYBE,352820.KS,290000.0,291500.0,283000.0,290000.0,289589.8125,229104,-0.01861251505804795
2025-08-29,HYBE,352820.KS,291000.0,292000.0,285500.0,287000.0,286594.0625,141498,-0.010344804515524886
2025-09-01,HYBE,352820.KS,286500.0,290500.0,284500.0,285000.0,284596.90625,144997,-0.006968589064890396
2025-09-02,HYBE,352820.KS,285500.0,288000.0,282000.0,284000.0,283598.3125,100167,-0.003508800440447546
2025-09-03,HYBE,352820.KS,284000.0,286500.0,272000.0,281500.0,281101.84375,217496,-0.00880283358526679
2025-09-04,HYBE,352820.KS,281000.0,283000.0,280000.0,283000.0,282599.71875,84002,0.00532858475781528
2025-09-05,HYBE,352820.KS,284500.0,293500.0,281500.0,290500.0,290089.125,206995,0.026501817776490633
2025-09-08,HYBE,352820.KS,288500.0,292500.0,286500.0,292000.0,291587.0,101589,0.005163499321113818
2025-09-09,HYBE,352820.KS,292000.0,293000.0,288000.0,290000.0,289589.8125,155832,-0.006849370856725434
2025-09-10,HYBE,352820.KS,291000.0,292000.0,287000.0,291500.0,291087.6875,185172,0.005172402257762387
2025-09-11,HYBE,352820.KS,290000.0,291000.0,283500.0,285500.0,285096.1875,260643,-0.020583144726793012
2025-09-12,HYBE,352820.KS,286000.0,292000.0,284000.0,292000.0,291587.0,217067,0.022767096806582066
2025-09-15,HYBE,352820.KS,289000.0,289000.0,283000.0,286500.0,286094.78125,171210,-0.018835609097799244
2025-09-16,HYBE,352820.KS,284000.0,290500.0,284000.0,289000.0,288591.21875,156450,0.008725910654827862
2025-09-17,HYBE,352820.KS,290500.0,298000.0,288000.0,289000.0,288591.21875,190791,0.0
2025-09-18,HYBE,352820.KS,289000.0,295500.0,287000.0,290000.0,289589.8125,334193,0.0034602360886977213
2025-09-22,HYBE,352820.KS,290000.0,292000.0,285500.0,287000.0,286594.0625,164746,-0.010344804515524886
2025-09-23,HYBE,352820.KS,286000.0,287500.0,280500.0,281500.0,281101.84375,193677,-0.01916375622750388
2025-09-24,HYBE,352820.KS,281500.0,283000.0,271000.0,276000.0,275609.625,315539,-0.019538181168546664
2025-09-25,HYBE,352820.KS,275500.0,276500.0,270000.0,271500.0,271116.0,214341,-0.01630431085271422
2025-09-26,HYBE,352820.KS,273000.0,276000.0,267000.0,268500.0,268120.21875,219494,-0.011049813548444254
2025-09-29,HYBE,352820.KS,269500.0,274000.0,269000.0,270000.0,269618.09375,138077,0.005586579807308922
2025-09-30,HYBE,352820.KS,270000.0,270000.0,263500.0,266000.0,265623.75,228946,-0.014814820824687325
2025-10-01,HYBE,352820.KS,269000.0,275000.0,267000.0,268000.0,267620.9375,136046,0.007518858912277215
2025-10-02,HYBE,352820.KS,269500.0,272500.0,265000.0,267500.0,267121.65625,235090,-0.001865628506738215
2025-10-10,HYBE,352820.KS,270000.0,275500.0,269000.0,272500.0,272114.5625,176765,0.018691506784186407
2025-10-13,HYBE,352820.KS,270000.0,286000.0,269000.0,284000.0,283598.3125,257638,0.042201894284874975
2025-10-14,HYBE,352820.KS,280500.0,280500.0,269500.0,271500.0,271116.0,271740,-0.04401405773526945
2025-10-15,HYBE,352820.KS,275000.0,281000.0,271500.0,278000.0,277606.78125,154640,0.02394097452750854
2025-10-16,HYBE,352820.KS,277000.0,277500.0,271000.0,273000.0,272613.875,203083,-0.017985534170015915
2025-10-17,HYBE,352820.KS,274000.0,275500.0,269000.0,269500.0,269118.8125,157990,-0.012820559848613744
2025-10-20,HYBE,352820.KS,270500.0,276000.0,266500.0,275500.0,275110.3125,146704,0.02226340085385159
2025-10-21,HYBE,352820.KS,275500.0,284000.0,274000.0,281000.0,280602.5625,201255,0.0199638099716819
2025-10-22,HYBE,352820.KS,279500.0,282500.0,276500.0,281500.0,281101.84375,117994,0.0017793182127479046
2025-10-23,HYBE,352820.KS,279500.0,290000.0,279000.0,288500.0,288091.9375,306584,0.024866765926361944
2025-10-24,HYBE,352820.KS,288500.0,290000.0,284000.0,288000.0,287592.65625,157712,-0.0017330622103924886
2025-10-27,HYBE,352820.KS,285500.0,316000.0,284500.0,309500.0,309062.25,1062420,0.07465278853065294
2025-10-28,HYBE,352820.KS,306000.0,313000.0,303500.0,311500.0,311059.40625,520615,0.006461987026885385
2025-10-29,HYBE,352820.KS,310000.0,313000.0,305250.0,309000.0,308562.9375,357341,-0.008025697663659681
2025-10-30,HYBE,352820.KS,316500.0,331000.0,315000.0,324500.0,324041.03125,760137,0.05016186932690192
2025-10-31,HYBE,352820.KS,331500.0,345000.0,328500.0,341000.0,340517.6875,551142,0.05084743801252789
2025-11-03,HYBE,352820.KS,350500.0,351000.0,337500.0,342500.0,342015.5625,438105,0.004398817021803003
2025-11-04,HYBE,352820.KS,338000.0,345500.0,332500.0,341000.0,340517.6875,220060,-0.004379552173155887
2025-11-05,HYBE,352820.KS,336000.0,339000.0,322000.0,332000.0,331530.40625,331814,-0.02639299390284977
2025-11-06,HYBE,352820.KS,339500.0,339500.0,318000.0,319500.0,319048.09375,310182,-0.037650581257959614
2025-11-07,HYBE,352820.KS,310000.0,317000.0,299000.0,305500.0,305067.90625,341723,-0.043818432938059204
2025-11-10,HYBE,352820.KS,305500.0,309500.0,294000.0,305500.0,305067.90625,348157,0.0
2025-11-11,HYBE,352820.KS,313000.0,313000.0,282000.0,285500.0,285096.1875,710288,-0.0654664694018432
2025-11-12,HYBE,352820.KS,289000.0,297500.0,287000.0,291000.0,290588.40625,307833,0.019264441233539875
2025-11-13,HYBE,352820.KS,305500.0,310000.0,299000.0,304000.0,303570.03125,650389,0.04467358201769267
2025-11-14,HYBE,352820.KS,298000.0,311500.0,295500.0,297500.0,297079.21875,243004,-0.021381598418239833
2025-11-17,HYBE,352820.KS,301500.0,302500.0,293500.0,294500.0,294083.46875,190554,-0.010084010630582063
2025-11-18,HYBE,352820.KS,295500.0,309000.0,293500.0,294000.0,293584.15625,301913,-0.0016978598019206093
2025-11-19,HYBE,352820.KS,299000.0,299000.0,286000.0,287500.0,287093.34375,208879,-0.022108865079465634
2025-11-20,HYBE,352820.KS,291000.0,299500.0,288000.0,296000.0,295581.34375,186671,0.02956529708815303
2025-11-21,HYBE,352820.KS,290500.0,294000.0,287500.0,292000.0,291587.0,175410,-0.013513517799615848
2025-11-24,HYBE,352820.KS,296500.0,296500.0,288500.0,290000.0,289589.8125,183457,-0.006849370856725434
2025-11-25,HYBE,352820.KS,291000.0,291500.0,277000.0,280500.0,280103.25,290393,-0.032758619573331815
2025-11-26,HYBE,352820.KS,282500.0,289500.0,280500.0,285000.0,284596.90625,166884,0.016042856518087456
2025-11-27,HYBE,352820.KS,286000.0,299000.0,284500.0,297500.0,297079.21875,260847,0.043859621190102116
2025-11-28,HYBE,352820.KS,299000.0,304500.0,295000.0,299500.0,299076.375,193873,0.006722638690122018
2025-12-01,HYBE,352820.KS,300000.0,301000.0,289500.0,292000.0,291587.0,141298,-0.025041680406886035
2025-12-02,HYBE,352820.KS,294000.0,301000.0,293500.0,298000.0,297578.5,152391,0.020547898225915517
2025-12-03,HYBE,352820.KS,299000.0,300000.0,295500.0,296000.0,295581.34375,90371,-0.006711359355598634
2025-12-04,HYBE,352820.KS,296000.0,296500.0,291500.0,295500.0,295082.03125,101973,-0.001689255802363232
2025-12-05,HYBE,352820.KS,291000.0,294500.0,289000.0,290000.0,289589.8125,147520,-0.01861251505804795
2025-12-08,HYBE,352820.KS,289000.0,290500.0,285000.0,289000.0,288591.21875,164099,-0.003448304142259828
2025-12-09,HYBE,352820.KS,291000.0,297500.0,289000.0,291000.0,290588.40625,145395,0.0069204721773954425
2025-12-10,HYBE,352820.KS,292000.0,310000.0,289500.0,299000.0,298577.09375,321605,0.02749141854313053
2025-12-11,HYBE,352820.KS,301500.0,301500.0,294500.0,294500.0,294083.46875,175728,-0.015050133094813178
2025-12-12,HYBE,352820.KS,297000.0,303000.0,295500.0,299500.0,299076.375,199555,0.01697785418276765
2025-12-15,HYBE,352820.KS,297500.0,312000.0,293500.0,301000.0,300574.25,423517,0.005008336081377296
2025-12-16,HYBE,352820.KS,301000.0,301000.0,294000.0,296000.0,295581.34375,206486,-0.016611224181712125
2025-12-17,HYBE,352820.KS,299500.0,304500.0,294500.0,304000.0,303570.03125,258229,0.027027035599231697
2025-12-18,HYBE,352820.KS,301500.0,312000.0,298000.0,305500.0,305067.90625,282658,0.004934199182416776
2025-12-19,HYBE,352820.KS,309500.0,322500.0,307000.0,313500.0,313056.59375,499879,0.026186587760737234
2025-12-22,HYBE,352820.KS,315500.0,316000.0,308500.0,309000.0,308562.9375,168520,-0.01435413385219586
2025-12-23,HYBE,352820.KS,311500.0,326000.0,309000.0,324500.0,324041.03125,376991,0.05016186932690192
2025-12-24,HYBE,352820.KS,321000.0,326500.0,319000.0,323000.0,322543.15625,215277,-0.004622485597647552
2025-12-26,HYBE,352820.KS,321000.0,321000.0,312000.0,314500.0,314055.15625,243361,-0.02631585831392136
2025-12-29,HYBE,352820.KS,314500.0,322500.0,310000.0,320000.0,319547.375,225393,0.017488070616576534
2025-12-30,HYBE,352820.KS,321000.0,332500.0,316500.0,330000.0,329533.25,318124,0.031250061121609995
2026-01-02,HYBE,352820.KS,340000.0,349000.0,336500.0,346000.0,345510.625,685781,0.048484864577398534
2026-01-05,HYBE,352820.KS,351000.0,353500.0,331000.0,337500.0,337022.625,744858,-0.02456653829386579
2026-01-06,HYBE,352820.KS,343000.0,343000.0,329000.0,335500.0,335025.46875,306974,-0.005925881830633806
2026-01-07,HYBE,352820.KS,333000.0,333500.0,319500.0,329000.0,328534.65625,554705,-0.019374086764858856
2026-01-08,HYBE,352820.KS,326000.0,338000.0,323000.0,335500.0,335025.46875,366538,0.01975685784290837
2026-01-09,HYBE,352820.KS,333500.0,335000.0,324500.0,331000.0,330531.8125,279892,-0.013412879524551058
2026-01-12,HYBE,352820.KS,330000.0,333000.0,321000.0,332000.0,331530.40625,326677,0.0030211728863465126
2026-01-13,HYBE,352820.KS,333500.0,334500.0,326500.0,332000.0,331530.40625,305659,0.0
2026-01-14,HYBE,352820.KS,342000.0,344500.0,328000.0,331000.0,330531.8125,487256,-0.0030120728933894503
2026-01-15,HYBE,352820.KS,333000.0,344000.0,332000.0,338500.0,338021.21875,648972,0.022658654830690406
