event_id,date,naver_news_count,naver_blog_count,naver_datalab_score,google_trends_score,youtube_views,youtube_comments,youtube_likes,spotify_popularity,instagram_followers,other_social_count,traffic_total_raw,traffic_total_normalized,data_quality
TWICE_20210609_ALCOHOL_FREE,2021-05-31,0.0,0.0,,0.0,327080485.0,1282354.0,4776601.0,0.0,0.0,0.0,333139440.0,0.303708033258454,ok
TWICE_20210609_ALCOHOL_FREE,2021-06-01,0.0,0.0,,0.0,327080485.0,1282354.0,4776601.0,0.0,0.0,0.0,333139440.0,0.303708033258454,ok
TWICE_20210609_ALCOHOL_FREE,2021-06-02,0.0,0.0,,0.0,327080485.0,1282354.0,4776601.0,0.0,0.0,0.0,333139440.0,0.303708033258454,ok
TWICE_20210609_ALCOHOL_FREE,2021-06-03,0.0,0.0,,0.0,327080485.0,1282354.0,4776601.0,0.0,0.0,0.0,333139440.0,0.303708033258454,ok
TWICE_20210609_ALCOHOL_FREE,2021-06-04,0.0,0.0,,0.0,327080485.0,1282354.0,4776601.0,0.0,0.0,0.0,333139440.0,0.303708033258454,ok
TWICE_20210609_ALCOHOL_FREE,2021-06-05,0.0,0.0,,0.0,327080485.0,1282354.0,4776601.0,0.0,0.0,0.0,333139440.0,0.303708033258454,ok
TWICE_20210609_ALCOHOL_FREE,2021-06-06,0.0,0.0,,100.0,327080485.0,1282354.0,4776601.0,0.0,0.0,0.0,333139540.0,0.3037081244238931,ok
TWICE_20210609_ALCOHOL_FREE,2021-06-07,0.0,0.0,,0.0,327080485.0,1282354.0,4776601.0,0.0,0.0,0.0,333139440.0,0.303708033258454,ok
TWICE_20210609_ALCOHOL_FREE,2021-06-08,0.0,0.0,,0.0,327080485.0,1282354.0,4776601.0,0.0,0.0,0.0,333139440.0,0.303708033258454,ok
TWICE_20210609_ALCOHOL_FREE,2021-06-09,0.0,0.0,,0.0,327080485.0,1282354.0,4776601.0,0.0,0.0,0.0,333139440.0,0.303708033258454,ok
TWICE_20210609_ALCOHOL_FREE,2021-06-10,0.0,0.0,,0.0,327080485.0,1282354.0,4776601.0,0.0,0.0,0.0,333139440.0,0.303708033258454,ok
TWICE_20210609_ALCOHOL_FREE,2021-06-11,0.0,0.0,,0.0,327080485.0,1282354.0,4776601.0,0.0,0.0,0.0,333139440.0,0.303708033258454,ok
TWICE_20210609_ALCOHOL_FREE,2021-06-12,0.0,0.0,,0.0,327080485.0,1282354.0,4776601.0,0.0,0.0,0.0,333139440.0,0.303708033258454,ok
TWICE_20210609_ALCOHOL_FREE,2021-06-13,0.0,0.0,,72.0,327080485.0,1282354.0,4776601.0,0.0,0.0,0.0,333139512.0,0.30370809889757017,ok
TWICE_20210609_ALCOHOL_FREE,2021-06-14,0.0,0.0,,0.0,327080485.0,1282354.0,4776601.0,0.0,0.0,0.0,333139440.0,0.303708033258454,ok
TWICE_20210609_ALCOHOL_FREE,2021-06-15,0.0,0.0,,0.0,327080485.0,1282354.0,4776601.0,0.0,0.0,0.0,333139440.0,0.303708033258454,ok
TWICE_20210609_ALCOHOL_FREE,2021-06-16,0.0,0.0,,0.0,327080485.0,1282354.0,4776601.0,0.0,0.0,0.0,333139440.0,0.303708033258454,ok
TWICE_20210609_ALCOHOL_FREE,2021-06-17,0.0,0.0,,0.0,327080485.0,1282354.0,4776601.0,0.0,0.0,0.0,333139440.0,0.303708033258454,ok
TWICE_20210609_ALCOHOL_FREE,2021-06-18,0.0,0.0,,0.0,327080485.0,1282354.0,4776601.0,0.0,0.0,0.0,333139440.0,0.303708033258454,ok
TWICE_20211001_THE_FEELS,2021-10-01,0.0,0.0,,0.0,521820865.0,750270.0,6957737.0,0.0,0.0,0.0,529528872.0,0.48274732126789804,ok
TWICE_20211001_THE_FEELS,2021-10-02,0.0,0.0,,0.0,521820865.0,750270.0,6957737.0,0.0,0.0,0.0,529528872.0,0.48274732126789804,ok
TWICE_20211001_THE_FEELS,2021-10-03,0.0,0.0,,100.0,521820865.0,750270.0,6957737.0,0.0,0.0,0.0,529528972.0,0.48274741243333713,ok
TWICE_20211001_THE_FEELS,2021-10-04,0.0,0.0,,0.0,521820865.0,750270.0,6957737.0,0.0,0.0,0.0,529528872.0,0.48274732126789804,ok
TWICE_20211001_THE_FEELS,2021-10-05,0.0,0.0,,0.0,521820865.0,750270.0,6957737.0,0.0,0.0,0.0,529528872.0,0.48274732126789804,ok
TWICE_20211001_THE_FEELS,2021-10-06,0.0,0.0,,0.0,521820865.0,750270.0,6957737.0,0.0,0.0,0.0,529528872.0,0.48274732126789804,ok
TWICE_20211001_THE_FEELS,2021-10-07,0.0,0.0,,0.0,521820865.0,750270.0,6957737.0,0.0,0.0,0.0,529528872.0,0.48274732126789804,ok
TWICE_20211001_THE_FEELS,2021-10-08,0.0,0.0,,0.0,521820865.0,750270.0,6957737.0,0.0,0.0,0.0,529528872.0,0.48274732126789804,ok
TWICE_20211001_THE_FEELS,2021-10-09,0.0,0.0,,0.0,521820865.0,750270.0,6957737.0,0.0,0.0,0.0,529528872.0,0.48274732126789804,ok
TWICE_20211001_THE_FEELS,2021-10-10,0.0,0.0,,63.0,521820865.0,750270.0,6957737.0,0.0,0.0,0.0,529528935.0,0.48274737870212464,ok
TWICE_20211001_THE_FEELS,2021-10-11,0.0,0.0,,0.0,521820865.0,750270.0,6957737.0,0.0,0.0,0.0,529528872.0,0.48274732126789804,ok
TWICE_20220712_CONTRACT_RENEWAL,2022-07-12,0.0,0.0,,0.0,58669.0,68.0,2187.0,0.0,0.0,0.0,60924.0,5.5541632111280645e-05,ok
TWICE_20220712_CONTRACT_RENEWAL,2022-07-13,0.0,0.0,,0.0,58669.0,68.0,2187.0,0.0,0.0,0.0,60924.0,5.5541632111280645e-05,ok
TWICE_20220712_CONTRACT_RENEWAL,2022-07-14,0.0,0.0,,0.0,58669.0,68.0,2187.0,0.0,0.0,0.0,60924.0,5.5541632111280645e-05,ok
TWICE_20220712_CONTRACT_RENEWAL,2022-07-15,0.0,0.0,,0.0,58669.0,68.0,2187.0,0.0,0.0,0.0,60924.0,5.5541632111280645e-05,ok
TWICE_20220712_CONTRACT_RENEWAL,2022-07-16,0.0,0.0,,0.0,58669.0,68.0,2187.0,0.0,0.0,0.0,60924.0,5.5541632111280645e-05,ok
TWICE_20220712_CONTRACT_RENEWAL,2022-07-17,0.0,0.0,,0.0,58669.0,68.0,2187.0,0.0,0.0,0.0,60924.0,5.5541632111280645e-05,ok
TWICE_20220712_CONTRACT_RENEWAL,2022-07-18,0.0,0.0,,0.0,58669.0,68.0,2187.0,0.0,0.0,0.0,60924.0,5.5541632111280645e-05,ok
TWICE_20220712_CONTRACT_RENEWAL,2022-07-19,0.0,0.0,,0.0,58669.0,68.0,2187.0,0.0,0.0,0.0,60924.0,5.5541632111280645e-05,ok
TWICE_20230221_READY_TO_BE_TOUR,2023-02-21,0.0,0.0,,0.0,8530198.0,2009.0,127652.0,0.0,0.0,0.0,8659859.0,0.00789479848193754,ok
TWICE_20230221_READY_TO_BE_TOUR,2023-02-22,0.0,0.0,,0.0,8530198.0,2009.0,127652.0,0.0,0.0,0.0,8659859.0,0.00789479848193754,ok
TWICE_20230221_READY_TO_BE_TOUR,2023-02-23,0.0,0.0,,0.0,8530198.0,2009.0,127652.0,0.0,0.0,0.0,8659859.0,0.00789479848193754,ok
TWICE_20230221_READY_TO_BE_TOUR,2023-02-24,0.0,0.0,,0.0,8530198.0,2009.0,127652.0,0.0,0.0,0.0,8659859.0,0.00789479848193754,ok
TWICE_20230221_READY_TO_BE_TOUR,2023-02-25,0.0,0.0,,0.0,8530198.0,2009.0,127652.0,0.0,0.0,0.0,8659859.0,0.00789479848193754,ok
TWICE_20230221_READY_TO_BE_TOUR,2023-02-26,0.0,0.0,,18.0,8530198.0,2009.0,127652.0,0.0,0.0,0.0,8659877.0,0.007894814891716577,ok
TWICE_20230221_READY_TO_BE_TOUR,2023-02-27,0.0,0.0,,0.0,8530198.0,2009.0,127652.0,0.0,0.0,0.0,8659859.0,0.00789479848193754,ok
TWICE_20230221_READY_TO_BE_TOUR,2023-02-28,0.0,0.0,,0.0,8530198.0,2009.0,127652.0,0.0,0.0,0.0,8659859.0,0.00789479848193754,ok
TWICE_20230221_READY_TO_BE_TOUR,2023-03-01,0.0,0.0,,0.0,8530198.0,2009.0,127652.0,0.0,0.0,0.0,8659859.0,0.00789479848193754,ok
TWICE_20230221_READY_TO_BE_TOUR,2023-03-02,0.0,0.0,,0.0,8530198.0,2009.0,127652.0,0.0,0.0,0.0,8659859.0,0.00789479848193754,ok
TWICE_20230221_READY_TO_BE_TOUR,2023-03-03,0.0,0.0,,0.0,8530198.0,2009.0,127652.0,0.0,0.0,0.0,8659859.0,0.00789479848193754,ok
TWICE_20230424_METLIFE_SOLDOUT,2023-04-24,0.0,0.0,,0.0,0.0,0.0,0.0,0.0,0.0,0.0,0.0,0.0,missing_traffic
TWICE_20230424_METLIFE_SOLDOUT,2023-04-25,0.0,0.0,,0.0,0.0,0.0,0.0,0.0,0.0,0.0,0.0,0.0,missing_traffic
TWICE_20230424_METLIFE_SOLDOUT,2023-04-26,0.0,0.0,,0.0,0.0,0.0,0.0,0.0,0.0,0.0,0.0,0.0,missing_traffic
TWICE_20230424_METLIFE_SOLDOUT,2023-04-27,0.0,0.0,,0.0,0.0,0.0,0.0,0.0,0.0,0.0,0.0,0.0,missing_traffic
TWICE_20230424_METLIFE_SOLDOUT,2023-04-28,0.0,0.0,,0.0,0.0,0.0,0.0,0.0,0.0,0.0,0.0,0.0,missing_traffic
TWICE_20230424_METLIFE_SOLDOUT,2023-04-29,0.0,0.0,,0.0,0.0,0.0,0.0,0.0,0.0,0.0,0.0,0.0,missing_traffic
TWICE_20230424_METLIFE_SOLDOUT,2023-04-30,0.0,0.0,,0.0,0.0,0.0,0.0,0.0,0.0,0.0,0.0,0.0,missing_traffic
TWICE_20230424_METLIFE_SOLDOUT,2023-05-01,0.0,0.0,,0.0,0.0,0.0,0.0,0.0,0.0,0.0,0.0,0.0,missing_traffic
AESPA_20210517_NEXT_LEVEL,2021-05-06,0.0,0.0,,0.0,323179845.0,488104.0,4085516.0,0.0,0.0,0.0,327753465.0,0.2987978855004185,ok
AESPA_20210517_NEXT_LEVEL,2021-05-07,0.0,0.0,,0.0,323179845.0,488104.0,4085516.0,0.0,0.0,0.0,327753465.0,0.2987978855004185,ok
AESPA_20210517_NEXT_LEVEL,2021-05-08,0.0,0.0,,0.0,323179845.0,488104.0,4085516.0,0.0,0.0,0.0,327753465.0,0.2987978855004185,ok
AESPA_20210517_NEXT_LEVEL,2021-05-09,0.0,0.0,,6.0,323179845.0,488104.0,4085516.0,0.0,0.0,0.0,327753471.0,0.29879789097034487,ok
AESPA_20210517_NEXT_LEVEL,2021-05-10,0.0,0.0,,0.0,323179845.0,488104.0,4085516.0,0.0,0.0,0.0,327753465.0,0.2987978855004185,ok
AESPA_20210517_NEXT_LEVEL,2021-05-11,0.0,0.0,,0.0,323179845.0,488104.0,4085516.0,0.0,0.0,0.0,327753465.0,0.2987978855004185,ok
AESPA_20210517_NEXT_LEVEL,2021-05-12,0.0,0.0,,0.0,323179845.0,488104.0,4085516.0,0.0,0.0,0.0,327753465.0,0.2987978855004185,ok
AESPA_20210517_NEXT_LEVEL,2021-05-13,0.0,0.0,,0.0,323179845.0,488104.0,4085516.0,0.0,0.0,0.0,327753465.0,0.2987978855004185,ok
AESPA_20210517_NEXT_LEVEL,2021-05-14,0.0,0.0,,0.0,323179845.0,488104.0,4085516.0,0.0,0.0,0.0,327753465.0,0.2987978855004185,ok
AESPA_20210517_NEXT_LEVEL,2021-05-15,0.0,0.0,,0.0,323179845.0,488104.0,4085516.0,0.0,0.0,0.0,327753465.0,0.2987978855004185,ok
AESPA_20210517_NEXT_LEVEL,2021-05-16,0.0,0.0,,100.0,323179845.0,488104.0,4085516.0,0.0,0.0,0.0,327753565.0,0.2987979766658576,ok
AESPA_20210517_NEXT_LEVEL,2021-05-17,0.0,0.0,,0.0,323179845.0,488104.0,4085516.0,0.0,0.0,0.0,327753465.0,0.2987978855004185,ok
AESPA_20210517_NEXT_LEVEL,2021-05-18,0.0,0.0,,0.0,323179845.0,488104.0,4085516.0,0.0,0.0,0.0,327753465.0,0.2987978855004185,ok
AESPA_20210517_NEXT_LEVEL,2021-05-19,0.0,0.0,,0.0,323179845.0,488104.0,4085516.0,0.0,0.0,0.0,327753465.0,0.2987978855004185,ok
AESPA_20210517_NEXT_LEVEL,2021-05-20,0.0,0.0,,0.0,323179845.0,488104.0,4085516.0,0.0,0.0,0.0,327753465.0,0.2987978855004185,ok
AESPA_20210517_NEXT_LEVEL,2021-05-21,0.0,0.0,,0.0,323179845.0,488104.0,4085516.0,0.0,0.0,0.0,327753465.0,0.2987978855004185,ok
AESPA_20210517_NEXT_LEVEL,2021-05-22,0.0,0.0,,0.0,323179845.0,488104.0,4085516.0,0.0,0.0,0.0,327753465.0,0.2987978855004185,ok
AESPA_20210517_NEXT_LEVEL,2021-05-23,0.0,0.0,,71.0,323179845.0,488104.0,4085516.0,0.0,0.0,0.0,327753536.0,0.29879795022788025,ok
AESPA_20210517_NEXT_LEVEL,2021-05-24,0.0,0.0,,0.0,323179845.0,488104.0,4085516.0,0.0,0.0,0.0,327753465.0,0.2987978855004185,ok
AESPA_20210517_NEXT_LEVEL,2021-05-25,0.0,0.0,,0.0,323179845.0,488104.0,4085516.0,0.0,0.0,0.0,327753465.0,0.2987978855004185,ok
AESPA_20210517_NEXT_LEVEL,2021-05-26,0.0,0.0,,0.0,323179845.0,488104.0,4085516.0,0.0,0.0,0.0,327753465.0,0.2987978855004185,ok
AESPA_20210517_NEXT_LEVEL,2021-05-27,0.0,0.0,,0.0,323179845.0,488104.0,4085516.0,0.0,0.0,0.0,327753465.0,0.2987978855004185,ok
AESPA_20210517_NEXT_LEVEL,2021-05-28,0.0,0.0,,0.0,323179845.0,488104.0,4085516.0,0.0,0.0,0.0,327753465.0,0.2987978855004185,ok
AESPA_20210517_NEXT_LEVEL,2021-05-29,0.0,0.0,,0.0,323179845.0,488104.0,4085516.0,0.0,0.0,0.0,327753465.0,0.2987978855004185,ok
AESPA_20210517_NEXT_LEVEL,2021-05-30,0.0,0.0,,59.0,323179845.0,488104.0,4085516.0,0.0,0.0,0.0,327753524.0,0.29879793928802756,ok
AESPA_20210517_NEXT_LEVEL,2021-05-31,0.0,0.0,,0.0,323179845.0,488104.0,4085516.0,0.0,0.0,0.0,327753465.0,0.2987978855004185,ok
AESPA_20220423_COACHELLA,2022-04-19,0.0,0.0,,0.0,2067296.0,4517.0,119532.0,0.0,0.0,0.0,2191345.0,0.0019977492912299634,ok
AESPA_20220423_COACHELLA,2022-04-20,0.0,0.0,,0.0,2067296.0,4517.0,119532.0,0.0,0.0,0.0,2191345.0,0.0019977492912299634,ok
AESPA_20220423_COACHELLA,2022-04-21,0.0,0.0,,0.0,2067296.0,4517.0,119532.0,0.0,0.0,0.0,2191345.0,0.0019977492912299634,ok
AESPA_20220423_COACHELLA,2022-04-22,0.0,0.0,,0.0,2067296.0,4517.0,119532.0,0.0,0.0,0.0,2191345.0,0.0019977492912299634,ok
AESPA_20220423_COACHELLA,2022-04-23,0.0,0.0,,0.0,2067296.0,4517.0,119532.0,0.0,0.0,0.0,2191345.0,0.0019977492912299634,ok
AESPA_20220423_COACHELLA,2022-04-24,0.0,0.0,,83.0,2067296.0,4517.0,119532.0,0.0,0.0,0.0,2191428.0,0.0019978249585444084,ok
AESPA_20220423_COACHELLA,2022-04-25,0.0,0.0,,0.0,2067296.0,4517.0,119532.0,0.0,0.0,0.0,2191345.0,0.0019977492912299634,ok
AESPA_20220423_COACHELLA,2022-04-26,0.0,0.0,,0.0,2067296.0,4517.0,119532.0,0.0,0.0,0.0,2191345.0,0.0019977492912299634,ok
AESPA_20220423_COACHELLA,2022-04-27,0.0,0.0,,0.0,2067296.0,4517.0,119532.0,0.0,0.0,0.0,2191345.0,0.0019977492912299634,ok
AESPA_20220423_COACHELLA,2022-04-28,0.0,0.0,,0.0,2067296.0,4517.0,119532.0,0.0,0.0,0.0,2191345.0,0.0019977492912299634,ok
AESPA_20220423_COACHELLA,2022-04-29,0.0,0.0,,0.0,2067296.0,4517.0,119532.0,0.0,0.0,0.0,2191345.0,0.0019977492912299634,ok
AESPA_20220423_COACHELLA,2022-04-30,0.0,0.0,,0.0,2067296.0,4517.0,119532.0,0.0,0.0,0.0,2191345.0,0.0019977492912299634,ok
AESPA_20230607_GISELLE_HEALTH,2023-06-07,2.0,0.0,,0.0,0.0,0.0,0.0,0.0,0.0,0.0,2.0,1.8233087818029232e-09,ok
AESPA_20230607_GISELLE_HEALTH,2023-06-08,3.0,0.0,,0.0,0.0,0.0,0.0,0.0,0.0,0.0,3.0,2.734963172704385e-09,ok
AESPA_20230607_GISELLE_HEALTH,2023-06-09,1.0,0.0,,0.0,0.0,0.0,0.0,0.0,0.0,0.0,1.0,9.116543909014616e-10,ok
AESPA_20230607_GISELLE_HEALTH,2023-06-10,1.0,0.0,,0.0,0.0,0.0,0.0,0.0,0.0,0.0,1.0,9.116543909014616e-10,ok
AESPA_20230607_GISELLE_HEALTH,2023-06-11,0.0,0.0,,0.0,0.0,0.0,0.0,0.0,0.0,0.0,0.0,0.0,missing_traffic
AESPA_20230607_GISELLE_HEALTH,2023-06-12,11.0,0.0,,0.0,0.0,0.0,0.0,0.0,0.0,0.0,11.0,1.0028198299916078e-08,ok
AESPA_20230607_GISELLE_HEALTH,2023-06-13,0.0,0.0,,0.0,0.0,0.0,0.0,0.0,0.0,0.0,0.0,0.0,missing_traffic
AESPA_20230607_GISELLE_HEALTH,2023-06-14,2.0,0.0,,0.0,0.0,0.0,0.0,0.0,0.0,0.0,2.0,1.8233087818029232e-09,ok
AESPA_20230607_GISELLE_HEALTH,2023-06-15,2.0,0.0,,0.0,0.0,0.0,0.0,0.0,0.0,0.0,2.0,1.8233087818029232e-09,ok
AESPA_20230607_GISELLE_HEALTH,2023-06-16,8.0,0.0,,0.0,0.0,0.0,0.0,0.0,0.0,0.0,8.0,7.293235127211693e-09,ok
AESPA_20230607_GISELLE_HEALTH,2023-06-17,4.0,0.0,,0.0,0.0,0.0,0.0,0.0,0.0,0.0,4.0,3.6466175636058464e-09,ok
AESPA_20230607_GISELLE_HEALTH,2023-06-18,0.0,0.0,,0.0,0.0,0.0,0.0,0.0,0.0,0.0,0.0,0.0,missing_traffic
AESPA_20230607_GISELLE_HEALTH,2023-06-19,1.0,0.0,,0.0,0.0,0.0,0.0,0.0,0.0,0.0,1.0,9.116543909014616e-10,ok
AESPA_20230607_GISELLE_HEALTH,2023-06-20,1.0,0.0,,0.0,0.0,0.0,0.0,0.0,0.0,0.0,1.0,9.116543909014616e-10,ok
AESPA_20230607_GISELLE_HEALTH,2023-06-21,0.0,0.0,,0.0,0.0,0.0,0.0,0.0,0.0,0.0,0.0,0.0,missing_traffic
AESPA_20240227_KARINA_DATING_BREAKUP,2024-02-27,0.0,0.0,,0.0,7043109.0,2707.0,125564.0,0.0,0.0,0.0,7171380.0,0.006537820065822924,ok
AESPA_20240227_KARINA_DATING_BREAKUP,2024-02-28,0.0,0.0,,0.0,7043109.0,2707.0,125564.0,0.0,0.0,0.0,7171380.0,0.006537820065822924,ok
AESPA_20240227_KARINA_DATING_BREAKUP,2024-02-29,0.0,0.0,,0.0,7043109.0,2707.0,125564.0,0.0,0.0,0.0,7171380.0,0.006537820065822924,ok
AESPA_20240227_KARINA_DATING_BREAKUP,2024-03-01,0.0,0.0,,0.0,7043109.0,2707.0,125564.0,0.0,0.0,0.0,7171380.0,0.006537820065822924,ok
AESPA_20240227_KARINA_DATING_BREAKUP,2024-03-02,0.0,0.0,,0.0,7043109.0,2707.0,125564.0,0.0,0.0,0.0,7171380.0,0.006537820065822924,ok
AESPA_20240227_KARINA_DATING_BREAKUP,2024-03-03,0.0,0.0,,17.0,7043109.0,2707.0,125564.0,0.0,0.0,0.0,7171397.0,0.006537835563947569,ok
AESPA_20240227_KARINA_DATING_BREAKUP,2024-03-04,0.0,0.0,,0.0,7043109.0,2707.0,125564.0,0.0,0.0,0.0,7171380.0,0.006537820065822924,ok
AESPA_20240227_KARINA_DATING_BREAKUP,2024-03-05,0.0,0.0,,0.0,7043109.0,2707.0,125564.0,0.0,0.0,0.0,7171380.0,0.006537820065822924,ok
AESPA_20240227_KARINA_DATING_BREAKUP,2024-03-06,0.0,0.0,,0.0,7043109.0,2707.0,125564.0,0.0,0.0,0.0,7171380.0,0.006537820065822924,ok
AESPA_20240227_KARINA_DATING_BREAKUP,2024-03-07,0.0,0.0,,0.0,7043109.0,2707.0,125564.0,0.0,0.0,0.0,7171380.0,0.006537820065822924,ok
AESPA_20240227_KARINA_DATING_BREAKUP,2024-03-08,0.0,0.0,,0.0,7043109.0,2707.0,125564.0,0.0,0.0,0.0,7171380.0,0.006537820065822924,ok
AESPA_20240227_KARINA_DATING_BREAKUP,2024-03-09,0.0,0.0,,0.0,7043109.0,2707.0,125564.0,0.0,0.0,0.0,7171380.0,0.006537820065822924,ok
AESPA_20240227_KARINA_DATING_BREAKUP,2024-03-10,0.0,0.0,,6.0,7043109.0,2707.0,125564.0,0.0,0.0,0.0,7171386.0,0.006537825535749269,ok
AESPA_20240227_KARINA_DATING_BREAKUP,2024-03-11,0.0,0.0,,0.0,7043109.0,2707.0,125564.0,0.0,0.0,0.0,7171380.0,0.006537820065822924,ok
AESPA_20240227_KARINA_DATING_BREAKUP,2024-03-12,0.0,0.0,,0.0,7043109.0,2707.0,125564.0,0.0,0.0,0.0,7171380.0,0.006537820065822924,ok
AESPA_20240227_KARINA_DATING_BREAKUP,2024-03-13,0.0,0.0,,0.0,7043109.0,2707.0,125564.0,0.0,0.0,0.0,7171380.0,0.006537820065822924,ok
AESPA_20240227_KARINA_DATING_BREAKUP,2024-03-14,0.0,0.0,,0.0,7043109.0,2707.0,125564.0,0.0,0.0,0.0,7171380.0,0.006537820065822924,ok
AESPA_20240227_KARINA_DATING_BREAKUP,2024-03-15,0.0,0.0,,0.0,7043109.0,2707.0,125564.0,0.0,0.0,0.0,7171380.0,0.006537820065822924,ok
AESPA_20240227_KARINA_DATING_BREAKUP,2024-03-16,0.0,0.0,,0.0,7043109.0,2707.0,125564.0,0.0,0.0,0.0,7171380.0,0.006537820065822924,ok
AESPA_20240227_KARINA_DATING_BREAKUP,2024-03-17,0.0,0.0,,4.0,7043109.0,2707.0,125564.0,0.0,0.0,0.0,7171384.0,0.006537823712440488,ok
AESPA_20240227_KARINA_DATING_BREAKUP,2024-03-18,0.0,0.0,,0.0,7043109.0,2707.0,125564.0,0.0,0.0,0.0,7171380.0,0.006537820065822924,ok
AESPA_20240227_KARINA_DATING_BREAKUP,2024-03-19,0.0,0.0,,0.0,7043109.0,2707.0,125564.0,0.0,0.0,0.0,7171380.0,0.006537820065822924,ok
AESPA_20240227_KARINA_DATING_BREAKUP,2024-03-20,0.0,0.0,,0.0,7043109.0,2707.0,125564.0,0.0,0.0,0.0,7171380.0,0.006537820065822924,ok
AESPA_20240227_KARINA_DATING_BREAKUP,2024-03-21,0.0,0.0,,0.0,7043109.0,2707.0,125564.0,0.0,0.0,0.0,7171380.0,0.006537820065822924,ok
AESPA_20240227_KARINA_DATING_BREAKUP,2024-03-22,0.0,0.0,,0.0,7043109.0,2707.0,125564.0,0.0,0.0,0.0,7171380.0,0.006537820065822924,ok
AESPA_20240227_KARINA_DATING_BREAKUP,2024-03-23,0.0,0.0,,0.0,7043109.0,2707.0,125564.0,0.0,0.0,0.0,7171380.0,0.006537820065822924,ok
AESPA_20240227_KARINA_DATING_BREAKUP,2024-03-24,0.0,0.0,,4.0,7043109.0,2707.0,125564.0,0.0,0.0,0.0,7171384.0,0.006537823712440488,ok
AESPA_20240227_KARINA_DATING_BREAKUP,2024-03-25,0.0,0.0,,0.0,7043109.0,2707.0,125564.0,0.0,0.0,0.0,7171380.0,0.006537820065822924,ok
AESPA_20240227_KARINA_DATING_BREAKUP,2024-03-26,0.0,0.0,,0.0,7043109.0,2707.0,125564.0,0.0,0.0,0.0,7171380.0,0.006537820065822924,ok
AESPA_20240227_KARINA_DATING_BREAKUP,2024-03-27,0.0,0.0,,0.0,7043109.0,2707.0,125564.0,0.0,0.0,0.0,7171380.0,0.006537820065822924,ok
AESPA_20240227_KARINA_DATING_BREAKUP,2024-03-28,0.0,0.0,,0.0,7043109.0,2707.0,125564.0,0.0,0.0,0.0,7171380.0,0.006537820065822924,ok
AESPA_20240227_KARINA_DATING_BREAKUP,2024-03-29,0.0,0.0,,0.0,7043109.0,2707.0,125564.0,0.0,0.0,0.0,7171380.0,0.006537820065822924,ok
AESPA_20240227_KARINA_DATING_BREAKUP,2024-03-30,0.0,0.0,,0.0,7043109.0,2707.0,125564.0,0.0,0.0,0.0,7171380.0,0.006537820065822924,ok
AESPA_20240227_KARINA_DATING_BREAKUP,2024-03-31,0.0,0.0,,9.0,7043109.0,2707.0,125564.0,0.0,0.0,0.0,7171389.0,0.006537828270712442,ok
AESPA_20240227_KARINA_DATING_BREAKUP,2024-04-01,0.0,0.0,,0.0,7043109.0,2707.0,125564.0,0.0,0.0,0.0,7171380.0,0.006537820065822924,ok
AESPA_20240227_KARINA_DATING_BREAKUP,2024-04-02,0.0,0.0,,0.0,7043109.0,2707.0,125564.0,0.0,0.0,0.0,7171380.0,0.006537820065822924,ok
AESPA_20240527_ARMAGEDDON,2024-04-22,0.0,0.0,,0.0,171992413.0,89344.0,1908237.0,0.0,0.0,0.0,173989994.0,0.15861874200301895,ok
AESPA_20240527_ARMAGEDDON,2024-04-23,0.0,0.0,,0.0,171992413.0,89344.0,1908237.0,0.0,0.0,0.0,173989994.0,0.15861874200301895,ok
AESPA_20240527_ARMAGEDDON,2024-04-24,0.0,0.0,,0.0,171992413.0,89344.0,1908237.0,0.0,0.0,0.0,173989994.0,0.15861874200301895,ok
AESPA_20240527_ARMAGEDDON,2024-04-25,0.0,0.0,,0.0,171992413.0,89344.0,1908237.0,0.0,0.0,0.0,173989994.0,0.15861874200301895,ok
AESPA_20240527_ARMAGEDDON,2024-04-26,0.0,0.0,,0.0,171992413.0,89344.0,1908237.0,0.0,0.0,0.0,173989994.0,0.15861874200301895,ok
AESPA_20240527_ARMAGEDDON,2024-04-27,0.0,0.0,,0.0,171992413.0,89344.0,1908237.0,0.0,0.0,0.0,173989994.0,0.15861874200301895,ok
AESPA_20240527_ARMAGEDDON,2024-04-28,0.0,0.0,,4.0,171992413.0,89344.0,1908237.0,0.0,0.0,0.0,173989998.0,0.15861874564963652,ok
AESPA_20240527_ARMAGEDDON,2024-04-29,0.0,0.0,,0.0,171992413.0,89344.0,1908237.0,0.0,0.0,0.0,173989994.0,0.15861874200301895,ok
AESPA_20240527_ARMAGEDDON,2024-04-30,0.0,0.0,,0.0,171992413.0,89344.0,1908237.0,0.0,0.0,0.0,173989994.0,0.15861874200301895,ok
AESPA_20240527_ARMAGEDDON,2024-05-01,0.0,0.0,,0.0,171992413.0,89344.0,1908237.0,0.0,0.0,0.0,173989994.0,0.15861874200301895,ok
AESPA_20240527_ARMAGEDDON,2024-05-02,0.0,0.0,,0.0,171992413.0,89344.0,1908237.0,0.0,0.0,0.0,173989994.0,0.15861874200301895,ok
AESPA_20240527_ARMAGEDDON,2024-05-03,0.0,0.0,,0.0,171992413.0,89344.0,1908237.0,0.0,0.0,0.0,173989994.0,0.15861874200301895,ok
AESPA_20240527_ARMAGEDDON,2024-05-04,0.0,0.0,,0.0,171992413.0,89344.0,1908237.0,0.0,0.0,0.0,173989994.0,0.15861874200301895,ok
AESPA_20240527_ARMAGEDDON,2024-05-05,0.0,0.0,,6.0,171992413.0,89344.0,1908237.0,0.0,0.0,0.0,173990000.0,0.1586187474729453,ok
AESPA_20240527_ARMAGEDDON,2024-05-06,0.0,0.0,,0.0,171992413.0,89344.0,1908237.0,0.0,0.0,0.0,173989994.0,0.15861874200301895,ok
AESPA_20240527_ARMAGEDDON,2024-05-07,0.0,0.0,,0.0,171992413.0,89344.0,1908237.0,0.0,0.0,0.0,173989994.0,0.15861874200301895,ok
AESPA_20240527_ARMAGEDDON,2024-05-08,0.0,0.0,,0.0,171992413.0,89344.0,1908237.0,0.0,0.0,0.0,173989994.0,0.15861874200301895,ok
AESPA_20240527_ARMAGEDDON,2024-05-09,0.0,0.0,,0.0,171992413.0,89344.0,1908237.0,0.0,0.0,0.0,173989994.0,0.15861874200301895,ok
AESPA_20240527_ARMAGEDDON,2024-05-10,0.0,0.0,,0.0,171992413.0,89344.0,1908237.0,0.0,0.0,0.0,173989994.0,0.15861874200301895,ok
AESPA_20240527_ARMAGEDDON,2024-05-11,0.0,0.0,,0.0,171992413.0,89344.0,1908237.0,0.0,0.0,0.0,173989994.0,0.15861874200301895,ok
AESPA_20240527_ARMAGEDDON,2024-05-12,0.0,0.0,,11.0,171992413.0,89344.0,1908237.0,0.0,0.0,0.0,173990005.0,0.15861875203121725,ok
AESPA_20240527_ARMAGEDDON,2024-05-13,0.0,0.0,,0.0,171992413.0,89344.0,1908237.0,0.0,0.0,0.0,173989994.0,0.15861874200301895,ok
AESPA_20240527_ARMAGEDDON,2024-05-14,0.0,0.0,,0.0,171992413.0,89344.0,1908237.0,0.0,0.0,0.0,173989994.0,0.15861874200301895,ok
AESPA_20240527_ARMAGEDDON,2024-05-15,0.0,0.0,,0.0,171992413.0,89344.0,1908237.0,0.0,0.0,0.0,173989994.0,0.15861874200301895,ok
AESPA_20240527_ARMAGEDDON,2024-05-16,0.0,0.0,,0.0,171992413.0,89344.0,1908237.0,0.0,0.0,0.0,173989994.0,0.15861874200301895,ok
AESPA_20240527_ARMAGEDDON,2024-05-17,0.0,0.0,,0.0,171992413.0,89344.0,1908237.0,0.0,0.0,0.0,173989994.0,0.15861874200301895,ok
AESPA_20240527_ARMAGEDDON,2024-05-18,0.0,0.0,,0.0,171992413.0,89344.0,1908237.0,0.0,0.0,0.0,173989994.0,0.15861874200301895,ok
AESPA_20240527_ARMAGEDDON,2024-05-19,0.0,0.0,,34.0,171992413.0,89344.0,1908237.0,0.0,0.0,0.0,173990028.0,0.15861877299926824,ok
AESPA_20240527_ARMAGEDDON,2024-05-20,0.0,0.0,,0.0,171992413.0,89344.0,1908237.0,0.0,0.0,0.0,173989994.0,0.15861874200301895,ok
AESPA_20240527_ARMAGEDDON,2024-05-21,0.0,0.0,,0.0,171992413.0,89344.0,1908237.0,0.0,0.0,0.0,173989994.0,0.15861874200301895,ok
AESPA_20240527_ARMAGEDDON,2024-05-22,0.0,0.0,,0.0,171992413.0,89344.0,1908237.0,0.0,0.0,0.0,173989994.0,0.15861874200301895,ok
AESPA_20240527_ARMAGEDDON,2024-05-23,0.0,0.0,,0.0,171992413.0,89344.0,1908237.0,0.0,0.0,0.0,173989994.0,0.15861874200301895,ok
AESPA_20240527_ARMAGEDDON,2024-05-24,0.0,0.0,,0.0,171992413.0,89344.0,1908237.0,0.0,0.0,0.0,173989994.0,0.15861874200301895,ok
AESPA_20240527_ARMAGEDDON,2024-05-25,0.0,0.0,,0.0,171992413.0,89344.0,1908237.0,0.0,0.0,0.0,173989994.0,0.15861874200301895,ok
AESPA_20240527_ARMAGEDDON,2024-05-26,0.0,0.0,,100.0,171992413.0,89344.0,1908237.0,0.0,0.0,0.0,173990094.0,0.15861883316845804,ok
AESPA_20240527_ARMAGEDDON,2024-05-27,0.0,0.0,,0.0,171992413.0,89344.0,1908237.0,0.0,0.0,0.0,173989994.0,0.15861874200301895,ok
AESPA_20240527_ARMAGEDDON,2024-05-28,0.0,0.0,,0.0,171992413.0,89344.0,1908237.0,0.0,0.0,0.0,173989994.0,0.15861874200301895,ok
AESPA_20240527_ARMAGEDDON,2024-05-29,0.0,0.0,,0.0,171992413.0,89344.0,1908237.0,0.0,0.0,0.0,173989994.0,0.15861874200301895,ok
AESPA_20240527_ARMAGEDDON,2024-05-30,0.0,0.0,,0.0,171992413.0,89344.0,1908237.0,0.0,0.0,0.0,173989994.0,0.15861874200301895,ok
AESPA_20240527_ARMAGEDDON,2024-05-31,0.0,0.0,,0.0,171992413.0,89344.0,1908237.0,0.0,0.0,0.0,173989994.0,0.15861874200301895,ok
AESPA_20240527_ARMAGEDDON,2024-06-01,0.0,0.0,,0.0,171992413.0,89344.0,1908237.0,0.0,0.0,0.0,173989994.0,0.15861874200301895,ok
AESPA_20240527_ARMAGEDDON,2024-06-02,0.0,0.0,,51.0,171992413.0,89344.0,1908237.0,0.0,0.0,0.0,173990045.0,0.1586187884973929,ok
BLACKPINK_20220819_PINK_VENOM,2022-08-19,0.0,0.0,,0.0,1075922060.0,3456967.0,17527809.0,0.0,0.0,0.0,1096906836.0,0.9999999334492294,ok
BLACKPINK_20220819_PINK_VENOM,2022-08-20,0.0,0.0,,0.0,1075922060.0,3456967.0,17527809.0,0.0,0.0,0.0,1096906836.0,0.9999999334492294,ok
BLACKPINK_20220819_PINK_VENOM,2022-08-21,0.0,0.0,,73.0,1075922060.0,3456967.0,17527809.0,0.0,0.0,0.0,1096906909.0,1.0,ok
BLACKPINK_20220819_PINK_VENOM,2022-08-22,0.0,0.0,,0.0,1075922060.0,3456967.0,17527809.0,0.0,0.0,0.0,1096906836.0,0.9999999334492294,ok
BLACKPINK_20220819_PINK_VENOM,2022-08-23,0.0,0.0,,0.0,1075922060.0,3456967.0,17527809.0,0.0,0.0,0.0,1096906836.0,0.9999999334492294,ok
BLACKPINK_20220819_PINK_VENOM,2022-08-24,0.0,0.0,,0.0,1075922060.0,3456967.0,17527809.0,0.0,0.0,0.0,1096906836.0,0.9999999334492294,ok
BLACKPINK_20220819_PINK_VENOM,2022-08-25,0.0,0.0,,0.0,1075922060.0,3456967.0,17527809.0,0.0,0.0,0.0,1096906836.0,0.9999999334492294,ok
BLACKPINK_20220819_PINK_VENOM,2022-08-26,0.0,0.0,,0.0,1075922060.0,3456967.0,17527809.0,0.0,0.0,0.0,1096906836.0,0.9999999334492294,ok
BLACKPINK_20220916_BORN_PINK,2022-09-16,0.0,0.0,,0.0,26962259.0,297879.0,2628895.0,0.0,0.0,0.0,29889033.0,0.027248468174248686,ok
BLACKPINK_20220916_BORN_PINK,2022-09-17,0.0,0.0,,0.0,26962259.0,297879.0,2628895.0,0.0,0.0,0.0,29889033.0,0.027248468174248686,ok
BLACKPINK_20220916_BORN_PINK,2022-09-18,0.0,0.0,,63.0,26962259.0,297879.0,2628895.0,0.0,0.0,0.0,29889096.0,0.027248525608475314,ok
BLACKPINK_20220916_BORN_PINK,2022-09-19,0.0,0.0,,0.0,26962259.0,297879.0,2628895.0,0.0,0.0,0.0,29889033.0,0.027248468174248686,ok
BLACKPINK_20220916_BORN_PINK,2022-09-20,0.0,0.0,,0.0,26962259.0,297879.0,2628895.0,0.0,0.0,0.0,29889033.0,0.027248468174248686,ok
BLACKPINK_20220916_BORN_PINK,2022-09-21,0.0,0.0,,0.0,26962259.0,297879.0,2628895.0,0.0,0.0,0.0,29889033.0,0.027248468174248686,ok
BLACKPINK_20220916_BORN_PINK,2022-09-22,0.0,0.0,,0.0,26962259.0,297879.0,2628895.0,0.0,0.0,0.0,29889033.0,0.027248468174248686,ok
BLACKPINK_20220916_BORN_PINK,2022-09-23,0.0,0.0,,0.0,26962259.0,297879.0,2628895.0,0.0,0.0,0.0,29889033.0,0.027248468174248686,ok
BLACKPINK_20220916_BORN_PINK,2022-09-24,0.0,0.0,,0.0,26962259.0,297879.0,2628895.0,0.0,0.0,0.0,29889033.0,0.027248468174248686,ok
BLACKPINK_20220916_BORN_PINK,2022-09-25,0.0,0.0,,24.0,26962259.0,297879.0,2628895.0,0.0,0.0,0.0,29889057.0,0.027248490053954067,ok
BLACKPINK_20230110_COACHELLA_HEADLINER,2023-01-10,0.0,0.0,,0.0,142334092.0,34377.0,1914135.0,0.0,0.0,0.0,144282604.0,0.13153586946729678,ok
BLACKPINK_20230110_COACHELLA_HEADLINER,2023-01-11,0.0,0.0,,0.0,142334092.0,34377.0,1914135.0,0.0,0.0,0.0,144282604.0,0.13153586946729678,ok
BLACKPINK_20230110_COACHELLA_HEADLINER,2023-01-12,0.0,0.0,,0.0,142334092.0,34377.0,1914135.0,0.0,0.0,0.0,144282604.0,0.13153586946729678,ok
BLACKPINK_20230110_COACHELLA_HEADLINER,2023-01-13,0.0,0.0,,0.0,142334092.0,34377.0,1914135.0,0.0,0.0,0.0,144282604.0,0.13153586946729678,ok
BLACKPINK_20230110_COACHELLA_HEADLINER,2023-01-14,0.0,0.0,,0.0,142334092.0,34377.0,1914135.0,0.0,0.0,0.0,144282604.0,0.13153586946729678,ok
BLACKPINK_20230110_COACHELLA_HEADLINER,2023-01-15,0.0,0.0,,1.0,142334092.0,34377.0,1914135.0,0.0,0.0,0.0,144282605.0,0.13153587037895118,ok
BLACKPINK_20230110_COACHELLA_HEADLINER,2023-01-16,0.0,0.0,,0.0,142334092.0,34377.0,1914135.0,0.0,0.0,0.0,144282604.0,0.13153586946729678,ok
BLACKPINK_20230110_COACHELLA_HEADLINER,2023-01-17,0.0,0.0,,0.0,142334092.0,34377.0,1914135.0,0.0,0.0,0.0,144282604.0,0.13153586946729678,ok
BLACKPINK_20230110_COACHELLA_HEADLINER,2023-01-18,0.0,0.0,,0.0,142334092.0,34377.0,1914135.0,0.0,0.0,0.0,144282604.0,0.13153586946729678,ok
BLACKPINK_20230110_COACHELLA_HEADLINER,2023-01-19,0.0,0.0,,0.0,142334092.0,34377.0,1914135.0,0.0,0.0,0.0,144282604.0,0.13153586946729678,ok
BLACKPINK_20230110_COACHELLA_HEADLINER,2023-01-20,0.0,0.0,,0.0,142334092.0,34377.0,1914135.0,0.0,0.0,0.0,144282604.0,0.13153586946729678,ok
BLACKPINK_20230110_COACHELLA_HEADLINER,2023-01-21,0.0,0.0,,0.0,142334092.0,34377.0,1914135.0,0.0,0.0,0.0,144282604.0,0.13153586946729678,ok
BLACKPINK_20230110_COACHELLA_HEADLINER,2023-01-22,0.0,0.0,,1.0,142334092.0,34377.0,1914135.0,0.0,0.0,0.0,144282605.0,0.13153587037895118,ok
BLACKPINK_20230110_COACHELLA_HEADLINER,2023-01-23,0.0,0.0,,0.0,142334092.0,34377.0,1914135.0,0.0,0.0,0.0,144282604.0,0.13153586946729678,ok
BLACKPINK_20230110_COACHELLA_HEADLINER,2023-01-24,0.0,0.0,,0.0,142334092.0,34377.0,1914135.0,0.0,0.0,0.0,144282604.0,0.13153586946729678,ok
BLACKPINK_20230110_COACHELLA_HEADLINER,2023-01-25,0.0,0.0,,0.0,142334092.0,34377.0,1914135.0,0.0,0.0,0.0,144282604.0,0.13153586946729678,ok
BLACKPINK_20230110_COACHELLA_HEADLINER,2023-01-26,0.0,0.0,,0.0,142334092.0,34377.0,1914135.0,0.0,0.0,0.0,144282604.0,0.13153586946729678,ok
BLACKPINK_20230110_COACHELLA_HEADLINER,2023-01-27,0.0,0.0,,0.0,142334092.0,34377.0,1914135.0,0.0,0.0,0.0,144282604.0,0.13153586946729678,ok
BLACKPINK_20230110_COACHELLA_HEADLINER,2023-01-28,0.0,0.0,,0.0,142334092.0,34377.0,1914135.0,0.0,0.0,0.0,144282604.0,0.13153586946729678,ok
BLACKPINK_20230110_COACHELLA_HEADLINER,2023-01-29,0.0,0.0,,1.0,142334092.0,34377.0,1914135.0,0.0,0.0,0.0,144282605.0,0.13153587037895118,ok
BLACKPINK_20230110_COACHELLA_HEADLINER,2023-01-30,0.0,0.0,,0.0,142334092.0,34377.0,1914135.0,0.0,0.0,0.0,144282604.0,0.13153586946729678,ok
BLACKPINK_20230110_COACHELLA_HEADLINER,2023-01-31,0.0,0.0,,0.0,142334092.0,34377.0,1914135.0,0.0,0.0,0.0,144282604.0,0.13153586946729678,ok
BLACKPINK_20230110_COACHELLA_HEADLINER,2023-02-01,0.0,0.0,,0.0,142334092.0,34377.0,1914135.0,0.0,0.0,0.0,144282604.0,0.13153586946729678,ok
BLACKPINK_20230110_COACHELLA_HEADLINER,2023-02-02,0.0,0.0,,0.0,142334092.0,34377.0,1914135.0,0.0,0.0,0.0,144282604.0,0.13153586946729678,ok
BLACKPINK_20230110_COACHELLA_HEADLINER,2023-02-03,0.0,0.0,,0.0,142334092.0,34377.0,1914135.0,0.0,0.0,0.0,144282604.0,0.13153586946729678,ok
BLACKPINK_20230110_COACHELLA_HEADLINER,2023-02-04,0.0,0.0,,0.0,142334092.0,34377.0,1914135.0,0.0,0.0,0.0,144282604.0,0.13153586946729678,ok
BLACKPINK_20230110_COACHELLA_HEADLINER,2023-02-05,0.0,0.0,,1.0,142334092.0,34377.0,1914135.0,0.0,0.0,0.0,144282605.0,0.13153587037895118,ok
BLACKPINK_20230110_COACHELLA_HEADLINER,2023-02-06,0.0,0.0,,0.0,142334092.0,34377.0,1914135.0,0.0,0.0,0.0,144282604.0,0.13153586946729678,ok
BLACKPINK_20230110_COACHELLA_HEADLINER,2023-02-07,0.0,0.0,,0.0,142334092.0,34377.0,1914135.0,0.0,0.0,0.0,144282604.0,0.13153586946729678,ok
BLACKPINK_20230110_COACHELLA_HEADLINER,2023-02-08,0.0,0.0,,0.0,142334092.0,34377.0,1914135.0,0.0,0.0,0.0,144282604.0,0.13153586946729678,ok
BLACKPINK_20230110_COACHELLA_HEADLINER,2023-02-09,0.0,0.0,,0.0,142334092.0,34377.0,1914135.0,0.0,0.0,0.0,144282604.0,0.13153586946729678,ok
BLACKPINK_20230110_COACHELLA_HEADLINER,2023-02-10,0.0,0.0,,0.0,142334092.0,34377.0,1914135.0,0.0,0.0,0.0,144282604.0,0.13153586946729678,ok
BLACKPINK_20230110_COACHELLA_HEADLINER,2023-02-11,0.0,0.0,,0.0,142334092.0,34377.0,1914135.0,0.0,0.0,0.0,144282604.0,0.13153586946729678,ok
BLACKPINK_20230110_COACHELLA_HEADLINER,2023-02-12,0.0,0.0,,1.0,142334092.0,34377.0,1914135.0,0.0,0.0,0.0,144282605.0,0.13153587037895118,ok
BLACKPINK_20230110_COACHELLA_HEADLINER,2023-02-13,0.0,0.0,,0.0,142334092.0,34377.0,1914135.0,0.0,0.0,0.0,144282604.0,0.13153586946729678,ok
BLACKPINK_20230110_COACHELLA_HEADLINER,2023-02-14,0.0,0.0,,0.0,142334092.0,34377.0,1914135.0,0.0,0.0,0.0,144282604.0,0.13153586946729678,ok
BLACKPINK_20230110_COACHELLA_HEADLINER,2023-02-15,0.0,0.0,,0.0,142334092.0,34377.0,1914135.0,0.0,0.0,0.0,144282604.0,0.13153586946729678,ok
BLACKPINK_20230110_COACHELLA_HEADLINER,2023-02-16,0.0,0.0,,0.0,142334092.0,34377.0,1914135.0,0.0,0.0,0.0,144282604.0,0.13153586946729678,ok
BLACKPINK_20230110_COACHELLA_HEADLINER,2023-02-17,0.0,0.0,,0.0,142334092.0,34377.0,1914135.0,0.0,0.0,0.0,144282604.0,0.13153586946729678,ok
BLACKPINK_20230110_COACHELLA_HEADLINER,2023-02-18,0.0,0.0,,0.0,142334092.0,34377.0,1914135.0,0.0,0.0,0.0,144282604.0,0.13153586946729678,ok
BLACKPINK_20230110_COACHELLA_HEADLINER,2023-02-19,0.0,0.0,,1.0,142334092.0,34377.0,1914135.0,0.0,0.0,0.0,144282605.0,0.13153587037895118,ok
BLACKPINK_20230110_COACHELLA_HEADLINER,2023-02-20,0.0,0.0,,0.0,142334092.0,34377.0,1914135.0,0.0,0.0,0.0,144282604.0,0.13153586946729678,ok
BLACKPINK_20230110_COACHELLA_HEADLINER,2023-02-21,0.0,0.0,,0.0,142334092.0,34377.0,1914135.0,0.0,0.0,0.0,144282604.0,0.13153586946729678,ok
BLACKPINK_20230110_COACHELLA_HEADLINER,2023-02-22,0.0,0.0,,0.0,142334092.0,34377.0,1914135.0,0.0,0.0,0.0,144282604.0,0.13153586946729678,ok
BLACKPINK_20230110_COACHELLA_HEADLINER,2023-02-23,0.0,0.0,,0.0,142334092.0,34377.0,1914135.0,0.0,0.0,0.0,144282604.0,0.13153586946729678,ok
BLACKPINK_20230110_COACHELLA_HEADLINER,2023-02-24,0.0,0.0,,0.0,142334092.0,34377.0,1914135.0,0.0,0.0,0.0,144282604.0,0.13153586946729678,ok
BLACKPINK_20230110_COACHELLA_HEADLINER,2023-02-25,0.0,0.0,,0.0,142334092.0,34377.0,1914135.0,0.0,0.0,0.0,144282604.0,0.13153586946729678,ok
BLACKPINK_20230110_COACHELLA_HEADLINER,2023-02-26,0.0,0.0,,1.0,142334092.0,34377.0,1914135.0,0.0,0.0,0.0,144282605.0,0.13153587037895118,ok
BLACKPINK_20230110_COACHELLA_HEADLINER,2023-02-27,0.0,0.0,,0.0,142334092.0,34377.0,1914135.0,0.0,0.0,0.0,144282604.0,0.13153586946729678,ok
BLACKPINK_20230110_COACHELLA_HEADLINER,2023-02-28,0.0,0.0,,0.0,142334092.0,34377.0,1914135.0,0.0,0.0,0.0,144282604.0,0.13153586946729678,ok
BLACKPINK_20230110_COACHELLA_HEADLINER,2023-03-01,0.0,0.0,,0.0,142334092.0,34377.0,1914135.0,0.0,0.0,0.0,144282604.0,0.13153586946729678,ok
BLACKPINK_20230110_COACHELLA_HEADLINER,2023-03-02,0.0,0.0,,0.0,142334092.0,34377.0,1914135.0,0.0,0.0,0.0,144282604.0,0.13153586946729678,ok
BLACKPINK_20230110_COACHELLA_HEADLINER,2023-03-03,0.0,0.0,,0.0,142334092.0,34377.0,1914135.0,0.0,0.0,0.0,144282604.0,0.13153586946729678,ok
BLACKPINK_20230110_COACHELLA_HEADLINER,2023-03-04,0.0,0.0,,0.0,142334092.0,34377.0,1914135.0,0.0,0.0,0.0,144282604.0,0.13153586946729678,ok
BLACKPINK_20230110_COACHELLA_HEADLINER,2023-03-05,0.0,0.0,,1.0,142334092.0,34377.0,1914135.0,0.0,0.0,0.0,144282605.0,0.13153587037895118,ok
BLACKPINK_20230110_COACHELLA_HEADLINER,2023-03-06,0.0,0.0,,0.0,142334092.0,34377.0,1914135.0,0.0,0.0,0.0,144282604.0,0.13153586946729678,ok
BLACKPINK_20230110_COACHELLA_HEADLINER,2023-03-07,0.0,0.0,,0.0,142334092.0,34377.0,1914135.0,0.0,0.0,0.0,144282604.0,0.13153586946729678,ok
BLACKPINK_20230110_COACHELLA_HEADLINER,2023-03-08,0.0,0.0,,0.0,142334092.0,34377.0,1914135.0,0.0,0.0,0.0,144282604.0,0.13153586946729678,ok
BLACKPINK_20230110_COACHELLA_HEADLINER,2023-03-09,0.0,0.0,,0.0,142334092.0,34377.0,1914135.0,0.0,0.0,0.0,144282604.0,0.13153586946729678,ok
BLACKPINK_20230110_COACHELLA_HEADLINER,2023-03-10,0.0,0.0,,0.0,142334092.0,34377.0,1914135.0,0.0,0.0,0.0,144282604.0,0.13153586946729678,ok
BLACKPINK_20230110_COACHELLA_HEADLINER,2023-03-11,0.0,0.0,,0.0,142334092.0,34377.0,1914135.0,0.0,0.0,0.0,144282604.0,0.13153586946729678,ok
BLACKPINK_20230110_COACHELLA_HEADLINER,2023-03-12,0.0,0.0,,2.0,142334092.0,34377.0,1914135.0,0.0,0.0,0.0,144282606.0,0.13153587129060557,ok
BLACKPINK_20230110_COACHELLA_HEADLINER,2023-03-13,0.0,0.0,,0.0,142334092.0,34377.0,1914135.0,0.0,0.0,0.0,144282604.0,0.13153586946729678,ok
BLACKPINK_20230110_COACHELLA_HEADLINER,2023-03-14,0.0,0.0,,0.0,142334092.0,34377.0,1914135.0,0.0,0.0,0.0,144282604.0,0.13153586946729678,ok
BLACKPINK_20230110_COACHELLA_HEADLINER,2023-03-15,0.0,0.0,,0.0,142334092.0,34377.0,1914135.0,0.0,0.0,0.0,144282604.0,0.13153586946729678,ok
BLACKPINK_20230110_COACHELLA_HEADLINER,2023-03-16,0.0,0.0,,0.0,142334092.0,34377.0,1914135.0,0.0,0.0,0.0,144282604.0,0.13153586946729678,ok
BLACKPINK_20230110_COACHELLA_HEADLINER,2023-03-17,0.0,0.0,,0.0,142334092.0,34377.0,1914135.0,0.0,0.0,0.0,144282604.0,0.13153586946729678,ok
BLACKPINK_20230110_COACHELLA_HEADLINER,2023-03-18,0.0,0.0,,0.0,142334092.0,34377.0,1914135.0,0.0,0.0,0.0,144282604.0,0.13153586946729678,ok
BLACKPINK_20230110_COACHELLA_HEADLINER,2023-03-19,0.0,0.0,,1.0,142334092.0,34377.0,1914135.0,0.0,0.0,0.0,144282605.0,0.13153587037895118,ok
BLACKPINK_20230110_COACHELLA_HEADLINER,2023-03-20,0.0,0.0,,0.0,142334092.0,34377.0,1914135.0,0.0,0.0,0.0,144282604.0,0.13153586946729678,ok
BLACKPINK_20230110_COACHELLA_HEADLINER,2023-03-21,0.0,0.0,,0.0,142334092.0,34377.0,1914135.0,0.0,0.0,0.0,144282604.0,0.13153586946729678,ok
BLACKPINK_20230110_COACHELLA_HEADLINER,2023-03-22,0.0,0.0,,0.0,142334092.0,34377.0,1914135.0,0.0,0.0,0.0,144282604.0,0.13153586946729678,ok
BLACKPINK_20230110_COACHELLA_HEADLINER,2023-03-23,0.0,0.0,,0.0,142334092.0,34377.0,1914135.0,0.0,0.0,0.0,144282604.0,0.13153586946729678,ok
BLACKPINK_20230110_COACHELLA_HEADLINER,2023-03-24,0.0,0.0,,0.0,142334092.0,34377.0,1914135.0,0.0,0.0,0.0,144282604.0,0.13153586946729678,ok
BLACKPINK_20230110_COACHELLA_HEADLINER,2023-03-25,0.0,0.0,,0.0,142334092.0,34377.0,1914135.0,0.0,0.0,0.0,144282604.0,0.13153586946729678,ok
BLACKPINK_20230110_COACHELLA_HEADLINER,2023-03-26,0.0,0.0,,1.0,142334092.0,34377.0,1914135.0,0.0,0.0,0.0,144282605.0,0.13153587037895118,ok
BLACKPINK_20230110_COACHELLA_HEADLINER,2023-03-27,0.0,0.0,,0.0,142334092.0,34377.0,1914135.0,0.0,0.0,0.0,144282604.0,0.13153586946729678,ok
BLACKPINK_20230110_COACHELLA_HEADLINER,2023-03-28,0.0,0.0,,0.0,142334092.0,34377.0,1914135.0,0.0,0.0,0.0,144282604.0,0.13153586946729678,ok
BLACKPINK_20230110_COACHELLA_HEADLINER,2023-03-29,0.0,0.0,,0.0,142334092.0,34377.0,1914135.0,0.0,0.0,0.0,144282604.0,0.13153586946729678,ok
BLACKPINK_20230110_COACHELLA_HEADLINER,2023-03-30,0.0,0.0,,0.0,142334092.0,34377.0,1914135.0,0.0,0.0,0.0,144282604.0,0.13153586946729678,ok
BLACKPINK_20230110_COACHELLA_HEADLINER,2023-03-31,0.0,0.0,,0.0,142334092.0,34377.0,1914135.0,0.0,0.0,0.0,144282604.0,0.13153586946729678,ok
BLACKPINK_20230110_COACHELLA_HEADLINER,2023-04-01,0.0,0.0,,0.0,142334092.0,34377.0,1914135.0,0.0,0.0,0.0,144282604.0,0.13153586946729678,ok
BLACKPINK_20230110_COACHELLA_HEADLINER,2023-04-02,0.0,0.0,,4.0,142334092.0,34377.0,1914135.0,0.0,0.0,0.0,144282608.0,0.13153587311391435,ok
BLACKPINK_20230110_COACHELLA_HEADLINER,2023-04-03,0.0,0.0,,0.0,142334092.0,34377.0,1914135.0,0.0,0.0,0.0,144282604.0,0.13153586946729678,ok
BLACKPINK_20230110_COACHELLA_HEADLINER,2023-04-04,0.0,0.0,,0.0,142334092.0,34377.0,1914135.0,0.0,0.0,0.0,144282604.0,0.13153586946729678,ok
BLACKPINK_20230110_COACHELLA_HEADLINER,2023-04-05,0.0,0.0,,0.0,142334092.0,34377.0,1914135.0,0.0,0.0,0.0,144282604.0,0.13153586946729678,ok
BLACKPINK_20230110_COACHELLA_HEADLINER,2023-04-06,0.0,0.0,,0.0,142334092.0,34377.0,1914135.0,0.0,0.0,0.0,144282604.0,0.13153586946729678,ok
BLACKPINK_20230110_COACHELLA_HEADLINER,2023-04-07,0.0,0.0,,0.0,142334092.0,34377.0,1914135.0,0.0,0.0,0.0,144282604.0,0.13153586946729678,ok
BLACKPINK_20230110_COACHELLA_HEADLINER,2023-04-08,0.0,0.0,,0.0,142334092.0,34377.0,1914135.0,0.0,0.0,0.0,144282604.0,0.13153586946729678,ok
BLACKPINK_20230110_COACHELLA_HEADLINER,2023-04-09,0.0,0.0,,24.0,142334092.0,34377.0,1914135.0,0.0,0.0,0.0,144282628.0,0.13153589134700217,ok
BLACKPINK_20230110_COACHELLA_HEADLINER,2023-04-10,0.0,0.0,,0.0,142334092.0,34377.0,1914135.0,0.0,0.0,0.0,144282604.0,0.13153586946729678,ok
BLACKPINK_20230110_COACHELLA_HEADLINER,2023-04-11,0.0,0.0,,0.0,142334092.0,34377.0,1914135.0,0.0,0.0,0.0,144282604.0,0.13153586946729678,ok
BLACKPINK_20230110_COACHELLA_HEADLINER,2023-04-12,0.0,0.0,,0.0,142334092.0,34377.0,1914135.0,0.0,0.0,0.0,144282604.0,0.13153586946729678,ok
BLACKPINK_20230110_COACHELLA_HEADLINER,2023-04-13,0.0,0.0,,0.0,142334092.0,34377.0,1914135.0,0.0,0.0,0.0,144282604.0,0.13153586946729678,ok
BLACKPINK_20230110_COACHELLA_HEADLINER,2023-04-14,0.0,0.0,,0.0,142334092.0,34377.0,1914135.0,0.0,0.0,0.0,144282604.0,0.13153586946729678,ok
BLACKPINK_20230110_COACHELLA_HEADLINER,2023-04-15,0.0,0.0,,0.0,142334092.0,34377.0,1914135.0,0.0,0.0,0.0,144282604.0,0.13153586946729678,ok
BLACKPINK_20230110_COACHELLA_HEADLINER,2023-04-16,0.0,0.0,,100.0,142334092.0,34377.0,1914135.0,0.0,0.0,0.0,144282704.0,0.13153596063273587,ok
BLACKPINK_20230110_COACHELLA_HEADLINER,2023-04-17,0.0,0.0,,0.0,142334092.0,34377.0,1914135.0,0.0,0.0,0.0,144282604.0,0.13153586946729678,ok
BLACKPINK_20230110_COACHELLA_HEADLINER,2023-04-18,0.0,0.0,,0.0,142334092.0,34377.0,1914135.0,0.0,0.0,0.0,144282604.0,0.13153586946729678,ok
BLACKPINK_20230110_COACHELLA_HEADLINER,2023-04-19,0.0,0.0,,0.0,142334092.0,34377.0,1914135.0,0.0,0.0,0.0,144282604.0,0.13153586946729678,ok
BLACKPINK_20230110_COACHELLA_HEADLINER,2023-04-20,0.0,0.0,,0.0,142334092.0,34377.0,1914135.0,0.0,0.0,0.0,144282604.0,0.13153586946729678,ok
BLACKPINK_20230110_COACHELLA_HEADLINER,2023-04-21,0.0,0.0,,0.0,142334092.0,34377.0,1914135.0,0.0,0.0,0.0,144282604.0,0.13153586946729678,ok
BLACKPINK_20230110_COACHELLA_HEADLINER,2023-04-22,0.0,0.0,,0.0,142334092.0,34377.0,1914135.0,0.0,0.0,0.0,144282604.0,0.13153586946729678,ok
BLACKPINK_20231206_GROUP_CONTRACT_RENEWAL,2023-12-06,0.0,0.0,,0.0,12995187.0,1357.0,36796.0,0.0,0.0,0.0,13033340.0,0.011881901639111656,ok
BLACKPINK_20231206_GROUP_CONTRACT_RENEWAL,2023-12-07,0.0,0.0,,0.0,12995187.0,1357.0,36796.0,0.0,0.0,0.0,13033340.0,0.011881901639111656,ok
BLACKPINK_20231206_GROUP_CONTRACT_RENEWAL,2023-12-08,0.0,0.0,,0.0,12995187.0,1357.0,36796.0,0.0,0.0,0.0,13033340.0,0.011881901639111656,ok
BLACKPINK_20231206_GROUP_CONTRACT_RENEWAL,2023-12-09,0.0,0.0,,0.0,12995187.0,1357.0,36796.0,0.0,0.0,0.0,13033340.0,0.011881901639111656,ok
BLACKPINK_20231206_GROUP_CONTRACT_RENEWAL,2023-12-10,0.0,0.0,,12.0,12995187.0,1357.0,36796.0,0.0,0.0,0.0,13033352.0,0.011881912578964347,ok
BLACKPINK_20231206_GROUP_CONTRACT_RENEWAL,2023-12-11,0.0,0.0,,0.0,12995187.0,1357.0,36796.0,0.0,0.0,0.0,13033340.0,0.011881901639111656,ok
BLACKPINK_20231206_GROUP_CONTRACT_RENEWAL,2023-12-12,0.0,0.0,,0.0,12995187.0,1357.0,36796.0,0.0,0.0,0.0,13033340.0,0.011881901639111656,ok
BLACKPINK_20231206_GROUP_CONTRACT_RENEWAL,2023-12-13,0.0,0.0,,0.0,12995187.0,1357.0,36796.0,0.0,0.0,0.0,13033340.0,0.011881901639111656,ok
BLACKPINK_20231229_INDIVIDUAL_CONTRACTS,2023-12-29,0.0,0.0,,0.0,1233805.0,1274.0,36796.0,0.0,0.0,0.0,1271875.0,0.0011595104284277966,ok
BLACKPINK_20231229_INDIVIDUAL_CONTRACTS,2023-12-30,0.0,0.0,,0.0,1233805.0,1274.0,36796.0,0.0,0.0,0.0,1271875.0,0.0011595104284277966,ok
BLACKPINK_20231229_INDIVIDUAL_CONTRACTS,2023-12-31,0.0,0.0,,0.0,1233805.0,1274.0,36796.0,0.0,0.0,0.0,1271875.0,0.0011595104284277966,ok
BLACKPINK_20231229_INDIVIDUAL_CONTRACTS,2024-01-01,0.0,0.0,,0.0,1233805.0,1274.0,36796.0,0.0,0.0,0.0,1271875.0,0.0011595104284277966,ok
BLACKPINK_20231229_INDIVIDUAL_CONTRACTS,2024-01-02,0.0,0.0,,0.0,1233805.0,1274.0,36796.0,0.0,0.0,0.0,1271875.0,0.0011595104284277966,ok
BLACKPINK_20231229_INDIVIDUAL_CONTRACTS,2024-01-03,0.0,0.0,,0.0,1233805.0,1274.0,36796.0,0.0,0.0,0.0,1271875.0,0.0011595104284277966,ok
BLACKPINK_20231229_INDIVIDUAL_CONTRACTS,2024-01-04,0.0,0.0,,0.0,1233805.0,1274.0,36796.0,0.0,0.0,0.0,1271875.0,0.0011595104284277966,ok
BLACKPINK_20231229_INDIVIDUAL_CONTRACTS,2024-01-05,0.0,0.0,,0.0,1233805.0,1274.0,36796.0,0.0,0.0,0.0,1271875.0,0.0011595104284277966,ok
NEWJEANS_20220722_ATTENTION_DEBUT,2022-07-22,0.0,0.0,,0.0,89471994.0,47571.0,1863763.0,0.0,0.0,0.0,91383328.0,0.08331001222638848,ok
NEWJEANS_20220722_ATTENTION_DEBUT,2022-07-23,0.0,0.0,,0.0,89471994.0,47571.0,1863763.0,0.0,0.0,0.0,91383328.0,0.08331001222638848,ok
NEWJEANS_20220722_ATTENTION_DEBUT,2022-07-24,0.0,0.0,,74.0,89471994.0,47571.0,1863763.0,0.0,0.0,0.0,91383402.0,0.0833100796888134,ok
NEWJEANS_20220722_ATTENTION_DEBUT,2022-07-25,0.0,0.0,,0.0,89471994.0,47571.0,1863763.0,0.0,0.0,0.0,91383328.0,0.08331001222638848,ok
NEWJEANS_20220722_ATTENTION_DEBUT,2022-07-26,0.0,0.0,,0.0,89471994.0,47571.0,1863763.0,0.0,0.0,0.0,91383328.0,0.08331001222638848,ok
NEWJEANS_20220722_ATTENTION_DEBUT,2022-07-27,0.0,0.0,,0.0,89471994.0,47571.0,1863763.0,0.0,0.0,0.0,91383328.0,0.08331001222638848,ok
NEWJEANS_20220722_ATTENTION_DEBUT,2022-07-28,0.0,0.0,,0.0,89471994.0,47571.0,1863763.0,0.0,0.0,0.0,91383328.0,0.08331001222638848,ok
NEWJEANS_20220722_ATTENTION_DEBUT,2022-07-29,0.0,0.0,,0.0,89471994.0,47571.0,1863763.0,0.0,0.0,0.0,91383328.0,0.08331001222638848,ok
NEWJEANS_20220722_ATTENTION_DEBUT,2022-07-30,0.0,0.0,,0.0,89471994.0,47571.0,1863763.0,0.0,0.0,0.0,91383328.0,0.08331001222638848,ok
NEWJEANS_20220722_ATTENTION_DEBUT,2022-07-31,0.0,0.0,,72.0,89471994.0,47571.0,1863763.0,0.0,0.0,0.0,91383400.0,0.08331007786550462,ok
NEWJEANS_20220722_ATTENTION_DEBUT,2022-08-01,0.0,0.0,,0.0,89471994.0,47571.0,1863763.0,0.0,0.0,0.0,91383328.0,0.08331001222638848,ok
NEWJEANS_20221219_DITTO,2022-12-19,0.0,0.0,,0.0,212748575.0,43894.0,1675806.0,0.0,0.0,0.0,214468275.0,0.19552094461281216,ok
NEWJEANS_20221219_DITTO,2022-12-20,0.0,0.0,,0.0,212748575.0,43894.0,1675806.0,0.0,0.0,0.0,214468275.0,0.19552094461281216,ok
NEWJEANS_20221219_DITTO,2022-12-21,0.0,0.0,,0.0,212748575.0,43894.0,1675806.0,0.0,0.0,0.0,214468275.0,0.19552094461281216,ok
NEWJEANS_20221219_DITTO,2022-12-22,0.0,0.0,,0.0,212748575.0,43894.0,1675806.0,0.0,0.0,0.0,214468275.0,0.19552094461281216,ok
NEWJEANS_20221219_DITTO,2022-12-23,0.0,0.0,,0.0,212748575.0,43894.0,1675806.0,0.0,0.0,0.0,214468275.0,0.19552094461281216,ok
NEWJEANS_20221219_DITTO,2022-12-24,0.0,0.0,,0.0,212748575.0,43894.0,1675806.0,0.0,0.0,0.0,214468275.0,0.19552094461281216,ok
NEWJEANS_20221219_DITTO,2022-12-25,0.0,0.0,,63.0,212748575.0,43894.0,1675806.0,0.0,0.0,0.0,214468338.0,0.1955210020470388,ok
NEWJEANS_20221219_DITTO,2022-12-26,0.0,0.0,,0.0,212748575.0,43894.0,1675806.0,0.0,0.0,0.0,214468275.0,0.19552094461281216,ok
NEWJEANS_20221219_DITTO,2022-12-27,0.0,0.0,,0.0,212748575.0,43894.0,1675806.0,0.0,0.0,0.0,214468275.0,0.19552094461281216,ok
NEWJEANS_20221219_DITTO,2022-12-28,0.0,0.0,,0.0,212748575.0,43894.0,1675806.0,0.0,0.0,0.0,214468275.0,0.19552094461281216,ok
NEWJEANS_20221219_DITTO,2022-12-29,0.0,0.0,,0.0,212748575.0,43894.0,1675806.0,0.0,0.0,0.0,214468275.0,0.19552094461281216,ok
NEWJEANS_20221219_DITTO,2022-12-30,0.0,0.0,,0.0,212748575.0,43894.0,1675806.0,0.0,0.0,0.0,214468275.0,0.19552094461281216,ok
NEWJEANS_20221219_DITTO,2022-12-31,0.0,0.0,,0.0,212748575.0,43894.0,1675806.0,0.0,0.0,0.0,214468275.0,0.19552094461281216,ok
NEWJEANS_20221219_DITTO,2023-01-01,0.0,0.0,,58.0,212748575.0,43894.0,1675806.0,0.0,0.0,0.0,214468333.0,0.19552099748876683,ok
NEWJEANS_20221219_DITTO,2023-01-02,0.0,0.0,,0.0,212748575.0,43894.0,1675806.0,0.0,0.0,0.0,214468275.0,0.19552094461281216,ok
NEWJEANS_20221219_DITTO,2023-01-03,0.0,0.0,,0.0,212748575.0,43894.0,1675806.0,0.0,0.0,0.0,214468275.0,0.19552094461281216,ok
NEWJEANS_20221219_DITTO,2023-01-04,0.0,0.0,,0.0,212748575.0,43894.0,1675806.0,0.0,0.0,0.0,214468275.0,0.19552094461281216,ok
NEWJEANS_20221219_DITTO,2023-01-05,0.0,0.0,,0.0,212748575.0,43894.0,1675806.0,0.0,0.0,0.0,214468275.0,0.19552094461281216,ok
NEWJEANS_20221219_DITTO,2023-01-06,0.0,0.0,,0.0,212748575.0,43894.0,1675806.0,0.0,0.0,0.0,214468275.0,0.19552094461281216,ok
NEWJEANS_20221219_DITTO,2023-01-07,0.0,0.0,,0.0,212748575.0,43894.0,1675806.0,0.0,0.0,0.0,214468275.0,0.19552094461281216,ok
NEWJEANS_20221219_DITTO,2023-01-08,0.0,0.0,,41.0,212748575.0,43894.0,1675806.0,0.0,0.0,0.0,214468316.0,0.1955209819906422,ok
NEWJEANS_20221219_DITTO,2023-01-09,0.0,0.0,,0.0,212748575.0,43894.0,1675806.0,0.0,0.0,0.0,214468275.0,0.19552094461281216,ok
NEWJEANS_20221219_DITTO,2023-01-10,0.0,0.0,,0.0,212748575.0,43894.0,1675806.0,0.0,0.0,0.0,214468275.0,0.19552094461281216,ok
NEWJEANS_20221219_DITTO,2023-01-11,0.0,0.0,,0.0,212748575.0,43894.0,1675806.0,0.0,0.0,0.0,214468275.0,0.19552094461281216,ok
NEWJEANS_20221219_DITTO,2023-01-12,0.0,0.0,,0.0,212748575.0,43894.0,1675806.0,0.0,0.0,0.0,214468275.0,0.19552094461281216,ok
NEWJEANS_20221219_DITTO,2023-01-13,0.0,0.0,,0.0,212748575.0,43894.0,1675806.0,0.0,0.0,0.0,214468275.0,0.19552094461281216,ok
NEWJEANS_20240411_HYEIN_INJURY,2024-04-11,0.0,0.0,,0.0,0.0,0.0,0.0,0.0,0.0,0.0,0.0,0.0,missing_traffic
NEWJEANS_20240411_HYEIN_INJURY,2024-04-12,0.0,0.0,,0.0,0.0,0.0,0.0,0.0,0.0,0.0,0.0,0.0,missing_traffic
NEWJEANS_20240411_HYEIN_INJURY,2024-04-13,0.0,0.0,,0.0,0.0,0.0,0.0,0.0,0.0,0.0,0.0,0.0,missing_traffic
NEWJEANS_20240411_HYEIN_INJURY,2024-04-14,0.0,0.0,,0.0,0.0,0.0,0.0,0.0,0.0,0.0,0.0,0.0,missing_traffic
NEWJEANS_20240411_HYEIN_INJURY,2024-04-15,0.0,0.0,,0.0,0.0,0.0,0.0,0.0,0.0,0.0,0.0,0.0,missing_traffic
NEWJEANS_20240411_HYEIN_INJURY,2024-04-16,0.0,0.0,,0.0,0.0,0.0,0.0,0.0,0.0,0.0,0.0,0.0,missing_traffic
NEWJEANS_20240411_HYEIN_INJURY,2024-04-17,0.0,0.0,,0.0,0.0,0.0,0.0,0.0,0.0,0.0,0.0,0.0,missing_traffic
NEWJEANS_20240411_HYEIN_INJURY,2024-04-18,0.0,0.0,,0.0,0.0,0.0,0.0,0.0,0.0,0.0,0.0,0.0,missing_traffic
NEWJEANS_20240411_HYEIN_INJURY,2024-04-19,0.0,0.0,,0.0,0.0,0.0,0.0,0.0,0.0,0.0,0.0,0.0,missing_traffic
NEWJEANS_20240411_HYEIN_INJURY,2024-04-20,0.0,0.0,,0.0,0.0,0.0,0.0,0.0,0.0,0.0,0.0,0.0,missing_traffic
NEWJEANS_20240411_HYEIN_INJURY,2024-04-21,0.0,0.0,,0.0,0.0,0.0,0.0,0.0,0.0,0.0,0.0,0.0,missing_traffic
NEWJEANS_20240411_HYEIN_INJURY,2024-04-22,0.0,0.0,,0.0,0.0,0.0,0.0,0.0,0.0,0.0,0.0,0.0,missing_traffic
NEWJEANS_20240411_HYEIN_INJURY,2024-04-23,0.0,0.0,,0.0,0.0,0.0,0.0,0.0,0.0,0.0,0.0,0.0,missing_traffic
NEWJEANS_20240411_HYEIN_INJURY,2024-04-24,0.0,0.0,,0.0,0.0,0.0,0.0,0.0,0.0,0.0,0.0,0.0,missing_traffic
NEWJEANS_20240411_HYEIN_INJURY,2024-04-25,0.0,0.0,,0.0,0.0,0.0,0.0,0.0,0.0,0.0,0.0,0.0,missing_traffic
NEWJEANS_20240422_HYBE_ADOR_DISPUTE,2024-04-22,0.0,0.0,,0.0,245068052.0,27421.0,1776408.0,0.0,0.0,0.0,246871881.0,0.22506183430375312,ok
NEWJEANS_20240422_HYBE_ADOR_DISPUTE,2024-04-23,0.0,0.0,,0.0,245068052.0,27421.0,1776408.0,0.0,0.0,0.0,246871881.0,0.22506183430375312,ok
NEWJEANS_20240422_HYBE_ADOR_DISPUTE,2024-04-24,0.0,0.0,,0.0,245068052.0,27421.0,1776408.0,0.0,0.0,0.0,246871881.0,0.22506183430375312,ok
NEWJEANS_20240422_HYBE_ADOR_DISPUTE,2024-04-25,0.0,0.0,,0.0,245068052.0,27421.0,1776408.0,0.0,0.0,0.0,246871881.0,0.22506183430375312,ok
NEWJEANS_20240422_HYBE_ADOR_DISPUTE,2024-04-26,0.0,0.0,,0.0,245068052.0,27421.0,1776408.0,0.0,0.0,0.0,246871881.0,0.22506183430375312,ok
NEWJEANS_20240422_HYBE_ADOR_DISPUTE,2024-04-27,0.0,0.0,,0.0,245068052.0,27421.0,1776408.0,0.0,0.0,0.0,246871881.0,0.22506183430375312,ok
NEWJEANS_20240422_HYBE_ADOR_DISPUTE,2024-04-28,0.0,0.0,,12.0,245068052.0,27421.0,1776408.0,0.0,0.0,0.0,246871893.0,0.2250618452436058,ok
NEWJEANS_20240422_HYBE_ADOR_DISPUTE,2024-04-29,0.0,0.0,,0.0,245068052.0,27421.0,1776408.0,0.0,0.0,0.0,246871881.0,0.22506183430375312,ok
NEWJEANS_20240422_HYBE_ADOR_DISPUTE,2024-04-30,0.0,0.0,,0.0,245068052.0,27421.0,1776408.0,0.0,0.0,0.0,246871881.0,0.22506183430375312,ok
NEWJEANS_20240422_HYBE_ADOR_DISPUTE,2024-05-01,0.0,0.0,,0.0,245068052.0,27421.0,1776408.0,0.0,0.0,0.0,246871881.0,0.22506183430375312,ok
NEWJEANS_20240422_HYBE_ADOR_DISPUTE,2024-05-02,0.0,0.0,,0.0,245068052.0,27421.0,1776408.0,0.0,0.0,0.0,246871881.0,0.22506183430375312,ok
NEWJEANS_20240422_HYBE_ADOR_DISPUTE,2024-05-03,0.0,0.0,,0.0,245068052.0,27421.0,1776408.0,0.0,0.0,0.0,246871881.0,0.22506183430375312,ok
NEWJEANS_20240422_HYBE_ADOR_DISPUTE,2024-05-04,0.0,0.0,,0.0,245068052.0,27421.0,1776408.0,0.0,0.0,0.0,246871881.0,0.22506183430375312,ok
NEWJEANS_20240422_HYBE_ADOR_DISPUTE,2024-05-05,0.0,0.0,,0.0,245068052.0,27421.0,1776408.0,0.0,0.0,0.0,246871881.0,0.22506183430375312,ok
NEWJEANS_20240422_HYBE_ADOR_DISPUTE,2024-05-06,0.0,0.0,,0.0,245068052.0,27421.0,1776408.0,0.0,0.0,0.0,246871881.0,0.22506183430375312,ok
NEWJEANS_20240422_HYBE_ADOR_DISPUTE,2024-05-07,0.0,0.0,,0.0,245068052.0,27421.0,1776408.0,0.0,0.0,0.0,246871881.0,0.22506183430375312,ok
NEWJEANS_20240422_HYBE_ADOR_DISPUTE,2024-05-08,0.0,0.0,,0.0,245068052.0,27421.0,1776408.0,0.0,0.0,0.0,246871881.0,0.22506183430375312,ok
NEWJEANS_20240422_HYBE_ADOR_DISPUTE,2024-05-09,0.0,0.0,,0.0,245068052.0,27421.0,1776408.0,0.0,0.0,0.0,246871881.0,0.22506183430375312,ok
NEWJEANS_20240422_HYBE_ADOR_DISPUTE,2024-05-10,0.0,0.0,,0.0,245068052.0,27421.0,1776408.0,0.0,0.0,0.0,246871881.0,0.22506183430375312,ok
NEWJEANS_20240422_HYBE_ADOR_DISPUTE,2024-05-11,0.0,0.0,,0.0,245068052.0,27421.0,1776408.0,0.0,0.0,0.0,246871881.0,0.22506183430375312,ok
NEWJEANS_20240422_HYBE_ADOR_DISPUTE,2024-05-12,0.0,0.0,,9.0,245068052.0,27421.0,1776408.0,0.0,0.0,0.0,246871890.0,0.22506184250864264,ok
NEWJEANS_20240422_HYBE_ADOR_DISPUTE,2024-05-13,0.0,0.0,,0.0,245068052.0,27421.0,1776408.0,0.0,0.0,0.0,246871881.0,0.22506183430375312,ok
NEWJEANS_20240422_HYBE_ADOR_DISPUTE,2024-05-14,0.0,0.0,,0.0,245068052.0,27421.0,1776408.0,0.0,0.0,0.0,246871881.0,0.22506183430375312,ok
NEWJEANS_20240422_HYBE_ADOR_DISPUTE,2024-05-15,0.0,0.0,,0.0,245068052.0,27421.0,1776408.0,0.0,0.0,0.0,246871881.0,0.22506183430375312,ok
NEWJEANS_20240422_HYBE_ADOR_DISPUTE,2024-05-16,0.0,0.0,,0.0,245068052.0,27421.0,1776408.0,0.0,0.0,0.0,246871881.0,0.22506183430375312,ok
NEWJEANS_20240422_HYBE_ADOR_DISPUTE,2024-05-17,0.0,0.0,,0.0,245068052.0,27421.0,1776408.0,0.0,0.0,0.0,246871881.0,0.22506183430375312,ok
NEWJEANS_20240422_HYBE_ADOR_DISPUTE,2024-05-18,0.0,0.0,,0.0,245068052.0,27421.0,1776408.0,0.0,0.0,0.0,246871881.0,0.22506183430375312,ok
NEWJEANS_20240422_HYBE_ADOR_DISPUTE,2024-05-19,0.0,0.0,,0.0,245068052.0,27421.0,1776408.0,0.0,0.0,0.0,246871881.0,0.22506183430375312,ok
NEWJEANS_20240422_HYBE_ADOR_DISPUTE,2024-05-20,0.0,0.0,,0.0,245068052.0,27421.0,1776408.0,0.0,0.0,0.0,246871881.0,0.22506183430375312,ok
NEWJEANS_20240422_HYBE_ADOR_DISPUTE,2024-05-21,0.0,0.0,,0.0,245068052.0,27421.0,1776408.0,0.0,0.0,0.0,246871881.0,0.22506183430375312,ok
NEWJEANS_20240422_HYBE_ADOR_DISPUTE,2024-05-22,0.0,0.0,,0.0,245068052.0,27421.0,1776408.0,0.0,0.0,0.0,246871881.0,0.22506183430375312,ok
NEWJEANS_20240422_HYBE_ADOR_DISPUTE,2024-05-23,0.0,0.0,,0.0,245068052.0,27421.0,1776408.0,0.0,0.0,0.0,246871881.0,0.22506183430375312,ok
NEWJEANS_20240422_HYBE_ADOR_DISPUTE,2024-05-24,0.0,0.0,,0.0,245068052.0,27421.0,1776408.0,0.0,0.0,0.0,246871881.0,0.22506183430375312,ok
NEWJEANS_20240422_HYBE_ADOR_DISPUTE,2024-05-25,0.0,0.0,,0.0,245068052.0,27421.0,1776408.0,0.0,0.0,0.0,246871881.0,0.22506183430375312,ok
NEWJEANS_20240422_HYBE_ADOR_DISPUTE,2024-05-26,0.0,0.0,,0.0,245068052.0,27421.0,1776408.0,0.0,0.0,0.0,246871881.0,0.22506183430375312,ok
NEWJEANS_20240422_HYBE_ADOR_DISPUTE,2024-05-27,0.0,0.0,,0.0,245068052.0,27421.0,1776408.0,0.0,0.0,0.0,246871881.0,0.22506183430375312,ok
NEWJEANS_20240422_HYBE_ADOR_DISPUTE,2024-05-28,0.0,0.0,,0.0,245068052.0,27421.0,1776408.0,0.0,0.0,0.0,246871881.0,0.22506183430375312,ok
NEWJEANS_20240422_HYBE_ADOR_DISPUTE,2024-05-29,0.0,0.0,,0.0,245068052.0,27421.0,1776408.0,0.0,0.0,0.0,246871881.0,0.22506183430375312,ok
NEWJEANS_20240422_HYBE_ADOR_DISPUTE,2024-05-30,0.0,0.0,,0.0,245068052.0,27421.0,1776408.0,0.0,0.0,0.0,246871881.0,0.22506183430375312,ok
NEWJEANS_20240422_HYBE_ADOR_DISPUTE,2024-05-31,0.0,0.0,,0.0,245068052.0,27421.0,1776408.0,0.0,0.0,0.0,246871881.0,0.22506183430375312,ok
NEWJEANS_20241128_CONTRACT_TERMINATION,2024-11-28,0.0,0.0,,0.0,1233487.0,1560.0,33631.0,0.0,0.0,0.0,1268678.0,0.0011565958693400846,ok
NEWJEANS_20241128_CONTRACT_TERMINATION,2024-11-29,0.0,0.0,,0.0,1233487.0,1560.0,33631.0,0.0,0.0,0.0,1268678.0,0.0011565958693400846,ok
NEWJEANS_20241128_CONTRACT_TERMINATION,2024-11-30,0.0,0.0,,0.0,1233487.0,1560.0,33631.0,0.0,0.0,0.0,1268678.0,0.0011565958693400846,ok
NEWJEANS_20241128_CONTRACT_TERMINATION,2024-12-01,0.0,0.0,,0.0,1233487.0,1560.0,33631.0,0.0,0.0,0.0,1268678.0,0.0011565958693400846,ok
NEWJEANS_20241128_CONTRACT_TERMINATION,2024-12-02,0.0,0.0,,0.0,1233487.0,1560.0,33631.0,0.0,0.0,0.0,1268678.0,0.0011565958693400846,ok
NEWJEANS_20241128_CONTRACT_TERMINATION,2024-12-03,0.0,0.0,,0.0,1233487.0,1560.0,33631.0,0.0,0.0,0.0,1268678.0,0.0011565958693400846,ok
NEWJEANS_20241128_CONTRACT_TERMINATION,2024-12-04,0.0,0.0,,0.0,1233487.0,1560.0,33631.0,0.0,0.0,0.0,1268678.0,0.0011565958693400846,ok
NEWJEANS_20241128_CONTRACT_TERMINATION,2024-12-05,0.0,0.0,,0.0,1233487.0,1560.0,33631.0,0.0,0.0,0.0,1268678.0,0.0011565958693400846,ok
LESSERAFIM_20220502_FEARLESS_DEBUT,2022-05-02,0.0,0.0,,0.0,217716723.0,132351.0,2647283.0,0.0,0.0,0.0,220496357.0,0.20101647203682624,ok
LESSERAFIM_20220502_FEARLESS_DEBUT,2022-05-03,0.0,0.0,,0.0,217716723.0,132351.0,2647283.0,0.0,0.0,0.0,220496357.0,0.20101647203682624,ok
LESSERAFIM_20220502_FEARLESS_DEBUT,2022-05-04,0.0,0.0,,0.0,217716723.0,132351.0,2647283.0,0.0,0.0,0.0,220496357.0,0.20101647203682624,ok
LESSERAFIM_20220502_FEARLESS_DEBUT,2022-05-05,0.0,0.0,,0.0,217716723.0,132351.0,2647283.0,0.0,0.0,0.0,220496357.0,0.20101647203682624,ok
LESSERAFIM_20220502_FEARLESS_DEBUT,2022-05-06,0.0,0.0,,0.0,217716723.0,132351.0,2647283.0,0.0,0.0,0.0,220496357.0,0.20101647203682624,ok
LESSERAFIM_20220502_FEARLESS_DEBUT,2022-05-07,0.0,0.0,,0.0,217716723.0,132351.0,2647283.0,0.0,0.0,0.0,220496357.0,0.20101647203682624,ok
LESSERAFIM_20220502_FEARLESS_DEBUT,2022-05-08,0.0,0.0,,60.0,217716723.0,132351.0,2647283.0,0.0,0.0,0.0,220496417.0,0.2010165267360897,ok
LESSERAFIM_20220502_FEARLESS_DEBUT,2022-05-09,0.0,0.0,,0.0,217716723.0,132351.0,2647283.0,0.0,0.0,0.0,220496357.0,0.20101647203682624,ok
LESSERAFIM_20220720_GARAM_TERMINATION,2022-07-20,0.0,0.0,,0.0,217716723.0,132351.0,2647284.0,0.0,0.0,0.0,220496358.0,0.20101647294848063,ok
LESSERAFIM_20220720_GARAM_TERMINATION,2022-07-21,0.0,0.0,,0.0,217716723.0,132351.0,2647284.0,0.0,0.0,0.0,220496358.0,0.20101647294848063,ok
LESSERAFIM_20220720_GARAM_TERMINATION,2022-07-22,0.0,0.0,,0.0,217716723.0,132351.0,2647284.0,0.0,0.0,0.0,220496358.0,0.20101647294848063,ok
LESSERAFIM_20220720_GARAM_TERMINATION,2022-07-23,0.0,0.0,,0.0,217716723.0,132351.0,2647284.0,0.0,0.0,0.0,220496358.0,0.20101647294848063,ok
LESSERAFIM_20220720_GARAM_TERMINATION,2022-07-24,0.0,0.0,,5.0,217716723.0,132351.0,2647284.0,0.0,0.0,0.0,220496363.0,0.20101647750675258,ok
LESSERAFIM_20220720_GARAM_TERMINATION,2022-07-25,0.0,0.0,,0.0,217716723.0,132351.0,2647284.0,0.0,0.0,0.0,220496358.0,0.20101647294848063,ok
LESSERAFIM_20220720_GARAM_TERMINATION,2022-07-26,0.0,0.0,,0.0,217716723.0,132351.0,2647284.0,0.0,0.0,0.0,220496358.0,0.20101647294848063,ok
LESSERAFIM_20220720_GARAM_TERMINATION,2022-07-27,0.0,0.0,,0.0,217716723.0,132351.0,2647284.0,0.0,0.0,0.0,220496358.0,0.20101647294848063,ok
LESSERAFIM_20221017_ANTIFRAGILE,2022-10-17,0.0,0.0,,0.0,278176896.0,97670.0,3513101.0,0.0,0.0,0.0,281787667.0,0.2568929639224289,ok
LESSERAFIM_20221017_ANTIFRAGILE,2022-10-18,0.0,0.0,,0.0,278176896.0,97670.0,3513101.0,0.0,0.0,0.0,281787667.0,0.2568929639224289,ok
LESSERAFIM_20221017_ANTIFRAGILE,2022-10-19,0.0,0.0,,0.0,278176896.0,97670.0,3513101.0,0.0,0.0,0.0,281787667.0,0.2568929639224289,ok
LESSERAFIM_20221017_ANTIFRAGILE,2022-10-20,0.0,0.0,,0.0,278176896.0,97670.0,3513101.0,0.0,0.0,0.0,281787667.0,0.2568929639224289,ok
LESSERAFIM_20221017_ANTIFRAGILE,2022-10-21,0.0,0.0,,0.0,278176896.0,97670.0,3513101.0,0.0,0.0,0.0,281787667.0,0.2568929639224289,ok
LESSERAFIM_20221017_ANTIFRAGILE,2022-10-22,0.0,0.0,,0.0,278176896.0,97670.0,3513101.0,0.0,0.0,0.0,281787667.0,0.2568929639224289,ok
LESSERAFIM_20221017_ANTIFRAGILE,2022-10-23,0.0,0.0,,48.0,278176896.0,97670.0,3513101.0,0.0,0.0,0.0,281787715.0,0.25689300768183965,ok
LESSERAFIM_20221017_ANTIFRAGILE,2022-10-24,0.0,0.0,,0.0,278176896.0,97670.0,3513101.0,0.0,0.0,0.0,281787667.0,0.2568929639224289,ok
LESSERAFIM_20221017_ANTIFRAGILE,2022-10-25,0.0,0.0,,0.0,278176896.0,97670.0,3513101.0,0.0,0.0,0.0,281787667.0,0.2568929639224289,ok
LESSERAFIM_20221017_ANTIFRAGILE,2022-10-26,0.0,0.0,,0.0,278176896.0,97670.0,3513101.0,0.0,0.0,0.0,281787667.0,0.2568929639224289,ok
LESSERAFIM_20221017_ANTIFRAGILE,2022-10-27,0.0,0.0,,0.0,278176896.0,97670.0,3513101.0,0.0,0.0,0.0,281787667.0,0.2568929639224289,ok
LESSERAFIM_20221017_ANTIFRAGILE,2022-10-28,0.0,0.0,,0.0,278176896.0,97670.0,3513101.0,0.0,0.0,0.0,281787667.0,0.2568929639224289,ok
LESSERAFIM_20221017_ANTIFRAGILE,2022-10-29,0.0,0.0,,0.0,278176896.0,97670.0,3513101.0,0.0,0.0,0.0,281787667.0,0.2568929639224289,ok
LESSERAFIM_20221017_ANTIFRAGILE,2022-10-30,0.0,0.0,,37.0,278176896.0,97670.0,3513101.0,0.0,0.0,0.0,281787704.0,0.2568929976536414,ok
LESSERAFIM_20221017_ANTIFRAGILE,2022-10-31,0.0,0.0,,0.0,278176896.0,97670.0,3513101.0,0.0,0.0,0.0,281787667.0,0.2568929639224289,ok
LESSERAFIM_20240219_SMART_MINOR_CONTROVERSY,2024-02-19,0.0,0.0,,0.0,0.0,0.0,0.0,0.0,0.0,0.0,0.0,0.0,missing_traffic
LESSERAFIM_20240219_SMART_MINOR_CONTROVERSY,2024-02-20,0.0,0.0,,0.0,0.0,0.0,0.0,0.0,0.0,0.0,0.0,0.0,missing_traffic
LESSERAFIM_20240219_SMART_MINOR_CONTROVERSY,2024-02-21,0.0,0.0,,0.0,0.0,0.0,0.0,0.0,0.0,0.0,0.0,0.0,missing_traffic
LESSERAFIM_20240219_SMART_MINOR_CONTROVERSY,2024-02-22,0.0,0.0,,0.0,0.0,0.0,0.0,0.0,0.0,0.0,0.0,0.0,missing_traffic
LESSERAFIM_20240219_SMART_MINOR_CONTROVERSY,2024-02-23,0.0,0.0,,0.0,0.0,0.0,0.0,0.0,0.0,0.0,0.0,0.0,missing_traffic
LESSERAFIM_20240219_SMART_MINOR_CONTROVERSY,2024-02-24,0.0,0.0,,0.0,0.0,0.0,0.0,0.0,0.0,0.0,0.0,0.0,missing_traffic
LESSERAFIM_20240219_SMART_MINOR_CONTROVERSY,2024-02-25,0.0,0.0,,0.0,0.0,0.0,0.0,0.0,0.0,0.0,0.0,0.0,missing_traffic
LESSERAFIM_20240219_SMART_MINOR_CONTROVERSY,2024-02-26,0.0,0.0,,0.0,0.0,0.0,0.0,0.0,0.0,0.0,0.0,0.0,missing_traffic
LESSERAFIM_20240219_SMART_MINOR_CONTROVERSY,2024-02-27,0.0,0.0,,0.0,0.0,0.0,0.0,0.0,0.0,0.0,0.0,0.0,missing_traffic
LESSERAFIM_20240219_SMART_MINOR_CONTROVERSY,2024-02-28,0.0,0.0,,0.0,0.0,0.0,0.0,0.0,0.0,0.0,0.0,0.0,missing_traffic
LESSERAFIM_20240219_SMART_MINOR_CONTROVERSY,2024-02-29,0.0,0.0,,0.0,0.0,0.0,0.0,0.0,0.0,0.0,0.0,0.0,missing_traffic
LESSERAFIM_20240219_SMART_MINOR_CONTROVERSY,2024-03-01,0.0,0.0,,0.0,0.0,0.0,0.0,0.0,0.0,0.0,0.0,0.0,missing_traffic
LESSERAFIM_20240219_SMART_MINOR_CONTROVERSY,2024-03-02,0.0,0.0,,0.0,0.0,0.0,0.0,0.0,0.0,0.0,0.0,0.0,missing_traffic
LESSERAFIM_20240219_SMART_MINOR_CONTROVERSY,2024-03-03,0.0,0.0,,0.0,0.0,0.0,0.0,0.0,0.0,0.0,0.0,0.0,missing_traffic
LESSERAFIM_20240219_SMART_MINOR_CONTROVERSY,2024-03-04,0.0,0.0,,0.0,0.0,0.0,0.0,0.0,0.0,0.0,0.0,0.0,missing_traffic
LESSERAFIM_20240413_COACHELLA_CRITICISM,2024-04-13,0.0,0.0,,0.0,1274027.0,2986.0,14019.0,0.0,0.0,0.0,1291032.0,0.0011769749915942957,ok
LESSERAFIM_20240413_COACHELLA_CRITICISM,2024-04-14,0.0,0.0,,0.0,1274027.0,2986.0,14019.0,0.0,0.0,0.0,1291032.0,0.0011769749915942957,ok
LESSERAFIM_20240413_COACHELLA_CRITICISM,2024-04-15,0.0,0.0,,0.0,1274027.0,2986.0,14019.0,0.0,0.0,0.0,1291032.0,0.0011769749915942957,ok
LESSERAFIM_20240413_COACHELLA_CRITICISM,2024-04-16,0.0,0.0,,0.0,1274027.0,2986.0,14019.0,0.0,0.0,0.0,1291032.0,0.0011769749915942957,ok
LESSERAFIM_20240413_COACHELLA_CRITICISM,2024-04-17,0.0,0.0,,0.0,1274027.0,2986.0,14019.0,0.0,0.0,0.0,1291032.0,0.0011769749915942957,ok
LESSERAFIM_20240413_COACHELLA_CRITICISM,2024-04-18,0.0,0.0,,0.0,1274027.0,2986.0,14019.0,0.0,0.0,0.0,1291032.0,0.0011769749915942957,ok
LESSERAFIM_20240413_COACHELLA_CRITICISM,2024-04-19,0.0,0.0,,0.0,1274027.0,2986.0,14019.0,0.0,0.0,0.0,1291032.0,0.0011769749915942957,ok
LESSERAFIM_20240413_COACHELLA_CRITICISM,2024-04-20,0.0,0.0,,0.0,1274027.0,2986.0,14019.0,0.0,0.0,0.0,1291032.0,0.0011769749915942957,ok
TWICE_20210818_JEONGYEON_HIATUS,2021-08-18,0.0,0.0,,0.0,0.0,0.0,0.0,0.0,0.0,0.0,0.0,0.0,missing_traffic
TWICE_20210818_JEONGYEON_HIATUS,2021-08-19,0.0,0.0,,0.0,0.0,0.0,0.0,0.0,0.0,0.0,0.0,0.0,missing_traffic
TWICE_20210818_JEONGYEON_HIATUS,2021-08-20,0.0,0.0,,0.0,0.0,0.0,0.0,0.0,0.0,0.0,0.0,0.0,missing_traffic
TWICE_20210818_JEONGYEON_HIATUS,2021-08-21,0.0,0.0,,0.0,0.0,0.0,0.0,0.0,0.0,0.0,0.0,0.0,missing_traffic
TWICE_20210818_JEONGYEON_HIATUS,2021-08-22,0.0,0.0,,0.0,0.0,0.0,0.0,0.0,0.0,0.0,0.0,0.0,missing_traffic
TWICE_20210818_JEONGYEON_HIATUS,2021-08-23,0.0,0.0,,0.0,0.0,0.0,0.0,0.0,0.0,0.0,0.0,0.0,missing_traffic
TWICE_20210818_JEONGYEON_HIATUS,2021-08-24,0.0,0.0,,0.0,0.0,0.0,0.0,0.0,0.0,0.0,0.0,0.0,missing_traffic
TWICE_20210818_JEONGYEON_HIATUS,2021-08-25,0.0,0.0,,0.0,0.0,0.0,0.0,0.0,0.0,0.0,0.0,0.0,missing_traffic
TWICE_20210818_JEONGYEON_HIATUS,2021-08-26,0.0,0.0,,0.0,0.0,0.0,0.0,0.0,0.0,0.0,0.0,0.0,missing_traffic
TWICE_20210818_JEONGYEON_HIATUS,2021-08-27,0.0,0.0,,0.0,0.0,0.0,0.0,0.0,0.0,0.0,0.0,0.0,missing_traffic
TWICE_20210818_JEONGYEON_HIATUS,2021-08-28,0.0,0.0,,0.0,0.0,0.0,0.0,0.0,0.0,0.0,0.0,0.0,missing_traffic
TWICE_20210818_JEONGYEON_HIATUS,2021-08-29,0.0,0.0,,0.0,0.0,0.0,0.0,0.0,0.0,0.0,0.0,0.0,missing_traffic
TWICE_20210818_JEONGYEON_HIATUS,2021-08-30,0.0,0.0,,0.0,0.0,0.0,0.0,0.0,0.0,0.0,0.0,0.0,missing_traffic
TWICE_20210818_JEONGYEON_HIATUS,2021-08-31,0.0,0.0,,0.0,0.0,0.0,0.0,0.0,0.0,0.0,0.0,0.0,missing_traffic
TWICE_20210818_JEONGYEON_HIATUS,2021-09-01,0.0,0.0,,0.0,0.0,0.0,0.0,0.0,0.0,0.0,0.0,0.0,missing_traffic
TWICE_20220624_NAYEON_POP,2022-06-24,0.0,0.0,,0.0,0.0,0.0,0.0,0.0,0.0,0.0,0.0,0.0,missing_traffic
TWICE_20220624_NAYEON_POP,2022-06-25,0.0,0.0,,0.0,0.0,0.0,0.0,0.0,0.0,0.0,0.0,0.0,missing_traffic
TWICE_20220624_NAYEON_POP,2022-06-26,0.0,0.0,,100.0,0.0,0.0,0.0,0.0,0.0,0.0,100.0,9.116543909014616e-08,ok
TWICE_20220624_NAYEON_POP,2022-06-27,0.0,0.0,,0.0,0.0,0.0,0.0,0.0,0.0,0.0,0.0,0.0,missing_traffic
TWICE_20220624_NAYEON_POP,2022-06-28,0.0,0.0,,0.0,0.0,0.0,0.0,0.0,0.0,0.0,0.0,0.0,missing_traffic
TWICE_20220624_NAYEON_POP,2022-06-29,0.0,0.0,,0.0,0.0,0.0,0.0,0.0,0.0,0.0,0.0,0.0,missing_traffic
TWICE_20220624_NAYEON_POP,2022-06-30,0.0,0.0,,0.0,0.0,0.0,0.0,0.0,0.0,0.0,0.0,0.0,missing_traffic
TWICE_20220624_NAYEON_POP,2022-07-01,0.0,0.0,,0.0,0.0,0.0,0.0,0.0,0.0,0.0,0.0,0.0,missing_traffic
TWICE_20220624_NAYEON_POP,2022-07-02,0.0,0.0,,0.0,0.0,0.0,0.0,0.0,0.0,0.0,0.0,0.0,missing_traffic
TWICE_20220624_NAYEON_POP,2022-07-03,0.0,0.0,,98.0,0.0,0.0,0.0,0.0,0.0,0.0,98.0,8.934213030834324e-08,ok
TWICE_20220624_NAYEON_POP,2022-07-04,0.0,0.0,,0.0,0.0,0.0,0.0,0.0,0.0,0.0,0.0,0.0,missing_traffic
TWICE_20220624_NAYEON_POP,2022-07-05,0.0,0.0,,0.0,0.0,0.0,0.0,0.0,0.0,0.0,0.0,0.0,missing_traffic
TWICE_20220624_NAYEON_POP,2022-07-06,0.0,0.0,,0.0,0.0,0.0,0.0,0.0,0.0,0.0,0.0,0.0,missing_traffic
TWICE_20220624_NAYEON_POP,2022-07-07,0.0,0.0,,0.0,0.0,0.0,0.0,0.0,0.0,0.0,0.0,0.0,missing_traffic
TWICE_20220624_NAYEON_POP,2022-07-08,0.0,0.0,,0.0,0.0,0.0,0.0,0.0,0.0,0.0,0.0,0.0,missing_traffic
TWICE_20230324_SOFI_SOLDOUT,2023-03-23,0.0,0.0,,0.0,0.0,0.0,0.0,0.0,0.0,0.0,0.0,0.0,missing_traffic
TWICE_20230324_SOFI_SOLDOUT,2023-03-24,0.0,0.0,,0.0,0.0,0.0,0.0,0.0,0.0,0.0,0.0,0.0,missing_traffic
TWICE_20230324_SOFI_SOLDOUT,2023-03-25,0.0,0.0,,0.0,0.0,0.0,0.0,0.0,0.0,0.0,0.0,0.0,missing_traffic
TWICE_20230324_SOFI_SOLDOUT,2023-03-26,0.0,0.0,,0.0,0.0,0.0,0.0,0.0,0.0,0.0,0.0,0.0,missing_traffic
TWICE_20230324_SOFI_SOLDOUT,2023-03-27,0.0,0.0,,0.0,0.0,0.0,0.0,0.0,0.0,0.0,0.0,0.0,missing_traffic
TWICE_20230324_SOFI_SOLDOUT,2023-03-28,0.0,0.0,,0.0,0.0,0.0,0.0,0.0,0.0,0.0,0.0,0.0,missing_traffic
TWICE_20230324_SOFI_SOLDOUT,2023-03-29,0.0,0.0,,0.0,0.0,0.0,0.0,0.0,0.0,0.0,0.0,0.0,missing_traffic
TWICE_20230324_SOFI_SOLDOUT,2023-03-30,0.0,0.0,,0.0,0.0,0.0,0.0,0.0,0.0,0.0,0.0,0.0,missing_traffic
TWICE_20230324_SOFI_SOLDOUT,2023-03-31,0.0,0.0,,0.0,0.0,0.0,0.0,0.0,0.0,0.0,0.0,0.0,missing_traffic
TWICE_20230321_CHAEYOUNG_SHIRT,2023-03-21,0.0,0.0,,0.0,0.0,0.0,0.0,0.0,0.0,0.0,0.0,0.0,missing_traffic
TWICE_20230321_CHAEYOUNG_SHIRT,2023-03-22,80.0,0.0,,0.0,0.0,0.0,0.0,0.0,0.0,0.0,80.0,7.293235127211693e-08,ok
TWICE_20230321_CHAEYOUNG_SHIRT,2023-03-23,6.0,0.0,,0.0,0.0,0.0,0.0,0.0,0.0,0.0,6.0,5.46992634540877e-09,ok
TWICE_20230321_CHAEYOUNG_SHIRT,2023-03-24,1.0,0.0,,0.0,0.0,0.0,0.0,0.0,0.0,0.0,1.0,9.116543909014616e-10,ok
TWICE_20230321_CHAEYOUNG_SHIRT,2023-03-25,0.0,0.0,,0.0,0.0,0.0,0.0,0.0,0.0,0.0,0.0,0.0,missing_traffic
TWICE_20230321_CHAEYOUNG_SHIRT,2023-03-26,0.0,0.0,,0.0,0.0,0.0,0.0,0.0,0.0,0.0,0.0,0.0,missing_traffic
TWICE_20230321_CHAEYOUNG_SHIRT,2023-03-27,0.0,0.0,,0.0,0.0,0.0,0.0,0.0,0.0,0.0,0.0,0.0,missing_traffic
TWICE_20230321_CHAEYOUNG_SHIRT,2023-03-28,0.0,0.0,,0.0,0.0,0.0,0.0,0.0,0.0,0.0,0.0,0.0,missing_traffic
TWICE_20230321_CHAEYOUNG_SHIRT,2023-03-29,0.0,0.0,,0.0,0.0,0.0,0.0,0.0,0.0,0.0,0.0,0.0,missing_traffic
TWICE_20230310_SET_ME_FREE,2023-03-10,0.0,0.0,,0.0,0.0,0.0,0.0,0.0,0.0,0.0,0.0,0.0,missing_traffic
TWICE_20230310_SET_ME_FREE,2023-03-11,0.0,0.0,,0.0,0.0,0.0,0.0,0.0,0.0,0.0,0.0,0.0,missing_traffic
TWICE_20230310_SET_ME_FREE,2023-03-12,0.0,0.0,,100.0,0.0,0.0,0.0,0.0,0.0,0.0,100.0,9.116543909014616e-08,ok
TWICE_20230310_SET_ME_FREE,2023-03-13,0.0,0.0,,0.0,0.0,0.0,0.0,0.0,0.0,0.0,0.0,0.0,missing_traffic
TWICE_20230310_SET_ME_FREE,2023-03-14,0.0,0.0,,0.0,0.0,0.0,0.0,0.0,0.0,0.0,0.0,0.0,missing_traffic
TWICE_20230310_SET_ME_FREE,2023-03-15,0.0,0.0,,0.0,0.0,0.0,0.0,0.0,0.0,0.0,0.0,0.0,missing_traffic
TWICE_20230310_SET_ME_FREE,2023-03-16,0.0,0.0,,0.0,0.0,0.0,0.0,0.0,0.0,0.0,0.0,0.0,missing_traffic
TWICE_20230310_SET_ME_FREE,2023-03-17,0.0,0.0,,0.0,0.0,0.0,0.0,0.0,0.0,0.0,0.0,0.0,missing_traffic
TWICE_20230310_SET_ME_FREE,2023-03-18,0.0,0.0,,0.0,0.0,0.0,0.0,0.0,0.0,0.0,0.0,0.0,missing_traffic
TWICE_20230310_SET_ME_FREE,2023-03-19,0.0,0.0,,72.0,0.0,0.0,0.0,0.0,0.0,0.0,72.0,6.563911614490524e-08,ok
TWICE_20230310_SET_ME_FREE,2023-03-20,0.0,0.0,,0.0,0.0,0.0,0.0,0.0,0.0,0.0,0.0,0.0,missing_traffic
TWICE_20230310_SET_ME_FREE,2023-03-21,0.0,0.0,,0.0,0.0,0.0,0.0,0.0,0.0,0.0,0.0,0.0,missing_traffic
TWICE_20230310_SET_ME_FREE,2023-03-22,0.0,0.0,,0.0,0.0,0.0,0.0,0.0,0.0,0.0,0.0,0.0,missing_traffic
TWICE_20230310_SET_ME_FREE,2023-03-23,0.0,0.0,,0.0,0.0,0.0,0.0,0.0,0.0,0.0,0.0,0.0,missing_traffic
TWICE_20230310_SET_ME_FREE,2023-03-24,0.0,0.0,,0.0,0.0,0.0,0.0,0.0,0.0,0.0,0.0,0.0,missing_traffic
TWICE_20230726_MISAMO_DEBUT,2023-07-26,0.0,0.0,,0.0,0.0,0.0,0.0,0.0,0.0,0.0,0.0,0.0,missing_traffic
TWICE_20230726_MISAMO_DEBUT,2023-07-27,0.0,0.0,,0.0,0.0,0.0,0.0,0.0,0.0,0.0,0.0,0.0,missing_traffic
TWICE_20230726_MISAMO_DEBUT,2023-07-28,0.0,0.0,,0.0,0.0,0.0,0.0,0.0,0.0,0.0,0.0,0.0,missing_traffic
TWICE_20230726_MISAMO_DEBUT,2023-07-29,0.0,0.0,,0.0,0.0,0.0,0.0,0.0,0.0,0.0,0.0,0.0,missing_traffic
TWICE_20230726_MISAMO_DEBUT,2023-07-30,0.0,0.0,,34.0,0.0,0.0,0.0,0.0,0.0,0.0,34.0,3.099624929064969e-08,ok
TWICE_20230726_MISAMO_DEBUT,2023-07-31,0.0,0.0,,0.0,0.0,0.0,0.0,0.0,0.0,0.0,0.0,0.0,missing_traffic
TWICE_20230726_MISAMO_DEBUT,2023-08-01,0.0,0.0,,0.0,0.0,0.0,0.0,0.0,0.0,0.0,0.0,0.0,missing_traffic
TWICE_20230726_MISAMO_DEBUT,2023-08-02,0.0,0.0,,0.0,0.0,0.0,0.0,0.0,0.0,0.0,0.0,0.0,missing_traffic
TWICE_20230726_MISAMO_DEBUT,2023-08-03,0.0,0.0,,0.0,0.0,0.0,0.0,0.0,0.0,0.0,0.0,0.0,missing_traffic
TWICE_20230726_MISAMO_DEBUT,2023-08-04,0.0,0.0,,0.0,0.0,0.0,0.0,0.0,0.0,0.0,0.0,0.0,missing_traffic
TWICE_20230726_MISAMO_DEBUT,2023-08-05,0.0,0.0,,0.0,0.0,0.0,0.0,0.0,0.0,0.0,0.0,0.0,missing_traffic
TWICE_20230726_MISAMO_DEBUT,2023-08-06,0.0,0.0,,29.0,0.0,0.0,0.0,0.0,0.0,0.0,29.0,2.643797733614239e-08,ok
TWICE_20230726_MISAMO_DEBUT,2023-08-07,0.0,0.0,,0.0,0.0,0.0,0.0,0.0,0.0,0.0,0.0,0.0,missing_traffic
TWICE_20230726_MISAMO_DEBUT,2023-08-08,0.0,0.0,,0.0,0.0,0.0,0.0,0.0,0.0,0.0,0.0,0.0,missing_traffic
TWICE_20230726_MISAMO_DEBUT,2023-08-09,0.0,0.0,,0.0,0.0,0.0,0.0,0.0,0.0,0.0,0.0,0.0,missing_traffic
TWICE_20240325_JIHYO_DATING_RUMOR,2024-03-25,0.0,0.0,,0.0,0.0,0.0,0.0,0.0,0.0,0.0,0.0,0.0,missing_traffic
TWICE_20240325_JIHYO_DATING_RUMOR,2024-03-26,0.0,0.0,,0.0,0.0,0.0,0.0,0.0,0.0,0.0,0.0,0.0,missing_traffic
TWICE_20240325_JIHYO_DATING_RUMOR,2024-03-27,0.0,0.0,,0.0,0.0,0.0,0.0,0.0,0.0,0.0,0.0,0.0,missing_traffic
TWICE_20240325_JIHYO_DATING_RUMOR,2024-03-28,0.0,0.0,,0.0,0.0,0.0,0.0,0.0,0.0,0.0,0.0,0.0,missing_traffic
TWICE_20240325_JIHYO_DATING_RUMOR,2024-03-29,0.0,0.0,,0.0,0.0,0.0,0.0,0.0,0.0,0.0,0.0,0.0,missing_traffic
TWICE_20240325_JIHYO_DATING_RUMOR,2024-03-30,0.0,0.0,,0.0,0.0,0.0,0.0,0.0,0.0,0.0,0.0,0.0,missing_traffic
TWICE_20240325_JIHYO_DATING_RUMOR,2024-03-31,0.0,0.0,,0.0,0.0,0.0,0.0,0.0,0.0,0.0,0.0,0.0,missing_traffic
TWICE_20240325_JIHYO_DATING_RUMOR,2024-04-01,0.0,0.0,,0.0,0.0,0.0,0.0,0.0,0.0,0.0,0.0,0.0,missing_traffic
TWICE_20240223_ONE_SPARK,2024-02-23,0.0,0.0,,0.0,0.0,0.0,0.0,0.0,0.0,0.0,0.0,0.0,missing_traffic
TWICE_20240223_ONE_SPARK,2024-02-24,0.0,0.0,,0.0,0.0,0.0,0.0,0.0,0.0,0.0,0.0,0.0,missing_traffic
TWICE_20240223_ONE_SPARK,2024-02-25,0.0,0.0,,100.0,0.0,0.0,0.0,0.0,0.0,0.0,100.0,9.116543909014616e-08,ok
TWICE_20240223_ONE_SPARK,2024-02-26,0.0,0.0,,0.0,0.0,0.0,0.0,0.0,0.0,0.0,0.0,0.0,missing_traffic
TWICE_20240223_ONE_SPARK,2024-02-27,0.0,0.0,,0.0,0.0,0.0,0.0,0.0,0.0,0.0,0.0,0.0,missing_traffic
TWICE_20240223_ONE_SPARK,2024-02-28,0.0,0.0,,0.0,0.0,0.0,0.0,0.0,0.0,0.0,0.0,0.0,missing_traffic
TWICE_20240223_ONE_SPARK,2024-02-29,0.0,0.0,,0.0,0.0,0.0,0.0,0.0,0.0,0.0,0.0,0.0,missing_traffic
TWICE_20240223_ONE_SPARK,2024-03-01,0.0,0.0,,0.0,0.0,0.0,0.0,0.0,0.0,0.0,0.0,0.0,missing_traffic
TWICE_20240223_ONE_SPARK,2024-03-02,0.0,0.0,,0.0,0.0,0.0,0.0,0.0,0.0,0.0,0.0,0.0,missing_traffic
TWICE_20240223_ONE_SPARK,2024-03-03,0.0,0.0,,75.0,0.0,0.0,0.0,0.0,0.0,0.0,75.0,6.837407931760962e-08,ok
TWICE_20240223_ONE_SPARK,2024-03-04,0.0,0.0,,0.0,0.0,0.0,0.0,0.0,0.0,0.0,0.0,0.0,missing_traffic
TWICE_20240223_ONE_SPARK,2024-03-05,0.0,0.0,,0.0,0.0,0.0,0.0,0.0,0.0,0.0,0.0,0.0,missing_traffic
TWICE_20240223_ONE_SPARK,2024-03-06,0.0,0.0,,0.0,0.0,0.0,0.0,0.0,0.0,0.0,0.0,0.0,missing_traffic
TWICE_20240223_ONE_SPARK,2024-03-07,0.0,0.0,,0.0,0.0,0.0,0.0,0.0,0.0,0.0,0.0,0.0,missing_traffic
TWICE_20240223_ONE_SPARK,2024-03-08,0.0,0.0,,0.0,0.0,0.0,0.0,0.0,0.0,0.0,0.0,0.0,missing_traffic
TWICE_20241206_STRATEGY,2024-12-06,0.0,0.0,,0.0,0.0,0.0,0.0,0.0,0.0,0.0,0.0,0.0,missing_traffic
TWICE_20241206_STRATEGY,2024-12-07,0.0,0.0,,0.0,0.0,0.0,0.0,0.0,0.0,0.0,0.0,0.0,missing_traffic
TWICE_20241206_STRATEGY,2024-12-08,0.0,0.0,,100.0,0.0,0.0,0.0,0.0,0.0,0.0,100.0,9.116543909014616e-08,ok
TWICE_20241206_STRATEGY,2024-12-09,0.0,0.0,,0.0,0.0,0.0,0.0,0.0,0.0,0.0,0.0,0.0,missing_traffic
TWICE_20241206_STRATEGY,2024-12-10,0.0,0.0,,0.0,0.0,0.0,0.0,0.0,0.0,0.0,0.0,0.0,missing_traffic
TWICE_20241206_STRATEGY,2024-12-11,0.0,0.0,,0.0,0.0,0.0,0.0,0.0,0.0,0.0,0.0,0.0,missing_traffic
TWICE_20241206_STRATEGY,2024-12-12,0.0,0.0,,0.0,0.0,0.0,0.0,0.0,0.0,0.0,0.0,0.0,missing_traffic
TWICE_20241206_STRATEGY,2024-12-13,0.0,0.0,,0.0,0.0,0.0,0.0,0.0,0.0,0.0,0.0,0.0,missing_traffic
TWICE_20241206_STRATEGY,2024-12-14,0.0,0.0,,0.0,0.0,0.0,0.0,0.0,0.0,0.0,0.0,0.0,missing_traffic
TWICE_20241206_STRATEGY,2024-12-15,0.0,0.0,,66.0,0.0,0.0,0.0,0.0,0.0,0.0,66.0,6.016918979949646e-08,ok
TWICE_20241206_STRATEGY,2024-12-16,0.0,0.0,,0.0,0.0,0.0,0.0,0.0,0.0,0.0,0.0,0.0,missing_traffic
TWICE_20241206_STRATEGY,2024-12-17,0.0,0.0,,0.0,0.0,0.0,0.0,0.0,0.0,0.0,0.0,0.0,missing_traffic
TWICE_20241206_STRATEGY,2024-12-18,0.0,0.0,,0.0,0.0,0.0,0.0,0.0,0.0,0.0,0.0,0.0,missing_traffic
TWICE_20241206_STRATEGY,2024-12-19,0.0,0.0,,0.0,0.0,0.0,0.0,0.0,0.0,0.0,0.0,0.0,missing_traffic
TWICE_20241206_STRATEGY,2024-12-20,0.0,0.0,,0.0,0.0,0.0,0.0,0.0,0.0,0.0,0.0,0.0,missing_traffic
TWICE_20240405_CHAEYOUNG_ZIONT,2024-04-05,3.0,0.0,,0.0,0.0,0.0,0.0,0.0,0.0,0.0,3.0,2.734963172704385e-09,ok
TWICE_20240405_CHAEYOUNG_ZIONT,2024-04-06,9.0,0.0,,0.0,0.0,0.0,0.0,0.0,0.0,0.0,9.0,8.204889518113155e-09,ok
TWICE_20240405_CHAEYOUNG_ZIONT,2024-04-07,11.0,0.0,,0.0,0.0,0.0,0.0,0.0,0.0,0.0,11.0,1.0028198299916078e-08,ok
TWICE_20240405_CHAEYOUNG_ZIONT,2024-04-08,4.0,0.0,,0.0,0.0,0.0,0.0,0.0,0.0,0.0,4.0,3.6466175636058464e-09,ok
TWICE_20240405_CHAEYOUNG_ZIONT,2024-04-09,2.0,0.0,,0.0,0.0,0.0,0.0,0.0,0.0,0.0,2.0,1.8233087818029232e-09,ok
TWICE_20240405_CHAEYOUNG_ZIONT,2024-04-10,0.0,0.0,,0.0,0.0,0.0,0.0,0.0,0.0,0.0,0.0,0.0,missing_traffic
TWICE_20240405_CHAEYOUNG_ZIONT,2024-04-11,0.0,0.0,,0.0,0.0,0.0,0.0,0.0,0.0,0.0,0.0,0.0,missing_traffic
TWICE_20240405_CHAEYOUNG_ZIONT,2024-04-12,2.0,0.0,,0.0,0.0,0.0,0.0,0.0,0.0,0.0,2.0,1.8233087818029232e-09,ok
AESPA_20240412_WINTER_SURGERY,2024-04-12,4.0,0.0,,0.0,0.0,0.0,0.0,0.0,0.0,0.0,4.0,3.6466175636058464e-09,ok
AESPA_20240412_WINTER_SURGERY,2024-04-13,2.0,0.0,,0.0,0.0,0.0,0.0,0.0,0.0,0.0,2.0,1.8233087818029232e-09,ok
AESPA_20240412_WINTER_SURGERY,2024-04-14,1.0,0.0,,0.0,0.0,0.0,0.0,0.0,0.0,0.0,1.0,9.116543909014616e-10,ok
AESPA_20240412_WINTER_SURGERY,2024-04-15,0.0,0.0,,0.0,0.0,0.0,0.0,0.0,0.0,0.0,0.0,0.0,missing_traffic
AESPA_20240412_WINTER_SURGERY,2024-04-16,0.0,0.0,,0.0,0.0,0.0,0.0,0.0,0.0,0.0,0.0,0.0,missing_traffic
AESPA_20240412_WINTER_SURGERY,2024-04-17,0.0,0.0,,0.0,0.0,0.0,0.0,0.0,0.0,0.0,0.0,0.0,missing_traffic
AESPA_20240412_WINTER_SURGERY,2024-04-18,0.0,0.0,,0.0,0.0,0.0,0.0,0.0,0.0,0.0,0.0,0.0,missing_traffic
AESPA_20240412_WINTER_SURGERY,2024-04-19,0.0,0.0,,0.0,0.0,0.0,0.0,0.0,0.0,0.0,0.0,0.0,missing_traffic
AESPA_20240412_WINTER_SURGERY,2024-04-20,0.0,0.0,,0.0,0.0,0.0,0.0,0.0,0.0,0.0,0.0,0.0,missing_traffic
AESPA_20240412_WINTER_SURGERY,2024-04-21,0.0,0.0,,0.0,0.0,0.0,0.0,0.0,0.0,0.0,0.0,0.0,missing_traffic
AESPA_20240412_WINTER_SURGERY,2024-04-22,0.0,0.0,,0.0,0.0,0.0,0.0,0.0,0.0,0.0,0.0,0.0,missing_traffic
AESPA_20240412_WINTER_SURGERY,2024-04-23,0.0,0.0,,0.0,0.0,0.0,0.0,0.0,0.0,0.0,0.0,0.0,missing_traffic
AESPA_20240412_WINTER_SURGERY,2024-04-24,0.0,0.0,,0.0,0.0,0.0,0.0,0.0,0.0,0.0,0.0,0.0,missing_traffic
AESPA_20240412_WINTER_SURGERY,2024-04-25,0.0,0.0,,0.0,0.0,0.0,0.0,0.0,0.0,0.0,0.0,0.0,missing_traffic
AESPA_20240412_WINTER_SURGERY,2024-04-26,0.0,0.0,,0.0,0.0,0.0,0.0,0.0,0.0,0.0,0.0,0.0,missing_traffic
AESPA_20240305_KARINA_APOLOGY,2024-03-05,0.0,0.0,,0.0,0.0,0.0,0.0,0.0,0.0,0.0,0.0,0.0,missing_traffic
AESPA_20240305_KARINA_APOLOGY,2024-03-06,0.0,0.0,,0.0,0.0,0.0,0.0,0.0,0.0,0.0,0.0,0.0,missing_traffic
AESPA_20240305_KARINA_APOLOGY,2024-03-07,0.0,0.0,,0.0,0.0,0.0,0.0,0.0,0.0,0.0,0.0,0.0,missing_traffic
AESPA_20240305_KARINA_APOLOGY,2024-03-08,0.0,0.0,,0.0,0.0,0.0,0.0,0.0,0.0,0.0,0.0,0.0,missing_traffic
AESPA_20240305_KARINA_APOLOGY,2024-03-09,0.0,0.0,,0.0,0.0,0.0,0.0,0.0,0.0,0.0,0.0,0.0,missing_traffic
AESPA_20240305_KARINA_APOLOGY,2024-03-10,0.0,0.0,,0.0,0.0,0.0,0.0,0.0,0.0,0.0,0.0,0.0,missing_traffic
AESPA_20240305_KARINA_APOLOGY,2024-03-11,0.0,0.0,,0.0,0.0,0.0,0.0,0.0,0.0,0.0,0.0,0.0,missing_traffic
AESPA_20240305_KARINA_APOLOGY,2024-03-12,0.0,0.0,,0.0,0.0,0.0,0.0,0.0,0.0,0.0,0.0,0.0,missing_traffic
AESPA_20240305_KARINA_APOLOGY,2024-03-13,0.0,0.0,,0.0,0.0,0.0,0.0,0.0,0.0,0.0,0.0,0.0,missing_traffic
AESPA_20240305_KARINA_APOLOGY,2024-03-14,0.0,0.0,,0.0,0.0,0.0,0.0,0.0,0.0,0.0,0.0,0.0,missing_traffic
AESPA_20240305_KARINA_APOLOGY,2024-03-15,0.0,0.0,,0.0,0.0,0.0,0.0,0.0,0.0,0.0,0.0,0.0,missing_traffic
AESPA_20240305_KARINA_APOLOGY,2024-03-16,0.0,0.0,,0.0,0.0,0.0,0.0,0.0,0.0,0.0,0.0,0.0,missing_traffic
AESPA_20240305_KARINA_APOLOGY,2024-03-17,0.0,0.0,,0.0,0.0,0.0,0.0,0.0,0.0,0.0,0.0,0.0,missing_traffic
AESPA_20240305_KARINA_APOLOGY,2024-03-18,0.0,0.0,,0.0,0.0,0.0,0.0,0.0,0.0,0.0,0.0,0.0,missing_traffic
AESPA_20240305_KARINA_APOLOGY,2024-03-19,0.0,0.0,,0.0,0.0,0.0,0.0,0.0,0.0,0.0,0.0,0.0,missing_traffic
AESPA_20230225_SYNKK_HYPER_LINE,2023-02-25,0.0,0.0,,0.0,0.0,0.0,0.0,0.0,0.0,0.0,0.0,0.0,missing_traffic
AESPA_20230225_SYNKK_HYPER_LINE,2023-02-26,0.0,0.0,,100.0,0.0,0.0,0.0,0.0,0.0,0.0,100.0,9.116543909014616e-08,ok
AESPA_20230225_SYNKK_HYPER_LINE,2023-02-27,0.0,0.0,,0.0,0.0,0.0,0.0,0.0,0.0,0.0,0.0,0.0,missing_traffic
AESPA_20230225_SYNKK_HYPER_LINE,2023-02-28,0.0,0.0,,0.0,0.0,0.0,0.0,0.0,0.0,0.0,0.0,0.0,missing_traffic
AESPA_20230225_SYNKK_HYPER_LINE,2023-03-01,0.0,0.0,,0.0,0.0,0.0,0.0,0.0,0.0,0.0,0.0,0.0,missing_traffic
AESPA_20230225_SYNKK_HYPER_LINE,2023-03-02,0.0,0.0,,0.0,0.0,0.0,0.0,0.0,0.0,0.0,0.0,0.0,missing_traffic
AESPA_20230225_SYNKK_HYPER_LINE,2023-03-03,0.0,0.0,,0.0,0.0,0.0,0.0,0.0,0.0,0.0,0.0,0.0,missing_traffic
AESPA_20230225_SYNKK_HYPER_LINE,2023-03-04,0.0,0.0,,0.0,0.0,0.0,0.0,0.0,0.0,0.0,0.0,0.0,missing_traffic
AESPA_20230225_SYNKK_HYPER_LINE,2023-03-05,0.0,0.0,,0.0,0.0,0.0,0.0,0.0,0.0,0.0,0.0,0.0,missing_traffic
AESPA_20240402_KARINA_BREAKUP,2024-04-02,0.0,0.0,,0.0,0.0,0.0,0.0,0.0,0.0,0.0,0.0,0.0,missing_traffic
AESPA_20240402_KARINA_BREAKUP,2024-04-03,0.0,0.0,,0.0,0.0,0.0,0.0,0.0,0.0,0.0,0.0,0.0,missing_traffic
AESPA_20240402_KARINA_BREAKUP,2024-04-04,0.0,0.0,,0.0,0.0,0.0,0.0,0.0,0.0,0.0,0.0,0.0,missing_traffic
AESPA_20240402_KARINA_BREAKUP,2024-04-05,0.0,0.0,,0.0,0.0,0.0,0.0,0.0,0.0,0.0,0.0,0.0,missing_traffic
AESPA_20240402_KARINA_BREAKUP,2024-04-06,0.0,0.0,,0.0,0.0,0.0,0.0,0.0,0.0,0.0,0.0,0.0,missing_traffic
AESPA_20240402_KARINA_BREAKUP,2024-04-07,0.0,0.0,,0.0,0.0,0.0,0.0,0.0,0.0,0.0,0.0,0.0,missing_traffic
AESPA_20240402_KARINA_BREAKUP,2024-04-08,0.0,0.0,,0.0,0.0,0.0,0.0,0.0,0.0,0.0,0.0,0.0,missing_traffic
AESPA_20240402_KARINA_BREAKUP,2024-04-09,3.0,0.0,,0.0,0.0,0.0,0.0,0.0,0.0,0.0,3.0,2.734963172704385e-09,ok
AESPA_20230508_MY_WORLD_SPICY,2023-05-08,0.0,0.0,,0.0,0.0,0.0,0.0,0.0,0.0,0.0,0.0,0.0,missing_traffic
AESPA_20230508_MY_WORLD_SPICY,2023-05-09,0.0,0.0,,0.0,0.0,0.0,0.0,0.0,0.0,0.0,0.0,0.0,missing_traffic
AESPA_20230508_MY_WORLD_SPICY,2023-05-10,0.0,0.0,,0.0,0.0,0.0,0.0,0.0,0.0,0.0,0.0,0.0,missing_traffic
AESPA_20230508_MY_WORLD_SPICY,2023-05-11,0.0,0.0,,0.0,0.0,0.0,0.0,0.0,0.0,0.0,0.0,0.0,missing_traffic
AESPA_20230508_MY_WORLD_SPICY,2023-05-12,0.0,0.0,,0.0,0.0,0.0,0.0,0.0,0.0,0.0,0.0,0.0,missing_traffic
AESPA_20230508_MY_WORLD_SPICY,2023-05-13,0.0,0.0,,0.0,0.0,0.0,0.0,0.0,0.0,0.0,0.0,0.0,missing_traffic
AESPA_20230508_MY_WORLD_SPICY,2023-05-14,0.0,0.0,,56.0,0.0,0.0,0.0,0.0,0.0,0.0,56.0,5.105264589048185e-08,ok
AESPA_20230508_MY_WORLD_SPICY,2023-05-15,0.0,0.0,,0.0,0.0,0.0,0.0,0.0,0.0,0.0,0.0,0.0,missing_traffic
AESPA_20230508_MY_WORLD_SPICY,2023-05-16,0.0,0.0,,0.0,0.0,0.0,0.0,0.0,0.0,0.0,0.0,0.0,missing_traffic
AESPA_20230508_MY_WORLD_SPICY,2023-05-17,0.0,0.0,,0.0,0.0,0.0,0.0,0.0,0.0,0.0,0.0,0.0,missing_traffic
AESPA_20230508_MY_WORLD_SPICY,2023-05-18,0.0,0.0,,0.0,0.0,0.0,0.0,0.0,0.0,0.0,0.0,0.0,missing_traffic
AESPA_20230508_MY_WORLD_SPICY,2023-05-19,0.0,0.0,,0.0,0.0,0.0,0.0,0.0,0.0,0.0,0.0,0.0,missing_traffic
AESPA_20230508_MY_WORLD_SPICY,2023-05-20,0.0,0.0,,0.0,0.0,0.0,0.0,0.0,0.0,0.0,0.0,0.0,missing_traffic
AESPA_20230508_MY_WORLD_SPICY,2023-05-21,0.0,0.0,,54.0,0.0,0.0,0.0,0.0,0.0,0.0,54.0,4.922933710867893e-08,ok
AESPA_20230508_MY_WORLD_SPICY,2023-05-22,0.0,0.0,,0.0,0.0,0.0,0.0,0.0,0.0,0.0,0.0,0.0,missing_traffic
AESPA_20241211_WINTER_JUNGWON,2024-12-11,9.0,0.0,,0.0,0.0,0.0,0.0,0.0,0.0,0.0,9.0,8.204889518113155e-09,ok
AESPA_20241211_WINTER_JUNGWON,2024-12-12,24.0,0.0,,0.0,0.0,0.0,0.0,0.0,0.0,0.0,24.0,2.187970538163508e-08,ok
AESPA_20241211_WINTER_JUNGWON,2024-12-13,21.0,0.0,,0.0,0.0,0.0,0.0,0.0,0.0,0.0,21.0,1.9144742208930693e-08,ok
AESPA_20241211_WINTER_JUNGWON,2024-12-14,1.0,0.0,,0.0,0.0,0.0,0.0,0.0,0.0,0.0,1.0,9.116543909014616e-10,ok
AESPA_20241211_WINTER_JUNGWON,2024-12-15,2.0,0.0,,0.0,0.0,0.0,0.0,0.0,0.0,0.0,2.0,1.8233087818029232e-09,ok
AESPA_20241211_WINTER_JUNGWON,2024-12-16,0.0,0.0,,0.0,0.0,0.0,0.0,0.0,0.0,0.0,0.0,0.0,missing_traffic
AESPA_20241211_WINTER_JUNGWON,2024-12-17,1.0,0.0,,0.0,0.0,0.0,0.0,0.0,0.0,0.0,1.0,9.116543909014616e-10,ok
AESPA_20241211_WINTER_JUNGWON,2024-12-18,18.0,0.0,,0.0,0.0,0.0,0.0,0.0,0.0,0.0,18.0,1.640977903622631e-08,ok
AESPA_20250528_KARINA_JACKET,2025-05-28,4.0,0.0,,0.0,0.0,0.0,0.0,0.0,0.0,0.0,4.0,3.6466175636058464e-09,ok
AESPA_20250528_KARINA_JACKET,2025-05-29,1.0,0.0,,0.0,0.0,0.0,0.0,0.0,0.0,0.0,1.0,9.116543909014616e-10,ok
AESPA_20250528_KARINA_JACKET,2025-05-30,0.0,0.0,,0.0,0.0,0.0,0.0,0.0,0.0,0.0,0.0,0.0,missing_traffic
AESPA_20250528_KARINA_JACKET,2025-05-31,0.0,0.0,,0.0,0.0,0.0,0.0,0.0,0.0,0.0,0.0,0.0,missing_traffic
AESPA_20250528_KARINA_JACKET,2025-06-01,0.0,0.0,,0.0,0.0,0.0,0.0,0.0,0.0,0.0,0.0,0.0,missing_traffic
AESPA_20250528_KARINA_JACKET,2025-06-02,0.0,0.0,,0.0,0.0,0.0,0.0,0.0,0.0,0.0,0.0,0.0,missing_traffic
AESPA_20250528_KARINA_JACKET,2025-06-03,0.0,0.0,,0.0,0.0,0.0,0.0,0.0,0.0,0.0,0.0,0.0,missing_traffic
AESPA_20250528_KARINA_JACKET,2025-06-04,0.0,0.0,,0.0,0.0,0.0,0.0,0.0,0.0,0.0,0.0,0.0,missing_traffic
AESPA_20250528_KARINA_JACKET,2025-06-05,0.0,0.0,,0.0,0.0,0.0,0.0,0.0,0.0,0.0,0.0,0.0,missing_traffic
AESPA_20240513_SUPERNOVA,2024-05-13,0.0,0.0,,0.0,0.0,0.0,0.0,0.0,0.0,0.0,0.0,0.0,missing_traffic
AESPA_20240513_SUPERNOVA,2024-05-14,0.0,0.0,,0.0,0.0,0.0,0.0,0.0,0.0,0.0,0.0,0.0,missing_traffic
AESPA_20240513_SUPERNOVA,2024-05-15,0.0,0.0,,0.0,0.0,0.0,0.0,0.0,0.0,0.0,0.0,0.0,missing_traffic
AESPA_20240513_SUPERNOVA,2024-05-16,0.0,0.0,,0.0,0.0,0.0,0.0,0.0,0.0,0.0,0.0,0.0,missing_traffic
AESPA_20240513_SUPERNOVA,2024-05-17,0.0,0.0,,0.0,0.0,0.0,0.0,0.0,0.0,0.0,0.0,0.0,missing_traffic
AESPA_20240513_SUPERNOVA,2024-05-18,0.0,0.0,,0.0,0.0,0.0,0.0,0.0,0.0,0.0,0.0,0.0,missing_traffic
AESPA_20240513_SUPERNOVA,2024-05-19,0.0,0.0,,91.0,0.0,0.0,0.0,0.0,0.0,0.0,91.0,8.296054957203301e-08,ok
AESPA_20240513_SUPERNOVA,2024-05-20,0.0,0.0,,0.0,0.0,0.0,0.0,0.0,0.0,0.0,0.0,0.0,missing_traffic
AESPA_20240513_SUPERNOVA,2024-05-21,0.0,0.0,,0.0,0.0,0.0,0.0,0.0,0.0,0.0,0.0,0.0,missing_traffic
AESPA_20240513_SUPERNOVA,2024-05-22,0.0,0.0,,0.0,0.0,0.0,0.0,0.0,0.0,0.0,0.0,0.0,missing_traffic
AESPA_20240513_SUPERNOVA,2024-05-23,0.0,0.0,,0.0,0.0,0.0,0.0,0.0,0.0,0.0,0.0,0.0,missing_traffic
AESPA_20240513_SUPERNOVA,2024-05-24,0.0,0.0,,0.0,0.0,0.0,0.0,0.0,0.0,0.0,0.0,0.0,missing_traffic
AESPA_20240513_SUPERNOVA,2024-05-25,0.0,0.0,,0.0,0.0,0.0,0.0,0.0,0.0,0.0,0.0,0.0,missing_traffic
AESPA_20240513_SUPERNOVA,2024-05-26,0.0,0.0,,89.0,0.0,0.0,0.0,0.0,0.0,0.0,89.0,8.113724079023009e-08,ok
AESPA_20240513_SUPERNOVA,2024-05-27,0.0,0.0,,0.0,0.0,0.0,0.0,0.0,0.0,0.0,0.0,0.0,missing_traffic
AESPA_20241021_WHIPLASH,2024-10-21,0.0,0.0,,0.0,0.0,0.0,0.0,0.0,0.0,0.0,0.0,0.0,missing_traffic
AESPA_20241021_WHIPLASH,2024-10-22,0.0,0.0,,0.0,0.0,0.0,0.0,0.0,0.0,0.0,0.0,0.0,missing_traffic
AESPA_20241021_WHIPLASH,2024-10-23,0.0,0.0,,0.0,0.0,0.0,0.0,0.0,0.0,0.0,0.0,0.0,missing_traffic
AESPA_20241021_WHIPLASH,2024-10-24,0.0,0.0,,0.0,0.0,0.0,0.0,0.0,0.0,0.0,0.0,0.0,missing_traffic
AESPA_20241021_WHIPLASH,2024-10-25,0.0,0.0,,0.0,0.0,0.0,0.0,0.0,0.0,0.0,0.0,0.0,missing_traffic
AESPA_20241021_WHIPLASH,2024-10-26,0.0,0.0,,0.0,0.0,0.0,0.0,0.0,0.0,0.0,0.0,0.0,missing_traffic
AESPA_20241021_WHIPLASH,2024-10-27,0.0,0.0,,67.0,0.0,0.0,0.0,0.0,0.0,0.0,67.0,6.108084419039792e-08,ok
AESPA_20241021_WHIPLASH,2024-10-28,0.0,0.0,,0.0,0.0,0.0,0.0,0.0,0.0,0.0,0.0,0.0,missing_traffic
AESPA_20241021_WHIPLASH,2024-10-29,0.0,0.0,,0.0,0.0,0.0,0.0,0.0,0.0,0.0,0.0,0.0,missing_traffic
AESPA_20241021_WHIPLASH,2024-10-30,0.0,0.0,,0.0,0.0,0.0,0.0,0.0,0.0,0.0,0.0,0.0,missing_traffic
AESPA_20241021_WHIPLASH,2024-10-31,0.0,0.0,,0.0,0.0,0.0,0.0,0.0,0.0,0.0,0.0,0.0,missing_traffic
AESPA_20241021_WHIPLASH,2024-11-01,0.0,0.0,,0.0,0.0,0.0,0.0,0.0,0.0,0.0,0.0,0.0,missing_traffic
AESPA_20241021_WHIPLASH,2024-11-02,0.0,0.0,,0.0,0.0,0.0,0.0,0.0,0.0,0.0,0.0,0.0,missing_traffic
AESPA_20241021_WHIPLASH,2024-11-03,0.0,0.0,,49.0,0.0,0.0,0.0,0.0,0.0,0.0,49.0,4.467106515417162e-08,ok
AESPA_20241021_WHIPLASH,2024-11-04,0.0,0.0,,0.0,0.0,0.0,0.0,0.0,0.0,0.0,0.0,0.0,missing_traffic
AESPA_20251205_WINTER_JUNGKOOK,2025-12-05,0.0,0.0,,0.0,0.0,0.0,0.0,0.0,0.0,0.0,0.0,0.0,missing_traffic
AESPA_20251205_WINTER_JUNGKOOK,2025-12-06,0.0,0.0,,0.0,0.0,0.0,0.0,0.0,0.0,0.0,0.0,0.0,missing_traffic
AESPA_20251205_WINTER_JUNGKOOK,2025-12-07,0.0,0.0,,100.0,0.0,0.0,0.0,0.0,0.0,0.0,100.0,9.116543909014616e-08,ok
AESPA_20251205_WINTER_JUNGKOOK,2025-12-08,0.0,0.0,,0.0,0.0,0.0,0.0,0.0,0.0,0.0,0.0,0.0,missing_traffic
AESPA_20251205_WINTER_JUNGKOOK,2025-12-09,0.0,0.0,,0.0,0.0,0.0,0.0,0.0,0.0,0.0,0.0,0.0,missing_traffic
AESPA_20251205_WINTER_JUNGKOOK,2025-12-10,0.0,0.0,,0.0,0.0,0.0,0.0,0.0,0.0,0.0,0.0,0.0,missing_traffic
AESPA_20251205_WINTER_JUNGKOOK,2025-12-11,0.0,0.0,,0.0,0.0,0.0,0.0,0.0,0.0,0.0,0.0,0.0,missing_traffic
AESPA_20251205_WINTER_JUNGKOOK,2025-12-12,0.0,0.0,,0.0,0.0,0.0,0.0,0.0,0.0,0.0,0.0,0.0,missing_traffic
AESPA_20251205_WINTER_JUNGKOOK,2025-12-13,0.0,0.0,,0.0,0.0,0.0,0.0,0.0,0.0,0.0,0.0,0.0,missing_traffic
AESPA_20251205_WINTER_JUNGKOOK,2025-12-14,0.0,0.0,,0.0,0.0,0.0,0.0,0.0,0.0,0.0,0.0,0.0,missing_traffic
AESPA_20251205_WINTER_JUNGKOOK,2025-12-15,0.0,0.0,,0.0,0.0,0.0,0.0,0.0,0.0,0.0,0.0,0.0,missing_traffic
AESPA_20251205_WINTER_JUNGKOOK,2025-12-16,0.0,0.0,,0.0,0.0,0.0,0.0,0.0,0.0,0.0,0.0,0.0,missing_traffic
AESPA_20251205_WINTER_JUNGKOOK,2025-12-17,0.0,0.0,,0.0,0.0,0.0,0.0,0.0,0.0,0.0,0.0,0.0,missing_traffic
AESPA_20251205_WINTER_JUNGKOOK,2025-12-18,0.0,0.0,,0.0,0.0,0.0,0.0,0.0,0.0,0.0,0.0,0.0,missing_traffic
AESPA_20251205_WINTER_JUNGKOOK,2025-12-19,0.0,0.0,,0.0,0.0,0.0,0.0,0.0,0.0,0.0,0.0,0.0,missing_traffic
BLACKPINK_20210312_ROSE_ON_THE_GROUND,2021-03-12,0.0,0.0,,0.0,0.0,0.0,0.0,0.0,0.0,0.0,0.0,0.0,missing_traffic
BLACKPINK_20210312_ROSE_ON_THE_GROUND,2021-03-13,0.0,0.0,,0.0,0.0,0.0,0.0,0.0,0.0,0.0,0.0,0.0,missing_traffic
BLACKPINK_20210312_ROSE_ON_THE_GROUND,2021-03-14,0.0,0.0,,100.0,0.0,0.0,0.0,0.0,0.0,0.0,100.0,9.116543909014616e-08,ok
BLACKPINK_20210312_ROSE_ON_THE_GROUND,2021-03-15,0.0,0.0,,0.0,0.0,0.0,0.0,0.0,0.0,0.0,0.0,0.0,missing_traffic
BLACKPINK_20210312_ROSE_ON_THE_GROUND,2021-03-16,0.0,0.0,,0.0,0.0,0.0,0.0,0.0,0.0,0.0,0.0,0.0,missing_traffic
BLACKPINK_20210312_ROSE_ON_THE_GROUND,2021-03-17,0.0,0.0,,0.0,0.0,0.0,0.0,0.0,0.0,0.0,0.0,0.0,missing_traffic
BLACKPINK_20210312_ROSE_ON_THE_GROUND,2021-03-18,0.0,0.0,,0.0,0.0,0.0,0.0,0.0,0.0,0.0,0.0,0.0,missing_traffic
BLACKPINK_20210312_ROSE_ON_THE_GROUND,2021-03-19,0.0,0.0,,0.0,0.0,0.0,0.0,0.0,0.0,0.0,0.0,0.0,missing_traffic
BLACKPINK_20210312_ROSE_ON_THE_GROUND,2021-03-20,0.0,0.0,,0.0,0.0,0.0,0.0,0.0,0.0,0.0,0.0,0.0,missing_traffic
BLACKPINK_20210312_ROSE_ON_THE_GROUND,2021-03-21,0.0,0.0,,63.0,0.0,0.0,0.0,0.0,0.0,0.0,63.0,5.743422662679208e-08,ok
BLACKPINK_20210312_ROSE_ON_THE_GROUND,2021-03-22,0.0,0.0,,0.0,0.0,0.0,0.0,0.0,0.0,0.0,0.0,0.0,missing_traffic
BLACKPINK_20210312_ROSE_ON_THE_GROUND,2021-03-23,0.0,0.0,,0.0,0.0,0.0,0.0,0.0,0.0,0.0,0.0,0.0,missing_traffic
BLACKPINK_20210312_ROSE_ON_THE_GROUND,2021-03-24,0.0,0.0,,0.0,0.0,0.0,0.0,0.0,0.0,0.0,0.0,0.0,missing_traffic
BLACKPINK_20210312_ROSE_ON_THE_GROUND,2021-03-25,0.0,0.0,,0.0,0.0,0.0,0.0,0.0,0.0,0.0,0.0,0.0,missing_traffic
BLACKPINK_20210312_ROSE_ON_THE_GROUND,2021-03-26,0.0,0.0,,0.0,0.0,0.0,0.0,0.0,0.0,0.0,0.0,0.0,missing_traffic
BLACKPINK_20220523_JENNIE_V_RUMOR,2022-05-23,0.0,0.0,,0.0,0.0,0.0,0.0,0.0,0.0,0.0,0.0,0.0,missing_traffic
BLACKPINK_20220523_JENNIE_V_RUMOR,2022-05-24,0.0,0.0,,0.0,0.0,0.0,0.0,0.0,0.0,0.0,0.0,0.0,missing_traffic
BLACKPINK_20220523_JENNIE_V_RUMOR,2022-05-25,0.0,0.0,,0.0,0.0,0.0,0.0,0.0,0.0,0.0,0.0,0.0,missing_traffic
BLACKPINK_20220523_JENNIE_V_RUMOR,2022-05-26,0.0,0.0,,0.0,0.0,0.0,0.0,0.0,0.0,0.0,0.0,0.0,missing_traffic
BLACKPINK_20220523_JENNIE_V_RUMOR,2022-05-27,0.0,0.0,,0.0,0.0,0.0,0.0,0.0,0.0,0.0,0.0,0.0,missing_traffic
BLACKPINK_20220523_JENNIE_V_RUMOR,2022-05-28,0.0,0.0,,0.0,0.0,0.0,0.0,0.0,0.0,0.0,0.0,0.0,missing_traffic
BLACKPINK_20220523_JENNIE_V_RUMOR,2022-05-29,0.0,0.0,,0.0,0.0,0.0,0.0,0.0,0.0,0.0,0.0,0.0,missing_traffic
BLACKPINK_20220523_JENNIE_V_RUMOR,2022-05-30,0.0,0.0,,0.0,0.0,0.0,0.0,0.0,0.0,0.0,0.0,0.0,missing_traffic
BLACKPINK_20220523_JENNIE_V_RUMOR,2022-05-31,0.0,0.0,,0.0,0.0,0.0,0.0,0.0,0.0,0.0,0.0,0.0,missing_traffic
BLACKPINK_20220523_JENNIE_V_RUMOR,2022-06-01,0.0,0.0,,0.0,0.0,0.0,0.0,0.0,0.0,0.0,0.0,0.0,missing_traffic
BLACKPINK_20220523_JENNIE_V_RUMOR,2022-06-02,0.0,0.0,,0.0,0.0,0.0,0.0,0.0,0.0,0.0,0.0,0.0,missing_traffic
BLACKPINK_20220523_JENNIE_V_RUMOR,2022-06-03,0.0,0.0,,0.0,0.0,0.0,0.0,0.0,0.0,0.0,0.0,0.0,missing_traffic
BLACKPINK_20220523_JENNIE_V_RUMOR,2022-06-04,0.0,0.0,,0.0,0.0,0.0,0.0,0.0,0.0,0.0,0.0,0.0,missing_traffic
BLACKPINK_20220523_JENNIE_V_RUMOR,2022-06-05,0.0,0.0,,0.0,0.0,0.0,0.0,0.0,0.0,0.0,0.0,0.0,missing_traffic
BLACKPINK_20220523_JENNIE_V_RUMOR,2022-06-06,0.0,0.0,,0.0,0.0,0.0,0.0,0.0,0.0,0.0,0.0,0.0,missing_traffic
BLACKPINK_20210910_LISA_LALISA,2021-09-10,0.0,0.0,,0.0,0.0,0.0,0.0,0.0,0.0,0.0,0.0,0.0,missing_traffic
BLACKPINK_20210910_LISA_LALISA,2021-09-11,0.0,0.0,,0.0,0.0,0.0,0.0,0.0,0.0,0.0,0.0,0.0,missing_traffic
BLACKPINK_20210910_LISA_LALISA,2021-09-12,0.0,0.0,,100.0,0.0,0.0,0.0,0.0,0.0,0.0,100.0,9.116543909014616e-08,ok
BLACKPINK_20210910_LISA_LALISA,2021-09-13,0.0,0.0,,0.0,0.0,0.0,0.0,0.0,0.0,0.0,0.0,0.0,missing_traffic
BLACKPINK_20210910_LISA_LALISA,2021-09-14,0.0,0.0,,0.0,0.0,0.0,0.0,0.0,0.0,0.0,0.0,0.0,missing_traffic
BLACKPINK_20210910_LISA_LALISA,2021-09-15,0.0,0.0,,0.0,0.0,0.0,0.0,0.0,0.0,0.0,0.0,0.0,missing_traffic
BLACKPINK_20210910_LISA_LALISA,2021-09-16,0.0,0.0,,0.0,0.0,0.0,0.0,0.0,0.0,0.0,0.0,0.0,missing_traffic
BLACKPINK_20210910_LISA_LALISA,2021-09-17,0.0,0.0,,0.0,0.0,0.0,0.0,0.0,0.0,0.0,0.0,0.0,missing_traffic
BLACKPINK_20210910_LISA_LALISA,2021-09-18,0.0,0.0,,0.0,0.0,0.0,0.0,0.0,0.0,0.0,0.0,0.0,missing_traffic
BLACKPINK_20210910_LISA_LALISA,2021-09-19,0.0,0.0,,71.0,0.0,0.0,0.0,0.0,0.0,0.0,71.0,6.472746175400378e-08,ok
BLACKPINK_20210910_LISA_LALISA,2021-09-20,0.0,0.0,,0.0,0.0,0.0,0.0,0.0,0.0,0.0,0.0,0.0,missing_traffic
BLACKPINK_20210910_LISA_LALISA,2021-09-21,0.0,0.0,,0.0,0.0,0.0,0.0,0.0,0.0,0.0,0.0,0.0,missing_traffic
BLACKPINK_20210910_LISA_LALISA,2021-09-22,0.0,0.0,,0.0,0.0,0.0,0.0,0.0,0.0,0.0,0.0,0.0,missing_traffic
BLACKPINK_20210910_LISA_LALISA,2021-09-23,0.0,0.0,,0.0,0.0,0.0,0.0,0.0,0.0,0.0,0.0,0.0,missing_traffic
BLACKPINK_20210910_LISA_LALISA,2021-09-24,0.0,0.0,,0.0,0.0,0.0,0.0,0.0,0.0,0.0,0.0,0.0,missing_traffic
BLACKPINK_20220808_BORN_PINK_TOUR_ANNOUNCE,2022-08-08,0.0,0.0,,0.0,0.0,0.0,0.0,0.0,0.0,0.0,0.0,0.0,missing_traffic
BLACKPINK_20220808_BORN_PINK_TOUR_ANNOUNCE,2022-08-09,0.0,0.0,,0.0,0.0,0.0,0.0,0.0,0.0,0.0,0.0,0.0,missing_traffic
BLACKPINK_20220808_BORN_PINK_TOUR_ANNOUNCE,2022-08-10,0.0,0.0,,0.0,0.0,0.0,0.0,0.0,0.0,0.0,0.0,0.0,missing_traffic
BLACKPINK_20220808_BORN_PINK_TOUR_ANNOUNCE,2022-08-11,0.0,0.0,,0.0,0.0,0.0,0.0,0.0,0.0,0.0,0.0,0.0,missing_traffic
BLACKPINK_20220808_BORN_PINK_TOUR_ANNOUNCE,2022-08-12,0.0,0.0,,0.0,0.0,0.0,0.0,0.0,0.0,0.0,0.0,0.0,missing_traffic
BLACKPINK_20220808_BORN_PINK_TOUR_ANNOUNCE,2022-08-13,0.0,0.0,,0.0,0.0,0.0,0.0,0.0,0.0,0.0,0.0,0.0,missing_traffic
BLACKPINK_20220808_BORN_PINK_TOUR_ANNOUNCE,2022-08-14,0.0,0.0,,22.0,0.0,0.0,0.0,0.0,0.0,0.0,22.0,2.0056396599832157e-08,ok
BLACKPINK_20220808_BORN_PINK_TOUR_ANNOUNCE,2022-08-15,0.0,0.0,,0.0,0.0,0.0,0.0,0.0,0.0,0.0,0.0,0.0,missing_traffic
BLACKPINK_20220808_BORN_PINK_TOUR_ANNOUNCE,2022-08-16,0.0,0.0,,0.0,0.0,0.0,0.0,0.0,0.0,0.0,0.0,0.0,missing_traffic
BLACKPINK_20220808_BORN_PINK_TOUR_ANNOUNCE,2022-08-17,0.0,0.0,,0.0,0.0,0.0,0.0,0.0,0.0,0.0,0.0,0.0,missing_traffic
BLACKPINK_20220808_BORN_PINK_TOUR_ANNOUNCE,2022-08-18,0.0,0.0,,0.0,0.0,0.0,0.0,0.0,0.0,0.0,0.0,0.0,missing_traffic
BLACKPINK_20220808_BORN_PINK_TOUR_ANNOUNCE,2022-08-19,0.0,0.0,,0.0,0.0,0.0,0.0,0.0,0.0,0.0,0.0,0.0,missing_traffic
BLACKPINK_20220808_BORN_PINK_TOUR_ANNOUNCE,2022-08-20,0.0,0.0,,0.0,0.0,0.0,0.0,0.0,0.0,0.0,0.0,0.0,missing_traffic
BLACKPINK_20220808_BORN_PINK_TOUR_ANNOUNCE,2022-08-21,0.0,0.0,,18.0,0.0,0.0,0.0,0.0,0.0,0.0,18.0,1.640977903622631e-08,ok
BLACKPINK_20220808_BORN_PINK_TOUR_ANNOUNCE,2022-08-22,0.0,0.0,,0.0,0.0,0.0,0.0,0.0,0.0,0.0,0.0,0.0,missing_traffic
BLACKPINK_20230604_THE_IDOL,2023-06-04,0.0,0.0,,0.0,0.0,0.0,0.0,0.0,0.0,0.0,0.0,0.0,missing_traffic
BLACKPINK_20230604_THE_IDOL,2023-06-05,0.0,0.0,,0.0,0.0,0.0,0.0,0.0,0.0,0.0,0.0,0.0,missing_traffic
BLACKPINK_20230604_THE_IDOL,2023-06-06,0.0,0.0,,0.0,0.0,0.0,0.0,0.0,0.0,0.0,0.0,0.0,missing_traffic
BLACKPINK_20230604_THE_IDOL,2023-06-07,0.0,0.0,,0.0,0.0,0.0,0.0,0.0,0.0,0.0,0.0,0.0,missing_traffic
BLACKPINK_20230604_THE_IDOL,2023-06-08,0.0,0.0,,0.0,0.0,0.0,0.0,0.0,0.0,0.0,0.0,0.0,missing_traffic
BLACKPINK_20230604_THE_IDOL,2023-06-09,0.0,0.0,,0.0,0.0,0.0,0.0,0.0,0.0,0.0,0.0,0.0,missing_traffic
BLACKPINK_20230604_THE_IDOL,2023-06-10,0.0,0.0,,0.0,0.0,0.0,0.0,0.0,0.0,0.0,0.0,0.0,missing_traffic
BLACKPINK_20230604_THE_IDOL,2023-06-11,0.0,0.0,,0.0,0.0,0.0,0.0,0.0,0.0,0.0,0.0,0.0,missing_traffic
BLACKPINK_20230604_THE_IDOL,2023-06-12,0.0,0.0,,0.0,0.0,0.0,0.0,0.0,0.0,0.0,0.0,0.0,missing_traffic
BLACKPINK_20230604_THE_IDOL,2023-06-13,0.0,0.0,,0.0,0.0,0.0,0.0,0.0,0.0,0.0,0.0,0.0,missing_traffic
BLACKPINK_20230604_THE_IDOL,2023-06-14,0.0,0.0,,0.0,0.0,0.0,0.0,0.0,0.0,0.0,0.0,0.0,missing_traffic
BLACKPINK_20230604_THE_IDOL,2023-06-15,0.0,0.0,,0.0,0.0,0.0,0.0,0.0,0.0,0.0,0.0,0.0,missing_traffic
BLACKPINK_20230604_THE_IDOL,2023-06-16,0.0,0.0,,0.0,0.0,0.0,0.0,0.0,0.0,0.0,0.0,0.0,missing_traffic
BLACKPINK_20230604_THE_IDOL,2023-06-17,0.0,0.0,,0.0,0.0,0.0,0.0,0.0,0.0,0.0,0.0,0.0,missing_traffic
BLACKPINK_20230604_THE_IDOL,2023-06-18,0.0,0.0,,0.0,0.0,0.0,0.0,0.0,0.0,0.0,0.0,0.0,missing_traffic
BLACKPINK_20230331_JISOO_FLOWER,2023-03-31,0.0,0.0,,0.0,0.0,0.0,0.0,0.0,0.0,0.0,0.0,0.0,missing_traffic
BLACKPINK_20230331_JISOO_FLOWER,2023-04-01,0.0,0.0,,0.0,0.0,0.0,0.0,0.0,0.0,0.0,0.0,0.0,missing_traffic
BLACKPINK_20230331_JISOO_FLOWER,2023-04-02,0.0,0.0,,100.0,0.0,0.0,0.0,0.0,0.0,0.0,100.0,9.116543909014616e-08,ok
BLACKPINK_20230331_JISOO_FLOWER,2023-04-03,0.0,0.0,,0.0,0.0,0.0,0.0,0.0,0.0,0.0,0.0,0.0,missing_traffic
BLACKPINK_20230331_JISOO_FLOWER,2023-04-04,0.0,0.0,,0.0,0.0,0.0,0.0,0.0,0.0,0.0,0.0,0.0,missing_traffic
BLACKPINK_20230331_JISOO_FLOWER,2023-04-05,0.0,0.0,,0.0,0.0,0.0,0.0,0.0,0.0,0.0,0.0,0.0,missing_traffic
BLACKPINK_20230331_JISOO_FLOWER,2023-04-06,0.0,0.0,,0.0,0.0,0.0,0.0,0.0,0.0,0.0,0.0,0.0,missing_traffic
BLACKPINK_20230331_JISOO_FLOWER,2023-04-07,0.0,0.0,,0.0,0.0,0.0,0.0,0.0,0.0,0.0,0.0,0.0,missing_traffic
BLACKPINK_20230331_JISOO_FLOWER,2023-04-08,0.0,0.0,,0.0,0.0,0.0,0.0,0.0,0.0,0.0,0.0,0.0,missing_traffic
BLACKPINK_20230331_JISOO_FLOWER,2023-04-09,0.0,0.0,,86.0,0.0,0.0,0.0,0.0,0.0,0.0,86.0,7.84022776175257e-08,ok
BLACKPINK_20230331_JISOO_FLOWER,2023-04-10,0.0,0.0,,0.0,0.0,0.0,0.0,0.0,0.0,0.0,0.0,0.0,missing_traffic
BLACKPINK_20230331_JISOO_FLOWER,2023-04-11,0.0,0.0,,0.0,0.0,0.0,0.0,0.0,0.0,0.0,0.0,0.0,missing_traffic
BLACKPINK_20230331_JISOO_FLOWER,2023-04-12,0.0,0.0,,0.0,0.0,0.0,0.0,0.0,0.0,0.0,0.0,0.0,missing_traffic
BLACKPINK_20230331_JISOO_FLOWER,2023-04-13,0.0,0.0,,0.0,0.0,0.0,0.0,0.0,0.0,0.0,0.0,0.0,missing_traffic
BLACKPINK_20230331_JISOO_FLOWER,2023-04-14,0.0,0.0,,0.0,0.0,0.0,0.0,0.0,0.0,0.0,0.0,0.0,missing_traffic
BLACKPINK_20230928_LISA_CRAZY_HORSE,2023-09-28,0.0,0.0,,0.0,0.0,0.0,0.0,0.0,0.0,0.0,0.0,0.0,missing_traffic
BLACKPINK_20230928_LISA_CRAZY_HORSE,2023-09-29,0.0,0.0,,0.0,0.0,0.0,0.0,0.0,0.0,0.0,0.0,0.0,missing_traffic
BLACKPINK_20230928_LISA_CRAZY_HORSE,2023-09-30,0.0,0.0,,0.0,0.0,0.0,0.0,0.0,0.0,0.0,0.0,0.0,missing_traffic
BLACKPINK_20230928_LISA_CRAZY_HORSE,2023-10-01,0.0,0.0,,0.0,0.0,0.0,0.0,0.0,0.0,0.0,0.0,0.0,missing_traffic
BLACKPINK_20230928_LISA_CRAZY_HORSE,2023-10-02,0.0,0.0,,0.0,0.0,0.0,0.0,0.0,0.0,0.0,0.0,0.0,missing_traffic
BLACKPINK_20230928_LISA_CRAZY_HORSE,2023-10-03,0.0,0.0,,0.0,0.0,0.0,0.0,0.0,0.0,0.0,0.0,0.0,missing_traffic
BLACKPINK_20230928_LISA_CRAZY_HORSE,2023-10-04,0.0,0.0,,0.0,0.0,0.0,0.0,0.0,0.0,0.0,0.0,0.0,missing_traffic
BLACKPINK_20230928_LISA_CRAZY_HORSE,2023-10-05,0.0,0.0,,0.0,0.0,0.0,0.0,0.0,0.0,0.0,0.0,0.0,missing_traffic
BLACKPINK_20230928_LISA_CRAZY_HORSE,2023-10-06,0.0,0.0,,0.0,0.0,0.0,0.0,0.0,0.0,0.0,0.0,0.0,missing_traffic
BLACKPINK_20230928_LISA_CRAZY_HORSE,2023-10-07,0.0,0.0,,0.0,0.0,0.0,0.0,0.0,0.0,0.0,0.0,0.0,missing_traffic
BLACKPINK_20230928_LISA_CRAZY_HORSE,2023-10-08,0.0,0.0,,0.0,0.0,0.0,0.0,0.0,0.0,0.0,0.0,0.0,missing_traffic
BLACKPINK_20230928_LISA_CRAZY_HORSE,2023-10-09,0.0,0.0,,0.0,0.0,0.0,0.0,0.0,0.0,0.0,0.0,0.0,missing_traffic
BLACKPINK_20230928_LISA_CRAZY_HORSE,2023-10-10,0.0,0.0,,0.0,0.0,0.0,0.0,0.0,0.0,0.0,0.0,0.0,missing_traffic
BLACKPINK_20230928_LISA_CRAZY_HORSE,2023-10-11,0.0,0.0,,0.0,0.0,0.0,0.0,0.0,0.0,0.0,0.0,0.0,missing_traffic
BLACKPINK_20230928_LISA_CRAZY_HORSE,2023-10-12,0.0,0.0,,0.0,0.0,0.0,0.0,0.0,0.0,0.0,0.0,0.0,missing_traffic
BLACKPINK_20230917_BORN_PINK_FINALE,2023-09-16,0.0,0.0,,0.0,0.0,0.0,0.0,0.0,0.0,0.0,0.0,0.0,missing_traffic
BLACKPINK_20230917_BORN_PINK_FINALE,2023-09-17,0.0,0.0,,100.0,0.0,0.0,0.0,0.0,0.0,0.0,100.0,9.116543909014616e-08,ok
BLACKPINK_20230917_BORN_PINK_FINALE,2023-09-18,0.0,0.0,,0.0,0.0,0.0,0.0,0.0,0.0,0.0,0.0,0.0,missing_traffic
BLACKPINK_20230917_BORN_PINK_FINALE,2023-09-19,0.0,0.0,,0.0,0.0,0.0,0.0,0.0,0.0,0.0,0.0,0.0,missing_traffic
BLACKPINK_20230917_BORN_PINK_FINALE,2023-09-20,0.0,0.0,,0.0,0.0,0.0,0.0,0.0,0.0,0.0,0.0,0.0,missing_traffic
BLACKPINK_20230917_BORN_PINK_FINALE,2023-09-21,0.0,0.0,,0.0,0.0,0.0,0.0,0.0,0.0,0.0,0.0,0.0,missing_traffic
BLACKPINK_20230917_BORN_PINK_FINALE,2023-09-22,0.0,0.0,,0.0,0.0,0.0,0.0,0.0,0.0,0.0,0.0,0.0,missing_traffic
BLACKPINK_20230917_BORN_PINK_FINALE,2023-09-23,0.0,0.0,,0.0,0.0,0.0,0.0,0.0,0.0,0.0,0.0,0.0,missing_traffic
BLACKPINK_20230917_BORN_PINK_FINALE,2023-09-24,0.0,0.0,,0.0,0.0,0.0,0.0,0.0,0.0,0.0,0.0,0.0,missing_traffic
BLACKPINK_20240709_JENNIE_VAPING,2024-07-08,0.0,0.0,,0.0,0.0,0.0,0.0,0.0,0.0,0.0,0.0,0.0,missing_traffic
BLACKPINK_20240709_JENNIE_VAPING,2024-07-09,0.0,0.0,,0.0,0.0,0.0,0.0,0.0,0.0,0.0,0.0,0.0,missing_traffic
BLACKPINK_20240709_JENNIE_VAPING,2024-07-10,0.0,0.0,,0.0,0.0,0.0,0.0,0.0,0.0,0.0,0.0,0.0,missing_traffic
BLACKPINK_20240709_JENNIE_VAPING,2024-07-11,0.0,0.0,,0.0,0.0,0.0,0.0,0.0,0.0,0.0,0.0,0.0,missing_traffic
BLACKPINK_20240709_JENNIE_VAPING,2024-07-12,0.0,0.0,,0.0,0.0,0.0,0.0,0.0,0.0,0.0,0.0,0.0,missing_traffic
BLACKPINK_20240709_JENNIE_VAPING,2024-07-13,0.0,0.0,,0.0,0.0,0.0,0.0,0.0,0.0,0.0,0.0,0.0,missing_traffic
BLACKPINK_20240709_JENNIE_VAPING,2024-07-14,0.0,0.0,,0.0,0.0,0.0,0.0,0.0,0.0,0.0,0.0,0.0,missing_traffic
BLACKPINK_20240709_JENNIE_VAPING,2024-07-15,0.0,0.0,,0.0,0.0,0.0,0.0,0.0,0.0,0.0,0.0,0.0,missing_traffic
BLACKPINK_20240709_JENNIE_VAPING,2024-07-16,0.0,0.0,,0.0,0.0,0.0,0.0,0.0,0.0,0.0,0.0,0.0,missing_traffic
BLACKPINK_20250219_DEADLINE_TOUR,2025-02-19,0.0,0.0,,0.0,0.0,0.0,0.0,0.0,0.0,0.0,0.0,0.0,missing_traffic
BLACKPINK_20250219_DEADLINE_TOUR,2025-02-20,0.0,0.0,,0.0,0.0,0.0,0.0,0.0,0.0,0.0,0.0,0.0,missing_traffic
BLACKPINK_20250219_DEADLINE_TOUR,2025-02-21,0.0,0.0,,0.0,0.0,0.0,0.0,0.0,0.0,0.0,0.0,0.0,missing_traffic
BLACKPINK_20250219_DEADLINE_TOUR,2025-02-22,0.0,0.0,,0.0,0.0,0.0,0.0,0.0,0.0,0.0,0.0,0.0,missing_traffic
BLACKPINK_20250219_DEADLINE_TOUR,2025-02-23,0.0,0.0,,0.0,0.0,0.0,0.0,0.0,0.0,0.0,0.0,0.0,missing_traffic
BLACKPINK_20250219_DEADLINE_TOUR,2025-02-24,0.0,0.0,,0.0,0.0,0.0,0.0,0.0,0.0,0.0,0.0,0.0,missing_traffic
BLACKPINK_20250219_DEADLINE_TOUR,2025-02-25,0.0,0.0,,0.0,0.0,0.0,0.0,0.0,0.0,0.0,0.0,0.0,missing_traffic
BLACKPINK_20250219_DEADLINE_TOUR,2025-02-26,0.0,0.0,,0.0,0.0,0.0,0.0,0.0,0.0,0.0,0.0,0.0,missing_traffic
BLACKPINK_20250219_DEADLINE_TOUR,2025-02-27,0.0,0.0,,0.0,0.0,0.0,0.0,0.0,0.0,0.0,0.0,0.0,missing_traffic
BLACKPINK_20250219_DEADLINE_TOUR,2025-02-28,0.0,0.0,,0.0,0.0,0.0,0.0,0.0,0.0,0.0,0.0,0.0,missing_traffic
BLACKPINK_20250219_DEADLINE_TOUR,2025-03-01,0.0,0.0,,0.0,0.0,0.0,0.0,0.0,0.0,0.0,0.0,0.0,missing_traffic
BLACKPINK_20250219_DEADLINE_TOUR,2025-03-02,0.0,0.0,,0.0,0.0,0.0,0.0,0.0,0.0,0.0,0.0,0.0,missing_traffic
BLACKPINK_20250219_DEADLINE_TOUR,2025-03-03,0.0,0.0,,0.0,0.0,0.0,0.0,0.0,0.0,0.0,0.0,0.0,missing_traffic
BLACKPINK_20250219_DEADLINE_TOUR,2025-03-04,0.0,0.0,,0.0,0.0,0.0,0.0,0.0,0.0,0.0,0.0,0.0,missing_traffic
BLACKPINK_20250219_DEADLINE_TOUR,2025-03-05,0.0,0.0,,0.0,0.0,0.0,0.0,0.0,0.0,0.0,0.0,0.0,missing_traffic
NEWJEANS_20250207_NJZ_REBRAND,2025-02-07,0.0,0.0,,0.0,0.0,0.0,0.0,0.0,0.0,0.0,0.0,0.0,missing_traffic
NEWJEANS_20250207_NJZ_REBRAND,2025-02-08,0.0,0.0,,0.0,0.0,0.0,0.0,0.0,0.0,0.0,0.0,0.0,missing_traffic
NEWJEANS_20250207_NJZ_REBRAND,2025-02-09,0.0,0.0,,0.0,0.0,0.0,0.0,0.0,0.0,0.0,0.0,0.0,missing_traffic
NEWJEANS_20250207_NJZ_REBRAND,2025-02-10,0.0,0.0,,0.0,0.0,0.0,0.0,0.0,0.0,0.0,0.0,0.0,missing_traffic
NEWJEANS_20250207_NJZ_REBRAND,2025-02-11,0.0,0.0,,0.0,0.0,0.0,0.0,0.0,0.0,0.0,0.0,0.0,missing_traffic
NEWJEANS_20250207_NJZ_REBRAND,2025-02-12,0.0,0.0,,0.0,0.0,0.0,0.0,0.0,0.0,0.0,0.0,0.0,missing_traffic
NEWJEANS_20250207_NJZ_REBRAND,2025-02-13,0.0,0.0,,0.0,0.0,0.0,0.0,0.0,0.0,0.0,0.0,0.0,missing_traffic
NEWJEANS_20250207_NJZ_REBRAND,2025-02-14,0.0,0.0,,0.0,0.0,0.0,0.0,0.0,0.0,0.0,0.0,0.0,missing_traffic
NEWJEANS_20250207_NJZ_REBRAND,2025-02-15,0.0,0.0,,0.0,0.0,0.0,0.0,0.0,0.0,0.0,0.0,0.0,missing_traffic
NEWJEANS_20250207_NJZ_REBRAND,2025-02-16,0.0,0.0,,0.0,0.0,0.0,0.0,0.0,0.0,0.0,0.0,0.0,missing_traffic
NEWJEANS_20250207_NJZ_REBRAND,2025-02-17,0.0,0.0,,0.0,0.0,0.0,0.0,0.0,0.0,0.0,0.0,0.0,missing_traffic
NEWJEANS_20250207_NJZ_REBRAND,2025-02-18,0.0,0.0,,0.0,0.0,0.0,0.0,0.0,0.0,0.0,0.0,0.0,missing_traffic
NEWJEANS_20250207_NJZ_REBRAND,2025-02-19,0.0,0.0,,0.0,0.0,0.0,0.0,0.0,0.0,0.0,0.0,0.0,missing_traffic
NEWJEANS_20250207_NJZ_REBRAND,2025-02-20,0.0,0.0,,0.0,0.0,0.0,0.0,0.0,0.0,0.0,0.0,0.0,missing_traffic
NEWJEANS_20250207_NJZ_REBRAND,2025-02-21,0.0,0.0,,0.0,0.0,0.0,0.0,0.0,0.0,0.0,0.0,0.0,missing_traffic
NEWJEANS_20220801_COOKIE_CONTROVERSY,2022-08-01,0.0,0.0,,0.0,0.0,0.0,0.0,0.0,0.0,0.0,0.0,0.0,missing_traffic
NEWJEANS_20220801_COOKIE_CONTROVERSY,2022-08-02,0.0,0.0,,0.0,0.0,0.0,0.0,0.0,0.0,0.0,0.0,0.0,missing_traffic
NEWJEANS_20220801_COOKIE_CONTROVERSY,2022-08-03,0.0,0.0,,0.0,0.0,0.0,0.0,0.0,0.0,0.0,0.0,0.0,missing_traffic
NEWJEANS_20220801_COOKIE_CONTROVERSY,2022-08-04,0.0,0.0,,0.0,0.0,0.0,0.0,0.0,0.0,0.0,0.0,0.0,missing_traffic
NEWJEANS_20220801_COOKIE_CONTROVERSY,2022-08-05,0.0,0.0,,0.0,0.0,0.0,0.0,0.0,0.0,0.0,0.0,0.0,missing_traffic
NEWJEANS_20220801_COOKIE_CONTROVERSY,2022-08-06,0.0,0.0,,0.0,0.0,0.0,0.0,0.0,0.0,0.0,0.0,0.0,missing_traffic
NEWJEANS_20220801_COOKIE_CONTROVERSY,2022-08-07,0.0,0.0,,0.0,0.0,0.0,0.0,0.0,0.0,0.0,0.0,0.0,missing_traffic
NEWJEANS_20220801_COOKIE_CONTROVERSY,2022-08-08,0.0,0.0,,0.0,0.0,0.0,0.0,0.0,0.0,0.0,0.0,0.0,missing_traffic
NEWJEANS_20220801_COOKIE_CONTROVERSY,2022-08-09,0.0,0.0,,0.0,0.0,0.0,0.0,0.0,0.0,0.0,0.0,0.0,missing_traffic
NEWJEANS_20220801_COOKIE_CONTROVERSY,2022-08-10,0.0,0.0,,0.0,0.0,0.0,0.0,0.0,0.0,0.0,0.0,0.0,missing_traffic
NEWJEANS_20220801_COOKIE_CONTROVERSY,2022-08-11,0.0,0.0,,0.0,0.0,0.0,0.0,0.0,0.0,0.0,0.0,0.0,missing_traffic
NEWJEANS_20220801_COOKIE_CONTROVERSY,2022-08-12,0.0,0.0,,0.0,0.0,0.0,0.0,0.0,0.0,0.0,0.0,0.0,missing_traffic
NEWJEANS_20220801_COOKIE_CONTROVERSY,2022-08-13,0.0,0.0,,0.0,0.0,0.0,0.0,0.0,0.0,0.0,0.0,0.0,missing_traffic
NEWJEANS_20220801_COOKIE_CONTROVERSY,2022-08-14,0.0,0.0,,0.0,0.0,0.0,0.0,0.0,0.0,0.0,0.0,0.0,missing_traffic
NEWJEANS_20220801_COOKIE_CONTROVERSY,2022-08-15,0.0,0.0,,0.0,0.0,0.0,0.0,0.0,0.0,0.0,0.0,0.0,missing_traffic
NEWJEANS_20230106_OMG_MV_CONTROVERSY,2023-01-06,4.0,0.0,,0.0,0.0,0.0,0.0,0.0,0.0,0.0,4.0,3.6466175636058464e-09,ok
NEWJEANS_20230106_OMG_MV_CONTROVERSY,2023-01-07,2.0,0.0,,0.0,0.0,0.0,0.0,0.0,0.0,0.0,2.0,1.8233087818029232e-09,ok
NEWJEANS_20230106_OMG_MV_CONTROVERSY,2023-01-08,1.0,0.0,,0.0,0.0,0.0,0.0,0.0,0.0,0.0,1.0,9.116543909014616e-10,ok
NEWJEANS_20230106_OMG_MV_CONTROVERSY,2023-01-09,1.0,0.0,,0.0,0.0,0.0,0.0,0.0,0.0,0.0,1.0,9.116543909014616e-10,ok
NEWJEANS_20230106_OMG_MV_CONTROVERSY,2023-01-10,1.0,0.0,,0.0,0.0,0.0,0.0,0.0,0.0,0.0,1.0,9.116543909014616e-10,ok
NEWJEANS_20230106_OMG_MV_CONTROVERSY,2023-01-11,0.0,0.0,,0.0,0.0,0.0,0.0,0.0,0.0,0.0,0.0,0.0,missing_traffic
NEWJEANS_20230106_OMG_MV_CONTROVERSY,2023-01-12,0.0,0.0,,0.0,0.0,0.0,0.0,0.0,0.0,0.0,0.0,0.0,missing_traffic
NEWJEANS_20230106_OMG_MV_CONTROVERSY,2023-01-13,0.0,0.0,,0.0,0.0,0.0,0.0,0.0,0.0,0.0,0.0,0.0,missing_traffic
NEWJEANS_20230106_OMG_MV_CONTROVERSY,2023-01-14,0.0,0.0,,0.0,0.0,0.0,0.0,0.0,0.0,0.0,0.0,0.0,missing_traffic
NEWJEANS_20230106_OMG_MV_CONTROVERSY,2023-01-15,0.0,0.0,,0.0,0.0,0.0,0.0,0.0,0.0,0.0,0.0,0.0,missing_traffic
NEWJEANS_20230106_OMG_MV_CONTROVERSY,2023-01-16,0.0,0.0,,0.0,0.0,0.0,0.0,0.0,0.0,0.0,0.0,0.0,missing_traffic
NEWJEANS_20230106_OMG_MV_CONTROVERSY,2023-01-17,1.0,0.0,,0.0,0.0,0.0,0.0,0.0,0.0,0.0,1.0,9.116543909014616e-10,ok
NEWJEANS_20230106_OMG_MV_CONTROVERSY,2023-01-18,0.0,0.0,,0.0,0.0,0.0,0.0,0.0,0.0,0.0,0.0,0.0,missing_traffic
NEWJEANS_20230106_OMG_MV_CONTROVERSY,2023-01-19,0.0,0.0,,0.0,0.0,0.0,0.0,0.0,0.0,0.0,0.0,0.0,missing_traffic
NEWJEANS_20230106_OMG_MV_CONTROVERSY,2023-01-20,0.0,0.0,,0.0,0.0,0.0,0.0,0.0,0.0,0.0,0.0,0.0,missing_traffic
NEWJEANS_20230707_SUPER_SHY,2023-07-07,0.0,0.0,,0.0,0.0,0.0,0.0,0.0,0.0,0.0,0.0,0.0,missing_traffic
NEWJEANS_20230707_SUPER_SHY,2023-07-08,0.0,0.0,,0.0,0.0,0.0,0.0,0.0,0.0,0.0,0.0,0.0,missing_traffic
NEWJEANS_20230707_SUPER_SHY,2023-07-09,0.0,0.0,,100.0,0.0,0.0,0.0,0.0,0.0,0.0,100.0,9.116543909014616e-08,ok
NEWJEANS_20230707_SUPER_SHY,2023-07-10,0.0,0.0,,0.0,0.0,0.0,0.0,0.0,0.0,0.0,0.0,0.0,missing_traffic
NEWJEANS_20230707_SUPER_SHY,2023-07-11,0.0,0.0,,0.0,0.0,0.0,0.0,0.0,0.0,0.0,0.0,0.0,missing_traffic
NEWJEANS_20230707_SUPER_SHY,2023-07-12,0.0,0.0,,0.0,0.0,0.0,0.0,0.0,0.0,0.0,0.0,0.0,missing_traffic
NEWJEANS_20230707_SUPER_SHY,2023-07-13,0.0,0.0,,0.0,0.0,0.0,0.0,0.0,0.0,0.0,0.0,0.0,missing_traffic
NEWJEANS_20230707_SUPER_SHY,2023-07-14,0.0,0.0,,0.0,0.0,0.0,0.0,0.0,0.0,0.0,0.0,0.0,missing_traffic
NEWJEANS_20230707_SUPER_SHY,2023-07-15,0.0,0.0,,0.0,0.0,0.0,0.0,0.0,0.0,0.0,0.0,0.0,missing_traffic
NEWJEANS_20230707_SUPER_SHY,2023-07-16,0.0,0.0,,69.0,0.0,0.0,0.0,0.0,0.0,0.0,69.0,6.290415297220085e-08,ok
NEWJEANS_20230707_SUPER_SHY,2023-07-17,0.0,0.0,,0.0,0.0,0.0,0.0,0.0,0.0,0.0,0.0,0.0,missing_traffic
NEWJEANS_20230707_SUPER_SHY,2023-07-18,0.0,0.0,,0.0,0.0,0.0,0.0,0.0,0.0,0.0,0.0,0.0,missing_traffic
NEWJEANS_20230707_SUPER_SHY,2023-07-19,0.0,0.0,,0.0,0.0,0.0,0.0,0.0,0.0,0.0,0.0,0.0,missing_traffic
NEWJEANS_20230707_SUPER_SHY,2023-07-20,0.0,0.0,,0.0,0.0,0.0,0.0,0.0,0.0,0.0,0.0,0.0,missing_traffic
NEWJEANS_20230707_SUPER_SHY,2023-07-21,0.0,0.0,,0.0,0.0,0.0,0.0,0.0,0.0,0.0,0.0,0.0,missing_traffic
NEWJEANS_20230721_ETA_IPHONE,2023-07-21,0.0,0.0,,0.0,0.0,0.0,0.0,0.0,0.0,0.0,0.0,0.0,missing_traffic
NEWJEANS_20230721_ETA_IPHONE,2023-07-22,0.0,0.0,,0.0,0.0,0.0,0.0,0.0,0.0,0.0,0.0,0.0,missing_traffic
NEWJEANS_20230721_ETA_IPHONE,2023-07-23,0.0,0.0,,73.0,0.0,0.0,0.0,0.0,0.0,0.0,73.0,6.65507705358067e-08,ok
NEWJEANS_20230721_ETA_IPHONE,2023-07-24,0.0,0.0,,0.0,0.0,0.0,0.0,0.0,0.0,0.0,0.0,0.0,missing_traffic
NEWJEANS_20230721_ETA_IPHONE,2023-07-25,0.0,0.0,,0.0,0.0,0.0,0.0,0.0,0.0,0.0,0.0,0.0,missing_traffic
NEWJEANS_20230721_ETA_IPHONE,2023-07-26,0.0,0.0,,0.0,0.0,0.0,0.0,0.0,0.0,0.0,0.0,0.0,missing_traffic
NEWJEANS_20230721_ETA_IPHONE,2023-07-27,0.0,0.0,,0.0,0.0,0.0,0.0,0.0,0.0,0.0,0.0,0.0,missing_traffic
NEWJEANS_20230721_ETA_IPHONE,2023-07-28,0.0,0.0,,0.0,0.0,0.0,0.0,0.0,0.0,0.0,0.0,0.0,missing_traffic
NEWJEANS_20230721_ETA_IPHONE,2023-07-29,0.0,0.0,,0.0,0.0,0.0,0.0,0.0,0.0,0.0,0.0,0.0,missing_traffic
NEWJEANS_20230721_ETA_IPHONE,2023-07-30,0.0,0.0,,100.0,0.0,0.0,0.0,0.0,0.0,0.0,100.0,9.116543909014616e-08,ok
NEWJEANS_20230721_ETA_IPHONE,2023-07-31,0.0,0.0,,0.0,0.0,0.0,0.0,0.0,0.0,0.0,0.0,0.0,missing_traffic
NEWJEANS_20230721_ETA_IPHONE,2023-08-01,0.0,0.0,,0.0,0.0,0.0,0.0,0.0,0.0,0.0,0.0,0.0,missing_traffic
NEWJEANS_20230721_ETA_IPHONE,2023-08-02,0.0,0.0,,0.0,0.0,0.0,0.0,0.0,0.0,0.0,0.0,0.0,missing_traffic
NEWJEANS_20230721_ETA_IPHONE,2023-08-03,0.0,0.0,,0.0,0.0,0.0,0.0,0.0,0.0,0.0,0.0,0.0,missing_traffic
NEWJEANS_20230721_ETA_IPHONE,2023-08-04,0.0,0.0,,0.0,0.0,0.0,0.0,0.0,0.0,0.0,0.0,0.0,missing_traffic
NEWJEANS_20241010_HANNI_ASSEMBLY_SUMMONS,2024-10-10,0.0,0.0,,0.0,0.0,0.0,0.0,0.0,0.0,0.0,0.0,0.0,missing_traffic
NEWJEANS_20241010_HANNI_ASSEMBLY_SUMMONS,2024-10-11,0.0,0.0,,0.0,0.0,0.0,0.0,0.0,0.0,0.0,0.0,0.0,missing_traffic
NEWJEANS_20241010_HANNI_ASSEMBLY_SUMMONS,2024-10-12,0.0,0.0,,0.0,0.0,0.0,0.0,0.0,0.0,0.0,0.0,0.0,missing_traffic
NEWJEANS_20241010_HANNI_ASSEMBLY_SUMMONS,2024-10-13,0.0,0.0,,0.0,0.0,0.0,0.0,0.0,0.0,0.0,0.0,0.0,missing_traffic
NEWJEANS_20241010_HANNI_ASSEMBLY_SUMMONS,2024-10-14,0.0,0.0,,0.0,0.0,0.0,0.0,0.0,0.0,0.0,0.0,0.0,missing_traffic
NEWJEANS_20241010_HANNI_ASSEMBLY_SUMMONS,2024-10-15,0.0,0.0,,0.0,0.0,0.0,0.0,0.0,0.0,0.0,0.0,0.0,missing_traffic
NEWJEANS_20250321_ADOR_INJUNCTION,2025-03-21,0.0,0.0,,0.0,0.0,0.0,0.0,0.0,0.0,0.0,0.0,0.0,missing_traffic
NEWJEANS_20250321_ADOR_INJUNCTION,2025-03-22,0.0,0.0,,0.0,0.0,0.0,0.0,0.0,0.0,0.0,0.0,0.0,missing_traffic
NEWJEANS_20250321_ADOR_INJUNCTION,2025-03-23,0.0,0.0,,21.0,0.0,0.0,0.0,0.0,0.0,0.0,21.0,1.9144742208930693e-08,ok
NEWJEANS_20250321_ADOR_INJUNCTION,2025-03-24,0.0,0.0,,0.0,0.0,0.0,0.0,0.0,0.0,0.0,0.0,0.0,missing_traffic
NEWJEANS_20250321_ADOR_INJUNCTION,2025-03-25,0.0,0.0,,0.0,0.0,0.0,0.0,0.0,0.0,0.0,0.0,0.0,missing_traffic
NEWJEANS_20250321_ADOR_INJUNCTION,2025-03-26,0.0,0.0,,0.0,0.0,0.0,0.0,0.0,0.0,0.0,0.0,0.0,missing_traffic
NEWJEANS_20250321_ADOR_INJUNCTION,2025-03-27,0.0,0.0,,0.0,0.0,0.0,0.0,0.0,0.0,0.0,0.0,0.0,missing_traffic
NEWJEANS_20250321_ADOR_INJUNCTION,2025-03-28,0.0,0.0,,0.0,0.0,0.0,0.0,0.0,0.0,0.0,0.0,0.0,missing_traffic
NEWJEANS_20240524_HOW_SWEET,2024-05-24,0.0,0.0,,0.0,0.0,0.0,0.0,0.0,0.0,0.0,0.0,0.0,missing_traffic
NEWJEANS_20240524_HOW_SWEET,2024-05-25,0.0,0.0,,0.0,0.0,0.0,0.0,0.0,0.0,0.0,0.0,0.0,missing_traffic
NEWJEANS_20240524_HOW_SWEET,2024-05-26,0.0,0.0,,100.0,0.0,0.0,0.0,0.0,0.0,0.0,100.0,9.116543909014616e-08,ok
NEWJEANS_20240524_HOW_SWEET,2024-05-27,0.0,0.0,,0.0,0.0,0.0,0.0,0.0,0.0,0.0,0.0,0.0,missing_traffic
NEWJEANS_20240524_HOW_SWEET,2024-05-28,0.0,0.0,,0.0,0.0,0.0,0.0,0.0,0.0,0.0,0.0,0.0,missing_traffic
NEWJEANS_20240524_HOW_SWEET,2024-05-29,0.0,0.0,,0.0,0.0,0.0,0.0,0.0,0.0,0.0,0.0,0.0,missing_traffic
NEWJEANS_20240524_HOW_SWEET,2024-05-30,0.0,0.0,,0.0,0.0,0.0,0.0,0.0,0.0,0.0,0.0,0.0,missing_traffic
NEWJEANS_20240524_HOW_SWEET,2024-05-31,0.0,0.0,,0.0,0.0,0.0,0.0,0.0,0.0,0.0,0.0,0.0,missing_traffic
NEWJEANS_20240524_HOW_SWEET,2024-06-01,0.0,0.0,,0.0,0.0,0.0,0.0,0.0,0.0,0.0,0.0,0.0,missing_traffic
NEWJEANS_20240524_HOW_SWEET,2024-06-02,0.0,0.0,,58.0,0.0,0.0,0.0,0.0,0.0,0.0,58.0,5.287595467228478e-08,ok
NEWJEANS_20240524_HOW_SWEET,2024-06-03,0.0,0.0,,0.0,0.0,0.0,0.0,0.0,0.0,0.0,0.0,0.0,missing_traffic
NEWJEANS_20240524_HOW_SWEET,2024-06-04,0.0,0.0,,0.0,0.0,0.0,0.0,0.0,0.0,0.0,0.0,0.0,missing_traffic
NEWJEANS_20240524_HOW_SWEET,2024-06-05,0.0,0.0,,0.0,0.0,0.0,0.0,0.0,0.0,0.0,0.0,0.0,missing_traffic
NEWJEANS_20240524_HOW_SWEET,2024-06-06,0.0,0.0,,0.0,0.0,0.0,0.0,0.0,0.0,0.0,0.0,0.0,missing_traffic
NEWJEANS_20240524_HOW_SWEET,2024-06-07,0.0,0.0,,0.0,0.0,0.0,0.0,0.0,0.0,0.0,0.0,0.0,missing_traffic
NEWJEANS_20250324_NJZ_HIATUS,2025-03-24,0.0,0.0,,0.0,0.0,0.0,0.0,0.0,0.0,0.0,0.0,0.0,missing_traffic
NEWJEANS_20250324_NJZ_HIATUS,2025-03-25,0.0,0.0,,0.0,0.0,0.0,0.0,0.0,0.0,0.0,0.0,0.0,missing_traffic
NEWJEANS_20250324_NJZ_HIATUS,2025-03-26,0.0,0.0,,0.0,0.0,0.0,0.0,0.0,0.0,0.0,0.0,0.0,missing_traffic
NEWJEANS_20250324_NJZ_HIATUS,2025-03-27,0.0,0.0,,0.0,0.0,0.0,0.0,0.0,0.0,0.0,0.0,0.0,missing_traffic
NEWJEANS_20250324_NJZ_HIATUS,2025-03-28,0.0,0.0,,0.0,0.0,0.0,0.0,0.0,0.0,0.0,0.0,0.0,missing_traffic
NEWJEANS_20250324_NJZ_HIATUS,2025-03-29,0.0,0.0,,0.0,0.0,0.0,0.0,0.0,0.0,0.0,0.0,0.0,missing_traffic
NEWJEANS_20250324_NJZ_HIATUS,2025-03-30,0.0,0.0,,0.0,0.0,0.0,0.0,0.0,0.0,0.0,0.0,0.0,missing_traffic
NEWJEANS_20250324_NJZ_HIATUS,2025-03-31,0.0,0.0,,0.0,0.0,0.0,0.0,0.0,0.0,0.0,0.0,0.0,missing_traffic
NEWJEANS_20250324_NJZ_HIATUS,2025-04-01,0.0,0.0,,0.0,0.0,0.0,0.0,0.0,0.0,0.0,0.0,0.0,missing_traffic
NEWJEANS_20250324_NJZ_HIATUS,2025-04-02,0.0,0.0,,0.0,0.0,0.0,0.0,0.0,0.0,0.0,0.0,0.0,missing_traffic
NEWJEANS_20250324_NJZ_HIATUS,2025-04-03,0.0,0.0,,0.0,0.0,0.0,0.0,0.0,0.0,0.0,0.0,0.0,missing_traffic
NEWJEANS_20250324_NJZ_HIATUS,2025-04-04,0.0,0.0,,0.0,0.0,0.0,0.0,0.0,0.0,0.0,0.0,0.0,missing_traffic
NEWJEANS_20250324_NJZ_HIATUS,2025-04-05,0.0,0.0,,0.0,0.0,0.0,0.0,0.0,0.0,0.0,0.0,0.0,missing_traffic
NEWJEANS_20250324_NJZ_HIATUS,2025-04-06,0.0,0.0,,0.0,0.0,0.0,0.0,0.0,0.0,0.0,0.0,0.0,missing_traffic
NEWJEANS_20250324_NJZ_HIATUS,2025-04-07,0.0,0.0,,0.0,0.0,0.0,0.0,0.0,0.0,0.0,0.0,0.0,missing_traffic
NEWJEANS_20241015_HANNI_ASSEMBLY,2024-10-15,0.0,0.0,,0.0,0.0,0.0,0.0,0.0,0.0,0.0,0.0,0.0,missing_traffic
NEWJEANS_20241015_HANNI_ASSEMBLY,2024-10-16,0.0,0.0,,0.0,0.0,0.0,0.0,0.0,0.0,0.0,0.0,0.0,missing_traffic
NEWJEANS_20241015_HANNI_ASSEMBLY,2024-10-17,0.0,0.0,,0.0,0.0,0.0,0.0,0.0,0.0,0.0,0.0,0.0,missing_traffic
NEWJEANS_20241015_HANNI_ASSEMBLY,2024-10-18,0.0,0.0,,0.0,0.0,0.0,0.0,0.0,0.0,0.0,0.0,0.0,missing_traffic
NEWJEANS_20241015_HANNI_ASSEMBLY,2024-10-19,0.0,0.0,,0.0,0.0,0.0,0.0,0.0,0.0,0.0,0.0,0.0,missing_traffic
NEWJEANS_20241015_HANNI_ASSEMBLY,2024-10-20,0.0,0.0,,21.0,0.0,0.0,0.0,0.0,0.0,0.0,21.0,1.9144742208930693e-08,ok
NEWJEANS_20241015_HANNI_ASSEMBLY,2024-10-21,0.0,0.0,,0.0,0.0,0.0,0.0,0.0,0.0,0.0,0.0,0.0,missing_traffic
NEWJEANS_20241015_HANNI_ASSEMBLY,2024-10-22,0.0,0.0,,0.0,0.0,0.0,0.0,0.0,0.0,0.0,0.0,0.0,missing_traffic
LESSERAFIM_20240717_SOURCE_ADOR_LAWSUIT,2024-07-17,0.0,0.0,,0.0,0.0,0.0,0.0,0.0,0.0,0.0,0.0,0.0,missing_traffic
LESSERAFIM_20240717_SOURCE_ADOR_LAWSUIT,2024-07-18,0.0,0.0,,0.0,0.0,0.0,0.0,0.0,0.0,0.0,0.0,0.0,missing_traffic
LESSERAFIM_20240717_SOURCE_ADOR_LAWSUIT,2024-07-19,0.0,0.0,,0.0,0.0,0.0,0.0,0.0,0.0,0.0,0.0,0.0,missing_traffic
LESSERAFIM_20240717_SOURCE_ADOR_LAWSUIT,2024-07-20,0.0,0.0,,0.0,0.0,0.0,0.0,0.0,0.0,0.0,0.0,0.0,missing_traffic
LESSERAFIM_20240717_SOURCE_ADOR_LAWSUIT,2024-07-21,0.0,0.0,,0.0,0.0,0.0,0.0,0.0,0.0,0.0,0.0,0.0,missing_traffic
LESSERAFIM_20240717_SOURCE_ADOR_LAWSUIT,2024-07-22,0.0,0.0,,0.0,0.0,0.0,0.0,0.0,0.0,0.0,0.0,0.0,missing_traffic
LESSERAFIM_20240717_SOURCE_ADOR_LAWSUIT,2024-07-23,0.0,0.0,,0.0,0.0,0.0,0.0,0.0,0.0,0.0,0.0,0.0,missing_traffic
LESSERAFIM_20240717_SOURCE_ADOR_LAWSUIT,2024-07-24,0.0,0.0,,0.0,0.0,0.0,0.0,0.0,0.0,0.0,0.0,0.0,missing_traffic
LESSERAFIM_20240717_SOURCE_ADOR_LAWSUIT,2024-07-25,0.0,0.0,,0.0,0.0,0.0,0.0,0.0,0.0,0.0,0.0,0.0,missing_traffic
LESSERAFIM_20240717_SOURCE_ADOR_LAWSUIT,2024-07-26,0.0,0.0,,0.0,0.0,0.0,0.0,0.0,0.0,0.0,0.0,0.0,missing_traffic
LESSERAFIM_20240717_SOURCE_ADOR_LAWSUIT,2024-07-27,0.0,0.0,,0.0,0.0,0.0,0.0,0.0,0.0,0.0,0.0,0.0,missing_traffic
LESSERAFIM_20240717_SOURCE_ADOR_LAWSUIT,2024-07-28,0.0,0.0,,0.0,0.0,0.0,0.0,0.0,0.0,0.0,0.0,0.0,missing_traffic
LESSERAFIM_20240717_SOURCE_ADOR_LAWSUIT,2024-07-29,0.0,0.0,,0.0,0.0,0.0,0.0,0.0,0.0,0.0,0.0,0.0,missing_traffic
LESSERAFIM_20240717_SOURCE_ADOR_LAWSUIT,2024-07-30,0.0,0.0,,0.0,0.0,0.0,0.0,0.0,0.0,0.0,0.0,0.0,missing_traffic
LESSERAFIM_20240717_SOURCE_ADOR_LAWSUIT,2024-07-31,0.0,0.0,,0.0,0.0,0.0,0.0,0.0,0.0,0.0,0.0,0.0,missing_traffic
LESSERAFIM_20220520_GARAM_HIATUS,2022-05-20,0.0,0.0,,0.0,0.0,0.0,0.0,0.0,0.0,0.0,0.0,0.0,missing_traffic
LESSERAFIM_20220520_GARAM_HIATUS,2022-05-21,0.0,0.0,,0.0,0.0,0.0,0.0,0.0,0.0,0.0,0.0,0.0,missing_traffic
LESSERAFIM_20220520_GARAM_HIATUS,2022-05-22,0.0,0.0,,0.0,0.0,0.0,0.0,0.0,0.0,0.0,0.0,0.0,missing_traffic
LESSERAFIM_20220520_GARAM_HIATUS,2022-05-23,0.0,0.0,,0.0,0.0,0.0,0.0,0.0,0.0,0.0,0.0,0.0,missing_traffic
LESSERAFIM_20220520_GARAM_HIATUS,2022-05-24,0.0,0.0,,0.0,0.0,0.0,0.0,0.0,0.0,0.0,0.0,0.0,missing_traffic
LESSERAFIM_20220520_GARAM_HIATUS,2022-05-25,0.0,0.0,,0.0,0.0,0.0,0.0,0.0,0.0,0.0,0.0,0.0,missing_traffic
LESSERAFIM_20220520_GARAM_HIATUS,2022-05-26,0.0,0.0,,0.0,0.0,0.0,0.0,0.0,0.0,0.0,0.0,0.0,missing_traffic
LESSERAFIM_20220520_GARAM_HIATUS,2022-05-27,0.0,0.0,,0.0,0.0,0.0,0.0,0.0,0.0,0.0,0.0,0.0,missing_traffic
LESSERAFIM_20220520_GARAM_HIATUS,2022-05-28,0.0,0.0,,0.0,0.0,0.0,0.0,0.0,0.0,0.0,0.0,0.0,missing_traffic
LESSERAFIM_20220520_GARAM_HIATUS,2022-05-29,0.0,0.0,,0.0,0.0,0.0,0.0,0.0,0.0,0.0,0.0,0.0,missing_traffic
LESSERAFIM_20220520_GARAM_HIATUS,2022-05-30,0.0,0.0,,0.0,0.0,0.0,0.0,0.0,0.0,0.0,0.0,0.0,missing_traffic
LESSERAFIM_20220520_GARAM_HIATUS,2022-05-31,0.0,0.0,,0.0,0.0,0.0,0.0,0.0,0.0,0.0,0.0,0.0,missing_traffic
LESSERAFIM_20220520_GARAM_HIATUS,2022-06-01,0.0,0.0,,0.0,0.0,0.0,0.0,0.0,0.0,0.0,0.0,0.0,missing_traffic
LESSERAFIM_20220520_GARAM_HIATUS,2022-06-02,0.0,0.0,,0.0,0.0,0.0,0.0,0.0,0.0,0.0,0.0,0.0,missing_traffic
LESSERAFIM_20220520_GARAM_HIATUS,2022-06-03,0.0,0.0,,0.0,0.0,0.0,0.0,0.0,0.0,0.0,0.0,0.0,missing_traffic
LESSERAFIM_20230812_FLAME_RISES,2023-08-12,0.0,0.0,,0.0,0.0,0.0,0.0,0.0,0.0,0.0,0.0,0.0,missing_traffic
LESSERAFIM_20230812_FLAME_RISES,2023-08-13,0.0,0.0,,95.0,0.0,0.0,0.0,0.0,0.0,0.0,95.0,8.660716713563885e-08,ok
LESSERAFIM_20230812_FLAME_RISES,2023-08-14,0.0,0.0,,0.0,0.0,0.0,0.0,0.0,0.0,0.0,0.0,0.0,missing_traffic
LESSERAFIM_20230812_FLAME_RISES,2023-08-15,0.0,0.0,,0.0,0.0,0.0,0.0,0.0,0.0,0.0,0.0,0.0,missing_traffic
LESSERAFIM_20230812_FLAME_RISES,2023-08-16,0.0,0.0,,0.0,0.0,0.0,0.0,0.0,0.0,0.0,0.0,0.0,missing_traffic
LESSERAFIM_20230812_FLAME_RISES,2023-08-17,0.0,0.0,,0.0,0.0,0.0,0.0,0.0,0.0,0.0,0.0,0.0,missing_traffic
LESSERAFIM_20230812_FLAME_RISES,2023-08-18,0.0,0.0,,0.0,0.0,0.0,0.0,0.0,0.0,0.0,0.0,0.0,missing_traffic
LESSERAFIM_20230812_FLAME_RISES,2023-08-19,0.0,0.0,,0.0,0.0,0.0,0.0,0.0,0.0,0.0,0.0,0.0,missing_traffic
LESSERAFIM_20230812_FLAME_RISES,2023-08-20,0.0,0.0,,47.0,0.0,0.0,0.0,0.0,0.0,0.0,47.0,4.2847756372368696e-08,ok
LESSERAFIM_20230812_FLAME_RISES,2023-08-21,0.0,0.0,,0.0,0.0,0.0,0.0,0.0,0.0,0.0,0.0,0.0,missing_traffic
LESSERAFIM_20230812_FLAME_RISES,2023-08-22,0.0,0.0,,0.0,0.0,0.0,0.0,0.0,0.0,0.0,0.0,0.0,missing_traffic
LESSERAFIM_20230812_FLAME_RISES,2023-08-23,0.0,0.0,,0.0,0.0,0.0,0.0,0.0,0.0,0.0,0.0,0.0,missing_traffic
LESSERAFIM_20230812_FLAME_RISES,2023-08-24,0.0,0.0,,0.0,0.0,0.0,0.0,0.0,0.0,0.0,0.0,0.0,missing_traffic
LESSERAFIM_20230812_FLAME_RISES,2023-08-25,0.0,0.0,,0.0,0.0,0.0,0.0,0.0,0.0,0.0,0.0,0.0,missing_traffic
LESSERAFIM_20230812_FLAME_RISES,2023-08-26,0.0,0.0,,0.0,0.0,0.0,0.0,0.0,0.0,0.0,0.0,0.0,missing_traffic
LESSERAFIM_20240829_EUNCHAE_APOLOGY,2024-08-29,1.0,0.0,,0.0,0.0,0.0,0.0,0.0,0.0,0.0,1.0,9.116543909014616e-10,ok
LESSERAFIM_20240829_EUNCHAE_APOLOGY,2024-08-30,0.0,0.0,,0.0,0.0,0.0,0.0,0.0,0.0,0.0,0.0,0.0,missing_traffic
LESSERAFIM_20240829_EUNCHAE_APOLOGY,2024-08-31,0.0,0.0,,0.0,0.0,0.0,0.0,0.0,0.0,0.0,0.0,0.0,missing_traffic
LESSERAFIM_20240829_EUNCHAE_APOLOGY,2024-09-01,0.0,0.0,,0.0,0.0,0.0,0.0,0.0,0.0,0.0,0.0,0.0,missing_traffic
LESSERAFIM_20240829_EUNCHAE_APOLOGY,2024-09-02,0.0,0.0,,0.0,0.0,0.0,0.0,0.0,0.0,0.0,0.0,0.0,missing_traffic
LESSERAFIM_20240829_EUNCHAE_APOLOGY,2024-09-03,0.0,0.0,,0.0,0.0,0.0,0.0,0.0,0.0,0.0,0.0,0.0,missing_traffic
LESSERAFIM_20240829_EUNCHAE_APOLOGY,2024-09-04,0.0,0.0,,0.0,0.0,0.0,0.0,0.0,0.0,0.0,0.0,0.0,missing_traffic
LESSERAFIM_20240829_EUNCHAE_APOLOGY,2024-09-05,0.0,0.0,,0.0,0.0,0.0,0.0,0.0,0.0,0.0,0.0,0.0,missing_traffic
LESSERAFIM_20240219_EASY_RELEASE,2024-02-19,0.0,0.0,,0.0,0.0,0.0,0.0,0.0,0.0,0.0,0.0,0.0,missing_traffic
LESSERAFIM_20240219_EASY_RELEASE,2024-02-20,0.0,0.0,,0.0,0.0,0.0,0.0,0.0,0.0,0.0,0.0,0.0,missing_traffic
LESSERAFIM_20240219_EASY_RELEASE,2024-02-21,0.0,0.0,,0.0,0.0,0.0,0.0,0.0,0.0,0.0,0.0,0.0,missing_traffic
LESSERAFIM_20240219_EASY_RELEASE,2024-02-22,0.0,0.0,,0.0,0.0,0.0,0.0,0.0,0.0,0.0,0.0,0.0,missing_traffic
LESSERAFIM_20240219_EASY_RELEASE,2024-02-23,0.0,0.0,,0.0,0.0,0.0,0.0,0.0,0.0,0.0,0.0,0.0,missing_traffic
LESSERAFIM_20240219_EASY_RELEASE,2024-02-24,0.0,0.0,,0.0,0.0,0.0,0.0,0.0,0.0,0.0,0.0,0.0,missing_traffic
LESSERAFIM_20240219_EASY_RELEASE,2024-02-25,0.0,0.0,,65.0,0.0,0.0,0.0,0.0,0.0,0.0,65.0,5.9257535408595e-08,ok
LESSERAFIM_20240219_EASY_RELEASE,2024-02-26,0.0,0.0,,0.0,0.0,0.0,0.0,0.0,0.0,0.0,0.0,0.0,missing_traffic
LESSERAFIM_20240219_EASY_RELEASE,2024-02-27,0.0,0.0,,0.0,0.0,0.0,0.0,0.0,0.0,0.0,0.0,0.0,missing_traffic
LESSERAFIM_20240219_EASY_RELEASE,2024-02-28,0.0,0.0,,0.0,0.0,0.0,0.0,0.0,0.0,0.0,0.0,0.0,missing_traffic
LESSERAFIM_20240219_EASY_RELEASE,2024-02-29,0.0,0.0,,0.0,0.0,0.0,0.0,0.0,0.0,0.0,0.0,0.0,missing_traffic
LESSERAFIM_20240219_EASY_RELEASE,2024-03-01,0.0,0.0,,0.0,0.0,0.0,0.0,0.0,0.0,0.0,0.0,0.0,missing_traffic
LESSERAFIM_20240219_EASY_RELEASE,2024-03-02,0.0,0.0,,0.0,0.0,0.0,0.0,0.0,0.0,0.0,0.0,0.0,missing_traffic
LESSERAFIM_20240219_EASY_RELEASE,2024-03-03,0.0,0.0,,50.0,0.0,0.0,0.0,0.0,0.0,0.0,50.0,4.558271954507308e-08,ok
LESSERAFIM_20240219_EASY_RELEASE,2024-03-04,0.0,0.0,,0.0,0.0,0.0,0.0,0.0,0.0,0.0,0.0,0.0,missing_traffic
LESSERAFIM_20240403_KAZUHA_DATING,2024-04-03,46.0,0.0,,0.0,0.0,0.0,0.0,0.0,0.0,0.0,46.0,4.1936101981467235e-08,ok
LESSERAFIM_20240403_KAZUHA_DATING,2024-04-04,27.0,0.0,,0.0,0.0,0.0,0.0,0.0,0.0,0.0,27.0,2.4614668554339464e-08,ok
LESSERAFIM_20240403_KAZUHA_DATING,2024-04-05,13.0,0.0,,0.0,0.0,0.0,0.0,0.0,0.0,0.0,13.0,1.1851507081719002e-08,ok
LESSERAFIM_20240403_KAZUHA_DATING,2024-04-06,2.0,0.0,,0.0,0.0,0.0,0.0,0.0,0.0,0.0,2.0,1.8233087818029232e-09,ok
LESSERAFIM_20240403_KAZUHA_DATING,2024-04-07,0.0,0.0,,0.0,0.0,0.0,0.0,0.0,0.0,0.0,0.0,0.0,missing_traffic
LESSERAFIM_20240403_KAZUHA_DATING,2024-04-08,1.0,0.0,,0.0,0.0,0.0,0.0,0.0,0.0,0.0,1.0,9.116543909014616e-10,ok
LESSERAFIM_20240403_KAZUHA_DATING,2024-04-09,0.0,0.0,,0.0,0.0,0.0,0.0,0.0,0.0,0.0,0.0,0.0,missing_traffic
LESSERAFIM_20240403_KAZUHA_DATING,2024-04-10,0.0,0.0,,0.0,0.0,0.0,0.0,0.0,0.0,0.0,0.0,0.0,missing_traffic
LESSERAFIM_20240729_DOCUMENTARY,2024-07-29,7.0,0.0,,0.0,0.0,0.0,0.0,0.0,0.0,0.0,7.0,6.381580736310231e-09,ok
LESSERAFIM_20240729_DOCUMENTARY,2024-07-30,7.0,0.0,,0.0,0.0,0.0,0.0,0.0,0.0,0.0,7.0,6.381580736310231e-09,ok
LESSERAFIM_20240729_DOCUMENTARY,2024-07-31,0.0,0.0,,0.0,0.0,0.0,0.0,0.0,0.0,0.0,0.0,0.0,missing_traffic
LESSERAFIM_20240729_DOCUMENTARY,2024-08-01,0.0,0.0,,0.0,0.0,0.0,0.0,0.0,0.0,0.0,0.0,0.0,missing_traffic
LESSERAFIM_20240729_DOCUMENTARY,2024-08-02,1.0,0.0,,0.0,0.0,0.0,0.0,0.0,0.0,0.0,1.0,9.116543909014616e-10,ok
LESSERAFIM_20240729_DOCUMENTARY,2024-08-03,1.0,0.0,,0.0,0.0,0.0,0.0,0.0,0.0,0.0,1.0,9.116543909014616e-10,ok
LESSERAFIM_20240729_DOCUMENTARY,2024-08-04,0.0,0.0,,0.0,0.0,0.0,0.0,0.0,0.0,0.0,0.0,0.0,missing_traffic
LESSERAFIM_20240729_DOCUMENTARY,2024-08-05,0.0,0.0,,0.0,0.0,0.0,0.0,0.0,0.0,0.0,0.0,0.0,missing_traffic
LESSERAFIM_20240729_DOCUMENTARY,2024-08-06,0.0,0.0,,0.0,0.0,0.0,0.0,0.0,0.0,0.0,0.0,0.0,missing_traffic
LESSERAFIM_20240729_DOCUMENTARY,2024-08-07,0.0,0.0,,0.0,0.0,0.0,0.0,0.0,0.0,0.0,0.0,0.0,missing_traffic
LESSERAFIM_20240729_DOCUMENTARY,2024-08-08,0.0,0.0,,0.0,0.0,0.0,0.0,0.0,0.0,0.0,0.0,0.0,missing_traffic
LESSERAFIM_20240729_DOCUMENTARY,2024-08-09,0.0,0.0,,0.0,0.0,0.0,0.0,0.0,0.0,0.0,0.0,0.0,missing_traffic
LESSERAFIM_20240729_DOCUMENTARY,2024-08-10,0.0,0.0,,0.0,0.0,0.0,0.0,0.0,0.0,0.0,0.0,0.0,missing_traffic
LESSERAFIM_20240729_DOCUMENTARY,2024-08-11,0.0,0.0,,0.0,0.0,0.0,0.0,0.0,0.0,0.0,0.0,0.0,missing_traffic
LESSERAFIM_20240729_DOCUMENTARY,2024-08-12,0.0,0.0,,0.0,0.0,0.0,0.0,0.0,0.0,0.0,0.0,0.0,missing_traffic
LESSERAFIM_20240830_CRAZY,2024-08-30,0.0,0.0,,0.0,0.0,0.0,0.0,0.0,0.0,0.0,0.0,0.0,missing_traffic
LESSERAFIM_20240830_CRAZY,2024-08-31,0.0,0.0,,0.0,0.0,0.0,0.0,0.0,0.0,0.0,0.0,0.0,missing_traffic
LESSERAFIM_20240830_CRAZY,2024-09-01,0.0,0.0,,100.0,0.0,0.0,0.0,0.0,0.0,0.0,100.0,9.116543909014616e-08,ok
LESSERAFIM_20240830_CRAZY,2024-09-02,0.0,0.0,,0.0,0.0,0.0,0.0,0.0,0.0,0.0,0.0,0.0,missing_traffic
LESSERAFIM_20240830_CRAZY,2024-09-03,0.0,0.0,,0.0,0.0,0.0,0.0,0.0,0.0,0.0,0.0,0.0,missing_traffic
LESSERAFIM_20240830_CRAZY,2024-09-04,0.0,0.0,,0.0,0.0,0.0,0.0,0.0,0.0,0.0,0.0,0.0,missing_traffic
LESSERAFIM_20240830_CRAZY,2024-09-05,0.0,0.0,,0.0,0.0,0.0,0.0,0.0,0.0,0.0,0.0,0.0,missing_traffic
LESSERAFIM_20240830_CRAZY,2024-09-06,0.0,0.0,,0.0,0.0,0.0,0.0,0.0,0.0,0.0,0.0,0.0,missing_traffic
LESSERAFIM_20240830_CRAZY,2024-09-07,0.0,0.0,,0.0,0.0,0.0,0.0,0.0,0.0,0.0,0.0,0.0,missing_traffic
LESSERAFIM_20240830_CRAZY,2024-09-08,0.0,0.0,,61.0,0.0,0.0,0.0,0.0,0.0,0.0,61.0,5.561091784498916e-08,ok
LESSERAFIM_20240830_CRAZY,2024-09-09,0.0,0.0,,0.0,0.0,0.0,0.0,0.0,0.0,0.0,0.0,0.0,missing_traffic
LESSERAFIM_20240830_CRAZY,2024-09-10,0.0,0.0,,0.0,0.0,0.0,0.0,0.0,0.0,0.0,0.0,0.0,missing_traffic
LESSERAFIM_20240830_CRAZY,2024-09-11,0.0,0.0,,0.0,0.0,0.0,0.0,0.0,0.0,0.0,0.0,0.0,missing_traffic
LESSERAFIM_20240830_CRAZY,2024-09-12,0.0,0.0,,0.0,0.0,0.0,0.0,0.0,0.0,0.0,0.0,0.0,missing_traffic
LESSERAFIM_20240830_CRAZY,2024-09-13,0.0,0.0,,0.0,0.0,0.0,0.0,0.0,0.0,0.0,0.0,0.0,missing_traffic
LESSERAFIM_20231016_CHAEWON_HEALTH,2023-10-16,0.0,0.0,,0.0,0.0,0.0,0.0,0.0,0.0,0.0,0.0,0.0,missing_traffic
LESSERAFIM_20231016_CHAEWON_HEALTH,2023-10-17,0.0,0.0,,0.0,0.0,0.0,0.0,0.0,0.0,0.0,0.0,0.0,missing_traffic
LESSERAFIM_20231016_CHAEWON_HEALTH,2023-10-18,0.0,0.0,,0.0,0.0,0.0,0.0,0.0,0.0,0.0,0.0,0.0,missing_traffic
LESSERAFIM_20231016_CHAEWON_HEALTH,2023-10-19,0.0,0.0,,0.0,0.0,0.0,0.0,0.0,0.0,0.0,0.0,0.0,missing_traffic
LESSERAFIM_20231016_CHAEWON_HEALTH,2023-10-20,0.0,0.0,,0.0,0.0,0.0,0.0,0.0,0.0,0.0,0.0,0.0,missing_traffic
LESSERAFIM_20231016_CHAEWON_HEALTH,2023-10-21,0.0,0.0,,0.0,0.0,0.0,0.0,0.0,0.0,0.0,0.0,0.0,missing_traffic
LESSERAFIM_20231016_CHAEWON_HEALTH,2023-10-22,0.0,0.0,,0.0,0.0,0.0,0.0,0.0,0.0,0.0,0.0,0.0,missing_traffic
LESSERAFIM_20231016_CHAEWON_HEALTH,2023-10-23,0.0,0.0,,0.0,0.0,0.0,0.0,0.0,0.0,0.0,0.0,0.0,missing_traffic
LESSERAFIM_20231016_CHAEWON_HEALTH,2023-10-24,0.0,0.0,,0.0,0.0,0.0,0.0,0.0,0.0,0.0,0.0,0.0,missing_traffic
LESSERAFIM_20231016_CHAEWON_HEALTH,2023-10-25,0.0,0.0,,0.0,0.0,0.0,0.0,0.0,0.0,0.0,0.0,0.0,missing_traffic
LESSERAFIM_20231016_CHAEWON_HEALTH,2023-10-26,13.0,0.0,,0.0,0.0,0.0,0.0,0.0,0.0,0.0,13.0,1.1851507081719002e-08,ok
LESSERAFIM_20250314_HOT,2025-03-14,0.0,0.0,,0.0,0.0,0.0,0.0,0.0,0.0,0.0,0.0,0.0,missing_traffic
LESSERAFIM_20250314_HOT,2025-03-15,0.0,0.0,,0.0,0.0,0.0,0.0,0.0,0.0,0.0,0.0,0.0,missing_traffic
LESSERAFIM_20250314_HOT,2025-03-16,0.0,0.0,,100.0,0.0,0.0,0.0,0.0,0.0,0.0,100.0,9.116543909014616e-08,ok
LESSERAFIM_20250314_HOT,2025-03-17,0.0,0.0,,0.0,0.0,0.0,0.0,0.0,0.0,0.0,0.0,0.0,missing_traffic
LESSERAFIM_20250314_HOT,2025-03-18,0.0,0.0,,0.0,0.0,0.0,0.0,0.0,0.0,0.0,0.0,0.0,missing_traffic
LESSERAFIM_20250314_HOT,2025-03-19,0.0,0.0,,0.0,0.0,0.0,0.0,0.0,0.0,0.0,0.0,0.0,missing_traffic
LESSERAFIM_20250314_HOT,2025-03-20,0.0,0.0,,0.0,0.0,0.0,0.0,0.0,0.0,0.0,0.0,0.0,missing_traffic
LESSERAFIM_20250314_HOT,2025-03-21,0.0,0.0,,0.0,0.0,0.0,0.0,0.0,0.0,0.0,0.0,0.0,missing_traffic
LESSERAFIM_20250314_HOT,2025-03-22,0.0,0.0,,0.0,0.0,0.0,0.0,0.0,0.0,0.0,0.0,0.0,missing_traffic
LESSERAFIM_20250314_HOT,2025-03-23,0.0,0.0,,56.0,0.0,0.0,0.0,0.0,0.0,0.0,56.0,5.105264589048185e-08,ok
LESSERAFIM_20250314_HOT,2025-03-24,0.0,0.0,,0.0,0.0,0.0,0.0,0.0,0.0,0.0,0.0,0.0,missing_traffic
LESSERAFIM_20250314_HOT,2025-03-25,0.0,0.0,,0.0,0.0,0.0,0.0,0.0,0.0,0.0,0.0,0.0,missing_traffic
LESSERAFIM_20250314_HOT,2025-03-26,0.0,0.0,,0.0,0.0,0.0,0.0,0.0,0.0,0.0,0.0,0.0,missing_traffic
LESSERAFIM_20250314_HOT,2025-03-27,0.0,0.0,,0.0,0.0,0.0,0.0,0.0,0.0,0.0,0.0,0.0,missing_traffic
LESSERAFIM_20250314_HOT,2025-03-28,0.0,0.0,,0.0,0.0,0.0,0.0,0.0,0.0,0.0,0.0,0.0,missing_traffic
