event_id,company,ticker,group,member,event_category,event_subtype,event_title_en,event_title_zh,event_title_ko,start_date,peak_date,end_date,duration_days,event_window_before_days,event_window_after_days,sentiment_expected,severity_score,source_level,official_source_url,naver_source_url,notes,collector,status,event0_date,AR_0,CAR_m1_p1,CAR_0_p1,CAR_0_p3,CAR_0_p5,CAR_m5_p5,CAR_m10_p10,event_type_final,market_cap,revenue,company_scale_weight,youtube_channel_subscribers,youtube_channel_views,youtube_channel_videos,instagram_followers,spotify_monthly_listeners,fanbase_weight,log_market_cap,log_revenue,log_youtube_channel_subscribers,log_youtube_channel_views,log_youtube_channel_videos,log_instagram_followers,log_spotify_monthly_listeners
TWICE_20210609_ALCOHOL_FREE,JYP,035900.KQ,TWICE,,comeback,title_track_release,TWICE Alcohol-Free and Taste of Love comeback,TWICE Alcohol-Free 與 Taste of Love 回歸,트와이스 Alcohol-Free 컴백,2021-05-31,2021-06-09,2021-06-18,19,3,14,positive,3.0,B_korean_news,https://koreajoongangdaily.joins.com/2021/05/31/entertainment/kpop/Twice-AlcoholFree-Taste-of-Love/20210531135500713.html,https://search.naver.com/search.naver?where=news&query=트와이스%20Alcohol-Free,Lead track announced for June 9 and album rollout created measurable comeback traffic,Paul,complete,2021-05-31,0.012257758468622062,-0.010498227088899402,0.013975233966901096,-0.01978657543004287,-0.004241552231033735,-0.003396979031991836,-0.035221048394801426,positive_comeback,1898524311552,821854666752,-0.4688088931621585,19300000,9196877980,2492,29900000,15938354,-0.0040791089780716,28.272098022200222,27.434829411934103,16.775615705688583,22.9421299135179,7.821242083523558,17.21336907180573,16.58423902650279
TWICE_20211001_THE_FEELS,JYP,035900.KQ,TWICE,,comeback,english_single_release,TWICE releases first English single The Feels,TWICE 發布首支英文單曲 The Feels,트와이스 첫 영어 싱글 The Feels 발매,2021-10-01,2021-10-01,2021-10-11,11,3,14,positive,4.0,A_official,https://www.youtube.com/watch?v=f5_wn8mexmM,https://search.naver.com/search.naver?where=news&query=트와이스%20The%20Feels,First English single and US promotion window,Paul,complete,2021-10-01,-0.029083195453675933,-0.04441861782918673,-0.03736403157594276,-0.03597796915309762,-0.03507320722304375,-0.07300698009400665,-0.09046688212488155,positive_comeback,1898524311552,821854666752,-0.4688088931621585,19300000,9196877980,2492,29900000,15938354,-0.0040791089780716,28.272098022200222,27.434829411934103,16.775615705688583,22.9421299135179,7.821242083523558,17.21336907180573,16.58423902650279
TWICE_20220712_CONTRACT_RENEWAL,JYP,035900.KQ,TWICE,,contract_member,group_contract_renewal,All TWICE members renew contracts with JYP,TWICE 全員與 JYP 續約,트와이스 전원 JYP 재계약,2022-07-12,2022-07-12,2022-07-19,8,3,14,positive,5.0,B_korean_news,https://en.yna.co.kr/view/AEN20220712004800315,https://search.naver.com/search.naver?where=news&query=트와이스%20재계약,Major company risk event because full group renewal reduced disbandment uncertainty,Paul,complete,2022-07-12,-0.0055893764776647325,0.026735653357628234,0.021478688231266835,0.011374342476256166,0.028627703894446865,0.0026806145354289386,-0.04257093014891831,positive_resolution,1898524311552,821854666752,-0.4688088931621585,19300000,9196877980,2492,29900000,15938354,-0.0040791089780716,28.272098022200222,27.434829411934103,16.775615705688583,22.9421299135179,7.821242083523558,17.21336907180573,16.58423902650279
TWICE_20230221_READY_TO_BE_TOUR,JYP,035900.KQ,TWICE,,concert,world_tour_announcement,TWICE announces Ready To Be world tour,TWICE 公布 Ready To Be 世界巡演,트와이스 Ready To Be 월드투어 발표,2023-02-21,2023-02-21,2023-03-03,11,3,14,positive,4.0,C_platform_data,https://www.upi.com/Entertainment_News/Music/2023/02/21/korea-Twice-Ready-to-Be-world-tour/4881677002969/,https://search.naver.com/search.naver?where=news&query=트와이스%20Ready%20To%20Be%20월드투어,Concert announcement suitable for event traffic and company revenue expectation,Paul,complete,2023-02-21,-0.018215927353354634,0.04697602413622154,0.01539634165597457,0.030273057063106575,0.014918757933819655,0.011602434676764358,-0.11089218368614026,positive_concert,1898524311552,821854666752,-0.4688088931621585,19300000,9196877980,2492,29900000,15938354,-0.0040791089780716,28.272098022200222,27.434829411934103,16.775615705688583,22.9421299135179,7.821242083523558,17.21336907180573,16.58423902650279
TWICE_20230424_METLIFE_SOLDOUT,JYP,035900.KQ,TWICE,,concert,stadium_sold_out,TWICE sells out MetLife Stadium concert,TWICE MetLife Stadium 演唱會完售,트와이스 메트라이프 스타디움 매진,2023-04-24,2023-04-24,2023-05-01,8,3,14,positive,4.0,B_korean_news,https://koreajoongangdaily.joins.com/2023/04/24/entertainment/kpop/Korea-Kpop-JYP/20230424175850970.html,https://search.naver.com/search.naver?where=news&query=트와이스%20메트라이프%20매진,"Concert demand and ticket sold-out event, better fit than chart-achievement row",Paul,complete,2023-04-24,-0.026016017901041133,-0.002093647825131467,-0.019497244763273434,-0.025121751831941035,-0.019846977863312097,0.038761294505311836,0.05241824635679897,positive_concert,1898524311552,821854666752,-0.4688088931621585,19300000,9196877980,2492,29900000,15938354,-0.0040791089780716,28.272098022200222,27.434829411934103,16.775615705688583,22.9421299135179,7.821242083523558,17.21336907180573,16.58423902650279
AESPA_20210517_NEXT_LEVEL,SM,041510.KQ,aespa,,comeback,single_release,aespa releases Next Level,aespa 發布 Next Level,에스파 Next Level 발매,2021-05-06,2021-05-17,2021-05-31,26,3,14,positive,4.0,B_korean_news,https://koreajoongangdaily.joins.com/2021/05/06/entertainment/kpop/aespa-Next-Level-May-17/20210506145900393.html,https://search.naver.com/search.naver?where=news&query=에스파%20Next%20Level,Signature single and early breakout event,Paul,complete,2021-05-06,0.008411028717437534,0.027055097714374435,0.039795217921994835,0.023752984596753308,-0.003947193461538764,0.028035084210455006,0.20957761687176177,positive_comeback,1843022528512,1174934781952,-0.4844129619534137,8400000,5974575113,1656,16400000,10507721,-0.4496562588899599,28.242428018368436,27.792233757263375,15.943742382861155,22.51077882160789,7.4127640174265625,16.612791953770035,16.1676209734041
AESPA_20220423_COACHELLA,SM,041510.KQ,aespa,,activity,festival_performance,aespa performs at Coachella 2022,aespa 登上 Coachella 2022,aespa 코첼라 2022 공연,2022-04-19,2022-04-23,2022-04-30,12,3,14,positive,4.0,C_platform_data,https://time.com/6174945/aespa-2/,https://search.naver.com/search.naver?where=news&query=에스파%20코첼라%202022,Global festival exposure with high media value,Paul,complete,2022-04-19,0.007981075542531635,0.008133006175160773,0.008850942599796671,0.0072049453997281715,-0.021685176836230828,-0.012634636428674156,-0.03727487029129265,positive_activity,1843022528512,1174934781952,-0.4844129619534137,8400000,5974575113,1656,16400000,10507721,-0.4496562588899599,28.242428018368436,27.792233757263375,15.943742382861155,22.51077882160789,7.4127640174265625,16.612791953770035,16.1676209734041
AESPA_20230607_GISELLE_HEALTH,SM,041510.KQ,aespa,Giselle,PR_crisis,health_hiatus,Giselle pauses activities for health reasons,Giselle 因健康因素暫停活動,지젤 건강 문제 활동 중단,2023-06-07,2023-06-07,2023-06-21,15,3,14,negative,3.0,C_platform_data,https://www.soompi.com/article/1592167wpp/aespas-giselle-to-sit-out-upcoming-u-s-activities-due-to-health,https://search.naver.com/search.naver?where=news&query=에스파%20지젤%20건강%20활동중단,Health-related absence during overseas activity period,Paul,complete,2023-06-07,0.04344560109599257,0.05682633057443973,0.0541996053002377,0.01628314698052974,0.11598152007285105,0.05036732679249884,0.07767554745218234,negative_PR_crisis,1843022528512,1174934781952,-0.4844129619534137,8400000,5974575113,1656,16400000,10507721,-0.4496562588899599,28.242428018368436,27.792233757263375,15.943742382861155,22.51077882160789,7.4127640174265625,16.612791953770035,16.1676209734041
AESPA_20240227_KARINA_DATING_BREAKUP,SM,041510.KQ,aespa,Karina,dating,confirmed_and_breakup,Karina and Lee Jae-wook dating news and breakup,Karina 與李宰旭戀愛公開後分手,카리나 이재욱 열애 결별,2024-02-27,2024-03-05,2024-04-02,36,3,14,mixed,4.0,B_korean_news,https://en.yna.co.kr/view/AEN20240402006500315,https://search.naver.com/search.naver?where=news&query=카리나%20이재욱%20열애%20결별,High discussion dating event with agency confirmation and breakup coverage,Paul,complete,2024-02-27,0.012376520629924635,0.025655239128826536,0.022920973970479333,-0.00324003480379826,-0.008473896071257696,-0.00765789592132067,0.039945425285513536,dating,1843022528512,1174934781952,-0.4844129619534137,8400000,5974575113,1656,16400000,10507721,-0.4496562588899599,28.242428018368436,27.792233757263375,15.943742382861155,22.51077882160789,7.4127640174265625,16.612791953770035,16.1676209734041
AESPA_20240527_ARMAGEDDON,SM,041510.KQ,aespa,,comeback,first_full_album,aespa releases first full album Armageddon,aespa 發布首張正規專輯 Armageddon,에스파 첫 정규앨범 Armageddon 발매,2024-04-22,2024-05-27,2024-06-02,42,3,14,positive,5.0,B_korean_news,https://en.yna.co.kr/view/AEN20240527007200315,https://search.naver.com/search.naver?where=news&query=에스파%20Armageddon%20정규앨범,First full album and Supernova Armageddon promotion cycle,Paul,complete,2024-04-22,0.058935996538990905,0.1373429333349355,0.11822430025459976,0.08843120003807811,0.06684999303097597,0.07864660090194789,0.052933867146641944,positive_comeback,1843022528512,1174934781952,-0.4844129619534137,8400000,5974575113,1656,16400000,10507721,-0.4496562588899599,28.242428018368436,27.792233757263375,15.943742382861155,22.51077882160789,7.4127640174265625,16.612791953770035,16.1676209734041
BLACKPINK_20220819_PINK_VENOM,YG,122870.KQ,BLACKPINK,,comeback,pre_release_single,BLACKPINK releases Pink Venom,BLACKPINK 發布 Pink Venom,블랙핑크 Pink Venom 발매,2022-08-19,2022-08-19,2022-08-26,8,3,14,positive,4.0,C_platform_data,https://time.com/6207305/blackpink-born-pink-album/,https://search.naver.com/search.naver?where=news&query=블랙핑크%20Pink%20Venom,Pre-release single for Born Pink generated large global attention,Paul,complete,2022-08-19,-0.0327548144721275,-0.006149920007673931,-0.0062327938415915295,-0.007413617086862535,0.023127889255351995,0.046185721765932664,0.05546093151477344,positive_comeback,839246217216,545404256256,-0.766620014674711,101000000,42179904251,666,57900000,22011126,1.8157964173081156,27.455769965458895,27.024793111245675,18.430631084706523,24.46520974200869,6.502790045915623,17.87422795981438,16.907058656189946
BLACKPINK_20220916_BORN_PINK,YG,122870.KQ,BLACKPINK,,comeback,album_release,BLACKPINK releases Born Pink,BLACKPINK 發布 Born Pink 專輯,블랙핑크 Born Pink 발매,2022-09-16,2022-09-16,2022-09-25,10,3,14,positive,5.0,C_platform_data,https://time.com/6214390/blackpink-born-pink-analysis/,https://search.naver.com/search.naver?where=news&query=블랙핑크%20Born%20Pink%20발매,Major group album comeback after long gap,Paul,complete,2022-09-16,-0.0343890352926247,-0.0651422656818896,-0.0427145055581751,-0.0879279081423855,-0.0884765396073766,-0.16108272472333138,-0.15111887771286592,positive_comeback,839246217216,545404256256,-0.766620014674711,101000000,42179904251,666,57900000,22011126,1.8157964173081156,27.455769965458895,27.024793111245675,18.430631084706523,24.46520974200869,6.502790045915623,17.87422795981438,16.907058656189946
BLACKPINK_20230110_COACHELLA_HEADLINER,YG,122870.KQ,BLACKPINK,,concert,festival_headliner_announcement,BLACKPINK announced as Coachella 2023 headliner,BLACKPINK 成為 Coachella 2023 Headliner,블랙핑크 코첼라 2023 헤드라이너,2023-01-10,2023-04-15,2023-04-22,103,3,14,positive,5.0,C_platform_data,https://apnews.com/article/f9bc30abc325a83f4b968ff546ba3237,https://search.naver.com/search.naver?where=news&query=블랙핑크%20코첼라%20헤드라이너,Recategorized from achievement to concert because this is a festival headliner booking event,Paul,complete,2023-01-10,-0.014548388531314967,-0.07337662906716647,-0.022302936702565265,0.0155075359335043,0.0005618323171805327,0.010415528996725258,0.05161191992037645,positive_concert,839246217216,545404256256,-0.766620014674711,101000000,42179904251,666,57900000,22011126,1.8157964173081156,27.455769965458895,27.024793111245675,18.430631084706523,24.46520974200869,6.502790045915623,17.87422795981438,16.907058656189946
BLACKPINK_20231206_GROUP_CONTRACT_RENEWAL,YG,122870.KQ,BLACKPINK,,contract_member,group_contract_renewal,BLACKPINK renews group contract with YG,BLACKPINK 與 YG 續簽團體活動合約,블랙핑크 YG 그룹 활동 재계약,2023-12-06,2023-12-06,2023-12-13,8,3,14,positive,5.0,B_korean_news,https://en.yna.co.kr/view/AEN20231206002200315,https://search.naver.com/search.naver?where=news&query=블랙핑크%20재계약,High market relevance because contract uncertainty was resolved for group activities,Paul,complete,2023-12-06,0.2040375436794067,0.1639960330630679,0.18424718918797625,0.12829314130769695,0.06691130302304199,-0.004622752148595928,-0.05174394175365135,positive_resolution,839246217216,545404256256,-0.766620014674711,101000000,42179904251,666,57900000,22011126,1.8157964173081156,27.455769965458895,27.024793111245675,18.430631084706523,24.46520974200869,6.502790045915623,17.87422795981438,16.907058656189946
BLACKPINK_20231229_INDIVIDUAL_CONTRACTS,YG,122870.KQ,BLACKPINK,,contract_member,individual_contracts_not_renewed,BLACKPINK members do not renew individual contracts with YG,BLACKPINK 成員個人合約不與 YG 續約,블랙핑크 개인 계약 YG 미체결,2023-12-29,2023-12-29,2024-01-05,8,3,14,mixed,4.0,D_secondary,https://www.koreaboo.com/news/yg-entertainment-confirms-4-blackpink-members-not-renew-contracts-individual-activities/,https://search.naver.com/search.naver?where=news&query=블랙핑크%20개인%20계약%20YG,Important follow-up to group renewal because solo activities moved outside YG,Paul,needs_review,2024-01-02,-0.08190786107213627,-0.08174201902395747,-0.08680949893393916,-0.14866517063856088,-0.1621248270306713,-0.21301568458890704,-0.1551270326640516,artist_transition,839246217216,545404256256,-0.766620014674711,101000000,42179904251,666,57900000,22011126,1.8157964173081156,27.455769965458895,27.024793111245675,18.430631084706523,24.46520974200869,6.502790045915623,17.87422795981438,16.907058656189946
NEWJEANS_20220722_ATTENTION_DEBUT,HYBE,352820.KS,NewJeans,,comeback,debut_release,NewJeans surprise debuts with Attention,NewJeans 以 Attention 驚喜出道,뉴진스 Attention 데뷔,2022-07-22,2022-07-22,2022-08-01,11,3,14,positive,5.0,C_platform_data,https://www.gmanetwork.com/news/lifestyle/hobbiesandactivities/839021/hybe-s-new-girl-group-newjeans-debuts-with-single-attention/story/,https://search.naver.com/search.naver?where=news&query=뉴진스%20Attention%20데뷔,Debut event for HYBE ADOR girl group,Paul,complete,2022-07-22,0.0724428758326978,0.1231850359934923,0.10062436294647867,0.09269036183336245,0.12703872554553822,0.07141509647928596,-0.0001897096099718193,positive_comeback,9683290030080,2649870303232,1.7198418697902833,8380000,5141188457,752,11900000,13711554,-0.4343159405749608,29.9014228386118,28.605531812552744,15.941358591790001,22.360550107196563,6.6240652277998935,16.29204904211537,16.433749465967523
NEWJEANS_20221219_DITTO,HYBE,352820.KS,NewJeans,,comeback,pre_release_single,NewJeans releases Ditto,NewJeans 發布 Ditto,뉴진스 Ditto 발매,2022-12-19,2022-12-19,2023-01-13,26,3,14,positive,4.0,C_platform_data,https://en.wikipedia.org/wiki/Ditto_(song),https://search.naver.com/search.naver?where=news&query=뉴진스%20Ditto%20발매,Major winter single and chart discussion event,Paul,needs_review,2022-12-19,-0.01854676207676953,0.015777472963259938,-0.009984464312242258,0.02571305333727511,0.028195093673209777,0.07937533263607774,0.12123133970048001,positive_comeback,9683290030080,2649870303232,1.7198418697902833,8380000,5141188457,752,11900000,13711554,-0.4343159405749608,29.9014228386118,28.605531812552744,15.941358591790001,22.360550107196563,6.6240652277998935,16.29204904211537,16.433749465967523
NEWJEANS_20240411_HYEIN_INJURY,HYBE,352820.KS,NewJeans,Hyein,PR_crisis,injury_hiatus,Hyein halts activities due to foot injury,Hyein 因腳部受傷暫停活動,혜인 발 부상 활동 중단,2024-04-11,2024-04-11,2024-04-25,15,3,14,negative,3.0,B_korean_news,https://en.yna.co.kr/view/AEN20240411003900315,https://search.naver.com/search.naver?where=news&query=뉴진스%20혜인%20부상%20활동중단,Member injury and activity pause before comeback promotions,Paul,complete,2024-04-11,0.007721354690496833,0.014190100052599436,-0.0034702589183041657,0.05997184620835203,0.0673983469121796,0.07870314138122277,0.08268317424186455,negative_PR_crisis,9683290030080,2649870303232,1.7198418697902833,8380000,5141188457,752,11900000,13711554,-0.4343159405749608,29.9014228386118,28.605531812552744,15.941358591790001,22.360550107196563,6.6240652277998935,16.29204904211537,16.433749465967523
NEWJEANS_20240422_HYBE_ADOR_DISPUTE,HYBE,352820.KS,NewJeans,,contract_member,management_contract_dispute,HYBE and ADOR dispute involving NewJeans begins,HYBE 與 ADOR 爭議波及 NewJeans,하이브 어도어 뉴진스 분쟁,2024-04-22,2024-04-25,2024-05-31,40,3,14,negative,5.0,B_korean_news,https://koreajoongangdaily.joins.com/news/2024-04-26/business/industry/NewJeans-debut-was-postponed-because-of-Min-Heejins-ambitions-HYBE-says/2034718,https://search.naver.com/search.naver?where=news&query=하이브%20어도어%20뉴진스%20분쟁,Recategorized from legal_dispute to contract_member to match the project factor list,Paul,complete,2024-04-22,-0.10493792788188937,-0.1440197214633549,-0.13976713508123464,-0.09611986438874937,-0.12646018706069723,-0.05984416761233374,-0.10842342955427353,negative_contract_crisis,9683290030080,2649870303232,1.7198418697902833,8380000,5141188457,752,11900000,13711554,-0.4343159405749608,29.9014228386118,28.605531812552744,15.941358591790001,22.360550107196563,6.6240652277998935,16.29204904211537,16.433749465967523
NEWJEANS_20241128_CONTRACT_TERMINATION,HYBE,352820.KS,NewJeans,,contract_member,contract_termination_press_conference,NewJeans announces contract termination with ADOR,NewJeans 宣布終止與 ADOR 合約,뉴진스 어도어 전속계약 해지 발표,2024-11-28,2024-11-28,2024-12-05,8,3,14,negative,5.0,B_korean_news,https://koreajoongangdaily.joins.com/news/2024-11-28/business/industry/NewJeans-members-to-terminate-contract-with-ADOR/2188944,https://search.naver.com/search.naver?where=news&query=뉴진스%20어도어%20전속계약%20해지,Major contract and company risk event,Paul,complete,2024-11-28,-0.015111453301938794,-0.1070514832399841,-0.07630996718757033,-0.0442347593017095,-0.0418207419045387,-0.14989069381652115,-0.14517739164903673,negative_contract_crisis,9683290030080,2649870303232,1.7198418697902833,8380000,5141188457,752,11900000,13711554,-0.4343159405749608,29.9014228386118,28.605531812552744,15.941358591790001,22.360550107196563,6.6240652277998935,16.29204904211537,16.433749465967523
LESSERAFIM_20220502_FEARLESS_DEBUT,HYBE,352820.KS,LE SSERAFIM,,comeback,debut_release,LE SSERAFIM debuts with Fearless,LE SSERAFIM 以 Fearless 出道,르세라핌 Fearless 데뷔,2022-05-02,2022-05-02,2022-05-09,8,3,14,positive,5.0,C_platform_data,https://time.com/6184416/best-kpop-2022-so-far/,https://search.naver.com/search.naver?where=news&query=르세라핌%20Fearless%20데뷔,HYBE Source Music girl group debut,Paul,complete,2022-05-02,0.012204082295911165,-0.033326610340440835,0.0004358712285861682,-0.039041832850591596,-0.040120285790776256,-0.05989901130950373,-0.18367366958096068,positive_comeback,9683290030080,2649870303232,1.7198418697902833,7400000,5978920012,2940,10400000,15833776,-0.3858903347052784,29.9014228386118,28.605531812552744,15.816990693309524,22.511505788766062,7.9865049385539955,16.15731646026544,16.57765600099681
LESSERAFIM_20220720_GARAM_TERMINATION,HYBE,352820.KS,LE SSERAFIM,Kim Garam,PR_crisis,bullying_contract_termination,Kim Garam leaves LE SSERAFIM after bullying controversy,金佳覽因霸凌爭議離開 LE SSERAFIM,김가람 르세라핌 탈퇴 계약해지,2022-07-20,2022-07-20,2022-07-27,8,3,14,negative,5.0,B_korean_news,https://koreajoongangdaily.joins.com/2022/07/20/entertainment/kpop/kim-garam-kim-garam-bully-hybe/20220720112744184.html,https://search.naver.com/search.naver?where=news&query=김가람%20르세라핌%20계약해지,Major PR crisis and member removal event,Paul,complete,2022-07-20,-0.005901161382087134,-0.0056874186765484,0.016659511664926498,0.11728387461140516,0.10934987349828894,0.030260688452116952,-0.014079286622085192,negative_PR_crisis,9683290030080,2649870303232,1.7198418697902833,7400000,5978920012,2940,10400000,15833776,-0.3858903347052784,29.9014228386118,28.605531812552744,15.816990693309524,22.511505788766062,7.9865049385539955,16.15731646026544,16.57765600099681
LESSERAFIM_20221017_ANTIFRAGILE,HYBE,352820.KS,LE SSERAFIM,,comeback,first_ot5_comeback,LE SSERAFIM releases Antifragile,LE SSERAFIM 發布 Antifragile,르세라핌 Antifragile 발매,2022-10-17,2022-10-17,2022-10-31,15,3,14,positive,4.0,C_platform_data,https://www.teenvogue.com/story/le-sserafim-antifragile-ep-explores-hardships-growth,https://search.naver.com/search.naver?where=news&query=르세라핌%20Antifragile%20발매,First comeback as five members after controversy,Paul,complete,2022-10-17,-0.027947066247958667,0.030672385707664167,0.020202394046213996,0.013962903980180828,-0.0031337044768742044,-0.11191187897043302,-0.072168031877452,positive_comeback,9683290030080,2649870303232,1.7198418697902833,7400000,5978920012,2940,10400000,15833776,-0.3858903347052784,29.9014228386118,28.605531812552744,15.816990693309524,22.511505788766062,7.9865049385539955,16.15731646026544,16.57765600099681
LESSERAFIM_20240219_SMART_MINOR_CONTROVERSY,HYBE,352820.KS,LE SSERAFIM,Eunchae,PR_crisis,minor_choreography_controversy,Smart choreography receives criticism over minor member concept,Smart 編舞因未成年成員概念引發批評,르세라핌 Smart 미성년자 안무 논란,2024-02-19,2024-02-20,2024-03-04,15,3,14,negative,4.0,C_platform_data,https://www.sportskeeda.com/pop-culture/news-a-minor-exploited-hybe-receives-criticism-le-sserafim-s-alleged-sensual-dance-choreography-smart-new-ep-easy,https://search.naver.com/search.naver?where=news&query=르세라핌%20Smart%20은채%20논란,PR discussion around choreography and minor-member image; mark as reviewable secondary source,Paul,needs_review,2024-02-19,-0.021327688907786434,-0.05563286100256643,-0.016861857515341968,0.04583776059018853,0.049173777755517,0.05564557634001929,0.006162074623505761,negative_PR_crisis,9683290030080,2649870303232,1.7198418697902833,7400000,5978920012,2940,10400000,15833776,-0.3858903347052784,29.9014228386118,28.605531812552744,15.816990693309524,22.511505788766062,7.9865049385539955,16.15731646026544,16.57765600099681
LESSERAFIM_20240413_COACHELLA_CRITICISM,HYBE,352820.KS,LE SSERAFIM,,PR_crisis,live_vocal_criticism,LE SSERAFIM Coachella performance receives mixed reviews,LE SSERAFIM Coachella 表演引發唱功爭議,르세라핌 코첼라 라이브 논란,2024-04-13,2024-04-15,2024-04-20,8,3,14,negative,4.0,B_korean_news,https://koreajoongangdaily.joins.com/news/2024-04-15/entertainment/kpop/Le-Sserafim-debuts-at-Coachella-to-mixed-reviews/2025545,https://search.naver.com/search.naver?where=news&query=르세라핌%20코첼라%20라이브%20논란,Live vocal controversy produced strong negative discussion,Paul,complete,2024-04-15,0.014276540556184667,0.0522504915178552,0.0634421051266562,0.07086860583048377,-0.03832190843352587,-0.042355038016965094,-0.04586185136427054,negative_PR_crisis,9683290030080,2649870303232,1.7198418697902833,7400000,5978920012,2940,10400000,15833776,-0.3858903347052784,29.9014228386118,28.605531812552744,15.816990693309524,22.511505788766062,7.9865049385539955,16.15731646026544,16.57765600099681
TWICE_20210818_JEONGYEON_HIATUS,JYP,035900.KQ,TWICE,Jeongyeon,PR_crisis,health_hiatus,Jeongyeon takes hiatus due to panic and anxiety disorder,定延因恐慌與焦慮暫停活動,정연 공황 및 불안장애 활동 중단,2021-08-18,2021-08-18,2021-09-01,15,3,14,negative,3.0,B_korean_news,https://www.nme.com/news/music/twice-jeongyeon-second-hiatus-panic-anxiety-disorder-jyp-entertainment-3022785,https://search.naver.com/search.naver?where=news&query=트와이스%20정연%20활동중단%20불안장애,Health-related hiatus affected group activity discussion and fan concern,Paul,complete,2021-08-18,-0.05184273591629961,-0.07210940326445071,-0.07209722217494215,-0.06411102357855084,-0.028290378064693273,-0.018614756075953007,-0.019947095315193678,negative_PR_crisis,1898524311552,821854666752,-0.4688088931621585,19300000,9196877980,2492,29900000,15938354,-0.0040791089780716,28.272098022200222,27.434829411934103,16.775615705688583,22.9421299135179,7.821242083523558,17.21336907180573,16.58423902650279
TWICE_20220624_NAYEON_POP,JYP,035900.KQ,TWICE,Nayeon,activity,solo_debut,Nayeon makes solo debut with Pop,Nayeon 以 Pop 個人出道,나연 Pop 솔로 데뷔,2022-06-24,2022-06-24,2022-07-08,15,3,14,positive,4.0,B_korean_news,,https://search.naver.com/search.naver?where=news&query=나연%20Pop%20솔로%20데뷔,TWICE member solo debut with strong fanbase signal,Paul,complete,2022-06-24,0.019010736715871696,-0.0028294984361759666,-0.003109575663717671,-0.02807654862385981,-0.008846610988365547,-0.031292455912883745,0.043841668596503486,positive_activity,1898524311552,821854666752,-0.4688088931621585,19300000,9196877980,2492,29900000,15938354,-0.0040791089780716,28.272098022200222,27.434829411934103,16.775615705688583,22.9421299135179,7.821242083523558,17.21336907180573,16.58423902650279
TWICE_20230324_SOFI_SOLDOUT,JYP,035900.KQ,TWICE,,concert,stadium_sold_out,TWICE becomes first girl group to sell out SoFi Stadium,TWICE 成為首個完售 SoFi Stadium 的女團,트와이스 소파이 스타디움 매진,2023-03-23,2023-03-24,2023-03-31,9,3,14,positive,4.0,C_platform_data,https://www.soompi.com/article/1574831wpp/twice-becomes-1st-girl-group-from-any-country-to-sell-out-californias-sofi-stadium,https://search.naver.com/search.naver?where=news&query=트와이스%20소파이%20스타디움%20매진,Sold-out ticketing event captures concert-demand factor,Paul,complete,2023-03-23,0.031128527836266833,0.056875548768221436,0.0706910004822686,0.17011303830100938,0.17751132034498143,0.08583951240263009,0.086142991099588,positive_concert,1898524311552,821854666752,-0.4688088931621585,19300000,9196877980,2492,29900000,15938354,-0.0040791089780716,28.272098022200222,27.434829411934103,16.775615705688583,22.9421299135179,7.821242083523558,17.21336907180573,16.58423902650279
TWICE_20230321_CHAEYOUNG_SHIRT,JYP,035900.KQ,TWICE,Chaeyoung,PR_crisis,controversial_clothing_apology,Chaeyoung apologizes for controversial shirt post,彩瑛爭議服裝發文後道歉,채영 논란 의상 사과,2023-03-21,2023-03-22,2023-03-29,9,3,14,negative,4.0,C_platform_data,https://www.instagram.com/chaeyo.0/,https://search.naver.com/search.naver?where=news&query=트와이스%20채영%20나치%20티셔츠%20사과,PR controversy tied to apology and international fan discussion,Paul,needs_review,2023-03-21,-0.02455528755361387,-0.073122128369126,-0.03837073926766103,0.032320261214607564,0.13174229903334833,0.12527409606562714,0.10565068571484926,negative_PR_crisis,1898524311552,821854666752,-0.4688088931621585,19300000,9196877980,2492,29900000,15938354,-0.0040791089780716,28.272098022200222,27.434829411934103,16.775615705688583,22.9421299135179,7.821242083523558,17.21336907180573,16.58423902650279
TWICE_20230310_SET_ME_FREE,JYP,035900.KQ,TWICE,,comeback,album_release,TWICE releases Ready To Be and Set Me Free,TWICE 發布 Ready To Be 與 Set Me Free,트와이스 Ready To Be Set Me Free 발매,2023-03-10,2023-03-10,2023-03-24,15,3,14,positive,4.0,B_korean_news,,https://search.naver.com/search.naver?where=news&query=트와이스%20Set%20Me%20Free,Album release connected to world tour cycle,Paul,complete,2023-03-10,-0.0033732476756057348,-0.0033098868893812377,-0.003950671015099772,0.04288219469186935,0.024332515118644017,-0.016977624098852256,-0.03672712477062098,positive_comeback,1898524311552,821854666752,-0.4688088931621585,19300000,9196877980,2492,29900000,15938354,-0.0040791089780716,28.272098022200222,27.434829411934103,16.775615705688583,22.9421299135179,7.821242083523558,17.21336907180573,16.58423902650279
TWICE_20230726_MISAMO_DEBUT,JYP,035900.KQ,TWICE,MISAMO,activity,subunit_debut,MISAMO debuts in Japan with Masterpiece,TWICE 小分隊 MISAMO 日本出道,미사모 Masterpiece 일본 데뷔,2023-07-26,2023-07-26,2023-08-09,15,3,14,positive,3.0,D_secondary,,https://search.naver.com/search.naver?where=news&query=미사모%20Masterpiece%20데뷔,TWICE Japanese subunit event,Paul,needs_review,2023-07-26,-0.01748102695484923,0.013061374935440032,-0.02484063946858886,-0.03419756367604599,-0.08625867470656269,-0.017618498265395934,-0.09205920811433214,positive_activity,1898524311552,821854666752,-0.4688088931621585,19300000,9196877980,2492,29900000,15938354,-0.0040791089780716,28.272098022200222,27.434829411934103,16.775615705688583,22.9421299135179,7.821242083523558,17.21336907180573,16.58423902650279
TWICE_20240325_JIHYO_DATING_RUMOR,JYP,035900.KQ,TWICE,Jihyo,dating,dating_rumor_agency_no_comment,Jihyo and Yun Sung-bin dating rumor receives agency response,志效與尹誠彬戀愛傳聞及公司回應,지효 윤성빈 열애설 소속사 입장,2024-03-25,2024-03-25,2024-04-01,8,3,14,mixed,3.0,C_platform_data,https://www.gmanetwork.com/news/showbiz/chikaminute/901573/is-twice-s-jihyo-dating-olympian-yun-sung-bin-agencies-respond/story/,https://search.naver.com/search.naver?where=news&query=트와이스%20지효%20윤성빈%20열애설,Unconfirmed dating rumor; agency said private matter and did not confirm,Paul,complete,2024-03-25,-0.018163432525146638,-0.02353049792762134,-0.02671106823662024,-0.0461225093854654,-0.025923563818828432,-0.061045269976968464,-0.10617414251898616,dating,1898524311552,821854666752,-0.4688088931621585,19300000,9196877980,2492,29900000,15938354,-0.0040791089780716,28.272098022200222,27.434829411934103,16.775615705688583,22.9421299135179,7.821242083523558,17.21336907180573,16.58423902650279
TWICE_20240223_ONE_SPARK,JYP,035900.KQ,TWICE,,comeback,album_release,TWICE releases One Spark and With YOU-th,TWICE 發布 One Spark 與 With YOU-th,트와이스 One Spark With YOU-th 발매,2024-02-23,2024-02-23,2024-03-08,15,3,14,positive,4.0,B_korean_news,,https://search.naver.com/search.naver?where=news&query=트와이스%20One%20Spark,Main comeback behind Billboard achievement,Paul,complete,2024-02-23,-0.001602541442297667,0.002457193984690035,0.008546506460896067,0.0040850381452886084,0.02135831638760901,0.022193939548101074,-0.08475312327878295,positive_comeback,1898524311552,821854666752,-0.4688088931621585,19300000,9196877980,2492,29900000,15938354,-0.0040791089780716,28.272098022200222,27.434829411934103,16.775615705688583,22.9421299135179,7.821242083523558,17.21336907180573,16.58423902650279
TWICE_20241206_STRATEGY,JYP,035900.KQ,TWICE,,comeback,album_release,TWICE releases Strategy,TWICE 發布 Strategy,트와이스 Strategy 발매,2024-12-06,2024-12-06,2024-12-20,15,3,14,positive,4.0,B_korean_news,,https://search.naver.com/search.naver?where=news&query=트와이스%20Strategy%20발매,Late 2024 comeback event,Paul,complete,2024-12-06,0.005882357679169266,-0.005132730463568536,-0.028755630639159507,-0.013583619329762936,-0.0286456009409957,0.007273424012696001,0.1133668541409274,positive_comeback,1898524311552,821854666752,-0.4688088931621585,19300000,9196877980,2492,29900000,15938354,-0.0040791089780716,28.272098022200222,27.434829411934103,16.775615705688583,22.9421299135179,7.821242083523558,17.21336907180573,16.58423902650279
TWICE_20240405_CHAEYOUNG_ZIONT,JYP,035900.KQ,TWICE,Chaeyoung,dating,confirmed_dating,Chaeyoung and Zion.T confirmed to be dating,彩瑛與 Zion.T 確認戀愛,채영 자이언티 열애 인정,2024-04-05,2024-04-05,2024-04-12,8,3,14,mixed,4.0,B_korean_news,https://koreajoongangdaily.joins.com/news/2024-04-05/entertainment/kpop/Twices-Chaeyoung-and-singer-Zion-T-confirmed-to-be-dating/2019064,https://search.naver.com/search.naver?where=news&query=트와이스%20채영%20자이언티%20열애,Confirmed dating case with direct agency confirmation,Paul,complete,2024-04-05,-0.012253926572594569,-0.04583647296312216,-0.016055826154159868,-0.019526739492909034,-0.0267219321233483,-0.011745166204126254,-0.039129239109047025,dating,1898524311552,821854666752,-0.4688088931621585,19300000,9196877980,2492,29900000,15938354,-0.0040791089780716,28.272098022200222,27.434829411934103,16.775615705688583,22.9421299135179,7.821242083523558,17.21336907180573,16.58423902650279
AESPA_20240412_WINTER_SURGERY,SM,041510.KQ,aespa,Winter,PR_crisis,health_surgery_break,Winter takes break after pneumothorax surgery,Winter 氣胸手術後暫停活動休養,윈터 기흉 수술 후 활동 휴식,2024-04-12,2024-04-12,2024-04-26,15,3,14,negative,3.0,B_korean_news,https://koreajoongangdaily.joins.com/news/2024-04-12/entertainment/kpop/aespas-Winter-will-take-a-break-to-recover-from-surgery/2024264,https://search.naver.com/search.naver?where=news&query=윈터%20기흉%20수술%20활동중단,Member health event with company statement and activity break,Paul,complete,2024-04-12,-0.037561250680243935,-0.0214022650530075,-0.029123619743504334,-0.019821685436424867,-0.02576464280927203,-0.031234329782458964,0.010486738575470143,negative_PR_crisis,1843022528512,1174934781952,-0.4844129619534137,8400000,5974575113,1656,16400000,10507721,-0.4496562588899599,28.242428018368436,27.792233757263375,15.943742382861155,22.51077882160789,7.4127640174265625,16.612791953770035,16.1676209734041
AESPA_20240305_KARINA_APOLOGY,SM,041510.KQ,aespa,Karina,PR_crisis,dating_backlash_apology,Karina apologizes to fans after dating backlash,Karina 因戀愛消息引發反彈後道歉,카리나 열애 후 팬들에게 사과,2024-03-05,2024-03-05,2024-03-19,15,3,14,negative,5.0,B_korean_news,https://koreajoongangdaily.joins.com/news/2024-04-02/entertainment/kpop/aespas-Karina-actor-Lee-Jaewook-confirm-breakup/2016406,https://search.naver.com/search.naver?where=news&query=카리나%20열애%20사과문,Dating backlash became a separate PR event from the initial dating confirmation,Paul,complete,2024-03-05,0.003950311012751732,-0.030974169945185034,-0.005233861267459436,-0.0022563112298858053,-0.03780794227631127,-0.03831371192176233,0.002973059796607197,negative_PR_crisis,1843022528512,1174934781952,-0.4844129619534137,8400000,5974575113,1656,16400000,10507721,-0.4496562588899599,28.242428018368436,27.792233757263375,15.943742382861155,22.51077882160789,7.4127640174265625,16.612791953770035,16.1676209734041
AESPA_20230225_SYNKK_HYPER_LINE,SM,041510.KQ,aespa,,concert,first_concert,aespa starts Synk Hyper Line concert,aespa 開始 Synk Hyper Line 演唱會,aespa SYNK HYPER LINE 콘서트,2023-02-25,2023-02-25,2023-03-05,9,3,14,positive,4.0,B_korean_news,,https://search.naver.com/search.naver?where=news&query=에스파%20SYNK%20HYPER%20LINE%20콘서트,First concert series and tour signal,Paul,complete,2023-02-27,-0.010229854219788267,-0.013110519257555676,0.008773553824102526,0.027423758543588195,0.16719033890926147,0.06207662337649872,0.09922717166373593,positive_concert,1843022528512,1174934781952,-0.4844129619534137,8400000,5974575113,1656,16400000,10507721,-0.4496562588899599,28.242428018368436,27.792233757263375,15.943742382861155,22.51077882160789,7.4127640174265625,16.612791953770035,16.1676209734041
AESPA_20240402_KARINA_BREAKUP,SM,041510.KQ,aespa,Karina,dating,breakup,Karina and Lee Jae-wook confirm breakup,Karina 與李宰旭確認分手,카리나 이재욱 결별 인정,2024-04-02,2024-04-02,2024-04-09,8,3,14,mixed,4.0,B_korean_news,https://en.yna.co.kr/view/AEN20240402006500315,https://search.naver.com/search.naver?where=news&query=카리나%20이재욱%20결별,Breakup closed the dating controversy window and is useful as a separate event,Paul,complete,2024-04-02,0.0055408506365743,-0.02812530229344113,0.0015865488441627008,0.010180744215737565,-0.01160449281952107,0.0045408715268385885,0.02294208884921202,dating,1843022528512,1174934781952,-0.4844129619534137,8400000,5974575113,1656,16400000,10507721,-0.4496562588899599,28.242428018368436,27.792233757263375,15.943742382861155,22.51077882160789,7.4127640174265625,16.612791953770035,16.1676209734041
AESPA_20230508_MY_WORLD_SPICY,SM,041510.KQ,aespa,,comeback,mini_album_release,aespa releases My World and Spicy,aespa 發布 My World 與 Spicy,에스파 My World Spicy 발매,2023-05-08,2023-05-08,2023-05-22,15,3,14,positive,5.0,B_korean_news,,https://search.naver.com/search.naver?where=news&query=에스파%20Spicy%20My%20World,Major album sales and comeback event,Paul,complete,2023-05-08,0.014760414038426567,-0.03275981606584437,0.009032696859166033,0.02701258951067783,-0.09173619992163141,-0.1830689669178707,-0.22321253380175238,positive_comeback,1843022528512,1174934781952,-0.4844129619534137,8400000,5974575113,1656,16400000,10507721,-0.4496562588899599,28.242428018368436,27.792233757263375,15.943742382861155,22.51077882160789,7.4127640174265625,16.612791953770035,16.1676209734041
AESPA_20241211_WINTER_JUNGWON,SM,041510.KQ,aespa,Winter,dating,denied_dating_rumor,Winter and Jungwon dating rumor denied by agencies,Winter 與 Jungwon 戀愛傳聞遭公司否認,윈터 정원 열애설 소속사 부인,2024-12-11,2024-12-11,2024-12-18,8,3,14,mixed,4.0,B_korean_news,https://koreajoongangdaily.joins.com/news/2024-12-11/entertainment/kpop/SM-Entertainment-Belift-Lab-deny-dating-rumors-around-aespas-Winter-Enhypens-Jungwon/2198106,https://search.naver.com/search.naver?where=news&query=윈터%20정원%20열애설,Denied dating rumor with legal-action language from agencies,Paul,complete,2024-12-11,0.02602865963967723,-0.02520452824217294,0.0028020405869591952,0.007181246842708499,0.008377287390083733,-0.019654278140611887,-0.046897478660562056,dating,1843022528512,1174934781952,-0.4844129619534137,8400000,5974575113,1656,16400000,10507721,-0.4496562588899599,28.242428018368436,27.792233757263375,15.943742382861155,22.51077882160789,7.4127640174265625,16.612791953770035,16.1676209734041
AESPA_20250528_KARINA_JACKET,SM,041510.KQ,aespa,Karina,PR_crisis,political_symbol_controversy,Karina deletes Instagram photo amid political jacket controversy,Karina 因紅色 2 號外套政治爭議刪除照片,카리나 빨간 2번 재킷 정치 논란,2025-05-28,2025-05-28,2025-06-05,9,3,14,negative,4.0,B_korean_news,https://www.koreatimes.co.kr/entertainment/k-pop/20250528/aespas-karina-deletes-instagram-photo-amid-political-controversy-over-red-no-2-jacket,https://search.naver.com/search.naver?where=news&query=카리나%20빨간%202번%20재킷%20논란,Political-symbol interpretation controversy during Korean election period,Paul,complete,2025-05-28,-0.0013559965342862992,0.04766529119391893,0.062556316778518,-0.009731085589335949,0.0019443921682866516,0.040093727116900915,-0.034504759033467156,negative_PR_crisis,1843022528512,1174934781952,-0.4844129619534137,8400000,5974575113,1656,16400000,10507721,-0.4496562588899599,28.242428018368436,27.792233757263375,15.943742382861155,22.51077882160789,7.4127640174265625,16.612791953770035,16.1676209734041
AESPA_20240513_SUPERNOVA,SM,041510.KQ,aespa,,comeback,pre_release_single,aespa releases Supernova,aespa 發布 Supernova,에스파 Supernova 발매,2024-05-13,2024-05-13,2024-05-27,15,3,14,positive,5.0,B_korean_news,,https://search.naver.com/search.naver?where=news&query=에스파%20Supernova,Pre-release hit before Armageddon,Paul,complete,2024-05-13,0.013596218259659135,0.05546486080192487,0.037656754511860235,0.08278893396014424,0.0655085891478946,0.0810489508512218,0.14011095372591256,positive_comeback,1843022528512,1174934781952,-0.4844129619534137,8400000,5974575113,1656,16400000,10507721,-0.4496562588899599,28.242428018368436,27.792233757263375,15.943742382861155,22.51077882160789,7.4127640174265625,16.612791953770035,16.1676209734041
AESPA_20241021_WHIPLASH,SM,041510.KQ,aespa,,comeback,mini_album_release,aespa releases Whiplash,aespa 發布 Whiplash,에스파 Whiplash 발매,2024-10-21,2024-10-21,2024-11-04,15,3,14,positive,4.0,B_korean_news,,https://search.naver.com/search.naver?where=news&query=에스파%20Whiplash%20발매,Late 2024 comeback event,Paul,complete,2024-10-21,-0.011162972994760136,0.0142916062339754,-0.012078851295944201,-0.0163534705719227,-0.0022061700086851363,0.005339081359428326,-0.0009034298319179138,positive_comeback,1843022528512,1174934781952,-0.4844129619534137,8400000,5974575113,1656,16400000,10507721,-0.4496562588899599,28.242428018368436,27.792233757263375,15.943742382861155,22.51077882160789,7.4127640174265625,16.612791953770035,16.1676209734041
AESPA_20251205_WINTER_JUNGKOOK,SM,041510.KQ,aespa,Winter,dating,viral_dating_rumor_no_comment,Winter and Jungkook viral dating rumor spreads online,Winter 與 Jungkook 戀愛傳聞在網路發酵,윈터 정국 열애설 온라인 확산,2025-12-05,2025-12-05,2025-12-19,15,3,14,mixed,5.0,B_korean_news,https://en.yna.co.kr/view/AEN20251205006600315,https://search.naver.com/search.naver?where=news&query=윈터%20정국%20열애설,"Unconfirmed viral dating rumor; agencies reportedly offered no comment, so keep as rumor not fact",Paul,needs_review,2025-12-05,0.008537947283780434,-0.011251160499471467,-0.006181940128956667,-0.0051818940814971,-0.01467604042067647,-0.009030287841048605,0.07170785636207233,dating,1843022528512,1174934781952,-0.4844129619534137,8400000,5974575113,1656,16400000,10507721,-0.4496562588899599,28.242428018368436,27.792233757263375,15.943742382861155,22.51077882160789,7.4127640174265625,16.612791953770035,16.1676209734041
BLACKPINK_20210312_ROSE_ON_THE_GROUND,YG,122870.KQ,BLACKPINK,Rose,activity,solo_debut,Rose makes solo debut with On The Ground,Rose 以 On The Ground 個人出道,로제 On The Ground 솔로 데뷔,2021-03-12,2021-03-12,2021-03-26,15,3,14,positive,4.0,B_korean_news,,https://search.naver.com/search.naver?where=news&query=로제%20On%20The%20Ground%20솔로,Member solo debut with high global attention,Paul,complete,2021-03-12,-0.016402745904162498,-0.00944434137929303,0.02257634544524064,0.006337917758737209,-0.02487234795381313,-0.011323425965861666,-0.03838235773832366,positive_activity,839246217216,545404256256,-0.766620014674711,101000000,42179904251,666,57900000,22011126,1.8157964173081156,27.455769965458895,27.024793111245675,18.430631084706523,24.46520974200869,6.502790045915623,17.87422795981438,16.907058656189946
BLACKPINK_20220523_JENNIE_V_RUMOR,YG,122870.KQ,BLACKPINK,Jennie,dating,dating_rumor_agency_no_comment,Jennie and BTS V dating rumor begins with viral Jeju photo,Jennie 與 BTS V 因濟州照片爆出戀愛傳聞,제니 뷔 제주도 사진 열애설,2022-05-23,2022-05-23,2022-06-06,15,3,14,mixed,5.0,C_platform_data,https://www.soompi.com/article/1527555wpp/yg-entertainment-gives-brief-response-to-jennie-and-vs-dating-rumors,https://search.naver.com/search.naver?where=news&query=제니%20뷔%20열애설,Major cross-fandom dating rumor; not confirmed by agencies,Paul,complete,2022-05-23,0.0001579168637484661,0.010858953992790533,0.002767777940351733,0.013061419533769433,-0.004754864659838532,-0.03948815715528367,0.020291433230347496,dating,839246217216,545404256256,-0.766620014674711,101000000,42179904251,666,57900000,22011126,1.8157964173081156,27.455769965458895,27.024793111245675,18.430631084706523,24.46520974200869,6.502790045915623,17.87422795981438,16.907058656189946
BLACKPINK_20210910_LISA_LALISA,YG,122870.KQ,BLACKPINK,Lisa,activity,solo_debut,Lisa makes solo debut with Lalisa,Lisa 以 Lalisa 個人出道,리사 Lalisa 솔로 데뷔,2021-09-10,2021-09-10,2021-09-24,15,3,14,positive,5.0,B_korean_news,,https://search.naver.com/search.naver?where=news&query=리사%20Lalisa%20솔로,Major solo debut and YouTube scale event,Paul,complete,2021-09-10,-0.004388414011009331,-0.02655221130569536,-0.03772095161774823,-0.06976798742966779,-0.04042409955481257,-0.05602408558076807,0.017710415134030474,positive_activity,839246217216,545404256256,-0.766620014674711,101000000,42179904251,666,57900000,22011126,1.8157964173081156,27.455769965458895,27.024793111245675,18.430631084706523,24.46520974200869,6.502790045915623,17.87422795981438,16.907058656189946
BLACKPINK_20220808_BORN_PINK_TOUR_ANNOUNCE,YG,122870.KQ,BLACKPINK,,concert,world_tour_announcement,BLACKPINK announces Born Pink world tour,BLACKPINK 公布 Born Pink 世界巡演,블랙핑크 Born Pink 월드투어 발표,2022-08-08,2022-08-08,2022-08-22,15,3,14,positive,5.0,B_korean_news,,https://search.naver.com/search.naver?where=news&query=블랙핑크%20Born%20Pink%20월드투어,World tour announcement before album release,Paul,complete,2022-08-08,0.007671261715540067,0.0184625628518271,0.0281303427973012,0.03846111357114956,0.05777334040814666,0.03749160451418171,0.030821841139229134,positive_concert,839246217216,545404256256,-0.766620014674711,101000000,42179904251,666,57900000,22011126,1.8157964173081156,27.455769965458895,27.024793111245675,18.430631084706523,24.46520974200869,6.502790045915623,17.87422795981438,16.907058656189946
BLACKPINK_20230604_THE_IDOL,YG,122870.KQ,BLACKPINK,Jennie,PR_crisis,acting_role_controversy,Jennie's The Idol debut draws controversy,Jennie 出演 The Idol 引發爭議,제니 The Idol 출연 논란,2023-06-04,2023-06-05,2023-06-18,15,3,14,mixed,4.0,C_platform_data,https://www.billboard.com/music/music-news/blackpink-jennie-the-idol-acting-debut-fans-react-1235346472/,https://search.naver.com/search.naver?where=news&query=제니%20The%20Idol%20논란,Entertainment image controversy connected to individual member brand risk,Paul,needs_review,2023-06-05,0.005037938240311365,-0.105181183089993,-0.08379767225303233,-0.11347794744463047,-0.15509863024230713,-0.19057499736372502,-0.21700783684876743,negative_PR_crisis,839246217216,545404256256,-0.766620014674711,101000000,42179904251,666,57900000,22011126,1.8157964173081156,27.455769965458895,27.024793111245675,18.430631084706523,24.46520974200869,6.502790045915623,17.87422795981438,16.907058656189946
BLACKPINK_20230331_JISOO_FLOWER,YG,122870.KQ,BLACKPINK,Jisoo,activity,solo_debut,Jisoo makes solo debut with Flower,Jisoo 以 Flower 個人出道,지수 Flower 솔로 데뷔,2023-03-31,2023-03-31,2023-04-14,15,3,14,positive,5.0,B_korean_news,,https://search.naver.com/search.naver?where=news&query=지수%20Flower%20솔로,Final BLACKPINK member solo debut,Paul,complete,2023-03-31,-0.003240781270313934,-0.009341921246622602,-0.012605805147979135,-0.017888465588015604,0.017915329143505992,0.0509581863530298,0.014825509421253678,positive_activity,839246217216,545404256256,-0.766620014674711,101000000,42179904251,666,57900000,22011126,1.8157964173081156,27.455769965458895,27.024793111245675,18.430631084706523,24.46520974200869,6.502790045915623,17.87422795981438,16.907058656189946
BLACKPINK_20230928_LISA_CRAZY_HORSE,YG,122870.KQ,BLACKPINK,Lisa,PR_crisis,performance_controversy,Lisa's Crazy Horse Paris performances spark controversy,Lisa 登上 Crazy Horse Paris 引發爭議,리사 크레이지 호스 공연 논란,2023-09-28,2023-09-30,2023-10-12,15,3,14,mixed,4.0,C_platform_data,https://www.allkpop.com/article/2023/09/blackpink-lisas-official-instagram-is-being-terrorized-by-chinese-netizens-following-crazy-horse-performance-announcement,https://search.naver.com/search.naver?where=news&query=리사%20크레이지호스%20논란,Solo activity controversy created regional fan backlash and discussion,Paul,needs_review,2023-10-04,0.005290209807716398,-0.029467303869727696,-0.014461597282763566,-3.7097770699670574e-05,-0.0520482189179916,-0.2759685569090669,-0.2386898842900175,negative_PR_crisis,839246217216,545404256256,-0.766620014674711,101000000,42179904251,666,57900000,22011126,1.8157964173081156,27.455769965458895,27.024793111245675,18.430631084706523,24.46520974200869,6.502790045915623,17.87422795981438,16.907058656189946
BLACKPINK_20230917_BORN_PINK_FINALE,YG,122870.KQ,BLACKPINK,,concert,tour_finale,BLACKPINK ends Born Pink world tour in Seoul,BLACKPINK 在首爾結束 Born Pink 世界巡演,블랙핑크 Born Pink 피날레 서울,2023-09-16,2023-09-17,2023-09-24,9,3,14,positive,5.0,B_korean_news,,https://search.naver.com/search.naver?where=news&query=블랙핑크%20Born%20Pink%20피날레,Major tour finale and revenue signal,Paul,complete,2023-09-18,-0.001701025656124967,0.007199861365572201,0.0205044269959214,-0.06847259539305507,-0.17958293864524527,-0.1540262862447878,-0.2272890287543574,positive_concert,839246217216,545404256256,-0.766620014674711,101000000,42179904251,666,57900000,22011126,1.8157964173081156,27.455769965458895,27.024793111245675,18.430631084706523,24.46520974200869,6.502790045915623,17.87422795981438,16.907058656189946
BLACKPINK_20240709_JENNIE_VAPING,YG,122870.KQ,BLACKPINK,Jennie,PR_crisis,indoor_vaping_apology,Jennie apologizes for indoor vaping incident,Jennie 室內電子菸事件道歉,제니 실내 흡연 논란 사과,2024-07-08,2024-07-09,2024-07-16,9,3,14,negative,5.0,B_korean_news,https://koreajoongangdaily.joins.com/news/2024-07-09/entertainment/kpop/Blackpinks-Jennie-apologizes-for-smoking-ecigarette-indoors/2086424,https://search.naver.com/search.naver?where=news&query=제니%20실내흡연%20사과,Agency apology and viral deleted-vlog clip make this a clear PR-crisis event,Paul,complete,2024-07-08,0.010377576303480402,0.020649689849285235,0.021547391077376802,0.018450143612788735,0.010996372936826536,-0.014097521260625332,-0.039815915853720386,negative_PR_crisis,839246217216,545404256256,-0.766620014674711,101000000,42179904251,666,57900000,22011126,1.8157964173081156,27.455769965458895,27.024793111245675,18.430631084706523,24.46520974200869,6.502790045915623,17.87422795981438,16.907058656189946
BLACKPINK_20250219_DEADLINE_TOUR,YG,122870.KQ,BLACKPINK,,concert,world_tour_announcement,BLACKPINK announces Deadline world tour,BLACKPINK 公布 Deadline 世界巡演,블랙핑크 Deadline 월드투어 발표,2025-02-19,2025-02-19,2025-03-05,15,3,14,positive,5.0,B_korean_news,,https://search.naver.com/search.naver?where=news&query=블랙핑크%20Deadline%20월드투어,New world tour event after contract renewal,Paul,complete,2025-02-19,-0.004203424307672066,0.0943722759281724,0.09993364091926638,0.06824563936143704,0.07628110796651084,0.07416275966140051,0.13695227388065961,positive_concert,839246217216,545404256256,-0.766620014674711,101000000,42179904251,666,57900000,22011126,1.8157964173081156,27.455769965458895,27.024793111245675,18.430631084706523,24.46520974200869,6.502790045915623,17.87422795981438,16.907058656189946
NEWJEANS_20250207_NJZ_REBRAND,HYBE,352820.KS,NewJeans,,contract_member,rebrand_during_contract_dispute,NewJeans members announce NJZ rebrand amid ADOR dispute,NewJeans 成員在 ADOR 爭議中宣布改名 NJZ,뉴진스 NJZ 활동명 변경 발표,2025-02-07,2025-02-07,2025-02-21,15,3,14,negative,5.0,B_korean_news,https://time.com/7270186/njz-newjeans-exclusive-hybe-ador-legal-battle-complexcon-hongkong/,https://search.naver.com/search.naver?where=news&query=뉴진스%20NJZ%20활동명,Contract-dispute event rather than a normal comeback event,Paul,complete,2025-02-07,-0.010067917011971066,-0.012588398194006766,-0.019654310720309667,-0.0023111875885906685,0.018138607810843897,0.04184490069892153,-0.07207346001163228,negative_contract_crisis,9683290030080,2649870303232,1.7198418697902833,8380000,5141188457,752,11900000,13711554,-0.4343159405749608,29.9014228386118,28.605531812552744,15.941358591790001,22.360550107196563,6.6240652277998935,16.29204904211537,16.433749465967523
NEWJEANS_20220801_COOKIE_CONTROVERSY,HYBE,352820.KS,NewJeans,,PR_crisis,lyrics_controversy,NewJeans Cookie lyrics controversy,NewJeans Cookie 歌詞爭議,뉴진스 Cookie 가사 논란,2022-08-01,2022-08-01,2022-08-15,15,3,14,negative,4.0,B_korean_news,,https://search.naver.com/search.naver?where=news&query=뉴진스%20Cookie%20가사%20논란,Early PR controversy around debut EP,Paul,complete,2022-08-01,-6.622323491209912e-05,-0.029116060519001535,-0.05435183986214067,-0.0430277328595942,-0.03373725949364197,0.020858590219198433,0.0668916689643127,negative_PR_crisis,9683290030080,2649870303232,1.7198418697902833,8380000,5141188457,752,11900000,13711554,-0.4343159405749608,29.9014228386118,28.605531812552744,15.941358591790001,22.360550107196563,6.6240652277998935,16.29204904211537,16.433749465967523
NEWJEANS_20230106_OMG_MV_CONTROVERSY,HYBE,352820.KS,NewJeans,,PR_crisis,music_video_controversy,NewJeans OMG music video draws mental illness aesthetic controversy,NewJeans OMG MV 引發精神疾病呈現爭議,뉴진스 OMG 뮤직비디오 논란,2023-01-06,2023-01-06,2023-01-20,15,3,14,negative,3.0,B_korean_news,https://koreajoongangdaily.joins.com/2023/01/06/entertainment/kpop/newjeans-new-jeans-min-heejin/20230106141700434.html,https://search.naver.com/search.naver?where=news&query=뉴진스%20OMG%20뮤직비디오%20논란,Second early-career content controversy after Cookie,Paul,complete,2023-01-06,-0.016670256312799298,0.004384780164072932,-0.002587702944868101,0.006983574333332097,0.013053895606299399,-0.0029884505611626963,0.014092117861947757,negative_PR_crisis,9683290030080,2649870303232,1.7198418697902833,8380000,5141188457,752,11900000,13711554,-0.4343159405749608,29.9014228386118,28.605531812552744,15.941358591790001,22.360550107196563,6.6240652277998935,16.29204904211537,16.433749465967523
NEWJEANS_20230707_SUPER_SHY,HYBE,352820.KS,NewJeans,,comeback,pre_release_single,NewJeans releases Super Shy,NewJeans 發布 Super Shy,뉴진스 Super Shy 발매,2023-07-07,2023-07-07,2023-07-21,15,3,14,positive,5.0,B_korean_news,,https://search.naver.com/search.naver?where=news&query=뉴진스%20Super%20Shy,High global attention pre-release single,Paul,complete,2023-07-07,0.032553615165660764,0.005274013966257464,-0.017703312286249766,-0.09554011254202703,-0.0758017987677726,-0.09652436434762826,-0.15777643264587482,positive_comeback,9683290030080,2649870303232,1.7198418697902833,8380000,5141188457,752,11900000,13711554,-0.4343159405749608,29.9014228386118,28.605531812552744,15.941358591790001,22.360550107196563,6.6240652277998935,16.29204904211537,16.433749465967523
NEWJEANS_20230721_ETA_IPHONE,HYBE,352820.KS,NewJeans,,activity,brand_collaboration_mv,NewJeans releases ETA music video filmed with iPhone,NewJeans ETA MV 與 iPhone 合作釋出,뉴진스 ETA 아이폰 뮤직비디오,2023-07-21,2023-07-21,2023-08-04,15,3,14,positive,3.0,A_official,https://www.youtube.com/watch?v=jOTfBlKSQYY,https://search.naver.com/search.naver?where=news&query=뉴진스%20ETA%20아이폰,Brand collaboration activity with measurable YouTube and search traffic,Paul,complete,2023-07-21,-0.025640805933101796,0.00178729029893393,0.008311557601062367,-0.019245955437416383,-0.07690275983416305,-0.04453443033097535,-0.09314838681023091,positive_activity,9683290030080,2649870303232,1.7198418697902833,8380000,5141188457,752,11900000,13711554,-0.4343159405749608,29.9014228386118,28.605531812552744,15.941358591790001,22.360550107196563,6.6240652277998935,16.29204904211537,16.433749465967523
NEWJEANS_20241010_HANNI_ASSEMBLY_SUMMONS,HYBE,352820.KS,NewJeans,Hanni,PR_crisis,workplace_bullying_summons,Hanni selected to testify at National Assembly over workplace bullying allegation,Hanni 因職場霸凌指控被選為國會證人,하니 직장 내 괴롭힘 국회 출석 결정,2024-10-10,2024-10-10,2024-10-15,6,3,14,negative,4.0,B_korean_news,https://koreajoongangdaily.joins.com/news/2024-10-10/entertainment/kpop/NewJeans-Hanni-to-testify-before-National-Assembly-over-workplace-harassment-allegation/2151870,https://search.naver.com/search.naver?where=news&query=뉴진스%20하니%20국회%20직장내괴롭힘,Pre-hearing escalation before the Oct 15 testimony event,Paul,complete,2024-10-10,0.006171323253988534,0.02595792593964304,0.006668539756724569,0.02435292920427417,0.06952743587174404,0.10268648437029537,-0.002129735782357124,negative_PR_crisis,9683290030080,2649870303232,1.7198418697902833,8380000,5141188457,752,11900000,13711554,-0.4343159405749608,29.9014228386118,28.605531812552744,15.941358591790001,22.360550107196563,6.6240652277998935,16.29204904211537,16.433749465967523
NEWJEANS_20250321_ADOR_INJUNCTION,HYBE,352820.KS,NewJeans,,contract_member,court_injunction,Court accepts ADOR injunction limiting NewJeans independent activity,法院接受 ADOR 假處分限制 NewJeans 獨立活動,뉴진스 어도어 가처분 인용,2025-03-21,2025-03-21,2025-03-28,8,3,14,negative,5.0,B_korean_news,https://time.com/7271058/newjeans-njz-hiatus-pause-complexcon-concert-ador-injunction-pit-stop/,https://search.naver.com/search.naver?where=news&query=뉴진스%20어도어%20가처분,Legal and contract control event directly relevant to HYBE/ADOR risk,Paul,complete,2025-03-21,-0.010973084498407133,-0.014992118401205366,-0.03199538534529643,-0.01539162850468553,-0.007694155368102731,0.020115340029957733,-0.006556516557865901,negative_contract_crisis,9683290030080,2649870303232,1.7198418697902833,8380000,5141188457,752,11900000,13711554,-0.4343159405749608,29.9014228386118,28.605531812552744,15.941358591790001,22.360550107196563,6.6240652277998935,16.29204904211537,16.433749465967523
NEWJEANS_20240524_HOW_SWEET,HYBE,352820.KS,NewJeans,,comeback,single_release,NewJeans releases How Sweet,NewJeans 發布 How Sweet,뉴진스 How Sweet 발매,2024-05-24,2024-05-24,2024-06-07,15,3,14,positive,4.0,B_korean_news,,https://search.naver.com/search.naver?where=news&query=뉴진스%20How%20Sweet,Comeback during management dispute,Paul,complete,2024-05-24,0.01918559971012527,-0.0057879716809546775,0.0022514853220187286,0.04422542948177353,0.018354128660212132,-0.0008082894566365378,0.06577874926514389,positive_comeback,9683290030080,2649870303232,1.7198418697902833,8380000,5141188457,752,11900000,13711554,-0.4343159405749608,29.9014228386118,28.605531812552744,15.941358591790001,22.360550107196563,6.6240652277998935,16.29204904211537,16.433749465967523
NEWJEANS_20250324_NJZ_HIATUS,HYBE,352820.KS,NewJeans,,contract_member,activity_pause,NJZ announces hiatus amid ADOR contract dispute,NJZ 因 ADOR 合約爭議宣布暫停活動,뉴진스 NJZ 활동 중단 발표,2025-03-24,2025-03-24,2025-04-07,15,3,14,negative,5.0,B_korean_news,https://time.com/7271058/newjeans-njz-hiatus-pause-complexcon-concert-ador-injunction-pit-stop/,https://search.naver.com/search.naver?where=news&query=뉴진스%20활동중단%20NJZ,Post-injunction activity pause is distinct from the initial contract-termination press conference,Paul,complete,2025-03-24,-0.0210223008468893,-0.02264833831914623,-0.011675253820739098,-0.0024574076648253987,-0.00387679469437983,0.004591898385684101,0.0003947293346751937,negative_contract_crisis,9683290030080,2649870303232,1.7198418697902833,8380000,5141188457,752,11900000,13711554,-0.4343159405749608,29.9014228386118,28.605531812552744,15.941358591790001,22.360550107196563,6.6240652277998935,16.29204904211537,16.433749465967523
NEWJEANS_20241015_HANNI_ASSEMBLY,HYBE,352820.KS,NewJeans,Hanni,PR_crisis,workplace_bullying_testimony,Hanni testifies at National Assembly, Hanni 國會作證職場霸凌議題,하니 국정감사 직장 내 괴롭힘,2024-10-15,2024-10-15,2024-10-22,8,3,14,negative,5.0,B_korean_news,,https://search.naver.com/search.naver?where=news&query=하니%20국정감사%20직장%20괴롭힘,High profile testimony connected to ADOR dispute,Paul,complete,2024-10-15,0.027080335822006068,0.011270392910884035,0.020666339285340504,0.06976826796069847,0.06302641555775255,0.08713781328270712,0.08924741486538383,negative_PR_crisis,9683290030080,2649870303232,1.7198418697902833,8380000,5141188457,752,11900000,13711554,-0.4343159405749608,29.9014228386118,28.605531812552744,15.941358591790001,22.360550107196563,6.6240652277998935,16.29204904211537,16.433749465967523
LESSERAFIM_20240717_SOURCE_ADOR_LAWSUIT,HYBE,352820.KS,LE SSERAFIM,,contract_member,inter_label_legal_action,Source Music sues ADOR CEO over LE SSERAFIM comments,Source Music 因 LE SSERAFIM 相關發言起訴 ADOR CEO,쏘스뮤직 민희진 르세라핌 발언 소송,2024-07-17,2024-07-17,2024-07-31,15,3,14,negative,4.0,C_platform_data,https://www.gmanetwork.com/news/showbiz/showbizabroad/913622/hybe-label-source-music-sues-ador-ceo-min-hee-jin-over-le-sserafim-comments/story/,https://search.naver.com/search.naver?where=news&query=쏘스뮤직%20민희진%20르세라핌%20소송,Inter-label legal action tied to LE SSERAFIM reputation during HYBE/ADOR conflict,Paul,needs_review,2024-07-17,0.004568634462674803,0.010798448510592504,0.01122411691856437,-0.007290563780306299,-0.004082959458947136,-0.021210913860917543,-0.07528834424725668,negative_contract_crisis,9683290030080,2649870303232,1.7198418697902833,7400000,5978920012,2940,10400000,15833776,-0.3858903347052784,29.9014228386118,28.605531812552744,15.816990693309524,22.511505788766062,7.9865049385539955,16.15731646026544,16.57765600099681
LESSERAFIM_20220520_GARAM_HIATUS,HYBE,352820.KS,LE SSERAFIM,Kim Garam,PR_crisis,bullying_hiatus,Kim Garam goes on hiatus amid school bullying controversy,金佳覽因校園霸凌爭議暫停活動,김가람 학폭 논란 활동 중단,2022-05-20,2022-05-20,2022-06-03,15,3,14,negative,5.0,B_korean_news,https://www.rollingstone.com/music/music-news/le-sserafim-kim-garam-bullying-accusation-1385886/,https://search.naver.com/search.naver?where=news&query=르세라핌%20김가람%20학폭%20활동중단,Major debut-period bullying controversy before contract termination,Paul,complete,2022-05-20,-0.001028746633433067,0.043675561836643666,0.025460646467388732,0.015561085084017032,0.003018108921595467,-0.05987283772199951,-0.07920554101728369,negative_PR_crisis,9683290030080,2649870303232,1.7198418697902833,7400000,5978920012,2940,10400000,15833776,-0.3858903347052784,29.9014228386118,28.605531812552744,15.816990693309524,22.511505788766062,7.9865049385539955,16.15731646026544,16.57765600099681
LESSERAFIM_20230812_FLAME_RISES,HYBE,352820.KS,LE SSERAFIM,,concert,first_tour_start,LE SSERAFIM starts Flame Rises tour,LE SSERAFIM 開始 Flame Rises 巡演,르세라핌 Flame Rises 투어,2023-08-12,2023-08-12,2023-08-26,15,3,14,positive,4.0,B_korean_news,,https://search.naver.com/search.naver?where=news&query=르세라핌%20Flame%20Rises%20투어,First tour event with revenue implications,Paul,complete,2023-08-14,0.016062325130326502,-0.006261214054215557,0.01714925617172721,0.03564901655105441,0.03398382972604258,-0.05452960290723956,-0.021715424594151468,positive_concert,9683290030080,2649870303232,1.7198418697902833,7400000,5978920012,2940,10400000,15833776,-0.3858903347052784,29.9014228386118,28.605531812552744,15.816990693309524,22.511505788766062,7.9865049385539955,16.15731646026544,16.57765600099681
LESSERAFIM_20240829_EUNCHAE_APOLOGY,HYBE,352820.KS,LE SSERAFIM,Eunchae,PR_crisis,school_remark_apology,Eunchae apologizes for student-mocking controversy,恩採因學生發言爭議道歉,은채 학생 조롱 논란 사과,2024-08-29,2024-08-29,2024-09-05,8,3,14,negative,4.0,C_platform_data,https://www.koreaboo.com/news/le-sserafim-eunchae-apologize-student-mocking-controversy/,https://search.naver.com/search.naver?where=news&query=은채%20학생%20조롱%20논란%20사과,Member image controversy with apology; use as reviewable PR-crisis sample,Paul,needs_review,2024-08-29,0.060391036350762366,0.06258313463234164,0.0357432346675476,0.03235859373295209,0.04454142680928466,0.11858433759506419,0.12196034935064679,negative_PR_crisis,9683290030080,2649870303232,1.7198418697902833,7400000,5978920012,2940,10400000,15833776,-0.3858903347052784,29.9014228386118,28.605531812552744,15.816990693309524,22.511505788766062,7.9865049385539955,16.15731646026544,16.57765600099681
LESSERAFIM_20240219_EASY_RELEASE,HYBE,352820.KS,LE SSERAFIM,,comeback,mini_album_release,LE SSERAFIM releases Easy,LE SSERAFIM 發布 Easy,르세라핌 Easy 발매,2024-02-19,2024-02-19,2024-03-04,15,3,14,positive,4.0,B_korean_news,,https://search.naver.com/search.naver?where=news&query=르세라핌%20Easy%20발매,Mini album comeback before Hot 100 achievement,Paul,complete,2024-02-19,-0.021327688907786434,-0.05563286100256643,-0.016861857515341968,0.04583776059018853,0.049173777755517,0.05564557634001929,0.006162074623505761,positive_comeback,9683290030080,2649870303232,1.7198418697902833,7400000,5978920012,2940,10400000,15833776,-0.3858903347052784,29.9014228386118,28.605531812552744,15.816990693309524,22.511505788766062,7.9865049385539955,16.15731646026544,16.57765600099681
LESSERAFIM_20240403_KAZUHA_DATING,HYBE,352820.KS,LE SSERAFIM,Kazuha,dating,denied_dating_rumor,HYBE denies Kazuha and &TEAM K dating rumor,HYBE 否認 Kazuha 與 &TEAM K 戀愛傳聞,카즈하 케이 열애설 하이브 부인,2024-04-03,2024-04-03,2024-04-10,8,3,14,mixed,4.0,B_korean_news,https://koreajoongangdaily.joins.com/news/2024-04-03/entertainment/kpop/Le-Sserafims-Kazuha-and-Teams-K-are-not-dating-HYBE-says/2017314,https://search.naver.com/search.naver?where=news&query=카즈하%20케이%20열애설,Denied dating rumor from Japanese report; useful cross-border rumor sample,Paul,complete,2024-04-03,0.0034044720426658665,0.016297655818429867,0.011867665134178232,-0.006355564501860431,0.019026149159540005,0.12337863279105143,0.19211191348191503,dating,9683290030080,2649870303232,1.7198418697902833,7400000,5978920012,2940,10400000,15833776,-0.3858903347052784,29.9014228386118,28.605531812552744,15.816990693309524,22.511505788766062,7.9865049385539955,16.15731646026544,16.57765600099681
LESSERAFIM_20240729_DOCUMENTARY,HYBE,352820.KS,LE SSERAFIM,,activity,documentary_release,LE SSERAFIM releases Make It Look Easy documentary,LE SSERAFIM 發布紀錄片 Make It Look Easy,르세라핌 Make It Look Easy 다큐멘터리,2024-07-29,2024-07-29,2024-08-12,15,3,14,mixed,3.0,B_korean_news,,https://search.naver.com/search.naver?where=news&query=르세라핌%20Make%20It%20Look%20Easy%20다큐,Documentary produced discussion around group pressure and image,Paul,complete,2024-07-29,-0.0017819073689501995,-0.021834533465521933,-0.0254212795090205,-0.025350125231757867,0.060398301822753006,0.03943746269145704,-0.02653787542291256,positive_activity,9683290030080,2649870303232,1.7198418697902833,7400000,5978920012,2940,10400000,15833776,-0.3858903347052784,29.9014228386118,28.605531812552744,15.816990693309524,22.511505788766062,7.9865049385539955,16.15731646026544,16.57765600099681
LESSERAFIM_20240830_CRAZY,HYBE,352820.KS,LE SSERAFIM,,comeback,mini_album_release,LE SSERAFIM releases Crazy,LE SSERAFIM 發布 Crazy,르세라핌 Crazy 발매,2024-08-30,2024-08-30,2024-09-13,15,3,14,positive,5.0,B_korean_news,,https://search.naver.com/search.naver?where=news&query=르세라핌%20Crazy%20발매,Major comeback after Coachella criticism,Paul,complete,2024-08-30,-0.024647801683214766,0.01469988959364453,-0.045691146757117836,-0.004286097430741934,-0.016546072756175572,0.09477166369211919,0.10247000214827129,positive_comeback,9683290030080,2649870303232,1.7198418697902833,7400000,5978920012,2940,10400000,15833776,-0.3858903347052784,29.9014228386118,28.605531812552744,15.816990693309524,22.511505788766062,7.9865049385539955,16.15731646026544,16.57765600099681
LESSERAFIM_20231016_CHAEWON_HEALTH,HYBE,352820.KS,LE SSERAFIM,Kim Chaewon,PR_crisis,health_hiatus,Kim Chaewon suspends activities for health recovery,金采源因健康恢復暫停活動,김채원 건강 문제 활동 중단,2023-10-16,2023-10-16,2023-10-26,11,3,14,negative,3.0,A_official,https://weverse.io/lesserafim/notice/15750,https://search.naver.com/search.naver?where=news&query=르세라핌%20김채원%20활동중단%20건강,Health hiatus and return window affects group schedule discussion,Paul,complete,2023-10-16,0.0033736463383035355,0.016809678405976632,0.009185562063130901,0.014763172987190036,0.03070276389816664,0.10706282649948755,0.10879846406366835,negative_PR_crisis,9683290030080,2649870303232,1.7198418697902833,7400000,5978920012,2940,10400000,15833776,-0.3858903347052784,29.9014228386118,28.605531812552744,15.816990693309524,22.511505788766062,7.9865049385539955,16.15731646026544,16.57765600099681
LESSERAFIM_20250314_HOT,HYBE,352820.KS,LE SSERAFIM,,comeback,mini_album_release,LE SSERAFIM releases Hot,LE SSERAFIM 發布 Hot,르세라핌 Hot 발매,2025-03-14,2025-03-14,2025-03-28,15,3,14,positive,4.0,B_korean_news,,https://search.naver.com/search.naver?where=news&query=르세라핌%20Hot%20발매,2025 comeback event within analysis window,Paul,complete,2025-03-14,0.0083677178195894,0.026532904394003833,0.021752498303302864,0.010806228453969398,0.01683641089965333,0.004614455373346966,0.003051794729495935,positive_comeback,9683290030080,2649870303232,1.7198418697902833,7400000,5978920012,2940,10400000,15833776,-0.3858903347052784,29.9014228386118,28.605531812552744,15.816990693309524,22.511505788766062,7.9865049385539955,16.15731646026544,16.57765600099681
SEVENTEEN_20210228_MINGYU_BULLYING_ALLEGATION_PLEDIS_ADDRESSES_M,HYBE,352820.KS,SEVENTEEN,Mingyu,PR_crisis,bullying_allegation,PLEDIS addresses Mingyu school bullying allegations,PLEDIS 回應 Mingyu 校園霸凌爭議,플레디스 민규 학교폭력 의혹 입장 발표,2021-02-28,2021-02-28,2021-03-14,15,3,14,negative,4.0,B_media,https://www.abs-cbn.com/2021/2/28/fresh-scoops/agency-issues-statement-on-allegations-surrounding-191990,,PLEDIS issued a statement and Mingyu temporarily paused activities while allegations were investigated.,Elisa,completed,2021-03-02,-0.012573460551431367,-0.027078766793056666,-0.018115735061172367,-0.06583012186204577,-0.04069991147220707,-0.15698677865083316,-0.06465979436812103,negative_PR_crisis,9683290030080,2649870303232,1.7198418697902833,17300000,8462611681,3587,16100000,5173734,-0.4674104072449672,29.9014228386118,28.605531812552744,16.666217117271472,22.85892367237985,8.185350223178686,16.59432989206649,15.45910542278985
SEVENTEEN_20210406_MINGYU_ALLEGATION_CLEARED_MINGYU_RESUMES_ACTI,HYBE,352820.KS,SEVENTEEN,Mingyu,PR_crisis,allegation_cleared,Mingyu resumes activities after bullying allegations are addressed,Mingyu 校園霸凌爭議釐清後恢復活動,민규 학교폭력 의혹 해소 후 활동 재개,2021-04-06,2021-04-06,2021-04-20,15,3,14,positive,3.0,B_media,https://www.koreaboo.com/news/pledis-entertainment-announces-seventeen-mingyu-cleared-school-bullying-accusations-resume-activities/,,Follow-up PR event: PLEDIS announced Mingyu had cleared up the accusations and would resume activities.,Elisa,completed,2021-04-06,0.042466601294965836,0.11176613063860434,0.09243681861711338,0.04437602045161521,0.022540795604958277,0.06450745852253795,0.09960993806858134,positive_resolution,9683290030080,2649870303232,1.7198418697902833,17300000,8462611681,3587,16100000,5173734,-0.4674104072449672,29.9014228386118,28.605531812552744,16.666217117271472,22.85892367237985,8.185350223178686,16.59432989206649,15.45910542278985
SEVENTEEN_20210719_NAN_CONTRACT_RENEWAL_ALL_13_SEVENTEEN_MEMBERS,HYBE,352820.KS,SEVENTEEN,,contract_member,contract_renewal,All 13 SEVENTEEN members renew contracts with PLEDIS,SEVENTEEN 全員與 PLEDIS 續約,세븐틴 전원 플레디스와 재계약,2021-07-19,2021-07-19,2021-08-02,15,3,14,positive,5.0,B_media,https://celebconfirmed.com/news/Seventeen%27s-13-members-all-renew-contracts-with-Pledis-Entertainment-808,,Full-group contract renewal reduced uncertainty around group continuity.,Elisa,completed,2021-07-19,0.006050244089291066,-0.0098160846079007,0.0011411272092364342,-0.040428537839563065,-0.07385970185637852,-0.1281971728180371,-0.040851847690802606,positive_resolution,9683290030080,2649870303232,1.7198418697902833,17300000,8462611681,3587,16100000,5173734,-0.4674104072449672,29.9014228386118,28.605531812552744,16.666217117271472,22.85892367237985,8.185350223178686,16.59432989206649,15.45910542278985
SEVENTEEN_20220625_NAN_WORLD_TOUR_START_SEVENTEEN_BEGINS_BE_THE_,HYBE,352820.KS,SEVENTEEN,,concert,world_tour_start,SEVENTEEN begins Be The Sun world tour,SEVENTEEN 展開 Be The Sun 世界巡演,세븐틴 Be The Sun 월드투어 시작,2022-06-25,2022-06-25,2022-07-09,15,3,14,positive,4.0,B_media,https://en.wikipedia.org/wiki/Be_The_Sun_World_Tour,,World tour launch; relevant to concert demand and revenue.,Elisa,completed,2022-06-27,0.0061936990302439675,-0.027506959612931866,-0.005526072952133563,0.02637945678237597,-0.017865556320900134,0.029243479097927634,-0.21537826909875785,positive_concert,9683290030080,2649870303232,1.7198418697902833,17300000,8462611681,3587,16100000,5173734,-0.4674104072449672,29.9014228386118,28.605531812552744,16.666217117271472,22.85892367237985,8.185350223178686,16.59432989206649,15.45910542278985
SEVENTEEN_20230721_NAN_TOUR_START_SEVENTEEN_BEGINS_FOLLOW_TO_SEO,HYBE,352820.KS,SEVENTEEN,,concert,tour_start,SEVENTEEN begins FOLLOW TO SEOUL concert,SEVENTEEN 展開 FOLLOW TO SEOUL 演唱會,세븐틴 FOLLOW TO SEOUL 공연 시작,2023-07-21,2023-07-21,2023-08-04,15,3,14,positive,4.0,A_official,https://weverse.io/seventeen/notice/13667,,FOLLOW TO SEOUL held at Gocheok Sky Dome.,Elisa,completed,2023-07-21,-0.025640805933101796,0.00178729029893393,0.008311557601062367,-0.019245955437416383,-0.07690275983416305,-0.04453443033097535,-0.09314838681023091,positive_concert,9683290030080,2649870303232,1.7198418697902833,17300000,8462611681,3587,16100000,5173734,-0.4674104072449672,29.9014228386118,28.605531812552744,16.666217117271472,22.85892367237985,8.185350223178686,16.59432989206649,15.45910542278985
SEVENTEEN_20231123_NAN_JAPAN_DOME_TOUR_SEVENTEEN_BEGINS_FOLLOW_T,HYBE,352820.KS,SEVENTEEN,,concert,japan_dome_tour,SEVENTEEN begins FOLLOW TO JAPAN dome tour leg,SEVENTEEN 展開 FOLLOW TO JAPAN 巨蛋巡演,세븐틴 FOLLOW TO JAPAN 돔 투어 시작,2023-11-23,2023-11-23,2023-12-07,15,3,14,positive,4.0,B_media,https://en.wikipedia.org/wiki/Follow_Tour,,"Japan dome leg of FOLLOW tour, indicating strong regional concert demand.",Elisa,completed,2023-11-23,0.041175587608953665,0.042715614666621965,0.042915980830241965,0.09018251648480353,0.11128422185376624,0.11863635111785897,0.17769999676159162,positive_concert,9683290030080,2649870303232,1.7198418697902833,17300000,8462611681,3587,16100000,5173734,-0.4674104072449672,29.9014228386118,28.605531812552744,16.666217117271472,22.85892367237985,8.185350223178686,16.59432989206649,15.45910542278985
SEVENTEEN_20240330_NAN_ENCORE_CONCERT_SEVENTEEN_HOLDS_FOLLOW_AGA,HYBE,352820.KS,SEVENTEEN,,concert,encore_concert,SEVENTEEN holds FOLLOW AGAIN TO INCHEON,SEVENTEEN 舉辦 FOLLOW AGAIN TO INCHEON,세븐틴 FOLLOW AGAIN TO INCHEON 개최,2024-03-30,2024-03-30,2024-04-13,15,3,14,positive,4.0,A_official,https://weverse.io/seventeen/notice/17592,,Official Weverse notice announced Incheon encore concerts.,Elisa,completed,2024-04-01,0.019853892813002698,0.006147780697324197,0.02428388349725433,0.036151548631432565,0.017928318995393898,0.09913531048383757,0.14198052274960477,positive_concert,9683290030080,2649870303232,1.7198418697902833,17300000,8462611681,3587,16100000,5173734,-0.4674104072449672,29.9014228386118,28.605531812552744,16.666217117271472,22.85892367237985,8.185350223178686,16.59432989206649,15.45910542278985
SEVENTEEN_20240626_NAN_GOODWILL_AMBASSADOR_SEVENTEEN_APPOINTED_U,HYBE,352820.KS,SEVENTEEN,,activity,goodwill_ambassador,SEVENTEEN appointed UNESCO Goodwill Ambassador for Youth,SEVENTEEN 成為 UNESCO 青年親善大使,세븐틴 유네스코 청년 친선대사 임명,2024-06-26,2024-06-26,2024-07-10,15,3,14,positive,4.0,A_official,https://www.unesco.org/en/articles/k-pop-group-seventeen-become-unescos-first-ever-goodwill-ambassador-youth,,UNESCO appointment; fits activity/public-image category.,Elisa,completed,2024-06-26,-0.0124667576600922,-0.0004767422460298671,-0.006684502109345033,-0.032907719290270136,-0.012480252185622834,0.0233660572035278,0.016421008292100393,positive_activity,9683290030080,2649870303232,1.7198418697902833,17300000,8462611681,3587,16100000,5173734,-0.4674104072449672,29.9014228386118,28.605531812552744,16.666217117271472,22.85892367237985,8.185350223178686,16.59432989206649,15.45910542278985
SEVENTEEN_20240628_NAN_FESTIVAL_PERFORMANCE_SEVENTEEN_PERFORMS_A,HYBE,352820.KS,SEVENTEEN,,concert,festival_performance,SEVENTEEN performs at Glastonbury Festival,SEVENTEEN 登上 Glastonbury 音樂節,세븐틴 글래스턴베리 페스티벌 공연,2024-06-28,2024-06-28,2024-07-12,15,3,14,positive,4.0,B_media,https://www.reuters.com/lifestyle/with-high-energy-song-dance-seventeen-brings-k-pop-glastonbury-2024-06-28/,,Reuters reported SEVENTEEN as the first K-pop group to perform at Glastonbury.,Elisa,completed,2024-06-28,-0.014768535090612368,-0.020440961630177935,-0.0262232171809251,-0.005795750076277802,-0.000733077156278239,0.003954750839889193,-0.011478195705851672,positive_concert,9683290030080,2649870303232,1.7198418697902833,17300000,8462611681,3587,16100000,5173734,-0.4674104072449672,29.9014228386118,28.605531812552744,16.666217117271472,22.85892367237985,8.185350223178686,16.59432989206649,15.45910542278985
SEVENTEEN_20241012_NAN_WORLD_TOUR_START_SEVENTEEN_BEGINS_RIGHT_H,HYBE,352820.KS,SEVENTEEN,,concert,world_tour_start,SEVENTEEN begins RIGHT HERE world tour in Goyang,SEVENTEEN 於高陽展開 RIGHT HERE 世界巡演,세븐틴 RIGHT HERE 월드투어 고양 공연 시작,2024-10-12,2024-10-12,2024-10-26,15,3,14,positive,4.0,B_media,https://en.wikipedia.org/wiki/Right_Here_World_Tour,,RIGHT HERE world tour began in Goyang and continued into 2025.,Elisa,completed,2024-10-14,-0.009395946374456466,0.01818160595028564,0.017684389447549603,0.06285889611501948,0.07817458855696281,0.11665171090055595,0.07101347819640894,positive_concert,9683290030080,2649870303232,1.7198418697902833,17300000,8462611681,3587,16100000,5173734,-0.4674104072449672,29.9014228386118,28.605531812552744,16.666217117271472,22.85892367237985,8.185350223178686,16.59432989206649,15.45910542278985
SEVENTEEN_20250216_NAN_TOUR_END_SEVENTEEN_CONCLUDES_RIGHT_HERE_W,HYBE,352820.KS,SEVENTEEN,,concert,tour_end,SEVENTEEN concludes RIGHT HERE world tour in Bangkok,SEVENTEEN 於曼谷結束 RIGHT HERE 世界巡演,세븐틴 RIGHT HERE 월드투어 방콕 공연 종료,2025-02-16,2025-02-16,2025-03-02,15,3,14,positive,4.0,B_media,https://en.wikipedia.org/wiki/Right_Here_World_Tour,,Tour conclusion event; useful for concert-cycle traffic.,Elisa,completed,2025-02-17,-0.011542804168624361,0.008148688880787737,-0.010793316299143261,-0.08967439130494143,-0.07689353756894424,-0.048687012746129264,-0.08583095034377149,positive_concert,9683290030080,2649870303232,1.7198418697902833,17300000,8462611681,3587,16100000,5173734,-0.4674104072449672,29.9014228386118,28.605531812552744,16.666217117271472,22.85892367237985,8.185350223178686,16.59432989206649,15.45910542278985
SEVENTEEN_20250505_S_COUPS_FASHION_EVENT_S_COUPS_MAKES_MET_GALA_,HYBE,352820.KS,SEVENTEEN,S.Coups,activity,fashion_event,S.Coups makes Met Gala debut with BOSS,S.Coups 以 BOSS 造型首次登上 Met Gala,에스쿱스 BOSS와 함께 멧 갈라 데뷔,2025-05-05,2025-05-05,2025-05-19,15,3,14,positive,3.0,B_media,https://www.vogue.com/article/s-coups-seventeen-met-gala-boss,,Fashion-event activity; S.Coups attended Met Gala 2025 with BOSS.,Elisa,completed,2025-05-07,0.011284631835481966,-0.009514011789939268,0.02022230247293933,0.02214432547176429,0.011979696934387121,0.05263938752029071,0.050035424314264734,positive_activity,9683290030080,2649870303232,1.7198418697902833,17300000,8462611681,3587,16100000,5173734,-0.4674104072449672,29.9014228386118,28.605531812552744,16.666217117271472,22.85892367237985,8.185350223178686,16.59432989206649,15.45910542278985
SEVENTEEN_20250819_MINGYU_BRAND_CAMPAIGN_MINGYU_FRONTS_CALVIN_KL,HYBE,352820.KS,SEVENTEEN,Mingyu,activity,brand_campaign,Mingyu fronts Calvin Klein Fall 2025 denim campaign,Mingyu 擔任 Calvin Klein 2025 秋季丹寧形象 campaign 主角,민규 캘빈클라인 2025 가을 데님 캠페인 참여,2025-08-19,2025-08-19,2025-09-02,15,3,14,positive,3.0,A_official,https://www.pvh.com/news/calvin-klein-denim-campaign-mingyu,,Brand campaign activity; PVH announced Mingyu as the star of Calvin Klein Fall 2025 denim campaign.,Elisa,completed,2025-08-19,0.021572033496326064,-0.013641508178472938,-0.009283340272758404,0.02027541525119066,0.05417267032333579,-0.018646981329650855,-0.005500035998595306,positive_activity,9683290030080,2649870303232,1.7198418697902833,17300000,8462611681,3587,16100000,5173734,-0.4674104072449672,29.9014228386118,28.605531812552744,16.666217117271472,22.85892367237985,8.185350223178686,16.59432989206649,15.45910542278985
SEVENTEEN_20250913_NAN_WORLD_TOUR_START_SEVENTEEN_BEGINS_NEW_WOR,HYBE,352820.KS,SEVENTEEN,,concert,world_tour_start,SEVENTEEN begins NEW_ world tour in Incheon,SEVENTEEN 於仁川展開 NEW_ 世界巡演,세븐틴 NEW_ 월드투어 인천 공연 시작,2025-09-13,2025-09-13,2025-09-27,15,3,14,positive,4.0,A_official,https://weverse.io/seventeen/notice/28754,,Official Weverse notice for SEVENTEEN WORLD TOUR [NEW_] IN INCHEON.,Elisa,completed,2025-09-15,-0.010036360061095798,0.009604256479154034,-0.006257840888153998,-0.013136448624008331,-0.022251980687781003,-0.0273005048776217,-0.050998886089770094,positive_concert,9683290030080,2649870303232,1.7198418697902833,17300000,8462611681,3587,16100000,5173734,-0.4674104072449672,29.9014228386118,28.605531812552744,16.666217117271472,22.85892367237985,8.185350223178686,16.59432989206649,15.45910542278985
SEVENTEEN_20251222_NAN_JAPAN_DOME_TOUR_END_SEVENTEEN_CONCLUDES_2,HYBE,352820.KS,SEVENTEEN,,concert,japan_dome_tour_end,SEVENTEEN concludes 2025 Japan dome tour across four major domes,SEVENTEEN 結束 2025 日本四大巨蛋巡演,세븐틴 2025 일본 4대 돔 투어 종료,2025-12-22,2025-12-22,2026-01-01,11,3,14,positive,4.0,B_media,https://timesofindia.indiatimes.com/entertainment/k-pop/music/news/seventeen-draws-420000-fans-across-japans-four-major-domes-eyes-asia-stadium-tour/articleshow/126127697.cms,,Late-2025 concert event; useful to avoid data being too concentrated before 2024.,Elisa,completed,2025-12-22,-0.019012198250214232,0.009688510585342307,-0.01877355530665576,-0.027556686036779663,-0.045062162744459996,-0.04830678697443777,0.04817246055159679,positive_concert,9683290030080,2649870303232,1.7198418697902833,17300000,8462611681,3587,16100000,5173734,-0.4674104072449672,29.9014228386118,28.605531812552744,16.666217117271472,22.85892367237985,8.185350223178686,16.59432989206649,15.45910542278985
BTS_20210927_NAN_OFFLINE_CONCERT_ANNOUNCEMENT_BTS_ANNOUNCE,HYBE,352820.KS,BTS,,concert,offline_concert_announcement,BTS announces Permission to Dance On Stage LA concerts,BTS 宣布 Permission to Dance On Stage LA 演唱會,방탄소년단 Permission to Dance On Stage LA 공연 발표,2021-09-27,2021-09-27,2021-10-11,15,3,14,positive,4.0,B_media,https://www.sofistadium.com/news/detail/bts-announce-bts-permission-to-dance-on-stage-la-coming-to-sofi-stadium-for-four-nights,,"Announcement of four LA stadium shows, marking BTS's return to offline concerts.",Elisa,completed,2021-09-27,0.031406672918718966,0.029593798519913162,0.028408749048678097,-0.0018859155590042476,-0.08899095301861674,-0.12753181954357298,-0.07783249751784019,positive_concert,9683290030080,2649870303232,1.7198418697902833,84500000,28082874009,3044,80200000,37818601,2.040996561571203,29.9014228386118,28.605531812552744,18.252262104161723,24.058425761650014,8.021256180143997,18.20003408530557,17.44831165594237
BTS_20211127_NAN_OFFLINE_CONCERT_START_BTS_BEGINS_PERMISSI,HYBE,352820.KS,BTS,,concert,offline_concert_start,BTS begins Permission to Dance On Stage LA concerts,BTS 展開 Permission to Dance On Stage LA 演唱會,방탄소년단 Permission to Dance On Stage LA 공연 시작,2021-11-27,2021-11-27,2021-12-11,15,3,14,positive,5.0,B_media,https://en.wikipedia.org/wiki/Permission_to_Dance_on_Stage,,Four-night SoFi Stadium concert run; strong concert revenue and traffic event.,Elisa,completed,2021-11-29,0.0034090711444290985,0.036009899963091264,0.019562287492049128,-0.03876420483003153,-0.07848881312831041,-0.050650380113041966,-0.0309499186238125,positive_concert,9683290030080,2649870303232,1.7198418697902833,84500000,28082874009,3044,80200000,37818601,2.040996561571203,29.9014228386118,28.605531812552744,18.252262104161723,24.058425761650014,8.021256180143997,18.20003408530557,17.44831165594237
BTS_20220310_NAN_SEOUL_CONCERT_START_BTS_BEGINS_PERMISSION,HYBE,352820.KS,BTS,,concert,seoul_concert_start,BTS begins Permission to Dance On Stage Seoul concerts,BTS 展開 Permission to Dance On Stage 首爾演唱會,방탄소년단 Permission to Dance On Stage 서울 공연 시작,2022-03-10,2022-03-10,2022-03-24,15,3,14,positive,4.0,B_media,https://en.wikipedia.org/wiki/Permission_to_Dance_on_Stage,,BTS returned to domestic live concerts in Seoul after COVID-era restrictions.,Elisa,completed,2022-03-10,0.0,-0.007741132429106082,-0.01452857718629328,-0.02606150664536608,-0.025884675385320615,-0.08066454657224255,-0.07243235640729666,positive_concert,9683290030080,2649870303232,1.7198418697902833,84500000,28082874009,3044,80200000,37818601,2.040996561571203,29.9014228386118,28.605531812552744,18.252262104161723,24.058425761650014,8.021256180143997,18.20003408530557,17.44831165594237
BTS_20220614_NAN_SOLO_ACTIVITY_TRANSITION_BTS_ANNOUNCES_FO,HYBE,352820.KS,BTS,,activity,solo_activity_transition,BTS announces focus on solo activities during 2022 FESTA,BTS 於 2022 FESTA 宣布重心轉向個人活動,방탄소년단 2022 FESTA에서 개인 활동 중심 계획 발표,2022-06-14,2022-06-14,2022-06-28,15,3,14,mixed,5.0,B_media,https://pitchfork.com/news/bts-are-not-on-hiatus-rep-says-following-band-members-statements/,,Market-sensitive activity transition from group promotions to individual activities.,Elisa,completed,2022-06-14,-0.008509523934118666,-0.29571051825395017,-0.2286250656179362,-0.2090735448589653,-0.19409237834932,-0.3258425440024277,-0.256330777413355,artist_transition,9683290030080,2649870303232,1.7198418697902833,84500000,28082874009,3044,80200000,37818601,2.040996561571203,29.9014228386118,28.605531812552744,18.252262104161723,24.058425761650014,8.021256180143997,18.20003408530557,17.44831165594237
BTS_20220731_J_HOPE_FESTIVAL_HEADLINER_J_HOPE_HEADLINES_LO,HYBE,352820.KS,BTS,j-hope,activity,festival_headliner,j-hope headlines Lollapalooza as a BTS solo activity,j-hope 以 BTS 成員個人活動登上 Lollapalooza 壓軸,제이홉 롤라팔루자 헤드라이너 공연,2022-07-31,2022-07-31,2022-08-14,15,3,14,positive,4.0,B_media,https://www.billboard.com/music/music-news/j-hope-bts-lollapalooza-2022-review-1235119962/,,High-profile solo public activity during BTS's individual-activity phase.,Elisa,completed,2022-08-01,-6.622323491209912e-05,-0.029116060519001535,-0.05435183986214067,-0.0430277328595942,-0.03373725949364197,0.020858590219198433,0.0668916689643127,positive_activity,9683290030080,2649870303232,1.7198418697902833,84500000,28082874009,3044,80200000,37818601,2.040996561571203,29.9014228386118,28.605531812552744,18.252262104161723,24.058425761650014,8.021256180143997,18.20003408530557,17.44831165594237
BTS_20221015_NAN_SPECIAL_CONCERT_BTS_HOLDS_YET_TO_COME_IN_,HYBE,352820.KS,BTS,,concert,special_concert,BTS holds Yet To Come in Busan concert,BTS 舉辦 Yet To Come in Busan 演唱會,방탄소년단 Yet To Come in Busan 공연,2022-10-15,2022-10-15,2022-10-29,15,3,14,positive,4.0,A_official,https://weverse.io/bts/notice/9298,,Large-scale Busan special concert supporting the World Expo bid.,Elisa,completed,2022-10-17,-0.027947066247958667,0.030672385707664167,0.020202394046213996,0.013962903980180828,-0.0031337044768742044,-0.11191187897043302,-0.072168031877452,positive_concert,9683290030080,2649870303232,1.7198418697902833,84500000,28082874009,3044,80200000,37818601,2.040996561571203,29.9014228386118,28.605531812552744,18.252262104161723,24.058425761650014,8.021256180143997,18.20003408530557,17.44831165594237
BTS_20221017_NAN_MILITARY_SERVICE_PLAN_BIGHIT_MUSIC_CONFIR,HYBE,352820.KS,BTS,,contract_member,military_service_plan,BIGHIT MUSIC confirms BTS will fulfill mandatory military service,BIGHIT MUSIC 確認 BTS 將履行兵役義務,빅히트 뮤직 방탄소년단 병역 의무 이행 발표,2022-10-17,2022-10-17,2022-10-31,15,3,14,mixed,5.0,A_official,https://weverse.io/bts/notice/9371,,Major member-schedule announcement affecting group continuity and future activities.,Elisa,completed,2022-10-17,-0.027947066247958667,0.030672385707664167,0.020202394046213996,0.013962903980180828,-0.0031337044768742044,-0.11191187897043302,-0.072168031877452,artist_transition,9683290030080,2649870303232,1.7198418697902833,84500000,28082874009,3044,80200000,37818601,2.040996561571203,29.9014228386118,28.605531812552744,18.252262104161723,24.058425761650014,8.021256180143997,18.20003408530557,17.44831165594237
BTS_20221213_JIN_MEMBER_ENLISTMENT_JIN_BEGINS_MANDATORY_MI,HYBE,352820.KS,BTS,Jin,contract_member,member_enlistment,Jin begins mandatory military service,Jin 入伍服役,진 군 입대,2022-12-13,2022-12-13,2022-12-27,15,3,14,mixed,4.0,B_media,https://www.theguardian.com/music/2022/dec/12/k-pop-star-jin-of-bts-starts-his-military-service-in-south-korea,,First BTS member enlistment; coded under contract/member status rather than separate military category.,Elisa,completed,2022-12-13,0.0044468122146105685,0.0388693919953887,0.0356627751014575,0.04797362206893676,0.0379891577566945,0.08068279948303328,0.1493512862748222,artist_transition,9683290030080,2649870303232,1.7198418697902833,84500000,28082874009,3044,80200000,37818601,2.040996561571203,29.9014228386118,28.605531812552744,18.252262104161723,24.058425761650014,8.021256180143997,18.20003408530557,17.44831165594237
BTS_20230518_V_DATING_RUMOR_AGENCY_RESPONSE_V_AND_JENNIE_D,HYBE,352820.KS,BTS,V,dating,dating_rumor_agency_response,V and Jennie dating rumors resurface after Paris video,V 與 Jennie 因巴黎影片再度傳出戀愛傳聞,뷔와 제니 파리 영상 이후 열애설 재점화,2023-05-18,2023-05-18,2023-06-01,15,3,14,mixed,3.0,B_media,https://www.elle.com/culture/celebrities/a43931120/jennie-v-agencies-yg-dating-paris-response/,,"Dating rumor with agency response; keep as rumor-level event, not confirmed relationship.",Elisa,completed,2023-05-18,-0.0193643268492198,-0.033963856972628506,-0.013068795187898767,-0.0455358821070044,-0.038283001066566,-0.2291040364443849,-0.2607090417902641,dating,9683290030080,2649870303232,1.7198418697902833,84500000,28082874009,3044,80200000,37818601,2.040996561571203,29.9014228386118,28.605531812552744,18.252262104161723,24.058425761650014,8.021256180143997,18.20003408530557,17.44831165594237
BTS_20230328_JUNG_KOOK_BRAND_AMBASSADOR_JUNG_KOOK_IS_ANNOU,HYBE,352820.KS,BTS,Jung Kook,activity,brand_ambassador,Jung Kook is announced as Calvin Klein global ambassador,Jung Kook 成為 Calvin Klein 全球品牌大使,정국 캘빈클라인 글로벌 앰버서더 선정,2023-03-28,2023-03-28,2023-04-11,15,3,14,positive,4.0,A_official,https://www.calvinklein.us/en/press/jungkook-calvin-klein,,Major individual brand activity by a BTS member.,Elisa,completed,2023-03-28,-0.01725878029410747,0.01883786752111137,-0.010537269331823135,0.002046160129013595,-0.005472165057605605,0.03321532545319619,0.16076396994941475,positive_activity,9683290030080,2649870303232,1.7198418697902833,84500000,28082874009,3044,80200000,37818601,2.040996561571203,29.9014228386118,28.605531812552744,18.252262104161723,24.058425761650014,8.021256180143997,18.20003408530557,17.44831165594237
BTS_20230920_NAN_CONTRACT_RENEWAL_ALL_SEVEN_BTS_MEMBERS_RE,HYBE,352820.KS,BTS,,contract_member,contract_renewal,All seven BTS members renew contracts with HYBE and BIGHIT MUSIC,BTS 七名成員全員與 HYBE / BIGHIT MUSIC 續約,방탄소년단 전원 하이브 및 빅히트 뮤직과 재계약,2023-09-20,2023-09-20,2023-10-04,15,3,14,positive,5.0,B_media,https://www.businesstimes.com.sg/lifestyle/all-bts-members-renew-contracts-hybe-agency,,Contract renewal reduces uncertainty around BTS's post-service group continuity.,Elisa,completed,2023-09-20,-0.002151985161364501,0.01917591874295217,0.01696318228901407,0.04728943066585374,0.054616474176490334,0.04639683177428697,0.021113425261270708,positive_resolution,9683290030080,2649870303232,1.7198418697902833,84500000,28082874009,3044,80200000,37818601,2.040996561571203,29.9014228386118,28.605531812552744,18.252262104161723,24.058425761650014,8.021256180143997,18.20003408530557,17.44831165594237
BTS_20240823_SUGA_DUI_INCIDENT_SUGA_APPEARS_BEFORE_POLICE_,HYBE,352820.KS,BTS,SUGA,PR_crisis,dui_incident,SUGA appears before police over e-scooter drunk driving incident,SUGA 因酒後騎乘電動滑板車事件到警局接受調查,슈가 전동 스쿠터 음주운전 사건 경찰 출석,2024-08-23,2024-08-23,2024-09-06,15,3,14,negative,5.0,B_media,https://www.reuters.com/world/asia-pacific/bts-member-suga-appears-before-police-e-scooter-drunk-driving-2024-08-23/,,High-profile PR crisis involving police questioning over drunk driving on an electric scooter.,Elisa,completed,2024-08-23,0.0065225158109561,0.038594110665790896,0.015477899977543768,0.050926700097532404,0.08666993476508,0.13490661996877223,0.11780348485202999,negative_PR_crisis,9683290030080,2649870303232,1.7198418697902833,84500000,28082874009,3044,80200000,37818601,2.040996561571203,29.9014228386118,28.605531812552744,18.252262104161723,24.058425761650014,8.021256180143997,18.20003408530557,17.44831165594237
BTS_20240930_SUGA_FINE_SUGA_IS_FINED_FOR_E_SCOOTER_DRUNK_D,HYBE,352820.KS,BTS,SUGA,PR_crisis,fine,SUGA is fined for e-scooter drunk driving incident,SUGA 因酒後騎乘電動滑板車事件遭罰款,슈가 전동 스쿠터 음주운전 사건 벌금 처분,2024-09-30,2024-09-30,2024-10-14,15,3,14,negative,4.0,B_media,https://www.reuters.com/world/asia-pacific/bts-member-suga-fined-11500-drunk-driving-e-scooter-2024-09-30/,,Follow-up PR crisis event after court fine.,Elisa,completed,2024-09-30,-0.0100827725276177,-0.021676342836746,0.0013504659116827678,0.013869662315632867,0.03933037175253987,-0.03684037236275248,-0.04889202784158447,negative_PR_crisis,9683290030080,2649870303232,1.7198418697902833,84500000,28082874009,3044,80200000,37818601,2.040996561571203,29.9014228386118,28.605531812552744,18.252262104161723,24.058425761650014,8.021256180143997,18.20003408530557,17.44831165594237
BTS_20250228_J_HOPE_SOLO_TOUR_START_J_HOPE_BEGINS_HOPE_ON_,HYBE,352820.KS,BTS,j-hope,concert,solo_tour_start,j-hope begins HOPE ON THE STAGE solo tour in Seoul,j-hope 於首爾展開 HOPE ON THE STAGE 個人巡演,제이홉 HOPE ON THE STAGE 서울 공연 시작,2025-02-28,2025-02-28,2025-03-14,15,3,14,positive,4.0,B_media,https://apnews.com/article/fda4409d8b8e32eec9d8c2265454f025,,First BTS member solo tour after military service period; relevant as concert/activity demand.,Elisa,completed,2025-02-28,-0.017157835356404832,-0.044759304669459564,-0.05439785057699426,-0.01448013568169013,-0.021925413092929464,0.011586481981929304,-0.04217008395484529,positive_concert,9683290030080,2649870303232,1.7198418697902833,84500000,28082874009,3044,80200000,37818601,2.040996561571203,29.9014228386118,28.605531812552744,18.252262104161723,24.058425761650014,8.021256180143997,18.20003408530557,17.44831165594237
BTS_20250628_JIN_SOLO_FAN_CONCERT_TOUR_START_JIN_BEGINS_RU,HYBE,352820.KS,BTS,Jin,concert,solo_fan_concert_tour_start,Jin begins RUNSEOKJIN_EP.TOUR in Goyang,Jin 於高陽展開 RUNSEOKJIN_EP.TOUR,진 RUNSEOKJIN_EP.TOUR 고양 공연 시작,2025-06-28,2025-06-28,2025-07-12,15,3,14,positive,4.0,B_media,https://en.wikipedia.org/wiki/RunSeokjin_Ep._Tour,,Jin's first solo fan concert world tour after military discharge.,Elisa,completed,2025-06-30,-0.010587963525463264,-0.0199051171827188,-0.0042264648676353985,-0.015816261093638265,-0.026752426764567596,-0.014301814282909029,-0.08770491445608186,positive_concert,9683290030080,2649870303232,1.7198418697902833,84500000,28082874009,3044,80200000,37818601,2.040996561571203,29.9014228386118,28.605531812552744,18.252262104161723,24.058425761650014,8.021256180143997,18.20003408530557,17.44831165594237
STRAY_KIDS_20210227_HYUNJIN_BULLYING_ALLEGATION_ACTIVITY_PAUSE_HY,JYP,035900.KQ,Stray Kids,Hyunjin,PR_crisis,bullying_allegation_activity_pause,Hyunjin pauses activities amid school bullying allegations,Hyunjin 因校園霸凌爭議暫停活動,현진 학교폭력 의혹으로 활동 중단,2021-02-27,2021-02-27,2021-03-13,15,3,14,negative,5.0,B_media,https://www.soompi.com/article/1456971wpp/jyp-announces-stray-kidss-hyunjin-will-be-halting-all-activities,,Major PR crisis; JYP announced Hyunjin would halt activities after school bullying allegations.,Elisa,completed,2021-03-02,0.0316866356875021,-0.012185897070502667,-0.003991363633316099,-0.03750581900380843,-0.0826339728245628,-0.03904084182754571,0.041950480162528836,negative_PR_crisis,1898524311552,821854666752,-0.4688088931621585,23900000,11519478136,2067,33000000,10104954,-0.0349101255548243,28.272098022200222,27.434829411934103,16.98938905874274,23.167305190580414,7.63433723562832,17.312018149733785,16.128536455568973
STRAY_KIDS_20210626_HYUNJIN_ACTIVITY_RESUME_HYUNJIN_RESUMES_STRAY,JYP,035900.KQ,Stray Kids,Hyunjin,activity,activity_resume,Hyunjin resumes Stray Kids activities,Hyunjin 恢復 Stray Kids 活動,현진 스트레이 키즈 활동 재개,2021-06-26,2021-06-26,2021-07-10,15,3,14,positive,3.0,B_media,https://www.soompi.com/article/1476285wpp/stray-kidss-hyunjin-to-resume-activities-in-july,,Follow-up activity event after PR crisis; useful to capture recovery-related traffic.,Elisa,completed,2021-06-28,-0.006319537148773067,-0.015723942155425028,-0.011556566909324498,-0.008408129179464867,-0.032340692383111797,-0.07249055604603177,-0.15012823790471297,positive_activity,1898524311552,821854666752,-0.4688088931621585,23900000,11519478136,2067,33000000,10104954,-0.0349101255548243,28.272098022200222,27.434829411934103,16.98938905874274,23.167305190580414,7.63433723562832,17.312018149733785,16.128536455568973
STRAY_KIDS_20220307_NAN_WORLD_TOUR_ANNOUNCEMENT_STRAY_KIDS_ANNOUN,JYP,035900.KQ,Stray Kids,,concert,world_tour_announcement,Stray Kids announces Maniac world tour,Stray Kids 宣布 Maniac 世界巡演,스트레이 키즈 Maniac 월드투어 발표,2022-03-07,2022-03-07,2022-03-21,15,3,14,positive,4.0,B_media,https://www.soompi.com/article/1517711wpp/stray-kids-announces-2nd-world-tour-maniac,,World tour announcement after pandemic restrictions; relevant to concert demand.,Elisa,completed,2022-03-07,-0.008814797634640601,0.004716041469490732,0.004716041469490732,0.029525627159965203,0.0007900559179080009,0.02858813382326824,0.09258494345357918,positive_concert,1898524311552,821854666752,-0.4688088931621585,23900000,11519478136,2067,33000000,10104954,-0.0349101255548243,28.272098022200222,27.434829411934103,16.98938905874274,23.167305190580414,7.63433723562832,17.312018149733785,16.128536455568973
STRAY_KIDS_20220429_NAN_WORLD_TOUR_START_STRAY_KIDS_BEGINS_MANIAC,JYP,035900.KQ,Stray Kids,,concert,world_tour_start,Stray Kids begins Maniac world tour in Seoul,Stray Kids 於首爾展開 Maniac 世界巡演,스트레이 키즈 Maniac 월드투어 서울 공연 시작,2022-04-29,2022-04-29,2022-05-13,15,3,14,positive,4.0,B_media,https://en.wikipedia.org/wiki/Maniac_World_Tour,,Tour start event for MANIAC world tour.,Elisa,completed,2022-04-29,0.016166241998086334,0.014574202266576233,0.025313462139871366,0.027067187395951767,0.04164323043695684,0.0652450006675363,0.08213020692615158,positive_concert,1898524311552,821854666752,-0.4688088931621585,23900000,11519478136,2067,33000000,10104954,-0.0349101255548243,28.272098022200222,27.434829411934103,16.98938905874274,23.167305190580414,7.63433723562832,17.312018149733785,16.128536455568973
STRAY_KIDS_20230822_FELIX_BRAND_AMBASSADOR_FELIX_BECOMES_LOUIS_VU,JYP,035900.KQ,Stray Kids,Felix,activity,brand_ambassador,Felix becomes Louis Vuitton House Ambassador,Felix 成為 Louis Vuitton 品牌大使,필릭스 루이비통 하우스 앰버서더 선정,2023-08-22,2023-08-22,2023-09-05,15,3,14,positive,4.0,B_media,https://www.lofficielusa.com/fashion/stray-kids-felix-louis-vuitton-house-ambassador,,Major fashion activity and luxury-brand endorsement for Felix.,Elisa,completed,2023-08-22,-0.0058736030323946675,-0.0410283219229245,-0.006140329288943601,-0.009159321189992766,-0.01606041213803937,-0.09674316289677841,-0.11828184169104264,positive_activity,1898524311552,821854666752,-0.4688088931621585,23900000,11519478136,2067,33000000,10104954,-0.0349101255548243,28.272098022200222,27.434829411934103,16.98938905874274,23.167305190580414,7.63433723562832,17.312018149733785,16.128536455568973
STRAY_KIDS_20230816_NAN_DOME_TOUR_START_STRAY_KIDS_BEGINS_5_STAR_,JYP,035900.KQ,Stray Kids,,concert,dome_tour_start,Stray Kids begins 5-Star Dome Tour,Stray Kids 展開 5-Star Dome Tour,스트레이 키즈 5-Star Dome Tour 시작,2023-08-16,2023-08-16,2023-08-30,15,3,14,positive,4.0,B_media,https://en.wikipedia.org/wiki/5-Star_Dome_Tour,,Japan/Korea dome tour event indicating strong live-performance demand.,Elisa,completed,2023-08-16,0.006626875177777235,-0.023354946581626068,0.054893864413813165,-0.0024339397632998014,-0.008574269052243403,-0.0349590090090696,-0.1734043579949607,positive_concert,1898524311552,821854666752,-0.4688088931621585,23900000,11519478136,2067,33000000,10104954,-0.0349101255548243,28.272098022200222,27.434829411934103,16.98938905874274,23.167305190580414,7.63433723562832,17.312018149733785,16.128536455568973
STRAY_KIDS_20240712_NAN_FESTIVAL_HEADLINER_STRAY_KIDS_HEADLINES_I,JYP,035900.KQ,Stray Kids,,concert,festival_headliner,Stray Kids headlines I-Days Milano,Stray Kids 擔任 I-Days Milano 壓軸演出,스트레이 키즈 I-Days Milano 헤드라이너 공연,2024-07-12,2024-07-12,2024-07-26,15,3,14,positive,4.0,B_media,https://www.i-days.it/en/event/stray-kids,,European festival headliner performance in 2024.,Elisa,completed,2024-07-12,0.02922095446775407,0.02974085132256077,0.029993997031375536,0.05377853536467407,0.11586783512823397,0.158030204922955,0.0588097815192069,positive_concert,1898524311552,821854666752,-0.4688088931621585,23900000,11519478136,2067,33000000,10104954,-0.0349101255548243,28.272098022200222,27.434829411934103,16.98938905874274,23.167305190580414,7.63433723562832,17.312018149733785,16.128536455568973
STRAY_KIDS_20240714_NAN_FESTIVAL_HEADLINER_STRAY_KIDS_HEADLINES_B,JYP,035900.KQ,Stray Kids,,concert,festival_headliner,Stray Kids headlines BST Hyde Park,Stray Kids 擔任 BST Hyde Park 壓軸演出,스트레이 키즈 BST Hyde Park 헤드라이너 공연,2024-07-14,2024-07-14,2024-07-28,15,3,14,positive,4.0,B_media,https://www.timeout.com/london/news/stray-kids-at-bst-hyde-park-2024-timings-and-everything-you-need-to-know-071224,,"Stray Kids performed as BST Hyde Park headliner on July 14, 2024.",Elisa,completed,2024-07-15,0.000773042563621467,0.05008378225255207,0.020862827784798,0.06312734857009597,0.04135230066040849,0.08478204292820662,0.07115438928170173,positive_concert,1898524311552,821854666752,-0.4688088931621585,23900000,11519478136,2067,33000000,10104954,-0.0349101255548243,28.272098022200222,27.434829411934103,16.98938905874274,23.167305190580414,7.63433723562832,17.312018149733785,16.128536455568973
STRAY_KIDS_20240718_NAN_CONTRACT_RENEWAL_ALL_EIGHT_STRAY_KIDS_MEM,JYP,035900.KQ,Stray Kids,,contract_member,contract_renewal,All eight Stray Kids members renew contracts with JYP Entertainment,Stray Kids 八名成員全員與 JYP Entertainment 續約,스트레이 키즈 전원 JYP엔터테인먼트와 재계약,2024-07-18,2024-07-18,2024-08-01,15,3,14,positive,5.0,B_media,https://www.teenvogue.com/story/stray-kids-members-renew-contracts-with-jyp-entertainment-early,,"All eight members renewed contracts ahead of 2025 expiration, reducing continuity risk.",Elisa,completed,2024-07-18,0.038569767673175964,0.0657840528756819,0.062089299763559896,0.018733167765371962,-0.006676120414959706,0.0468492692408996,0.13379821097136949,positive_resolution,1898524311552,821854666752,-0.4688088931621585,23900000,11519478136,2067,33000000,10104954,-0.0349101255548243,28.272098022200222,27.434829411934103,16.98938905874274,23.167305190580414,7.63433723562832,17.312018149733785,16.128536455568973
STRAY_KIDS_20240802_NAN_FESTIVAL_HEADLINER_STRAY_KIDS_HEADLINES_L,JYP,035900.KQ,Stray Kids,,concert,festival_headliner,Stray Kids headlines Lollapalooza Chicago,Stray Kids 擔任 Lollapalooza Chicago 壓軸演出,스트레이 키즈 Lollapalooza Chicago 헤드라이너 공연,2024-08-02,2024-08-02,2024-08-16,15,3,14,positive,4.0,B_media,https://pitchfork.com/news/sza-tyler-the-creator-blink-182-to-headline-lollapalooza-2024/,,Stray Kids listed among Lollapalooza 2024 headliners.,Elisa,completed,2024-08-02,-0.024350814534711,-0.032763800060915824,-0.03723989140937979,-0.015158214643699635,0.025718874564091432,0.07443755198801347,-0.0507106542603752,positive_concert,1898524311552,821854666752,-0.4688088931621585,23900000,11519478136,2067,33000000,10104954,-0.0349101255548243,28.272098022200222,27.434829411934103,16.98938905874274,23.167305190580414,7.63433723562832,17.312018149733785,16.128536455568973
STRAY_KIDS_20240824_NAN_WORLD_TOUR_START_STRAY_KIDS_BEGINS_DOMINA,JYP,035900.KQ,Stray Kids,,concert,world_tour_start,Stray Kids begins dominATE world tour in Seoul,Stray Kids 於首爾展開 dominATE 世界巡演,스트레이 키즈 dominATE 월드투어 서울 공연 시작,2024-08-24,2024-08-24,2024-09-07,15,3,14,positive,5.0,B_media,https://en.wikipedia.org/wiki/Dominate_World_Tour,,dominATE world tour began in Seoul on 2024-08-24 and extended through 2025.,Elisa,completed,2024-08-26,0.006239394503630467,0.005649205992704235,0.008351990706143467,-0.007272389963824934,0.002424321475409901,0.004553279551044105,-0.08763932483327605,positive_concert,1898524311552,821854666752,-0.4688088931621585,23900000,11519478136,2067,33000000,10104954,-0.0349101255548243,28.272098022200222,27.434829411934103,16.98938905874274,23.167305190580414,7.63433723562832,17.312018149733785,16.128536455568973
STRAY_KIDS_20240724_BANG_CHAN_CHANGBIN_HAN_SOUNDTRACK_RELEASE_3RA,JYP,035900.KQ,Stray Kids,"Bang Chan, Changbin, Han",activity,soundtrack_release,3RACHA contributes Slash to Deadpool & Wolverine soundtrack,3RACHA 參與 Deadpool & Wolverine 原聲帶 Slash,쓰리라차 Deadpool & Wolverine OST Slash 참여,2024-07-24,2024-07-24,2024-08-07,15,3,14,positive,3.0,B_media,https://www.billboard.com/music/music-news/deadpool-wolverine-soundtrack-stray-kids-slash-1235737477/,,Cross-media global activity connected to a major Hollywood film soundtrack.,Elisa,completed,2024-07-24,-0.0030037599205312328,-0.0234708401784482,-0.025409288180331665,-0.026233697948611967,0.018833297895126395,0.04126121877262036,0.09142178803451041,positive_activity,1898524311552,821854666752,-0.4688088931621585,23900000,11519478136,2067,33000000,10104954,-0.0349101255548243,28.272098022200222,27.434829411934103,16.98938905874274,23.167305190580414,7.63433723562832,17.312018149733785,16.128536455568973
STRAY_KIDS_20241118_NAN_STADIUM_DATES_ANNOUNCEMENT_STRAY_KIDS_ANN,JYP,035900.KQ,Stray Kids,,concert,stadium_dates_announcement,Stray Kids announces 20 new stadium dates for 2025 dominATE tour,Stray Kids 宣布 dominATE 巡演 2025 年 20 場新體育場場次,스트레이 키즈 2025 dominATE 스타디움 추가 공연 발표,2024-11-18,2024-11-18,2024-12-02,15,3,14,positive,5.0,B_media,https://www.billboard.com/music/pop/stray-kids-20-new-stadium-dates-2025-dominate-world-tour-1235832006/,,"Announcement of 20 new 2025 stadium dates, strong signal of global concert demand.",Elisa,completed,2024-11-18,-0.014771047772065967,0.044719021106076236,0.025125400036635832,0.06645219520661094,0.07544066860019877,0.12589379837465223,0.34015664296274534,positive_concert,1898524311552,821854666752,-0.4688088931621585,23900000,11519478136,2067,33000000,10104954,-0.0349101255548243,28.272098022200222,27.434829411934103,16.98938905874274,23.167305190580414,7.63433723562832,17.312018149733785,16.128536455568973
STRAY_KIDS_20250528_NAN_STADIUM_CONCERT_STRAY_KIDS_PERFORMS_DOMIN,JYP,035900.KQ,Stray Kids,,concert,stadium_concert,Stray Kids performs dominATE concert at Oracle Park San Francisco,Stray Kids 於舊金山 Oracle Park 舉辦 dominATE 演唱會,스트레이 키즈 샌프란시스코 Oracle Park dominATE 공연,2025-05-28,2025-05-28,2025-06-11,15,3,14,positive,4.0,B_media,https://www.sfchronicle.com/entertainment/article/stray-kids-oracle-park-concert-20350152.php,,2025 North American stadium concert; useful for recent-period traffic.,Elisa,completed,2025-05-28,0.020959926967845703,0.0010766285989892068,0.0054707370884946715,0.026566119889551904,0.003305387976968636,-0.07406922372600283,-0.00808813901494463,positive_concert,1898524311552,821854666752,-0.4688088931621585,23900000,11519478136,2067,33000000,10104954,-0.0349101255548243,28.272098022200222,27.434829411934103,16.98938905874274,23.167305190580414,7.63433723562832,17.312018149733785,16.128536455568973
STRAY_KIDS_20250727_NAN_SOLD_OUT_STADIUM_CONCERT_STRAY_KIDS_PERFO,JYP,035900.KQ,Stray Kids,,concert,sold_out_stadium_concert,Stray Kids performs sold-out dominATE concerts at Stade de France,Stray Kids 於法國體育場舉辦售罄 dominATE 演唱會,스트레이 키즈 Stade de France 매진 dominATE 공연,2025-07-27,2025-07-27,2025-08-10,15,3,14,positive,4.0,B_media,https://www.lemonde.fr/en/culture/article/2025/07/28/k-pop-boy-band-stray-kids-light-up-paris-with-well-oiled-show-and-adoring-fans_6743808_30.html,,Le Monde reported sold-out Stade de France concerts during the 2025 dominATE tour.,Elisa,completed,2025-07-28,0.005250511919943197,0.01638479746140723,0.0013494359839803976,-0.0035099853353735312,-0.03772031493763611,-0.06571555653514365,-0.01179383834077962,positive_concert,1898524311552,821854666752,-0.4688088931621585,23900000,11519478136,2067,33000000,10104954,-0.0349101255548243,28.272098022200222,27.434829411934103,16.98938905874274,23.167305190580414,7.63433723562832,17.312018149733785,16.128536455568973
NCT_20210825_LUCAS_PRIVATE_LIFE_CONTROVERSY_LUCAS_APOLOGIZ,SM,041510.KQ,NCT,Lucas,PR_crisis,private_life_controversy,Lucas apologizes and halts activities after private-life controversy,Lucas 因私生活爭議道歉並暫停活動,루카스 사생활 논란 사과 및 활동 중단,2021-08-25,2021-08-25,2021-09-08,15,3,14,negative,5.0,B_media,https://www.teenvogue.com/story/lucas-wayv-apologized-for-irresponsible-behavior-after-cheating-allegations,,Lucas apologized after cheating/gaslighting allegations and halted activities; affects NCT/WayV member reputation.,Elisa,completed,2021-08-25,-0.0008570263351742333,0.02275181275863526,-0.014817148821735734,-0.028764287730292805,-0.04555165571851087,0.08454942838603235,-0.004481324017255789,negative_PR_crisis,1843022528512,1174934781952,-0.4844129619534137,6430000,1732789488,2068,16200000,1582617,-0.7891615511540734,28.242428018368436,27.792233757263375,15.676485251734785,21.27299836828771,7.634820677745543,16.600521861931007,14.274590995781416
NCT_20211217_NAN_OFFLINE_CONCERT_START_NCT_127_BEGINS_NEO_,SM,041510.KQ,NCT,,concert,offline_concert_start,NCT 127 begins Neo City The Link tour in Seoul,NCT 127 於首爾展開 Neo City The Link 巡演,NCT 127 Neo City The Link 서울 공연 시작,2021-12-17,2021-12-17,2021-12-31,15,3,14,positive,4.0,B_media,https://en.wikipedia.org/wiki/Neo_City_%E2%80%93_The_Link,,NCT 127's concert tour start after pandemic-era restrictions.,Elisa,completed,2021-12-17,0.012872349827988867,-0.010150740100409901,0.014670658002006065,0.010738588565745898,0.0019176631233685012,-0.0070572402755735685,0.04952812227749252,positive_concert,1843022528512,1174934781952,-0.4844129619534137,6430000,1732789488,2068,16200000,1582617,-0.7891615511540734,28.242428018368436,27.792233757263375,15.676485251734785,21.27299836828771,7.634820677745543,16.600521861931007,14.274590995781416
NCT_20220908_NAN_WORLD_TOUR_START_NCT_DREAM_BEGINS_THE_DRE,SM,041510.KQ,NCT,,concert,world_tour_start,NCT DREAM begins The Dream Show 2 tour in Seoul,NCT DREAM 於首爾展開 The Dream Show 2 巡演,NCT DREAM The Dream Show 2 서울 공연 시작,2022-09-08,2022-09-08,2022-09-22,15,3,14,positive,4.0,B_media,https://en.wikipedia.org/wiki/The_Dream_Show_2:_In_A_Dream,,NCT DREAM's major world tour start.,Elisa,completed,2022-09-08,-0.006952100761113101,0.010152789211132367,-0.003870352401633001,-0.010087885266973337,0.12868871235727822,0.1656162426350326,0.2294009766185035,positive_concert,1843022528512,1174934781952,-0.4844129619534137,6430000,1732789488,2068,16200000,1582617,-0.7891615511540734,28.242428018368436,27.792233757263375,15.676485251734785,21.27299836828771,7.634820677745543,16.600521861931007,14.274590995781416
NCT_20230826_NAN_GROUP_CONCERT_START_NCT_BEGINS_NCT_NATION,SM,041510.KQ,NCT,,concert,group_concert_start,NCT begins NCT NATION To The World concert series,NCT 展開 NCT NATION To The World 演唱會,NCT NATION To The World 공연 시작,2023-08-26,2023-08-26,2023-09-09,15,3,14,positive,4.0,B_media,https://en.wikipedia.org/wiki/NCT_Nation:_To_the_World,,"Full-brand NCT concert series, useful for group-level traffic.",Elisa,completed,2023-08-28,0.024723042095888135,-0.005001421204823799,-0.006805652804745665,-0.0351090004895329,-0.031348322898212565,0.0179908445612835,0.05693218293066783,positive_concert,1843022528512,1174934781952,-0.4844129619534137,6430000,1732789488,2068,16200000,1582617,-0.7891615511540734,28.242428018368436,27.792233757263375,15.676485251734785,21.27299836828771,7.634820677745543,16.600521861931007,14.274590995781416
NCT_20230510_LUCAS_MEMBER_DEPARTURE_LUCAS_LEAVES_NCT_AND_W,SM,041510.KQ,NCT,Lucas,contract_member,member_departure,Lucas leaves NCT and WayV,Lucas 退出 NCT 與 WayV,루카스 NCT 및 WayV 탈퇴,2023-05-10,2023-05-10,2023-05-24,15,3,14,mixed,5.0,B_media,https://www.soompi.com/article/1585612wpp/sm-announces-lucas-to-leave-nct-and-wayv,,Member departure after long activity hiatus; coded as contract/member structure event.,Elisa,completed,2023-05-10,0.0015716072866873987,0.012252175472251263,0.017979892651511797,-0.10076889678079745,-0.15115459828153832,-0.20876476146392628,-0.23013732487892477,artist_transition,1843022528512,1174934781952,-0.4844129619534137,6430000,1732789488,2068,16200000,1582617,-0.7891615511540734,28.242428018368436,27.792233757263375,15.676485251734785,21.27299836828771,7.634820677745543,16.600521861931007,14.274590995781416
NCT_20231117_NAN_TOUR_START_NCT_127_BEGINS_NEO_CITY_THE_UN,SM,041510.KQ,NCT,,concert,tour_start,NCT 127 begins Neo City The Unity tour in Seoul,NCT 127 於首爾展開 Neo City The Unity 巡演,NCT 127 Neo City The Unity 서울 공연 시작,2023-11-17,2023-11-17,2023-12-01,15,3,14,positive,4.0,B_media,https://en.wikipedia.org/wiki/Neo_City_%E2%80%93_The_Unity,,NCT 127 third tour start in Seoul; continued through 2024.,Elisa,completed,2023-11-17,0.0321462388722691,0.01453681369007083,0.005494319316205996,-0.016933939924209704,-0.026301653799248807,-0.05686371223697637,-0.11876648592869637,positive_concert,1843022528512,1174934781952,-0.4844129619534137,6430000,1732789488,2068,16200000,1582617,-0.7891615511540734,28.242428018368436,27.792233757263375,15.676485251734785,21.27299836828771,7.634820677745543,16.600521861931007,14.274590995781416
NCT_20240221_NAN_NEW_UNIT_DEBUT_NCT_WISH_DEBUTS_AS_THE_FIN,SM,041510.KQ,NCT,,activity,new_unit_debut,NCT WISH debuts as the final NCT unit,NCT WISH 作為 NCT 最終小分隊出道,NCT WISH NCT 마지막 유닛으로 데뷔,2024-02-21,2024-02-21,2024-03-06,15,3,14,positive,4.0,B_media,https://en.wikipedia.org/wiki/NCT_Wish,,New NCT sub-unit debut; categorized as activity / group expansion.,Elisa,completed,2024-02-21,0.011954305377526663,-0.009058375455364108,-0.013524206847808572,-0.0036498312425074383,0.019271142727971896,0.0726072304871995,0.042255897186738264,positive_activity,1843022528512,1174934781952,-0.4844129619534137,6430000,1732789488,2068,16200000,1582617,-0.7891615511540734,28.242428018368436,27.792233757263375,15.676485251734785,21.27299836828771,7.634820677745543,16.600521861931007,14.274590995781416
NCT_20240422_DOYOUNG_SOLO_ACTIVITY_DOYOUNG_BEGINS_SOLO_ART,SM,041510.KQ,NCT,Doyoung,activity,solo_activity,Doyoung begins solo artist activities with Youth,Doyoung 以 Youth 展開個人歌手活動,도영 Youth로 솔로 활동 시작,2024-04-22,2024-04-22,2024-05-06,15,3,14,positive,3.0,B_media,https://en.wikipedia.org/wiki/Youth_(Doyoung_album),,NCT member solo activity; useful for individual-member traffic.,Elisa,completed,2024-04-22,0.058935996538990905,0.1373429333349355,0.11822430025459976,0.08843120003807811,0.06684999303097597,0.07864660090194789,0.052933867146641944,positive_activity,1843022528512,1174934781952,-0.4844129619534137,6430000,1732789488,2068,16200000,1582617,-0.7891615511540734,28.242428018368436,27.792233757263375,15.676485251734785,21.27299836828771,7.634820677745543,16.600521861931007,14.274590995781416
NCT_20240502_NAN_WORLD_TOUR_START_NCT_DREAM_BEGINS_THE_DRE,SM,041510.KQ,NCT,,concert,world_tour_start,NCT DREAM begins The Dream Show 3 world tour in Seoul,NCT DREAM 於首爾展開 The Dream Show 3 世界巡演,NCT DREAM The Dream Show 3 서울 공연 시작,2024-05-02,2024-05-02,2024-05-16,15,3,14,positive,4.0,A_official,https://weverse.io/nctdream/notice/17743,,Official notice lists Seoul dates for The Dream Show 3.,Elisa,completed,2024-05-02,0.025341229565412498,0.04571837184306746,0.048813853853495626,0.03696594725562933,0.04088159126873969,-0.013588197965312264,0.14357982538736477,positive_concert,1843022528512,1174934781952,-0.4844129619534137,6430000,1732789488,2068,16200000,1582617,-0.7891615511540734,28.242428018368436,27.792233757263375,15.676485251734785,21.27299836828771,7.634820677745543,16.600521861931007,14.274590995781416
NCT_20240604_JOHNNY_HAECHAN_RUMOR_DENIAL_SM_DENIES_RUMORS_,SM,041510.KQ,NCT,"Johnny, Haechan",PR_crisis,rumor_denial,SM denies rumors involving Johnny and Haechan,SM 否認 Johnny 與 Haechan 相關負面傳聞,SM 조니 해찬 관련 루머 부인,2024-06-04,2024-06-04,2024-06-18,15,3,14,negative,4.0,B_media,https://timesofindia.indiatimes.com/entertainment/k-pop/music/news/girl-linked-to-ncts-haechan-and-johnny-breaks-silence-on-recent-prostitution-allegations/articleshow/110735736.cms,,SM denied allegations and rumor spread involving Johnny and Haechan; coded as PR crisis / denial.,Elisa,completed,2024-06-04,-0.07542397957786824,-0.04736211823396907,-0.023521738249588774,-0.018164730139039274,-0.06524292054906207,-0.1101553218501459,0.028439079070068412,negative_PR_crisis,1843022528512,1174934781952,-0.4844129619534137,6430000,1732789488,2068,16200000,1582617,-0.7891615511540734,28.242428018368436,27.792233757263375,15.676485251734785,21.27299836828771,7.634820677745543,16.600521861931007,14.274590995781416
NCT_20240828_TAEIL_CRIMINAL_ALLEGATION_MEMBER_REMOVED_TAEI,SM,041510.KQ,NCT,Taeil,PR_crisis,criminal_allegation_member_removed,Taeil is removed from NCT after sexual offense allegations,Taeil 因性犯罪指控被移出 NCT,태일 성범죄 혐의로 NCT 탈퇴,2024-08-28,2024-08-28,2024-09-11,15,3,14,negative,5.0,B_media,https://people.com/taeil-removed-from-nct-for-unspecified-sexual-crime-8703636,,Major PR crisis; SM removed Taeil from NCT after allegations and police investigation.,Elisa,completed,2024-08-28,-0.00012477403110463386,-0.054490682377795266,-0.04477150028695853,-0.024537935869334233,-0.04631452664257288,-0.056946480900085646,-0.057806635042472215,negative_PR_crisis,1843022528512,1174934781952,-0.4844129619534137,6430000,1732789488,2068,16200000,1582617,-0.7891615511540734,28.242428018368436,27.792233757263375,15.676485251734785,21.27299836828771,7.634820677745543,16.600521861931007,14.274590995781416
NCT_20240828_TAEIL_MEMBER_REMOVED_TAEIL_S_REMOVAL_CHANGES_,SM,041510.KQ,NCT,Taeil,contract_member,member_removed,Taeil's removal changes NCT member structure,Taeil 被移出後改變 NCT 成員結構,태일 탈퇴로 NCT 멤버 구조 변화,2024-08-28,2024-08-28,2024-09-11,15,3,14,negative,5.0,B_media,https://www.teenvogue.com/story/taeil-leaves-nct-following-sexual-offense-allegations,,Same event coded from member-structure perspective; can be reviewed later if duplicate concern arises.,Elisa,completed,2024-08-28,-0.00012477403110463386,-0.054490682377795266,-0.04477150028695853,-0.024537935869334233,-0.04631452664257288,-0.056946480900085646,-0.057806635042472215,negative_contract_crisis,1843022528512,1174934781952,-0.4844129619534137,6430000,1732789488,2068,16200000,1582617,-0.7891615511540734,28.242428018368436,27.792233757263375,15.676485251734785,21.27299836828771,7.634820677745543,16.600521861931007,14.274590995781416
NCT_20250118_NAN_WORLD_TOUR_START_NCT_127_BEGINS_NEO_CITY_,SM,041510.KQ,NCT,,concert,world_tour_start,NCT 127 begins Neo City The Momentum tour in Seoul,NCT 127 於首爾展開 Neo City The Momentum 巡演,NCT 127 Neo City The Momentum 서울 공연 시작,2025-01-18,2025-01-18,2025-02-01,15,3,14,positive,4.0,A_official,https://weverse.io/nct127/notice/23429,,Official schedule for NCT 127 4th tour NEO CITY - THE MOMENTUM.,Elisa,completed,2025-01-20,0.0167570349860577,0.040706071319122336,0.0262738864567486,0.06357834652449133,0.0604557838128857,0.13976579486123986,0.04766147874212551,positive_concert,1843022528512,1174934781952,-0.4844129619534137,6430000,1732789488,2068,16200000,1582617,-0.7891615511540734,28.242428018368436,27.792233757263375,15.676485251734785,21.27299836828771,7.634820677745543,16.600521861931007,14.274590995781416
NCT_20250407_MARK_SOLO_ACTIVITY_MARK_BEGINS_SOLO_ACTIVITIE,SM,041510.KQ,NCT,Mark,activity,solo_activity,Mark begins solo activities with The Firstfruit,Mark 以 The Firstfruit 展開個人活動,마크 The Firstfruit로 솔로 활동 시작,2025-04-07,2025-04-07,2025-04-21,15,3,14,positive,3.0,B_media,https://en.wikipedia.org/wiki/The_Firstfruit,,NCT member Mark's solo activity in 2025.,Elisa,completed,2025-04-07,0.008953151691041425,0.0512762286374325,0.01564573735012706,-0.008175478441591978,-0.03908289820045148,0.02578279526242207,0.10677959191247821,positive_activity,1843022528512,1174934781952,-0.4844129619534137,6430000,1732789488,2068,16200000,1582617,-0.7891615511540734,28.242428018368436,27.792233757263375,15.676485251734785,21.27299836828771,7.634820677745543,16.600521861931007,14.274590995781416
NCT_20250710_NAN_WORLD_TOUR_START_NCT_DREAM_BEGINS_THE_DRE,SM,041510.KQ,NCT,,concert,world_tour_start,NCT DREAM begins The Dream Show 4 in Seoul,NCT DREAM 於首爾展開 The Dream Show 4,NCT DREAM The Dream Show 4 서울 공연 시작,2025-07-10,2025-07-10,2025-07-24,15,3,14,positive,4.0,A_official,https://weverse.io/nctdream/notice/26938,,"Official notice lists July 10-12, 2025 Gocheok Sky Dome concerts.",Elisa,completed,2025-07-10,0.0013546328753972004,0.015126119045564566,0.007908035721343533,-0.015700895333501302,-0.016597491261551366,-0.026448436803395693,0.07804257626668284,positive_concert,1843022528512,1174934781952,-0.4844129619534137,6430000,1732789488,2068,16200000,1582617,-0.7891615511540734,28.242428018368436,27.792233757263375,15.676485251734785,21.27299836828771,7.634820677745543,16.600521861931007,14.274590995781416
EXO_20220928_CHANYEOL_MILITARY_DISCHARGE_ACTIVITY_RETURN_C,SM,041510.KQ,EXO,Chanyeol,activity,military_discharge_activity_return,Chanyeol is discharged from military service and prepares to resume activities,Chanyeol 退伍並準備恢復活動,찬열 군 전역 후 활동 재개 준비,2022-09-28,2022-09-28,2022-10-12,15,3,14,positive,3.0,B_media,https://www.soompi.com/article/1548316wpp/exos-chanyeol-discharged-from-the-military,,Member return event; coded as activity because it affects EXO member availability.,Elisa,completed,2022-09-28,0.00045588062276875896,0.017991777358302197,0.0007884386504075289,-0.03636857183189047,-0.04000213324732087,-0.013675890173416997,0.2501272180278356,positive_activity,1843022528512,1174934781952,-0.4844129619534137,9890000,1974748507,915,10700000,5882812,-0.7058742346591214,28.242428018368436,27.792233757263375,16.107034804711123,21.40370688946984,6.82001636467413,16.185754392890075,15.587545606837907
EXO_20230601_CHEN_BAEKHYUN_XIUMIN_CONTRACT_TERMINATION_NOT,SM,041510.KQ,EXO,"Chen, Baekhyun, Xiumin",contract_member,contract_termination_notice,"Chen, Baekhyun, and Xiumin notify SM of contract termination",Chen、Baekhyun、Xiumin 通知 SM 解約,첸 백현 시우민 SM 전속계약 해지 통보,2023-06-01,2023-06-01,2023-06-15,15,3,14,negative,5.0,B_media,https://www.soompi.com/article/1590208wpp/exos-baekhyun-xiumin-and-chen-notify-sm-of-contract-termination,,Major contract dispute involving EXO-CBX and SM Entertainment.,Elisa,completed,2023-06-01,-0.0935933095058315,-0.06821307625751007,-0.0784680440463587,-0.0323957176761641,-0.06558898658403223,-0.07366053415822343,0.01608833732967899,negative_contract_crisis,1843022528512,1174934781952,-0.4844129619534137,9890000,1974748507,915,10700000,5882812,-0.7058742346591214,28.242428018368436,27.792233757263375,16.107034804711123,21.40370688946984,6.82001636467413,16.185754392890075,15.587545606837907
EXO_20230619_CHEN_BAEKHYUN_XIUMIN_CONTRACT_DISPUTE_SETTLEM,SM,041510.KQ,EXO,"Chen, Baekhyun, Xiumin",contract_member,contract_dispute_settlement,EXO-CBX and SM resolve contract dispute and maintain contracts,EXO-CBX 與 SM 解決合約爭議並維持合約,엑소 첸백시와 SM 계약 분쟁 합의,2023-06-19,2023-06-19,2023-07-03,15,3,14,positive,5.0,B_media,https://www.soompi.com/article/1593203wpp/sm-and-exos-baekhyun-xiumin-and-chen-resolve-contract-dispute,,Follow-up contract event; dispute was resolved through discussion.,Elisa,completed,2023-06-19,0.009869375493422768,0.06062701722351044,0.02767480885078377,-0.02041951649588916,-0.03141535894197283,0.08605624442497295,0.10654385789134575,positive_resolution,1843022528512,1174934781952,-0.4844129619534137,9890000,1974748507,915,10700000,5882812,-0.7058742346591214,28.242428018368436,27.792233757263375,16.107034804711123,21.40370688946984,6.82001636467413,16.185754392890075,15.587545606837907
EXO_20230511_KAI_MEMBER_ENLISTMENT_KAI_BEGINS_MANDATORY_MI,SM,041510.KQ,EXO,Kai,contract_member,member_enlistment,Kai begins mandatory military service,Kai 入伍服役,카이 군 입대,2023-05-11,2023-05-11,2023-05-25,15,3,14,mixed,4.0,B_media,https://www.soompi.com/article/1584720wpp/exos-kai-announces-sudden-military-enlistment-date-in-heartfelt-letter,,Member-availability event; coded under contract_member rather than separate military category.,Elisa,completed,2023-05-11,0.016408285364824398,-0.06571741223805028,-0.06728901952473768,-0.14433360733630826,-0.17176005640621073,-0.23002687916642434,-0.2577381160374454,artist_transition,1843022528512,1174934781952,-0.4844129619534137,9890000,1974748507,915,10700000,5882812,-0.7058742346591214,28.242428018368436,27.792233757263375,16.107034804711123,21.40370688946984,6.82001636467413,16.185754392890075,15.587545606837907
EXO_20231018_D_O_AGENCY_DEPARTURE_SOLO_MANAGEMENT_D_O_LEAV,SM,041510.KQ,EXO,D.O.,contract_member,agency_departure_solo_management,D.O. leaves SM for solo activities while remaining in EXO,D.O. 離開 SM 個人活動管理但保留 EXO 活動,"디오 SM 떠나 개인 활동 독립, EXO 활동 지속",2023-10-18,2023-10-18,2023-11-01,15,3,14,mixed,4.0,B_media,https://www.lofficielsingapore.com/culture/exo-d-o-do-kyung-soo-parting-ways-with-sm-entertainment-after-13-years-kpop,,Member contract/management change; D.O. continued EXO activities under SM while managing solo work separately.,Elisa,completed,2023-10-18,0.0183620331292961,0.01703511811133797,0.012710583637717536,-0.012966440875925868,-0.044411895145598596,-0.04566241143905603,-0.16389028022929195,artist_transition,1843022528512,1174934781952,-0.4844129619534137,9890000,1974748507,915,10700000,5882812,-0.7058742346591214,28.242428018368436,27.792233757263375,16.107034804711123,21.40370688946984,6.82001636467413,16.185754392890075,15.587545606837907
EXO_20240414_NAN_FAN_MEETING_EXO_HOLDS_2024_EXO_FAN_MEETIN,SM,041510.KQ,EXO,,concert,fan_meeting,EXO holds 2024 EXO FAN MEETING: ONE,EXO 舉辦 2024 EXO FAN MEETING: ONE,EXO 2024 EXO FAN MEETING: ONE 개최,2024-04-14,2024-04-14,2024-04-28,15,3,14,positive,4.0,A_official,https://weverse.io/exo/notice/17854,,Official EXO fan meeting at INSPIRE Arena with livestream option.,Elisa,completed,2024-04-15,0.0084376309367396,-0.020399328967615735,0.0171619217126282,-0.007322025209363828,0.07073260440996282,0.011149405409455707,0.021002478510356817,positive_concert,1843022528512,1174934781952,-0.4844129619534137,9890000,1974748507,915,10700000,5882812,-0.7058742346591214,28.242428018368436,27.792233757263375,16.107034804711123,21.40370688946984,6.82001636467413,16.185754392890075,15.587545606837907
EXO_20240610_CHEN_BAEKHYUN_XIUMIN_AGENCY_CONFLICT_PRESS_CO,SM,041510.KQ,EXO,"Chen, Baekhyun, Xiumin",PR_crisis,agency_conflict_press_conference,EXO-CBX agency holds press conference against SM Entertainment,EXO-CBX 所屬公司召開記者會控訴 SM,엑소 첸백시 소속사 SM 상대로 기자회견,2024-06-10,2024-06-10,2024-06-24,15,3,14,negative,5.0,B_media,https://koreajoongangdaily.joins.com/news/2024-06-10/entertainment/kpop/EXOCBX-agency-declares-war-against-SM-Entertainment-over-distribution-royalties/2065232,,Public conflict between EXO-CBX's agency INB100 and SM over distribution royalties.,Elisa,completed,2024-06-10,0.021739721218873798,-0.024747516201996066,-0.008364803093671769,-0.014197410278229202,-0.03910747359792767,-0.08864828587815804,-0.07741514411023054,negative_PR_crisis,1843022528512,1174934781952,-0.4844129619534137,9890000,1974748507,915,10700000,5882812,-0.7058742346591214,28.242428018368436,27.792233757263375,16.107034804711123,21.40370688946984,6.82001636467413,16.185754392890075,15.587545606837907
EXO_20240610_CHEN_BAEKHYUN_XIUMIN_CONTRACT_DISPUTE_REIGNIT,SM,041510.KQ,EXO,"Chen, Baekhyun, Xiumin",contract_member,contract_dispute_reignites,SM and EXO-CBX clash again over contract and distribution terms,SM 與 EXO-CBX 再度因合約與分潤條款爭執,SM과 엑소 첸백시 계약 및 유통 조건 갈등 재점화,2024-06-10,2024-06-10,2024-06-24,15,3,14,negative,5.0,B_media,https://www.koreatimes.co.kr/entertainment/k-pop/20240610/no-rights-without-responsibilities-exo-cbx-sm-clash-again-after-1-year,,Same conflict coded from contract/member-structure perspective; review later if duplicate concern arises.,Elisa,completed,2024-06-10,0.021739721218873798,-0.024747516201996066,-0.008364803093671769,-0.014197410278229202,-0.03910747359792767,-0.08864828587815804,-0.07741514411023054,negative_contract_crisis,1843022528512,1174934781952,-0.4844129619534137,9890000,1974748507,915,10700000,5882812,-0.7058742346591214,28.242428018368436,27.792233757263375,16.107034804711123,21.40370688946984,6.82001636467413,16.185754392890075,15.587545606837907
EXO_20240316_BAEKHYUN_SOLO_CONCERT_TOUR_BAEKHYUN_BEGINS_LO,SM,041510.KQ,EXO,Baekhyun,activity,solo_concert_tour,Baekhyun begins Lonsdaleite solo Asia tour,Baekhyun 展開 Lonsdaleite 個人亞洲巡演,백현 Lonsdaleite 솔로 아시아 투어 시작,2024-03-16,2024-03-16,2024-03-30,15,3,14,positive,3.0,B_media,https://en.wikipedia.org/wiki/Lonsdaleite_(concert_tour),,"EXO member solo concert activity, relevant for member-level traffic.",Elisa,completed,2024-03-18,-0.008504180788664798,0.02655564008393213,0.015740127809022363,0.023571843747108797,0.02199736727963666,0.01311971199247283,0.0012684564312210878,positive_activity,1843022528512,1174934781952,-0.4844129619534137,9890000,1974748507,915,10700000,5882812,-0.7058742346591214,28.242428018368436,27.792233757263375,16.107034804711123,21.40370688946984,6.82001636467413,16.185754392890075,15.587545606837907
EXO_20240525_SUHO_SOLO_CONCERT_TOUR_SUHO_BEGINS_SU_HOME_SO,SM,041510.KQ,EXO,Suho,activity,solo_concert_tour,Suho begins SU:HOME solo concert tour,Suho 展開 SU:HOME 個人演唱會巡演,수호 SU:HOME 솔로 콘서트 투어 시작,2024-05-25,2024-05-25,2024-06-08,15,3,14,positive,3.0,B_media,https://en.wikipedia.org/wiki/Su:Home,,EXO member solo concert activity in 2024.,Elisa,completed,2024-05-27,0.03344543233265507,0.011435945468785031,0.0054669802902090996,-0.0018306080461114628,-0.011466968968428765,0.04317456092283391,0.09550234672145794,positive_activity,1843022528512,1174934781952,-0.4844129619534137,9890000,1974748507,915,10700000,5882812,-0.7058742346591214,28.242428018368436,27.792233757263375,16.107034804711123,21.40370688946984,6.82001636467413,16.185754392890075,15.587545606837907
EXO_20240906_CHANYEOL_SOLO_CONCERT_TOUR_CHANYEOL_BEGINS_CI,SM,041510.KQ,EXO,Chanyeol,activity,solo_concert_tour,Chanyeol begins City-scape solo live tour,Chanyeol 展開 City-scape 個人巡演,찬열 City-scape 솔로 라이브 투어 시작,2024-09-06,2024-09-06,2024-09-20,15,3,14,positive,3.0,B_media,https://en.wikipedia.org/wiki/City-scape,,EXO member solo concert activity in late 2024.,Elisa,completed,2024-09-06,-0.0157481896017684,0.027261576265407702,0.0016131650980846651,-0.025732458967623467,-0.003348093266748533,0.020757291544960157,-0.0007606509358659141,positive_activity,1843022528512,1174934781952,-0.4844129619534137,9890000,1974748507,915,10700000,5882812,-0.7058742346591214,28.242428018368436,27.792233757263375,16.107034804711123,21.40370688946984,6.82001636467413,16.185754392890075,15.587545606837907
EXO_20250210_KAI_MILITARY_DISCHARGE_ACTIVITY_RETURN_KAI_IS,SM,041510.KQ,EXO,Kai,activity,military_discharge_activity_return,Kai is discharged from military service and prepares solo activities,Kai 退伍並準備恢復個人活動,카이 군 전역 후 솔로 활동 준비,2025-02-10,2025-02-10,2025-02-24,15,3,14,positive,3.0,B_media,https://timesofindia.indiatimes.com/entertainment/k-pop/music/news/exos-kai-all-ready-to-step-back-into-the-limelight-says-he-was-physically-tired-after-military-service/articleshow/121186863.cms,,Member return and activity resumption after military service.,Elisa,completed,2025-02-10,0.04205042004000793,0.0329826992137619,0.03353648055759163,-0.0042069941328106986,0.011857078064425933,0.01745518873465934,0.12197621332434547,positive_activity,1843022528512,1174934781952,-0.4844129619534137,9890000,1974748507,915,10700000,5882812,-0.7058742346591214,28.242428018368436,27.792233757263375,16.107034804711123,21.40370688946984,6.82001636467413,16.185754392890075,15.587545606837907
EXO_20250517_KAI_SOLO_CONCERT_KAI_BEGINS_2025_KAION_SOLO_C,SM,041510.KQ,EXO,Kai,concert,solo_concert,Kai begins 2025 KAION solo concert tour in Seoul,Kai 於首爾展開 2025 KAION 個人演唱會,카이 2025 KAION 서울 솔로 콘서트 시작,2025-05-17,2025-05-17,2025-05-31,15,3,14,positive,4.0,A_official,https://weverse.io/exo/notice/25588,,Official Weverse notice lists Kai solo concert dates in Seoul.,Elisa,completed,2025-05-19,0.013166669472999899,-0.005013791633390502,-0.0015983119519885347,0.04373909476537577,0.0514420485812248,-0.02809413799813472,-0.06945514063174202,positive_concert,1843022528512,1174934781952,-0.4844129619534137,9890000,1974748507,915,10700000,5882812,-0.7058742346591214,28.242428018368436,27.792233757263375,16.107034804711123,21.40370688946984,6.82001636467413,16.185754392890075,15.587545606837907
EXO_20250923_CHEN_BAEKHYUN_XIUMIN_SETTLEMENT_FAILURE_SM_AN,SM,041510.KQ,EXO,"Chen, Baekhyun, Xiumin",contract_member,settlement_failure,SM and EXO-CBX fail to reach settlement in contract dispute,SM 與 EXO-CBX 合約糾紛未能達成和解,SM과 엑소 첸백시 계약 분쟁 조정 실패,2025-09-23,2025-09-23,2025-10-07,15,3,14,negative,5.0,B_media,https://www.koreaherald.com/article/10581849,,Court/settlement-related contract dispute update; relevant to group continuity uncertainty.,Elisa,completed,2025-09-23,-0.021134312943191066,-0.03678283084409356,-0.03415973744290103,-0.07924349519364733,-0.07292808648215196,-0.05365920729902763,-0.11481145885500657,negative_contract_crisis,1843022528512,1174934781952,-0.4844129619534137,9890000,1974748507,915,10700000,5882812,-0.7058742346591214,28.242428018368436,27.792233757263375,16.107034804711123,21.40370688946984,6.82001636467413,16.185754392890075,15.587545606837907
EXO_20251029_CHEN_BAEKHYUN_XIUMIN_FAN_MEETING_ABSENCE_EXO_,SM,041510.KQ,EXO,"Chen, Baekhyun, Xiumin",PR_crisis,fan_meeting_absence,EXO-CBX will not attend upcoming EXO fan meeting amid SM negotiations,EXO-CBX 因與 SM 協商未定而不出席 EXO 粉絲見面會,엑소 첸백시 SM 협상 중 팬미팅 불참 발표,2025-10-29,2025-10-29,2025-11-12,15,3,14,negative,4.0,B_media,https://timesofindia.indiatimes.com/entertainment/k-pop/music/news/exos-chenbaekxi-addresses-absence-in-fan-meet-amid-sm-negotiations-promises-full-group-activities-soon/articleshow/124902055.cms,,Recent PR/continuity issue within research window; useful for 2025 data balance.,Elisa,completed,2025-10-29,0.0012488745933557331,-0.028600167382364237,-0.017889688741380402,-0.03347687753420521,-0.03525969136568394,-0.08652696941614524,-0.07174726060279943,negative_PR_crisis,1843022528512,1174934781952,-0.4844129619534137,9890000,1974748507,915,10700000,5882812,-0.7058742346591214,28.242428018368436,27.792233757263375,16.107034804711123,21.40370688946984,6.82001636467413,16.185754392890075,15.587545606837907
BIGBANG_20220207_T_O_P_AGENCY_DEPARTURE_T_O_P_LEAVES_YG_ENTERT,YG,122870.KQ,BIGBANG,T.O.P,contract_member,agency_departure,T.O.P leaves YG Entertainment after his exclusive contract expires,T.O.P 專屬合約到期後離開 YG Entertainment,탑 전속계약 만료 후 YG엔터테인먼트 떠남,2022-02-07,2022-02-07,2022-02-21,15,3,14,mixed,4.0,B_media,https://en.as.com/entertainment/top-from-k-pop-boy-band-bigbang-has-officially-left-the-group-n/,,T.O.P left YG after contract expiration while BIGBANG was preparing for Still Life.,Elisa,completed,2022-02-07,0.034324422670760066,0.028743560294236373,0.034324422670760066,0.0238417206224781,0.0461402026670404,0.11752896691496964,0.21780534854331696,artist_transition,839246217216,545404256256,-0.766620014674711,16800000,10274061688,781,909000,5771913,-0.5854950171180608,27.455769965458895,27.024793111245675,16.636889503897294,23.05288827335345,6.661854740545311,13.720101473269022,15.56851429925
BIGBANG_20220405_NAN_GROUP_COMEBACK_ACTIVITY_BIGBANG_RETURNS_W,YG,122870.KQ,BIGBANG,,activity,group_comeback_activity,BIGBANG returns with Still Life after a four-year hiatus,BIGBANG 時隔四年以 Still Life 回歸,빅뱅 4년 만에 Still Life로 복귀,2022-04-05,2022-04-05,2022-04-19,15,3,14,positive,5.0,B_media,https://www.rollingstone.com/music/music-features/big-bang-still-life-new-song-1332629/,,"Although comeback is not a main category, this is coded as activity because it marks group-level public activity after hiatus.",Elisa,completed,2022-04-05,-0.052854295019515406,-0.04907710165704061,-0.06463658543811551,-0.06760335204619651,-0.04605705454744158,-0.07218297511459335,-0.13657201444146733,positive_activity,839246217216,545404256256,-0.766620014674711,16800000,10274061688,781,909000,5771913,-0.5854950171180608,27.455769965458895,27.024793111245675,16.636889503897294,23.05288827335345,6.661854740545311,13.720101473269022,15.56851429925
BIGBANG_20230531_T_O_P_MEMBER_DEPARTURE_CONFIRMED_T_O_P_CONFIR,YG,122870.KQ,BIGBANG,T.O.P,contract_member,member_departure_confirmed,T.O.P confirms departure from BIGBANG,T.O.P 確認退出 BIGBANG,탑 BIGBANG 탈퇴 확인,2023-05-31,2023-05-31,2023-06-14,15,3,14,mixed,5.0,B_media,https://en.as.com/entertainment/top-from-k-pop-boy-band-bigbang-has-officially-left-the-group-n/,,"T.O.P publicly confirmed his withdrawal from BIGBANG, affecting member structure.",Elisa,completed,2023-05-31,-0.011608491024371101,-0.009997953113135432,0.0021773094975521996,-0.014168263099097104,-0.13609381996222528,-0.12869508824919973,-0.11558757164692118,artist_transition,839246217216,545404256256,-0.766620014674711,16800000,10274061688,781,909000,5771913,-0.5854950171180608,27.455769965458895,27.024793111245675,16.636889503897294,23.05288827335345,6.661854740545311,13.720101473269022,15.56851429925
BIGBANG_20231106_G_DRAGON_DRUG_ALLEGATION_INVESTIGATION_G_DRAG,YG,122870.KQ,BIGBANG,G-Dragon,PR_crisis,drug_allegation_investigation,G-Dragon appears before police over alleged drug use,G-Dragon 因涉嫌藥物使用接受警方調查,지드래곤 마약 투약 의혹 경찰 출석,2023-11-06,2023-11-06,2023-11-20,15,3,14,negative,5.0,B_media,https://www.reuters.com/world/asia-pacific/k-pop-star-questioned-by-south-korea-police-alleged-drug-use-2023-11-06/,,Major PR crisis involving police questioning over alleged drug use.,Elisa,completed,2023-11-06,0.02460772826779844,0.07775518408472151,0.04332658843131741,0.026469141906613976,0.07809464240105732,0.19751296737367635,0.16866124122765494,negative_PR_crisis,839246217216,545404256256,-0.766620014674711,16800000,10274061688,781,909000,5771913,-0.5854950171180608,27.455769965458895,27.024793111245675,16.636889503897294,23.05288827335345,6.661854740545311,13.720101473269022,15.56851429925
BIGBANG_20231219_G_DRAGON_DRUG_ALLEGATION_CLEARED_G_DRAGON_IS_,YG,122870.KQ,BIGBANG,G-Dragon,PR_crisis,drug_allegation_cleared,G-Dragon is cleared of drug allegations,G-Dragon 藥物疑雲獲警方釐清,지드래곤 마약 의혹 무혐의,2023-12-19,2023-12-19,2024-01-02,15,3,14,positive,4.0,B_media,https://www.reuters.com/lifestyle/k-pop-star-g-dragon-cleared-drug-allegations-media-2023-12-20/,,Follow-up PR event after police reportedly cleared G-Dragon of allegations.,Elisa,completed,2023-12-19,-0.0233132405476114,-0.0177234077700899,-0.0195999971550882,-0.03304378628161097,-0.07555833462330563,-0.14856722682056897,-0.18412293236635954,positive_resolution,839246217216,545404256256,-0.766620014674711,16800000,10274061688,781,909000,5771913,-0.5854950171180608,27.455769965458895,27.024793111245675,16.636889503897294,23.05288827335345,6.661854740545311,13.720101473269022,15.56851429925
BIGBANG_20231221_G_DRAGON_AGENCY_TRANSFER_G_DRAGON_JOINS_GALAX,YG,122870.KQ,BIGBANG,G-Dragon,contract_member,agency_transfer,G-Dragon joins Galaxy Corporation after leaving YG,G-Dragon 離開 YG 後加入 Galaxy Corporation,지드래곤 YG 떠난 후 갤럭시코퍼레이션 합류,2023-12-21,2023-12-21,2024-01-04,15,3,14,mixed,4.0,B_media,https://people.com/bigbang-g-dragon-north-american-european-tour-11755015,,Member agency transition after YG contract period; affects BIGBANG-related member management.,Elisa,completed,2023-12-21,-0.0063701847559232,-0.009730545733999568,-0.013443789126522767,-0.055958337468217434,-0.13279871863037201,-0.1640257696980686,-0.38136897631296834,artist_transition,839246217216,545404256256,-0.766620014674711,16800000,10274061688,781,909000,5771913,-0.5854950171180608,27.455769965458895,27.024793111245675,16.636889503897294,23.05288827335345,6.661854740545311,13.720101473269022,15.56851429925
BIGBANG_20240305_DAESUNG_SOLO_ACTIVITY_DAESUNG_EXPANDS_SOLO_AC,YG,122870.KQ,BIGBANG,Daesung,activity,solo_activity,Daesung expands solo activities after leaving YG,Daesung 離開 YG 後拓展個人活動,대성 YG 떠난 후 솔로 활동 확대,2024-03-05,2024-03-05,2024-03-19,15,3,14,positive,3.0,B_media,https://en.wikipedia.org/wiki/Daesung,,Solo activity event used because BIGBANG group-level events are limited in 2024.,Elisa,completed,2024-03-05,0.010156959826129736,0.044055587997602036,0.02300996042418617,0.025710789349993005,0.05987058915462728,0.08711483427135075,0.11259044639316788,positive_activity,839246217216,545404256256,-0.766620014674711,16800000,10274061688,781,909000,5771913,-0.5854950171180608,27.455769965458895,27.024793111245675,16.636889503897294,23.05288827335345,6.661854740545311,13.720101473269022,15.56851429925
BIGBANG_20240601_G_DRAGON_BRAND_EVENT_G_DRAGON_RESUMES_MAJOR_P,YG,122870.KQ,BIGBANG,G-Dragon,activity,brand_event,G-Dragon resumes major public activities after drug allegation clearance,G-Dragon 藥物疑雲釐清後恢復主要公開活動,지드래곤 무혐의 이후 주요 공개 활동 재개,2024-06-01,2024-06-01,2024-06-15,15,3,14,positive,3.0,B_media,https://www.straitstimes.com/life/entertainment/k-pop-star-g-dragon-cleared-drug-allegations,,Activity-resumption event following late-2023 PR crisis; keep as candidate if stronger source is found.,Elisa,needs_review,2024-06-03,-0.006917934744808299,0.028053297170192604,0.006714319813141335,-0.013530840616640432,-0.029214806014236865,-0.009109085811262133,-0.045546501650419,positive_activity,839246217216,545404256256,-0.766620014674711,16800000,10274061688,781,909000,5771913,-0.5854950171180608,27.455769965458895,27.024793111245675,16.636889503897294,23.05288827335345,6.661854740545311,13.720101473269022,15.56851429925
BIGBANG_20241123_G_DRAGON_TAEYANG_DAESUNG_REUNION_STAGE_G_DRAG,YG,122870.KQ,BIGBANG,"G-Dragon, Taeyang, Daesung",activity,reunion_stage,"G-Dragon, Taeyang, and Daesung reunite on stage",G-Dragon、Taeyang、Daesung 同台演出,지드래곤 태양 대성 무대 재회,2024-11-23,2024-11-23,2024-12-07,15,3,14,positive,4.0,B_media,https://en.wikipedia.org/wiki/2024_MAMA_Awards,,BIGBANG members appeared together at a major award-stage context; useful recent group-related traffic.,Elisa,completed,2024-11-25,-0.043619977066421664,-0.019438572388717764,-0.04124893514127366,-0.0693392500871477,-0.022252410258806934,-0.011656863303453169,-0.06612553777510946,positive_activity,839246217216,545404256256,-0.766620014674711,16800000,10274061688,781,909000,5771913,-0.5854950171180608,27.455769965458895,27.024793111245675,16.636889503897294,23.05288827335345,6.661854740545311,13.720101473269022,15.56851429925
BIGBANG_20241226_T_O_P_ACTING_RETURN_T_O_P_RETURNS_TO_ACTING_T,YG,122870.KQ,BIGBANG,T.O.P,activity,acting_return,T.O.P returns to acting through Squid Game Season 2,T.O.P 透過《魷魚遊戲 2》重返影視活動,탑 오징어 게임 시즌2로 연기 활동 복귀,2024-12-26,2024-12-26,2025-01-09,15,3,14,mixed,4.0,B_media,https://www.businessinsider.com/squid-game-thanos-fate-choi-seung-hyun-top-2024-12,,T.O.P's acting comeback generated public attention connected to former BIGBANG member reputation.,Elisa,completed,2024-12-26,0.004540958481745266,0.021459152617013134,0.017635937402787967,0.018773433416023604,0.031753894663587336,0.033572044801161834,0.0568981079434399,positive_activity,839246217216,545404256256,-0.766620014674711,16800000,10274061688,781,909000,5771913,-0.5854950171180608,27.455769965458895,27.024793111245675,16.636889503897294,23.05288827335345,6.661854740545311,13.720101473269022,15.56851429925
BIGBANG_20250329_G_DRAGON_SOLO_WORLD_TOUR_START_G_DRAGON_BEGIN,YG,122870.KQ,BIGBANG,G-Dragon,concert,solo_world_tour_start,G-Dragon begins 2025 Übermensch world tour,G-Dragon 展開 2025 Übermensch 世界巡演,지드래곤 2025 Übermensch 월드투어 시작,2025-03-29,2025-03-29,2025-04-12,15,3,14,positive,4.0,B_media,https://people.com/bigbang-g-dragon-north-american-european-tour-11755015,,G-Dragon's first major world tour cycle in years; coded as concert under BIGBANG member-related events.,Elisa,completed,2025-03-31,0.007965893060895365,-0.02270485860140453,-0.014195010600973267,-0.035814629139192165,-0.05980797348541211,-0.06016358280976864,0.03112828002760852,positive_concert,839246217216,545404256256,-0.766620014674711,16800000,10274061688,781,909000,5771913,-0.5854950171180608,27.455769965458895,27.024793111245675,16.636889503897294,23.05288827335345,6.661854740545311,13.720101473269022,15.56851429925
BIGBANG_20250623_G_DRAGON_NORTH_AMERICA_EUROPE_TOUR_ANNOUNCEME,YG,122870.KQ,BIGBANG,G-Dragon,concert,north_america_europe_tour_announcement,G-Dragon announces North America and Europe legs of 2025 Übermensch tour,G-Dragon 宣布 2025 Übermensch 北美與歐洲巡演,지드래곤 2025 Übermensch 북미 유럽 투어 발표,2025-06-23,2025-06-23,2025-07-07,15,3,14,positive,4.0,B_media,https://people.com/bigbang-g-dragon-north-american-european-tour-11755015,,Tour expansion announcement; useful for 2025 concert traffic.,Elisa,completed,2025-06-23,0.013076966342184668,0.02141466783858094,-0.008070062486085529,4.756523736543922e-05,0.01426841315054464,0.08127934557619268,-0.0026118302580022436,positive_concert,839246217216,545404256256,-0.766620014674711,16800000,10274061688,781,909000,5771913,-0.5854950171180608,27.455769965458895,27.024793111245675,16.636889503897294,23.05288827335345,6.661854740545311,13.720101473269022,15.56851429925
BIGBANG_20250809_G_DRAGON_SEUNGRI_SUPPORT_SIGNS_CONTROVERSY_SI,YG,122870.KQ,BIGBANG,G-Dragon,PR_crisis,seungri_support_signs_controversy,Signs supporting Seungri at G-Dragon concert spark online debate,G-Dragon 演唱會出現支持 Seungri 標語引發網路爭議,지드래곤 공연 중 승리 지지 문구 논란,2025-08-09,2025-08-09,2025-08-23,15,3,14,negative,3.0,B_media,https://timesofindia.indiatimes.com/entertainment/k-pop/music/news/g-dragon-performs-in-hong-kong-signs-supporting-seungri-spark-debate-online/articleshow/123214800.cms,,PR-related online controversy connected to former BIGBANG member Seungri during G-Dragon's tour.,Elisa,completed,2025-08-11,0.09072465939710538,0.08474291259159711,0.08172730866450771,0.057022694448274965,0.0539410961236405,0.09416849641412246,0.11013368696479908,negative_PR_crisis,839246217216,545404256256,-0.766620014674711,16800000,10274061688,781,909000,5771913,-0.5854950171180608,27.455769965458895,27.024793111245675,16.636889503897294,23.05288827335345,6.661854740545311,13.720101473269022,15.56851429925
BIGBANG_20251101_G_DRAGON_TAIPEI_DOME_CONCERT_G_DRAGON_PERFORM,YG,122870.KQ,BIGBANG,G-Dragon,concert,taipei_dome_concert,G-Dragon performs 2025 Übermensch concerts at Taipei Dome,G-Dragon 於台北大巨蛋舉辦 2025 Übermensch 演唱會,지드래곤 2025 Übermensch 타이베이돔 공연,2025-11-01,2025-11-01,2025-11-15,15,3,14,positive,4.0,B_media,https://english.ftvnews.com.tw/news/2025B03W05EA,,Recent 2025 concert event in Taiwan; useful to balance late-period data.,Elisa,completed,2025-11-03,-0.03784416275701406,-0.054207458519592674,-0.03821066465767567,-0.050106126905870435,-0.18042286666462873,-0.2508767559999918,-0.333880140680599,positive_concert,839246217216,545404256256,-0.766620014674711,16800000,10274061688,781,909000,5771913,-0.5854950171180608,27.455769965458895,27.024793111245675,16.636889503897294,23.05288827335345,6.661854740545311,13.720101473269022,15.56851429925
BIGBANG_20251214_G_DRAGON_TOUR_CONCLUSION_G_DRAGON_CONCLUDES_2,YG,122870.KQ,BIGBANG,G-Dragon,concert,tour_conclusion,G-Dragon concludes 2025 Übermensch world tour,G-Dragon 結束 2025 Übermensch 世界巡演,지드래곤 2025 Übermensch 월드투어 종료,2025-12-14,2025-12-14,2025-12-28,15,3,14,positive,4.0,B_media,https://g-dragontour.com/,,Late-2025 concert-cycle endpoint; review date if official final-show date changes.,Elisa,needs_review,2025-12-15,-0.029268411781642165,-0.001400248340425899,-0.020031371796902033,-0.06246088666402223,-0.06667792421089534,-0.050525035221615965,-0.06127429783430224,positive_concert,839246217216,545404256256,-0.766620014674711,16800000,10274061688,781,909000,5771913,-0.5854950171180608,27.455769965458895,27.024793111245675,16.636889503897294,23.05288827335345,6.661854740545311,13.720101473269022,15.56851429925
