date,company,ticker,open,high,low,close,adj_close,volume,daily_return,peer_avg_return,abnormal_return
2020-12-29,JYP,035900.KQ,38500.0,38800.0,37650.0,38650.0,37140.91015625,552737,0.0079278834620424,0.012498493987811533,-0.004570610525769134
2020-12-30,JYP,035900.KQ,38650.0,39100.0,38050.0,38400.0,36900.671875,483327,-0.0064682927865614,0.0084249055267664,-0.0148931983133278
2021-01-04,JYP,035900.KQ,38400.0,38450.0,37450.0,37550.0,36083.859375,677984,-0.0221354370664829,-0.011254711549317467,-0.010880725517165433
2021-01-05,JYP,035900.KQ,37550.0,37650.0,36650.0,37250.0,35795.5703125,757871,-0.007989418745483,-0.008004606952392032,1.5188206909032623e-05
2021-01-06,JYP,035900.KQ,37400.0,37850.0,36650.0,36700.0,35267.046875,572010,-0.0147650514542978,-0.005158481865935034,-0.009606569588362767
2021-01-07,JYP,035900.KQ,36650.0,37050.0,36500.0,36650.0,35218.99609375,668591,-0.0013624838342805,-0.0008556805748916669,-0.0005068032593888331
2021-01-08,JYP,035900.KQ,37300.0,38250.0,36650.0,37800.0,36324.09765625,1220627,0.0313779972478009,0.031700921081797596,-0.0003229238339966939
2021-01-11,JYP,035900.KQ,38100.0,38150.0,35550.0,36200.0,34786.5703125,1719033,-0.0423280258273793,-0.030624584677100598,-0.011703441150278705
2021-01-12,JYP,035900.KQ,36200.0,37300.0,35650.0,36900.0,35459.23828125,921925,0.0193370016850522,0.0067374418938766336,0.012599559791175566
2021-01-13,JYP,035900.KQ,36900.0,38200.0,36550.0,37000.0,35555.3359375,1090658,0.0027100880026746,0.06503863031658887,-0.06232854231391426
2021-01-14,JYP,035900.KQ,37150.0,37950.0,37000.0,37050.0,35603.3828125,633453,0.0013513267061928,-0.00222668816807,0.0035780148742627998
2021-01-15,JYP,035900.KQ,37450.0,38100.0,36150.0,36250.0,34834.6171875,681564,-0.0215924882489001,-0.03949804645657117,0.017905558207671073
2021-01-18,JYP,035900.KQ,36150.0,36600.0,35200.0,35900.0,34498.28125,449879,-0.0096552212900645,0.012679541285376869,-0.02233476257544137
2021-01-19,JYP,035900.KQ,35600.0,36600.0,35600.0,36500.0,35074.85546875,357336,0.0167131288243527,0.037450092539948236,-0.020736963715595535
2021-01-20,JYP,035900.KQ,36700.0,38750.0,36550.0,38500.0,36996.765625,1984739,0.0547945281759558,0.043788660632452896,0.011005867543502905
2021-01-21,JYP,035900.KQ,38600.0,38750.0,37500.0,37850.0,36372.14453125,740982,-0.0168831270301077,-0.004907102243421066,-0.011976024786686633
2021-01-22,JYP,035900.KQ,37850.0,38800.0,37300.0,38000.0,36516.28515625,1011279,0.0039629399601708,0.060906610109847194,-0.05694367014967639
2021-01-25,JYP,035900.KQ,38400.0,38600.0,37600.0,37700.0,36228.00390625,690233,-0.0078945941178427,0.02600513787158737,-0.03389973198943007
2021-01-26,JYP,035900.KQ,37750.0,37800.0,36250.0,36400.0,34978.76171875,870210,-0.0344827772110426,0.0043580318137295,-0.0388408090247721
2021-01-27,JYP,035900.KQ,36900.0,36900.0,35000.0,35200.0,33825.6171875,1510032,-0.032966991242342,-0.018046543410272033,-0.014920447832069968
2021-01-28,JYP,035900.KQ,34450.0,35500.0,34000.0,34150.0,32816.61328125,999684,-0.0298295785900063,-0.010255792096596038,-0.01957378649341026
2021-01-29,JYP,035900.KQ,34500.0,34700.0,32050.0,32500.0,31231.03515625,1119411,-0.0483163241560313,-0.04810729546699367,-0.0002090286890376325
2021-02-01,JYP,035900.KQ,32050.0,33700.0,31400.0,33600.0,32288.0859375,754544,0.0338461653916219,0.027397931873207937,0.006448233518413962
2021-02-02,JYP,035900.KQ,33750.0,35550.0,33400.0,34100.0,32768.5625,939832,0.0148809242960408,0.04113273600572804,-0.02625181170968724
2021-02-03,JYP,035900.KQ,34300.0,34600.0,33950.0,34300.0,32960.7578125,402083,0.0058652347810497,0.010166439198954666,-0.004301204417904966
2021-02-04,JYP,035900.KQ,34350.0,34350.0,33350.0,33450.0,32143.943359375,420001,-0.0247814221314788,0.006174003828591766,-0.030955425960070566
2021-02-05,JYP,035900.KQ,33600.0,33800.0,32900.0,33350.0,32047.845703125,318179,-0.0029896038322246,-0.0021360192867098,-0.0008535845455148001
2021-02-08,JYP,035900.KQ,33050.0,33750.0,32800.0,33400.0,32095.896484375,292457,0.001499345125882,0.003937687889708534,-0.0024383427638265337
2021-02-09,JYP,035900.KQ,33700.0,33700.0,33000.0,33150.0,31855.658203125,314183,-0.007485015455697,-0.0394038001678518,0.0319187847121548
2021-02-10,JYP,035900.KQ,33300.0,34450.0,33200.0,33800.0,32480.275390625,528299,0.0196077313335414,0.012613584654368933,0.006994146679172466
2021-02-15,JYP,035900.KQ,33900.0,34500.0,33800.0,34150.0,32816.61328125,396487,0.0103551428237607,-0.007740495446278701,0.0180956382700394
2021-02-16,JYP,035900.KQ,34250.0,36450.0,33850.0,36450.0,35026.8046875,1548236,0.0673497715107855,0.0475004555422473,0.0198493159685382
2021-02-17,JYP,035900.KQ,36500.0,38200.0,35500.0,37600.0,36131.90625,2257281,0.031550167717536,-0.0025725055158141003,0.0341226732333501
2021-02-18,JYP,035900.KQ,37750.0,38200.0,36400.0,37000.0,35555.3359375,1048365,-0.0159573732011441,-0.024936185086538703,0.008978811885394605
2021-02-19,JYP,035900.KQ,36950.0,37150.0,35200.0,36700.0,35267.046875,826583,-0.0081081799650764,-0.017692424909130033,0.009584244944053633
2021-02-22,JYP,035900.KQ,36700.0,37150.0,35400.0,35650.0,34258.046875,572125,-0.0286102775652377,-0.0248300999587513,-0.003780177606486402
2021-02-23,JYP,035900.KQ,35200.0,36250.0,34700.0,35500.0,34113.90625,562824,-0.0042074968700328,0.0161427114877606,-0.0203502083577934
2021-02-24,JYP,035900.KQ,35850.0,37450.0,35100.0,35500.0,34113.90625,1259163,0.0,-0.03930222032208577,0.03930222032208577
2021-02-25,JYP,035900.KQ,36150.0,37700.0,35700.0,37450.0,35987.76171875,1558779,0.0549293726440371,0.0183135425676394,0.036615830076397696
2021-02-26,JYP,035900.KQ,36300.0,36900.0,35850.0,36500.0,35074.85546875,1054336,-0.0253671305577297,-0.017172597120543132,-0.008194533437186569
2021-03-02,JYP,035900.KQ,37050.0,38200.0,36750.0,37800.0,36324.09765625,1482936,0.0356164600197146,0.0039298243322125,0.0316866356875021
2021-03-03,JYP,035900.KQ,37700.0,38250.0,37150.0,37950.0,36468.2421875,910732,0.0039682893877805,0.0396462887085987,-0.0356779993208182
2021-03-04,JYP,035900.KQ,37500.0,37500.0,36350.0,36950.0,35507.28125,1044756,-0.0263506239911224,0.0152924534425503,-0.041643077433672696
2021-03-05,JYP,035900.KQ,36300.0,38400.0,36000.0,37450.0,35987.76171875,2420151,0.0135318856255715,0.005403263562391133,0.008128622063180366
2021-03-08,JYP,035900.KQ,37550.0,37600.0,35500.0,35700.0,34306.09375,1642690,-0.04672888472177,-0.013357783103462398,-0.03337110161830761
2021-03-09,JYP,035900.KQ,35400.0,35750.0,33600.0,34200.0,32864.66015625,1078608,-0.0420168382985894,-0.030259786096142632,-0.011757052202446765
2021-03-10,JYP,035900.KQ,34750.0,35250.0,33200.0,33300.0,31999.802734375,607663,-0.0263157269164862,-0.028839918951688,0.002524192035201798
2021-03-11,JYP,035900.KQ,33400.0,34400.0,33400.0,34300.0,32960.7578125,518613,0.0300300313130592,0.05881199381353353,-0.028781962500474333
2021-03-12,JYP,035900.KQ,34400.0,34950.0,34300.0,34500.0,33152.9453125,644453,0.0058307973710214,0.013081823036836832,-0.007251025665815432
2021-03-15,JYP,035900.KQ,34500.0,34500.0,33650.0,34300.0,32960.7578125,356628,-0.0057969962604661,-0.012227858152586167,0.0064308618921200674
2021-03-16,JYP,035900.KQ,34400.0,35150.0,34300.0,35000.0,33633.421875,410465,0.0204080278228584,0.0029694558951919004,0.017438571927666503
2021-03-17,JYP,035900.KQ,35000.0,35400.0,34800.0,35150.0,33777.56640625,328527,0.0042857527784629,0.018561641890069633,-0.014275889111606732
2021-03-18,JYP,035900.KQ,35600.0,35850.0,35050.0,35200.0,33825.6171875,385881,0.001422564925847,-0.005837515678718767,0.007260080604565767
2021-03-19,JYP,035900.KQ,34650.0,35350.0,34500.0,35350.0,33969.76171875,312519,0.0042614013648587,-0.011881698454098933,0.016143099818957632
2021-03-22,JYP,035900.KQ,35100.0,35400.0,34800.0,35400.0,34017.8046875,232718,0.0014142863040302,0.003896896100678267,-0.002482609796648067
2021-03-23,JYP,035900.KQ,35400.0,35900.0,35200.0,35400.0,34017.8046875,397899,0.0,-0.018811937508989702,0.018811937508989702
2021-03-24,JYP,035900.KQ,35050.0,36200.0,34750.0,36150.0,34738.52734375,692674,0.0211866304387018,-0.010390421825777499,0.031577052264479294
2021-03-25,JYP,035900.KQ,36200.0,36600.0,35500.0,36500.0,35074.85546875,433751,0.0096817035930141,0.024086382763986267,-0.014404679170972167
2021-03-26,JYP,035900.KQ,36500.0,36500.0,35500.0,35700.0,34306.09375,464541,-0.0219177444490092,0.0014346539826782998,-0.0233523984316875
2021-03-29,JYP,035900.KQ,35500.0,35500.0,34850.0,34850.0,33489.28125,375023,-0.023809545498021,-0.012595621798463533,-0.011213923699557468
2021-03-30,JYP,035900.KQ,34950.0,35750.0,34700.0,35600.0,34209.99609375,318517,0.0215207617735899,0.009218937879220533,0.012301823894369367
2021-03-31,JYP,035900.KQ,35550.0,36200.0,35100.0,35600.0,34209.99609375,309757,0.0,-0.0028182811456397335,0.0028182811456397335
2021-04-01,JYP,035900.KQ,35650.0,35700.0,34550.0,34700.0,33345.13671875,511779,-0.0252808966312043,0.0040724210562607,-0.029353317687465002
2021-04-02,JYP,035900.KQ,34750.0,35150.0,34550.0,34900.0,33537.328125,278205,0.0057637012518809,0.0031647818055875,0.0025989194462934
2021-04-05,JYP,035900.KQ,34900.0,35100.0,34500.0,34550.0,33200.9921875,286915,-0.0100287040233619,0.011448380240982466,-0.021477084264344366
2021-04-06,JYP,035900.KQ,34600.0,34700.0,34200.0,34400.0,33056.8515625,290748,-0.0043414553452492,0.018120329574620567,-0.02246178491986977
2021-04-07,JYP,035900.KQ,34600.0,35900.0,34300.0,35000.0,33633.421875,576216,0.0174417793966219,0.031732061897932234,-0.014290282501310335
2021-04-08,JYP,035900.KQ,35400.0,35500.0,34800.0,34950.0,33585.37890625,295998,-0.0014284294036019,-0.0146697967260524,0.013241367322450499
2021-04-09,JYP,035900.KQ,35000.0,35100.0,34050.0,34300.0,32960.7578125,529463,-0.0185980064567251,-0.0190161215411647,0.0004181150844396013
2021-04-12,JYP,035900.KQ,34450.0,34450.0,33900.0,34050.0,32720.515625,411895,-0.0072887337380601,-0.0067359754574184,-0.0005527582806417004
2021-04-13,JYP,035900.KQ,33900.0,34200.0,33800.0,34200.0,32864.66015625,272240,0.0044053257870992,0.0011086073008168332,0.0032967184862823665
2021-04-14,JYP,035900.KQ,33900.0,34100.0,33800.0,33950.0,32624.41796875,327811,-0.0073100463037745,-0.024472282639280866,0.017162236335506367
2021-04-15,JYP,035900.KQ,34000.0,34250.0,33850.0,34100.0,32768.5625,250118,0.0044183020027537,0.02158067633643743,-0.01716237433368373
2021-04-16,JYP,035900.KQ,34100.0,34800.0,34100.0,34800.0,33441.234375,484837,0.0205279641119442,0.006900329422136034,0.013627634689808165
2021-04-19,JYP,035900.KQ,34800.0,34800.0,34200.0,34350.0,33008.80078125,341022,-0.012931149278188,-0.015477770393723765,0.0025466211155357656
2021-04-20,JYP,035900.KQ,34350.0,34600.0,34150.0,34500.0,33152.9453125,226884,0.0043668515013692,0.0025440231832598334,0.0018228283181093668
2021-04-21,JYP,035900.KQ,34300.0,34300.0,33750.0,33850.0,32528.32421875,429752,-0.0188405913218966,-0.010096482315362733,-0.008744109006533867
2021-04-22,JYP,035900.KQ,34100.0,34350.0,33950.0,34150.0,32816.61328125,207036,0.0088627087138359,0.018280861437989366,-0.009418152724153465
2021-04-23,JYP,035900.KQ,34050.0,34050.0,33700.0,33800.0,32480.275390625,241592,-0.0102490128320819,-0.0034447730597889654,-0.006804239772292935
2021-04-26,JYP,035900.KQ,33950.0,34050.0,33700.0,33800.0,32480.275390625,194767,0.0,0.008952833986742067,-0.008952833986742067
2021-04-27,JYP,035900.KQ,33750.0,34000.0,33700.0,33950.0,32624.41796875,207850,0.0044378496300128,-0.0015076981880882666,0.005945547818101067
2021-04-28,JYP,035900.KQ,33950.0,34000.0,33300.0,33350.0,32047.845703125,288469,-0.0176730284101093,-0.02572912383356313,0.00805609542345383
2021-04-29,JYP,035900.KQ,33600.0,33750.0,33000.0,33350.0,32047.845703125,198668,0.0,-0.0071482253083873,0.0071482253083873
2021-04-30,JYP,035900.KQ,33400.0,33500.0,32500.0,32900.0,31615.41796875,356831,-0.0134931919724274,-0.0068140650693440325,-0.006679126903083368
2021-05-03,JYP,035900.KQ,32800.0,33150.0,31150.0,31500.0,30270.080078125,746714,-0.0425532217209586,-0.017743710581504864,-0.024809511139453736
2021-05-04,JYP,035900.KQ,31200.0,31700.0,30300.0,31550.0,30318.12890625,609705,0.001587337331153,0.0010254412931657998,0.0005618960379872003
2021-05-06,JYP,035900.KQ,31200.0,31450.0,30600.0,30950.0,29741.556640625,582659,-0.0190174092671708,0.0182327049055898,-0.0372501141727606
2021-05-07,JYP,035900.KQ,30950.0,33150.0,30900.0,33050.0,31759.560546875,783825,0.0678513209861229,0.0348874832372032,0.0329638377489197
2021-05-10,JYP,035900.KQ,33200.0,34050.0,32950.0,34000.0,32672.46875,524690,0.0287443587822195,0.0141708156069388,0.0145735431752807
2021-05-11,JYP,035900.KQ,33500.0,33550.0,32850.0,33050.0,31759.560546875,354275,-0.0279412067116905,-0.012251188595522133,-0.015690018116168367
2021-05-12,JYP,035900.KQ,33250.0,34000.0,32750.0,33900.0,32576.375,602064,0.0257186950656775,0.0036792292194577684,0.022039465846219734
2021-05-13,JYP,035900.KQ,33150.0,34100.0,32850.0,33450.0,32143.943359375,472059,-0.0132743941161347,-0.007651213241179032,-0.005623180874955667
2021-05-14,JYP,035900.KQ,33750.0,36500.0,33650.0,35900.0,34498.28125,2127257,0.0732435925581092,0.030600931546201332,0.04264266101190786
2021-05-17,JYP,035900.KQ,36200.0,38000.0,35600.0,37650.0,36179.953125,3014488,0.0487465408149863,0.040551202392691395,0.008195338422294904
2021-05-18,JYP,035900.KQ,37650.0,38450.0,37300.0,38250.0,36756.52734375,1477008,0.0159362898221002,0.0471285253976357,-0.0311922355755355
2021-05-20,JYP,035900.KQ,37950.0,38500.0,37350.0,38200.0,36708.48046875,824705,-0.0013071657871991,0.020006287282132,-0.0213134530693311
2021-05-21,JYP,035900.KQ,37950.0,38550.0,37000.0,37050.0,35603.3828125,883571,-0.0301046963028276,0.00015020500041213378,-0.030254901303239733
2021-05-24,JYP,035900.KQ,37000.0,37700.0,36700.0,36950.0,35507.28125,784225,-0.0026992256046596,0.011029542711678234,-0.013728768316337833
2021-05-25,JYP,035900.KQ,37450.0,39000.0,37250.0,38650.0,37140.91015625,1199877,0.0460082791117666,0.024273619516893604,0.021734659594872998
2021-05-26,JYP,035900.KQ,38850.0,39000.0,37700.0,38600.0,37092.86328125,688127,-0.0012936375225558,-0.00543230067077,0.0041386631482141995
2021-05-27,JYP,035900.KQ,38850.0,39050.0,37700.0,39000.0,37477.24609375,719829,0.0103627161264281,-0.002810763701664933,0.013173479828093033
2021-05-28,JYP,035900.KQ,39000.0,39000.0,38000.0,38250.0,36756.52734375,520079,-0.0192308353766739,0.0052426256791266,-0.024473461055800498
2021-05-31,JYP,035900.KQ,38400.0,40500.0,38000.0,39600.0,38053.81640625,1665267,0.0352941138962243,0.023036355427602236,0.012257758468622062
2021-06-01,JYP,035900.KQ,39850.0,39900.0,38750.0,39650.0,38101.8671875,677980,0.0012627059724319,-0.0004547695258471333,0.0017174754982790333
2021-06-02,JYP,035900.KQ,39650.0,39750.0,38750.0,38800.0,37285.0546875,491573,-0.0214375976899098,0.0046001749059680335,-0.026037772595877834
2021-06-03,JYP,035900.KQ,38950.0,40200.0,38750.0,39400.0,37861.62890625,667047,0.0154639499279936,0.023187986729059733,-0.007724036801066134
2021-06-04,JYP,035900.KQ,39350.0,39600.0,37900.0,38650.0,37140.91015625,527736,-0.0190355980664378,-0.030685477402577137,0.011649879336139337
2021-06-07,JYP,035900.KQ,39100.0,40400.0,39100.0,39450.0,37909.671875,557026,0.0206985158822403,0.0168033720193705,0.0038951438628698
2021-06-08,JYP,035900.KQ,39100.0,39750.0,38950.0,39500.0,37957.72265625,340565,0.0012675071788654,-0.0331555106891452,0.0344230178680106
2021-06-09,JYP,035900.KQ,39250.0,39950.0,38800.0,38950.0,37429.19921875,410011,-0.0139240028251003,0.006696518426609733,-0.020620521251710034
2021-06-10,JYP,035900.KQ,39000.0,39650.0,38600.0,38900.0,37381.14453125,386569,-0.0012838823299197,0.013638542347830433,-0.014922424677750132
2021-06-11,JYP,035900.KQ,38950.0,40150.0,38900.0,39950.0,38390.15234375,575913,0.0269924269348276,0.03998123680425116,-0.012988809869423561
2021-06-14,JYP,035900.KQ,40400.0,41850.0,40150.0,40850.0,39255.00390625,967535,0.0225279533864835,0.0083206943045164,0.014207259081967101
2021-06-15,JYP,035900.KQ,41050.0,42250.0,40700.0,41300.0,39687.4375,999850,0.0110160119913056,0.04705198510385387,-0.03603597311254827
2021-06-16,JYP,035900.KQ,41300.0,41500.0,40200.0,40300.0,38726.484375,585151,-0.0242130302567405,0.007982921087256867,-0.032195951343997366
2021-06-17,JYP,035900.KQ,39900.0,40950.0,39600.0,40800.0,39206.96484375,527508,0.0124070252310373,0.03537918650835633,-0.022972161277319027
2021-06-18,JYP,035900.KQ,41100.0,43400.0,41050.0,42950.0,41273.015625,1637073,0.0526960143302026,0.023573326910695164,0.029122687419507437
2021-06-21,JYP,035900.KQ,42500.0,43500.0,42250.0,43050.0,41369.11328125,644465,0.0023283410430468,-0.02661434012622033,0.02894268116926713
2021-06-22,JYP,035900.KQ,43800.0,44900.0,41900.0,42150.0,40504.25,910557,-0.0209060144792125,0.018447001289594034,-0.03935301576880654
2021-06-23,JYP,035900.KQ,42200.0,44200.0,41600.0,42900.0,41224.97265625,1145979,0.017793753896196,0.027207756698203935,-0.009414002802007937
2021-06-24,JYP,035900.KQ,43000.0,43050.0,41650.0,42150.0,40504.25,454305,-0.0174826715413414,-0.0013245205260693004,-0.0161581510152721
2021-06-25,JYP,035900.KQ,42000.0,42150.0,40000.0,40200.0,38630.38671875,892116,-0.0462633743681218,-0.04209599912202127,-0.00416737524610053
2021-06-28,JYP,035900.KQ,40100.0,40300.0,39400.0,39950.0,38390.15234375,502771,-0.006218792909039,0.00010074423973406635,-0.006319537148773067
2021-06-29,JYP,035900.KQ,39950.0,40250.0,39200.0,39750.0,38197.9609375,549942,-0.0050062683921933,0.00023076136835813166,-0.0052370297605514315
2021-06-30,JYP,035900.KQ,39800.0,40600.0,39700.0,40500.0,38918.67578125,443636,0.0188678878678691,0.007075651406305168,0.01179223646156393
2021-07-01,JYP,035900.KQ,40500.0,40900.0,40100.0,40750.0,39158.9140625,1298971,0.0061728277344355,0.014816626466139798,-0.008643798731704299
2021-07-02,JYP,035900.KQ,41900.0,41950.0,38950.0,40100.0,38534.29296875,1547696,-0.0159509299147843,0.009817516423899733,-0.025768446338684033
2021-07-05,JYP,035900.KQ,40450.0,41200.0,40100.0,40750.0,39158.9140625,666903,0.0162094862946244,0.0143736031595873,0.0018358831350370995
2021-07-06,JYP,035900.KQ,40200.0,40750.0,39800.0,40100.0,38534.29296875,430892,-0.0159509299147843,-0.009697910670251733,-0.006253019244532566
2021-07-07,JYP,035900.KQ,40100.0,40150.0,39000.0,39100.0,37573.34375,528911,-0.0249375074697567,-0.0172184959446408,-0.0077190115251159
2021-07-08,JYP,035900.KQ,39500.0,39650.0,38300.0,39000.0,37477.24609375,443342,-0.0025576019235711,-0.01572524941860533,0.013167647495034232
2021-07-09,JYP,035900.KQ,38300.0,38800.0,37750.0,38650.0,37140.91015625,513881,-0.0089744037397692,0.016019700978201403,-0.024994104717970603
2021-07-12,JYP,035900.KQ,38850.0,39400.0,38200.0,39150.0,37621.38671875,327743,0.0129365855731229,0.016901640206829133,-0.003965054633706232
2021-07-13,JYP,035900.KQ,39250.0,41050.0,39150.0,39950.0,38390.15234375,882981,0.0204342713560012,0.04275790137838256,-0.02232363002238136
2021-07-14,JYP,035900.KQ,40050.0,41200.0,39950.0,40700.0,39110.86328125,652753,0.0187733284058544,0.021981591412673196,-0.003208263006818795
2021-07-15,JYP,035900.KQ,41000.0,41250.0,40100.0,40300.0,38726.484375,406506,-0.0098279320373445,-0.0027693156918497334,-0.007058616345494767
2021-07-16,JYP,035900.KQ,40300.0,40800.0,39900.0,40250.0,38678.43359375,425612,-0.0012407731304683,0.0030243335208687007,-0.004265106651337001
2021-07-19,JYP,035900.KQ,40000.0,40050.0,39300.0,39850.0,38294.05859375,353624,-0.0099377085441771,-0.013236284321195368,0.003298575777018269
2021-07-20,JYP,035900.KQ,39200.0,40150.0,39200.0,39600.0,38053.81640625,280940,-0.0062736151852864,-0.0310948173628651,0.0248212021775787
2021-07-21,JYP,035900.KQ,39900.0,40950.0,39750.0,40150.0,38582.33984375,483653,0.0138888418406621,0.003493635956981,0.0103952058836811
2021-07-22,JYP,035900.KQ,40550.0,40950.0,40250.0,40550.0,38966.72265625,393921,0.0099626620380377,0.010845968347475234,-0.0008833063094375333
2021-07-23,JYP,035900.KQ,40850.0,42100.0,40250.0,41850.0,40215.96484375,636567,0.0320592059671107,0.0088402172598413,0.0232189887072694
2021-07-26,JYP,035900.KQ,42400.0,43800.0,41900.0,42350.0,40696.4453125,986606,0.0119475056887681,-0.0010462744231793004,0.012993780111947401
2021-07-27,JYP,035900.KQ,42600.0,42800.0,40600.0,40600.0,39014.76953125,557060,-0.0413224243133949,-0.020261297816763866,-0.02106112649663103
2021-07-28,JYP,035900.KQ,40600.0,41150.0,39950.0,40250.0,38678.43359375,351257,-0.0086207336744768,-0.008460049970157132,-0.00016068370431966683
2021-07-29,JYP,035900.KQ,40250.0,41000.0,40000.0,40500.0,38918.67578125,226916,0.0062112698260567,0.0018006641653216336,0.004410605660735066
2021-07-30,JYP,035900.KQ,40500.0,40500.0,39600.0,40000.0,38438.203125,367430,-0.0123455550993202,-0.0332247432120045,0.0208791881126843
2021-08-02,JYP,035900.KQ,40000.0,40400.0,39550.0,40000.0,38438.203125,182025,0.0,0.020018696681008166,-0.020018696681008166
2021-08-03,JYP,035900.KQ,40250.0,40300.0,38900.0,39450.0,37909.671875,426738,-0.0137501549768398,0.004860538083785,-0.0186106930606248
2021-08-04,JYP,035900.KQ,39650.0,41200.0,39450.0,40750.0,39158.9140625,679397,0.032953125830768,0.06737310955305655,-0.03441998372228854
2021-08-05,JYP,035900.KQ,41000.0,41750.0,40550.0,41300.0,39687.4375,487996,0.0134968869835472,-0.012305980216889034,0.025802867200436234
2021-08-06,JYP,035900.KQ,41200.0,44250.0,40800.0,43800.0,42089.828125,1494434,0.060532772492555,0.0290367792875831,0.0314959932049719
2021-08-09,JYP,035900.KQ,44000.0,46200.0,43400.0,44600.0,42858.58984375,1463199,0.0182647863627978,0.0036575783397509005,0.0146072080230469
2021-08-10,JYP,035900.KQ,44800.0,45750.0,43850.0,43900.0,42185.92578125,521383,-0.0156949648822403,-0.012974169326122734,-0.0027207955561175667
2021-08-11,JYP,035900.KQ,44150.0,45950.0,43450.0,43600.0,41897.640625,688210,-0.006833680923464,-0.014605224095248765,0.007771543171784766
2021-08-12,JYP,035900.KQ,43450.0,45550.0,42300.0,45450.0,43675.40625,964214,0.0424311631509679,0.033629975213937964,0.008801187937029935
2021-08-13,JYP,035900.KQ,45400.0,45550.0,43200.0,44600.0,42858.58984375,653559,-0.0187019761550586,-0.014537843680610299,-0.004164132474448301
2021-08-17,JYP,035900.KQ,44800.0,45400.0,42600.0,43400.0,41705.4453125,737004,-0.0269057973081716,-0.026893616218663038,-1.2181089508563753e-05
2021-08-18,JYP,035900.KQ,41750.0,43900.0,40800.0,42250.0,40600.3515625,1708132,-0.0264975890251142,0.025345146891185402,-0.05184273591629961
2021-08-19,JYP,035900.KQ,42000.0,42050.0,40250.0,40300.0,38726.484375,1017126,-0.0461539645688874,-0.025899478310244865,-0.020254486258642537
2021-08-20,JYP,035900.KQ,40300.0,40700.0,38250.0,38800.0,37285.0546875,857255,-0.0372207730901211,-0.044816229199704904,0.007595456109583808
2021-08-23,JYP,035900.KQ,39550.0,40950.0,39200.0,40800.0,39206.96484375,573354,0.0515463949927994,0.051155652505991904,0.00039074248680749657
2021-08-24,JYP,035900.KQ,41450.0,43400.0,40700.0,42950.0,41273.015625,1053517,0.0526960143302026,0.03996236324665547,0.012733651083547133
2021-08-25,JYP,035900.KQ,44000.0,44650.0,43150.0,43900.0,42185.92578125,766911,0.0221188140102133,-0.0009681804200971337,0.023086994430310433
2021-08-26,JYP,035900.KQ,44300.0,45200.0,43800.0,44850.0,43098.828125,781590,0.0216399741582948,0.014113475715340168,0.0075264984429546326
2021-08-27,JYP,035900.KQ,44500.0,45000.0,42900.0,43800.0,42089.828125,622935,-0.0234113093997262,-0.013086767445397766,-0.010324541954328435
2021-08-30,JYP,035900.KQ,43650.0,43850.0,41250.0,42300.0,40648.39453125,803222,-0.0342466020405018,-0.014648879151881034,-0.019597722888620765
2021-08-31,JYP,035900.KQ,41950.0,43300.0,41750.0,42650.0,40984.7265625,346941,0.0082741774952865,0.005494174343030934,0.0027800031522555663
2021-09-01,JYP,035900.KQ,42500.0,43000.0,42000.0,42350.0,40696.4453125,236057,-0.0070338702775137,-0.006441902640470333,-0.0005919676370433665
2021-09-02,JYP,035900.KQ,42700.0,42900.0,41300.0,41300.0,39687.4375,332886,-0.024793512179062,-0.023471632561833298,-0.0013218796172287037
2021-09-03,JYP,035900.KQ,41500.0,41550.0,40100.0,40650.0,39062.8203125,830737,-0.0157384106116702,-0.014357651663469568,-0.0013807589482006302
2021-09-06,JYP,035900.KQ,40800.0,40850.0,39800.0,40700.0,39110.86328125,327093,0.0012298899149028,0.008113193824071866,-0.006883303909169066
2021-09-07,JYP,035900.KQ,40950.0,42150.0,40100.0,41400.0,39783.53515625,598215,0.017199105787125,0.017997623831461935,-0.000798518044336935
2021-09-08,JYP,035900.KQ,41200.0,41250.0,40050.0,40100.0,38534.29296875,513084,-0.0314009849198568,-0.04316780346076946,0.01176681854091266
2021-09-09,JYP,035900.KQ,40000.0,40550.0,39500.0,40100.0,38534.29296875,511563,0.0,-0.0064069443164608665,0.0064069443164608665
2021-09-10,JYP,035900.KQ,40100.0,40600.0,38750.0,39800.0,38246.0078125,660357,-0.0074812623780016,-0.014470134704846668,0.006988872326845068
2021-09-13,JYP,035900.KQ,39350.0,40150.0,39350.0,39500.0,37957.72265625,421274,-0.0075376535418627,-0.0196099021959074,0.012072248654044701
2021-09-14,JYP,035900.KQ,39700.0,40450.0,39550.0,40250.0,38678.43359375,288963,0.018987201735648,0.03491860856582147,-0.01593140683017347
2021-09-15,JYP,035900.KQ,40300.0,40500.0,39900.0,40050.0,38486.24609375,229416,-0.0049688542720885,0.002668242310944267,-0.007637096583032767
2021-09-16,JYP,035900.KQ,40500.0,40900.0,39600.0,39700.0,38149.9140625,275142,-0.0087390188804259,-0.0032572375807427335,-0.005481781299683167
2021-09-17,JYP,035900.KQ,39750.0,40300.0,39450.0,40150.0,38582.33984375,288517,0.0113349083969511,0.0005135926880489666,0.010821315708902133
2021-09-23,JYP,035900.KQ,39650.0,40050.0,39200.0,39750.0,38197.9609375,245822,-0.0099625607935301,-0.018143618748868332,0.008181057955338232
2021-09-24,JYP,035900.KQ,39950.0,39950.0,39300.0,39350.0,37813.578125,208300,-0.010062914434855,-0.010153510815611935,9.059638075693474e-05
2021-09-27,JYP,035900.KQ,39350.0,40000.0,39200.0,39700.0,38149.9140625,231891,0.0088945811049188,0.015379645170626635,-0.0064850640657078355
2021-09-28,JYP,035900.KQ,39750.0,41200.0,39750.0,40100.0,38534.29296875,659126,0.0100754855075237,0.026018246987610568,-0.015942761480086866
2021-09-29,JYP,035900.KQ,39650.0,40950.0,39100.0,40200.0,38630.38671875,596016,0.002493720335752,0.011035677788433168,-0.008541957452681168
2021-09-30,JYP,035900.KQ,40850.0,42700.0,40350.0,42650.0,40984.7265625,1186168,0.0609452828130057,0.06799986906624966,-0.007054586253243962
2021-10-01,JYP,035900.KQ,42650.0,42850.0,41350.0,41400.0,39783.53515625,561674,-0.029308269372451,-0.00022507391877506686,-0.029083195453675933
2021-10-05,JYP,035900.KQ,41000.0,43950.0,40250.0,43400.0,41705.4453125,1308794,0.0483091849103325,0.05659002103259933,-0.008280836122266828
2021-10-06,JYP,035900.KQ,43900.0,44550.0,42350.0,42800.0,41128.87109375,774905,-0.0138249145748166,-0.015266489580445302,0.0014415750056287029
2021-10-07,JYP,035900.KQ,43150.0,44600.0,42300.0,43100.0,41417.15625,1077193,0.0070093136179905,0.007064826200774066,-5.5512582783566813e-05
2021-10-08,JYP,035900.KQ,43000.0,43050.0,41800.0,42200.0,40552.30078125,478010,-0.020881575343551,-0.021562170663724334,0.0006805953201733349
2021-10-12,JYP,035900.KQ,41850.0,42950.0,40550.0,40750.0,39158.9140625,476715,-0.0343602383072245,-0.03458440491710504,0.00022416660988053977
2021-10-13,JYP,035900.KQ,40800.0,41600.0,40700.0,41050.0,39447.203125,231769,0.0073620290399236,-0.0006516384180582334,0.008013667457981833
2021-10-14,JYP,035900.KQ,41350.0,42450.0,40750.0,42100.0,40456.20703125,500188,0.0255785917965507,0.04508598924763477,-0.019507397451084065
2021-10-15,JYP,035900.KQ,42100.0,42500.0,41500.0,41950.0,40312.0625,421948,-0.0035629769033626,0.01949070040510033,-0.02305367730846293
2021-10-18,JYP,035900.KQ,42200.0,43150.0,41900.0,42800.0,41128.87109375,462842,0.0202621385038286,-0.018992361275414635,0.03925449977924324
2021-10-19,JYP,035900.KQ,43300.0,44350.0,42600.0,43900.0,42185.92578125,740315,0.0257010382096443,0.037820121669548235,-0.012119083459903934
2021-10-20,JYP,035900.KQ,44350.0,49850.0,44200.0,48950.0,47038.74609375,5016388,0.1150341072912257,0.0307011310576408,0.0843329762335849
2021-10-21,JYP,035900.KQ,48900.0,51400.0,48650.0,49500.0,47567.2734375,2203924,0.0112359998435465,-0.0012677747482721334,0.012503774591818633
2021-10-22,JYP,035900.KQ,49350.0,50600.0,49000.0,50000.0,48047.74609375,998742,0.0101009080724652,-0.021003171561186296,0.031104079633651496
2021-10-25,JYP,035900.KQ,50300.0,51600.0,48700.0,49000.0,47086.79296875,887598,-0.019999962602304,0.0057445866871547,-0.025744549289458702
2021-10-26,JYP,035900.KQ,49300.0,53500.0,49000.0,53400.0,51314.99609375,1524111,0.089795946133051,0.06867761666198903,0.021118329471061972
2021-10-27,JYP,035900.KQ,52900.0,54500.0,52700.0,53600.0,51507.1875,1010302,0.0037453263349933,0.014868082788218566,-0.011122756453225267
2021-10-28,JYP,035900.KQ,53500.0,54300.0,51600.0,52300.0,50257.9453125,840163,-0.0242537449263755,-0.0497229676476584,0.025469222721282898
2021-10-29,JYP,035900.KQ,52700.0,53200.0,51100.0,52400.0,50354.03515625,584619,0.0019119333898853,0.0121147982930988,-0.0102028649032135
2021-11-01,JYP,035900.KQ,53600.0,54800.0,51100.0,53300.0,51218.8984375,954565,0.0171756499467481,0.024280943453245035,-0.007105293506496933
2021-11-02,JYP,035900.KQ,54200.0,54300.0,52400.0,53700.0,51603.28125,552262,0.0075047067435283,0.006629763297321033,0.0008749434462072669
2021-11-03,JYP,035900.KQ,53700.0,54200.0,52500.0,52900.0,50834.51953125,465570,-0.0148975355854914,-0.021211903365831997,0.006314367780340597
2021-11-04,JYP,035900.KQ,53600.0,54300.0,52200.0,53000.0,50930.61328125,677561,0.0018903247416537,-0.001487863961244067,0.0033781887028977668
2021-11-05,JYP,035900.KQ,53300.0,54300.0,50200.0,51100.0,49104.80078125,1222269,-0.0358490185444551,0.029837810351109998,-0.0656868288955651
2021-11-08,JYP,035900.KQ,51100.0,52800.0,50200.0,52600.0,50546.234375,669219,0.0293542295420612,0.027493127828870534,0.0018611017131906667
2021-11-09,JYP,035900.KQ,52800.0,54800.0,51800.0,54200.0,52083.7578125,848226,0.030418159859213,0.009582005340347767,0.02083615451886523
2021-11-10,JYP,035900.KQ,53700.0,54000.0,51000.0,52100.0,50065.75,832933,-0.0387454342247111,-0.03259086205515797,-0.0061545721695531325
2021-11-11,JYP,035900.KQ,51400.0,53500.0,50900.0,53000.0,50930.61328125,755274,0.0172745495922861,0.019800584090576803,-0.0025260344982907038
2021-11-12,JYP,035900.KQ,54000.0,54600.0,51600.0,51800.0,49777.46484375,739942,-0.0226415580572741,-0.0019904329731171336,-0.02065112508415697
2021-11-15,JYP,035900.KQ,52100.0,53300.0,51600.0,53300.0,51218.8984375,643162,0.0289575533481791,0.02074866747396663,0.008208885874212469
2021-11-16,JYP,035900.KQ,53800.0,54200.0,51800.0,54000.0,51891.5703125,800004,0.013133274934072,-0.007623532329363233,0.020756807263435234
2021-11-17,JYP,035900.KQ,54400.0,58500.0,53400.0,55400.0,53236.90234375,1867416,0.0259258300172489,0.020024508375056132,0.005901321642192769
2021-11-18,JYP,035900.KQ,55700.0,56000.0,53000.0,54700.0,52564.2421875,711919,-0.012635223437807,-0.029988836705124897,0.017353613267317897
2021-11-19,JYP,035900.KQ,54900.0,55400.0,51500.0,51500.0,49489.1796875,914282,-0.0585010336310196,-0.0239967448884947,-0.0345042887425249
2021-11-22,JYP,035900.KQ,51500.0,52000.0,48800.0,50400.0,48432.12890625,1016121,-0.0213592301978888,-0.031307111224975565,0.009947881027086766
2021-11-23,JYP,035900.KQ,49100.0,50300.0,48900.0,49800.0,47855.55859375,533877,-0.0119047071751907,-0.0182841214517644,0.006379414276573701
2021-11-24,JYP,035900.KQ,49800.0,51400.0,49100.0,50600.0,48624.3203125,658063,0.0160642094949947,0.009085226020466268,0.006978983474528433
2021-11-25,JYP,035900.KQ,50300.0,51100.0,49800.0,49900.0,47951.65625,363312,-0.0138339015985602,-0.0109813818323476,-0.0028525197662126
2021-11-26,JYP,035900.KQ,49950.0,50500.0,46700.0,47400.0,45549.26953125,907002,-0.0501001822799395,-0.04644020057487083,-0.0036599817050686698
2021-11-29,JYP,035900.KQ,45950.0,48450.0,45500.0,47050.0,45212.93359375,634264,-0.0073840028821812,-0.0117004350120267,0.004316432129845499
2021-11-30,JYP,035900.KQ,47500.0,48150.0,45100.0,45400.0,43627.35546875,452038,-0.0350691273264157,-0.020723685069503065,-0.014345442256912633
2021-12-01,JYP,035900.KQ,45600.0,45850.0,44050.0,45650.0,43867.58984375,463046,0.00550650784167,-0.014564548898540135,0.020071056740210133
2021-12-02,JYP,035900.KQ,45000.0,45550.0,43000.0,44350.0,42618.3515625,630586,-0.0284774770097834,-0.048453983342744866,0.019976506332961465
2021-12-03,JYP,035900.KQ,45200.0,47400.0,44550.0,47200.0,45357.07421875,743507,0.0642615811227154,0.08011685030880371,-0.015855269186088303
2021-12-06,JYP,035900.KQ,47050.0,47150.0,45500.0,46500.0,44684.40625,475762,-0.0148304973443795,-0.03122225879903827,0.016391761454658767
2021-12-07,JYP,035900.KQ,47200.0,49000.0,46550.0,48000.0,46125.8359375,841361,0.0322580024770946,0.024606346282988634,0.007651656194105967
2021-12-08,JYP,035900.KQ,49100.0,49250.0,47650.0,48250.0,46366.078125,553613,0.005208408316448,-0.00017763159124763376,0.0053860399076956335
2021-12-09,JYP,035900.KQ,48600.0,49600.0,48300.0,48650.0,46750.45703125,484493,0.0082900888277359,0.024978128093585333,-0.016688039265849434
2021-12-10,JYP,035900.KQ,48350.0,49400.0,47650.0,47650.0,45789.5078125,415727,-0.0205548625569085,-0.004984474091352234,-0.015570388465556265
2021-12-13,JYP,035900.KQ,47900.0,48400.0,47200.0,47200.0,45357.07421875,304312,-0.0094439450085539,-0.020617068476478935,0.011173123467925036
2021-12-14,JYP,035900.KQ,46550.0,48000.0,46500.0,46850.0,45020.7421875,229882,-0.0074152056111009,-0.017220565487974234,0.009805359876873334
2021-12-15,JYP,035900.KQ,46850.0,47100.0,46350.0,46700.0,44876.59765625,195048,-0.0032017360053655,-0.0093543293080045,0.006152593302639
2021-12-16,JYP,035900.KQ,47450.0,49300.0,47400.0,48450.0,46558.265625,435808,0.0374731609920921,0.0049124383904605995,0.0325607226016315
2021-12-17,JYP,035900.KQ,47950.0,48050.0,46800.0,47650.0,45789.5078125,435864,-0.0165117364699943,-0.009233250883269968,-0.007278485586724332
2021-12-20,JYP,035900.KQ,47500.0,48300.0,46950.0,47000.0,45164.88671875,279593,-0.0136411401561186,-0.021527633305434734,0.007886493149316134
2021-12-21,JYP,035900.KQ,47050.0,49200.0,47050.0,49150.0,47230.93359375,586572,0.0457445379607759,0.025693969563226667,0.02005056839754923
2021-12-22,JYP,035900.KQ,49700.0,50300.0,49250.0,49650.0,47711.41796875,356866,0.0101730865439335,0.01798195156157757,-0.007808865017644068
2021-12-23,JYP,035900.KQ,49850.0,50200.0,48400.0,48700.0,46798.5078125,274377,-0.0191339975862369,-0.011095478299450965,-0.008038519286785934
2021-12-24,JYP,035900.KQ,48800.0,49250.0,48500.0,48850.0,46942.6484375,176544,0.0030800260892398,0.004059802510051,-0.0009797764208112
2021-12-27,JYP,035900.KQ,48900.0,49450.0,48000.0,49200.0,47278.984375,241640,0.0071648266277051,0.0170781630588146,-0.0099133364311095
2021-12-28,JYP,035900.KQ,49600.0,51700.0,49500.0,51400.0,49393.0859375,813314,0.0447154605888253,0.050513563929062165,-0.005798103340236865
2021-12-29,JYP,035900.KQ,51000.0,52000.0,49650.0,50300.0,48685.546875,455947,-0.0143246579773389,-0.0269077997277468,0.0125831417504079
2021-12-30,JYP,035900.KQ,50500.0,51000.0,49550.0,50700.0,49072.70703125,274095,0.0079522606009547,-0.004189543493335667,0.012141804094290366
2022-01-04,JYP,035900.KQ,51000.0,51100.0,47800.0,48050.0,46507.76171875,659142,-0.0522682661640535,-0.032093047861174534,-0.020175218302878967
2022-01-05,JYP,035900.KQ,48000.0,48000.0,46500.0,46950.0,45443.0703125,361791,-0.0228927681510151,-0.049839691542329305,0.026946923391314204
2022-01-06,JYP,035900.KQ,46150.0,46700.0,44800.0,44850.0,43410.47265625,578260,-0.044728440272023,-0.0524156422865926,0.0076872020145696
2022-01-07,JYP,035900.KQ,44900.0,46000.0,44900.0,45750.0,44281.5859375,317765,0.0200668923406568,0.015451782699877167,0.004615109640779633
2022-01-10,JYP,035900.KQ,45050.0,45500.0,43900.0,45250.0,43797.63671875,367839,-0.0109289043855171,-0.0144313271625398,0.0035024227770226995
2022-01-11,JYP,035900.KQ,45450.0,45900.0,44800.0,45700.0,44233.19140625,414539,0.0099447075260463,0.0011088849638430005,0.0088358225622033
2022-01-12,JYP,035900.KQ,46150.0,46500.0,45650.0,45900.0,44426.7734375,400997,0.0043763975669783,0.022779047169589634,-0.018402649602611336
2022-01-13,JYP,035900.KQ,46000.0,46650.0,45500.0,45500.0,44039.609375,511383,-0.0087146563331831,-0.002679324757090233,-0.0060353315760928675
2022-01-14,JYP,035900.KQ,44400.0,45100.0,43900.0,44400.0,42974.91796875,441431,-0.0241757686173845,-0.021021854936357998,-0.003153913681026504
2022-01-17,JYP,035900.KQ,44000.0,45200.0,44000.0,44700.0,43265.2890625,230541,0.0067567573709192,-0.0033786651994575667,0.010135422570376766
2022-01-18,JYP,035900.KQ,45050.0,45800.0,44300.0,45050.0,43604.05078125,315711,0.007829873001903,-0.006766459775343699,0.014596332777246698
2022-01-19,JYP,035900.KQ,44750.0,45000.0,43350.0,44000.0,42587.75,362730,-0.0233074854982743,-0.026069253179256666,0.002761767680982366
2022-01-20,JYP,035900.KQ,43750.0,45500.0,43750.0,45400.0,43942.8203125,366209,0.0318183118972004,0.06162197411243873,-0.02980366221523833
2022-01-21,JYP,035900.KQ,44650.0,45250.0,43900.0,44500.0,43071.70703125,276215,-0.0198237908958748,-0.0016431245994466001,-0.0181806662964282
2022-01-24,JYP,035900.KQ,43800.0,44100.0,41800.0,42050.0,40700.33984375,464135,-0.0550562620092928,-0.044595350809020634,-0.010460911200272163
2022-01-25,JYP,035900.KQ,42400.0,43000.0,41400.0,41850.0,40506.76171875,393877,-0.0047561795735159,-0.014973418559008864,0.010217238985492965
2022-01-26,JYP,035900.KQ,41850.0,41850.0,41850.0,41850.0,40506.76171875,0,0.0,-0.02398524184881037,0.02398524184881037
2022-01-27,JYP,035900.KQ,39750.0,40300.0,37600.0,38350.0,37119.1015625,989018,-0.0836319669237322,-0.07873447880626154,-0.004897488117470664
2022-01-28,JYP,035900.KQ,38700.0,41100.0,38200.0,41000.0,39684.04296875,730383,0.0691003094978264,0.0382767008762011,0.030823608621625302
2022-02-03,JYP,035900.KQ,41800.0,43400.0,41800.0,42150.0,40797.13671875,642943,0.0280488999287831,0.030966486219005437,-0.0029175862902223355
2022-02-04,JYP,035900.KQ,41700.0,44350.0,41450.0,44250.0,42829.73046875,551402,0.0498219706939835,0.08120021181966267,-0.03137824112567916
2022-02-07,JYP,035900.KQ,43950.0,44750.0,43350.0,44000.0,42587.75,437237,-0.0056498246919054,-0.007795373043118133,0.002145548351212733
2022-02-08,JYP,035900.KQ,44000.0,44000.0,44000.0,44000.0,42587.75,0,0.0,0.0,0.0
2022-02-09,JYP,035900.KQ,44000.0,44000.0,44000.0,44000.0,42587.75,0,0.0,0.011356027212607867,-0.011356027212607867
2022-02-10,JYP,035900.KQ,44550.0,44900.0,43200.0,43700.0,42297.37890625,374313,-0.0068181834858614,-0.008279970806457967,0.0014617873205965675
2022-02-11,JYP,035900.KQ,42600.0,44000.0,42350.0,42800.0,41426.265625,359079,-0.0205949707470237,-0.008580477609554467,-0.012014493137469233
2022-02-14,JYP,035900.KQ,42250.0,43150.0,41550.0,42650.0,41281.08203125,402154,-0.0035046266314283,0.0016277379696983004,-0.0051323646011266
2022-02-15,JYP,035900.KQ,42250.0,42850.0,41250.0,41800.0,40458.3671875,304533,-0.0199295852547469,-0.02392748890296817,0.003997903648221269
2022-02-16,JYP,035900.KQ,42800.0,44450.0,42450.0,44450.0,43023.30859375,398354,0.0633970568896924,0.057116493675505135,0.006280563214187261
2022-02-17,JYP,035900.KQ,44650.0,45400.0,42900.0,44350.0,42926.51953125,647479,-0.0022496889631138,-0.004538951431901166,0.002289262468787366
2022-02-18,JYP,035900.KQ,43600.0,44900.0,43550.0,44650.0,43216.890625,299807,0.0067643754238824,0.009047854027491933,-0.0022834786036095333
2022-02-21,JYP,035900.KQ,44650.0,44650.0,44650.0,44650.0,43216.890625,0,0.0,0.05707208222274116,-0.05707208222274116
2022-02-22,JYP,035900.KQ,44650.0,44650.0,44650.0,44650.0,43216.890625,0,0.0,0.0,0.0
2022-02-23,JYP,035900.KQ,44650.0,44650.0,44650.0,44650.0,43216.890625,0,0.0,0.007259495636285533,-0.007259495636285533
2022-02-24,JYP,035900.KQ,48650.0,49500.0,47250.0,47500.0,45975.41796875,959066,0.0638298430048147,-0.0023506417804918995,0.0661804847853066
2022-02-25,JYP,035900.KQ,48600.0,49550.0,47700.0,49250.0,47669.24609375,967707,0.036842038633587,0.029724218642594363,0.00711781999099264
2022-02-28,JYP,035900.KQ,49250.0,49250.0,49250.0,49250.0,47669.24609375,0,0.0,0.0,0.0
2022-03-02,JYP,035900.KQ,50100.0,51600.0,49650.0,51200.0,49556.65625,592825,0.0395938746867965,0.024942080395033067,0.014651794291763436
2022-03-03,JYP,035900.KQ,50600.0,52000.0,49850.0,50600.0,48975.91796875,519763,-0.0117186736393256,-0.017747137261929766,0.006028463622604166
2022-03-04,JYP,035900.KQ,50600.0,50600.0,50600.0,50600.0,48975.91796875,0,0.0,0.0,0.0
2022-03-07,JYP,035900.KQ,49950.0,50800.0,49300.0,50200.0,48588.7578125,425108,-0.0079051128045631,0.0009096848300775001,-0.008814797634640601
2022-03-08,JYP,035900.KQ,49500.0,51000.0,48900.0,50000.0,48395.17578125,373007,-0.0039840909701173,-0.017514930074248633,0.013530839104131333
2022-03-10,JYP,035900.KQ,50000.0,50000.0,50000.0,50000.0,48395.17578125,0,0.0,0.0,0.0
2022-03-11,JYP,035900.KQ,51800.0,54300.0,51800.0,53300.0,51589.25390625,680936,0.0659999281630359,0.04119034247256143,0.02480958569047447
2022-03-14,JYP,035900.KQ,53500.0,54200.0,52100.0,52800.0,51105.3046875,474373,-0.0093808144546818,0.0193547567873754,-0.028735571242057202
2022-03-15,JYP,035900.KQ,52800.0,52800.0,52800.0,52800.0,51105.3046875,0,0.0,0.0,0.0
2022-03-16,JYP,035900.KQ,53500.0,53900.0,51500.0,53300.0,51589.25390625,433084,0.0094696474604596,-0.0033333804135320002,0.012803027873991601
2022-03-17,JYP,035900.KQ,53300.0,53300.0,53300.0,53300.0,51589.25390625,0,0.0,0.0,0.0
2022-03-18,JYP,035900.KQ,52400.0,53200.0,51700.0,52800.0,51105.3046875,385559,-0.0093808144546818,-0.015243066377938935,0.0058622519232571346
2022-03-21,JYP,035900.KQ,52800.0,52800.0,52800.0,52800.0,51105.3046875,0,0.0,-0.0113289664743679,0.0113289664743679
2022-03-22,JYP,035900.KQ,53100.0,56800.0,52800.0,56300.0,54492.96875,1602869,0.0662879143997863,0.03185077936376237,0.034437135036023934
2022-03-23,JYP,035900.KQ,56400.0,57500.0,55700.0,57000.0,55170.5,651408,0.012433370130894,-0.0015718184261293,0.014005188557023299
2022-03-24,JYP,035900.KQ,56900.0,57900.0,56200.0,57500.0,55654.44921875,569744,0.0087718838645654,0.015570801941304667,-0.006798918076739267
2022-03-25,JYP,035900.KQ,57500.0,57900.0,56800.0,57200.0,55364.078125,405106,-0.0052173922808703,0.0027369431789624004,-0.0079543354598327
2022-03-28,JYP,035900.KQ,58000.0,58100.0,56800.0,57100.0,55267.29296875,361953,-0.0017481580029469,-0.020331777769020936,0.018583619766074037
2022-03-29,JYP,035900.KQ,57300.0,58300.0,56800.0,57500.0,55654.44921875,427304,0.007005160361643,0.00033623660676496657,0.0066689237548780336
2022-03-30,JYP,035900.KQ,58000.0,62300.0,57600.0,60800.0,58848.53125,1655170,0.0573913150895744,0.0364772974005261,0.020914017689048305
2022-03-31,JYP,035900.KQ,61000.0,61900.0,60100.0,61400.0,59429.2734375,552664,0.0098684227994221,0.0074033647701985,0.0024650580292235992
2022-04-01,JYP,035900.KQ,61400.0,64300.0,60700.0,62900.0,60881.125,807102,0.0244299059793633,0.04526283155343177,-0.02083292557406847
2022-04-04,JYP,035900.KQ,64000.0,64400.0,61200.0,62400.0,60397.1796875,586362,-0.0079490205297618,-0.027912308117122298,0.019963287587360497
2022-04-05,JYP,035900.KQ,61900.0,62900.0,60700.0,62000.0,60010.01953125,561397,-0.0064102356807586,-0.0303574042246616,0.023947168543903
2022-04-06,JYP,035900.KQ,61300.0,63200.0,60900.0,62600.0,60590.75390625,532570,0.0096772902181374,-0.019812317227230102,0.0294896074453675
2022-04-07,JYP,035900.KQ,62100.0,63100.0,61700.0,62600.0,60590.75390625,373055,0.0,-0.032345549566309535,0.032345549566309535
2022-04-08,JYP,035900.KQ,62700.0,66200.0,62400.0,64700.0,62623.35546875,979051,0.0335463982779447,-0.008647098834871032,0.04219349711281573
2022-04-11,JYP,035900.KQ,64500.0,65300.0,63900.0,64500.0,62429.7734375,434703,-0.003091211414671,-0.0156316220914885,0.012540410676817498
2022-04-12,JYP,035900.KQ,63600.0,64800.0,61400.0,62500.0,60493.96875,916634,-0.031007716044941,0.005729462154619433,-0.03673717819956043
2022-04-13,JYP,035900.KQ,62900.0,63800.0,60900.0,63500.0,61461.87109375,556191,0.0159999808865243,0.029280724354115367,-0.013280743467591068
2022-04-14,JYP,035900.KQ,62800.0,63900.0,61900.0,62100.0,60106.8046875,535138,-0.0220472690163152,-0.010742818594833997,-0.011304450421481203
2022-04-15,JYP,035900.KQ,62100.0,63800.0,61500.0,63400.0,61365.08203125,429390,0.0209340248627736,0.012048576502970068,0.008885448359803533
2022-04-18,JYP,035900.KQ,63400.0,63400.0,58000.0,58800.0,56912.7265625,1100620,-0.0725551946053401,-0.05799872822972807,-0.014556466375612032
2022-04-19,JYP,035900.KQ,59200.0,61100.0,58900.0,60600.0,58654.94921875,702178,0.0306121804643595,0.007597579727685068,0.023014600736674433
2022-04-20,JYP,035900.KQ,60100.0,60200.0,57800.0,58900.0,57009.515625,775788,-0.028052766487163,-0.0348794013500091,0.006826634862846102
2022-04-21,JYP,035900.KQ,59600.0,60300.0,58500.0,58900.0,57009.515625,403485,0.0,-0.012493976776979034,0.012493976776979034
2022-04-22,JYP,035900.KQ,58500.0,58600.0,57400.0,57600.0,55751.24609375,420504,-0.0220712194702145,-0.02556971349404617,0.0034984940238316706
2022-04-25,JYP,035900.KQ,57100.0,60000.0,56700.0,58600.0,56719.1484375,659106,0.0173610889722966,-0.01671519382505793,0.03407628279735453
2022-04-26,JYP,035900.KQ,59500.0,60800.0,59000.0,60000.0,58074.21484375,563506,0.0238908101334274,0.0264906857732032,-0.0025998756397758
2022-04-27,JYP,035900.KQ,58500.0,61100.0,58400.0,60300.0,58364.58203125,570458,0.0049999330732448,0.0056338041507806,-0.0006338710775358001
2022-04-28,JYP,035900.KQ,60500.0,60700.0,58000.0,58900.0,57009.515625,346951,-0.0232172725151096,-0.012478012641814468,-0.010739259873295133
2022-04-29,JYP,035900.KQ,59100.0,60300.0,58900.0,59400.0,57493.46875,254143,0.008488988543305,-0.0076772534547813335,0.016166241998086334
2022-05-02,JYP,035900.KQ,58600.0,60100.0,57800.0,59500.0,57590.2578125,292781,0.0016834792647644,-0.007463740877020633,0.009147220141785033
2022-05-03,JYP,035900.KQ,59800.0,61600.0,59300.0,60100.0,58171.0,361141,0.0100840352094055,0.013687454170334498,-0.0036034189609289984
2022-05-04,JYP,035900.KQ,60700.0,60900.0,59600.0,60000.0,58074.21484375,191642,-0.0016638042366471,-0.0070209484536565,0.0053571442170094
2022-05-06,JYP,035900.KQ,59200.0,60900.0,58600.0,59800.0,57880.62890625,280190,-0.0033334232416374,-0.018412305057910635,0.015078881816273235
2022-05-10,JYP,035900.KQ,55000.0,57300.0,51200.0,56700.0,54880.12890625,2108883,-0.0518394505501995,-0.05133661177493134,-0.0005028387752681607
2022-05-11,JYP,035900.KQ,56400.0,59600.0,55800.0,56500.0,54686.546875,715970,-0.0035273610887592,-0.0016819670306552337,-0.0018453940581039665
2022-05-12,JYP,035900.KQ,55400.0,55800.0,52800.0,53900.0,52170.0,934007,-0.0460176591649168,-0.0636000997855231,0.0175824406206063
2022-05-13,JYP,035900.KQ,54500.0,55800.0,54200.0,54700.0,52944.32421875,299223,0.0148423273672608,0.0291024349717805,-0.0142601076045197
2022-05-16,JYP,035900.KQ,55700.0,58100.0,55300.0,56600.0,54783.33984375,745870,0.0347348965566496,0.013781674738659532,0.020953221817990073
2022-05-17,JYP,035900.KQ,57500.0,59000.0,56000.0,57000.0,55170.5,615641,0.0070671148811707,0.0492762637592192,-0.042209148878048504
2022-05-18,JYP,035900.KQ,57500.0,58300.0,56900.0,57000.0,55170.5,412108,0.0,0.013427732529812166,-0.013427732529812166
2022-05-19,JYP,035900.KQ,55700.0,56100.0,53800.0,54600.0,52847.53125,673627,-0.0421052691202725,-0.013270647552627168,-0.02883462156764533
2022-05-20,JYP,035900.KQ,55000.0,55300.0,53600.0,54400.0,52653.953125,545211,-0.0036629549275303,0.017505050495106502,-0.0211680054226368
2022-05-23,JYP,035900.KQ,54500.0,54600.0,52200.0,53500.0,51782.83984375,628209,-0.0165441192835414,-0.02097468667297467,0.004430567389433267
2022-05-24,JYP,035900.KQ,53600.0,54400.0,52600.0,52900.0,51202.09765625,334018,-0.0112149543990313,-0.015965590033941632,0.004750635634910332
2022-05-25,JYP,035900.KQ,53000.0,54600.0,51900.0,54100.0,52363.578125,483727,0.0226842360355568,0.013608385728755099,0.009075850306801702
2022-05-26,JYP,035900.KQ,54500.0,55100.0,53200.0,53300.0,51589.25390625,278784,-0.0147874581240717,-0.013788600643379034,-0.0009988574806926668
2022-05-27,JYP,035900.KQ,54000.0,55500.0,53900.0,54400.0,52653.953125,328133,0.0206380038115072,0.018873395895106768,0.0017646079164004326
2022-05-30,JYP,035900.KQ,55400.0,57700.0,55100.0,56600.0,54783.33984375,588328,0.0404411557418082,0.02716559176353807,0.013275563978270129
2022-05-31,JYP,035900.KQ,56700.0,57100.0,56100.0,56900.0,55073.703125,363362,0.0053002113795572,0.0017747711145476997,0.0035254402650095
2022-06-02,JYP,035900.KQ,57300.0,57400.0,54700.0,55400.0,53621.8515625,378058,-0.0263619745925701,-0.02306278083970087,-0.003299193752869231
2022-06-03,JYP,035900.KQ,56300.0,56500.0,55100.0,55300.0,53525.06640625,187306,-0.0018049573714773,0.002766236626915167,-0.004571193998392467
2022-06-07,JYP,035900.KQ,55300.0,56400.0,54800.0,55300.0,53525.06640625,214423,0.0,-0.024216598027294266,0.024216598027294266
2022-06-08,JYP,035900.KQ,55600.0,59500.0,55600.0,58700.0,56815.9375,949775,0.0614828026325573,0.026981986364080297,0.03450081626847701
2022-06-09,JYP,035900.KQ,58400.0,59800.0,58000.0,59400.0,57493.46875,545235,0.011925021038331,0.0229642658831207,-0.011039244844789698
2022-06-10,JYP,035900.KQ,58900.0,59700.0,58400.0,58400.0,56525.56640625,248750,-0.016834996475143,-0.005334679962202934,-0.011500316512940065
2022-06-13,JYP,035900.KQ,56900.0,57400.0,56000.0,56300.0,54492.96875,401198,-0.0359589082512096,-0.06708780437201417,0.03112889612080457
2022-06-14,JYP,035900.KQ,55100.0,55500.0,52800.0,54700.0,52944.32421875,600785,-0.0284191624492838,-0.022218462907353534,-0.006200699541930265
2022-06-15,JYP,035900.KQ,53700.0,54900.0,51800.0,54300.0,52557.1640625,615320,-0.0073125903855221,-0.10905312612339309,0.101740535737871
2022-06-16,JYP,035900.KQ,55400.0,56100.0,52700.0,54800.0,53041.11328125,729079,0.0092080542659132,0.023383150555589233,-0.014175096289676033
2022-06-17,JYP,035900.KQ,53300.0,54400.0,52900.0,53800.0,52073.20703125,340224,-0.0182482265194489,-0.007830634621609434,-0.010417591897839466
2022-06-20,JYP,035900.KQ,54300.0,54600.0,52900.0,54000.0,52266.79296875,351608,0.0037175727890894,-0.007062482209926834,0.010780054999016233
2022-06-21,JYP,035900.KQ,54100.0,54400.0,53400.0,53700.0,51976.41796875,214951,-0.005555630707505,0.0016726388510299335,-0.007228269558534933
2022-06-22,JYP,035900.KQ,53700.0,54600.0,48900.0,49000.0,47427.2734375,1310638,-0.0875232405200585,-0.07166312482535676,-0.015860115694701735
2022-06-23,JYP,035900.KQ,48900.0,50700.0,47400.0,47450.0,45927.015625,688247,-0.0316328075337717,-0.031912884761313404,0.00028007722754170433
2022-06-24,JYP,035900.KQ,48600.0,51900.0,48000.0,51800.0,50137.3984375,681641,0.0916755150580286,0.0726647783421569,0.019010736715871696
2022-06-27,JYP,035900.KQ,52300.0,53500.0,50900.0,52100.0,50427.76953125,401846,0.0057915069947629,0.027911819374352265,-0.022120312379589366
2022-06-28,JYP,035900.KQ,52100.0,52200.0,50100.0,50600.0,48975.91796875,209585,-0.0287907154330966,-0.022542919414741864,-0.006247796018354738
2022-06-29,JYP,035900.KQ,49500.0,49850.0,48300.0,49200.0,47620.85546875,380825,-0.0276679346952644,-0.008948757753477,-0.018719176941787402
2022-06-30,JYP,035900.KQ,49200.0,49750.0,48050.0,48250.0,46701.34375,324577,-0.0193090130300873,-0.020628389617706234,0.0013193765876189333
2022-07-01,JYP,035900.KQ,48900.0,49550.0,47900.0,48000.0,46459.37109375,325718,-0.0051812782421276,-0.02309183929000293,0.01791056104787533
2022-07-04,JYP,035900.KQ,48350.0,51000.0,47950.0,49550.0,47959.6171875,557338,0.0322915712897331,0.026946711809095733,0.005344859480637364
2022-07-05,JYP,035900.KQ,49750.0,51100.0,49400.0,50200.0,48588.7578125,421130,0.0131181327519849,0.030648387019618,-0.0175302542676331
2022-07-06,JYP,035900.KQ,50800.0,54400.0,50000.0,51900.0,50234.1953125,1029490,0.0338645722607193,0.01988051831951373,0.013984053941205572
2022-07-07,JYP,035900.KQ,52700.0,53600.0,52100.0,52600.0,50911.7265625,393279,0.0134874510437594,0.0229794752197207,-0.0094920241759613
2022-07-08,JYP,035900.KQ,53400.0,54200.0,53000.0,53400.0,51686.046875,385157,0.015209075880572,0.0333749058635625,-0.018165829982990503
2022-07-11,JYP,035900.KQ,53900.0,55100.0,52900.0,53500.0,51782.83984375,399296,0.0018727098434145,-0.0033842552829469,0.0052569651263614
2022-07-12,JYP,035900.KQ,53100.0,53900.0,52100.0,52400.0,50718.14453125,347975,-0.0205607748766313,-0.014971398398966567,-0.0055893764776647325
2022-07-13,JYP,035900.KQ,52900.0,55000.0,52600.0,54800.0,53041.11328125,508291,0.0458015325968539,0.018733467887922333,0.027068064708931566
2022-07-14,JYP,035900.KQ,54800.0,55900.0,54100.0,55300.0,53525.06640625,466667,0.0091241132597243,0.033192593125383765,-0.024068479865659465
2022-07-15,JYP,035900.KQ,55800.0,56400.0,54600.0,55100.0,53331.48046875,374935,-0.0036167341863847,-0.017580868297033498,0.013964134110648799
2022-07-18,JYP,035900.KQ,55600.0,55700.0,53000.0,55100.0,53331.48046875,358018,0.0,-0.0054015543479905325,0.0054015543479905325
2022-07-19,JYP,035900.KQ,55100.0,56300.0,54400.0,55800.0,54009.015625,309874,0.0127042255398668,0.0008524184696666331,0.011851807070200168
2022-07-20,JYP,035900.KQ,56300.0,57700.0,55900.0,56500.0,54686.546875,399216,0.0125447805733822,0.006091202092251333,0.006453578481130867
2022-07-21,JYP,035900.KQ,56700.0,57000.0,56000.0,56500.0,54686.546875,188700,0.0,0.012297560853395166,-0.012297560853395166
2022-07-22,JYP,035900.KQ,56500.0,57700.0,55600.0,55700.0,53912.22265625,269195,-0.0141593182052601,0.0172026217633881,-0.0313619399686482
2022-07-25,JYP,035900.KQ,55700.0,57700.0,55000.0,57100.0,55267.29296875,364147,0.0251347513742861,0.0392886765983803,-0.0141539252240942
2022-07-26,JYP,035900.KQ,57800.0,57800.0,55200.0,56000.0,54202.59765625,463844,-0.0192644737114592,-0.025764952436129168,0.006500478724669967
2022-07-27,JYP,035900.KQ,56000.0,56500.0,54200.0,55200.0,53428.2734375,306277,-0.0142857400241354,-0.023995876831334,0.0097101368071986
2022-07-28,JYP,035900.KQ,55800.0,56300.0,54600.0,55400.0,53621.8515625,290994,0.0036231401942352,0.0056001573541987,-0.0019770171599634997
2022-07-29,JYP,035900.KQ,55700.0,56300.0,55000.0,55500.0,53718.64453125,264800,0.0018051030676771,0.0213602034946893,-0.019555100427012202
2022-08-01,JYP,035900.KQ,55700.0,55700.0,54700.0,54900.0,53137.90234375,235423,-0.0108108123830668,-0.0115247885345663,0.0007139761514995003
2022-08-02,JYP,035900.KQ,55300.0,56100.0,54700.0,55400.0,53621.8515625,293224,0.0091074204551644,-0.0102295084448217,0.019336928899986103
2022-08-03,JYP,035900.KQ,55400.0,58000.0,55300.0,57900.0,56041.61328125,475279,0.0451264111223312,0.033583965443344195,0.011542445678987004
2022-08-04,JYP,035900.KQ,58200.0,58600.0,56700.0,57300.0,55460.87109375,327851,-0.010362695745133,0.007246375741325267,-0.017609071486458266
2022-08-05,JYP,035900.KQ,57700.0,57700.0,55900.0,57000.0,55170.5,245037,-0.0052356028317543,0.0018720356818394,-0.0071076385135937
2022-08-08,JYP,035900.KQ,56800.0,57900.0,56100.0,57400.0,55557.6640625,251848,0.0070175920555368,0.018818477592239535,-0.011800885536702735
2022-08-09,JYP,035900.KQ,57700.0,60800.0,57400.0,59200.0,57299.890625,608163,0.0313588879572055,0.034931505808231435,-0.0035726178510259374
2022-08-10,JYP,035900.KQ,59000.0,59700.0,56700.0,56800.0,54976.921875,446813,-0.0405405442255152,-0.034259786114913565,-0.006280758110601636
2022-08-11,JYP,035900.KQ,57800.0,59500.0,57100.0,59100.0,57203.09765625,442148,0.0404929142142882,0.024814207105204735,0.015678707109083468
2022-08-12,JYP,035900.KQ,59500.0,59500.0,58400.0,59000.0,57106.3046875,207153,-0.0016920931333413,0.018062212135425203,-0.019754305268766502
2022-08-16,JYP,035900.KQ,59500.0,61700.0,58300.0,61200.0,59235.6953125,570050,0.0372881879969744,0.015311857149286533,0.021976330847687867
2022-08-17,JYP,035900.KQ,60600.0,61600.0,58500.0,59300.0,57396.67578125,668135,-0.0310457996913547,-0.03774142092292854,0.006695621231573835
2022-08-18,JYP,035900.KQ,59800.0,61300.0,59100.0,61000.0,59042.1171875,498884,0.0286678868393197,0.007991934844212368,0.020675951995107335
2022-08-19,JYP,035900.KQ,61100.0,62700.0,60000.0,60000.0,58074.21484375,427547,-0.0163934220156135,-0.02703345839611827,0.010640036380504769
2022-08-22,JYP,035900.KQ,59200.0,60500.0,58900.0,59200.0,57299.890625,303276,-0.0133333566511977,-0.003781485776746333,-0.009551870874451366
2022-08-23,JYP,035900.KQ,59000.0,59600.0,57800.0,58400.0,56525.56640625,296820,-0.0135135374658492,-0.04667576763381833,0.03316223016796913
2022-08-24,JYP,035900.KQ,58900.0,60500.0,58700.0,60400.0,58461.375,338240,0.0342466023221654,0.0233884895673406,0.0108581127548248
2022-08-25,JYP,035900.KQ,60800.0,62900.0,60500.0,61700.0,59719.64453125,542144,0.021523091635289,0.014868606280040797,0.006654485355248202
2022-08-26,JYP,035900.KQ,61800.0,62200.0,60300.0,60700.0,58751.74609375,314198,-0.0162073710434348,0.0039801146066374,-0.0201874856500722
2022-08-29,JYP,035900.KQ,58400.0,59300.0,58000.0,58900.0,57009.515625,402047,-0.0296541053600335,-0.04550544379063423,0.01585133843060073
2022-08-30,JYP,035900.KQ,59300.0,60400.0,58700.0,60300.0,58364.58203125,267510,0.0237691268096964,0.030964696259824166,-0.007195569450127767
2022-08-31,JYP,035900.KQ,59400.0,61100.0,59400.0,61100.0,59138.90234375,216446,0.0132669554985489,0.034224254464621996,-0.020957298966073096
2022-09-01,JYP,035900.KQ,60400.0,60500.0,59500.0,59600.0,57687.05078125,234705,-0.0245498564390151,-0.04487971913276647,0.02032986269375137
2022-09-02,JYP,035900.KQ,60200.0,62100.0,59600.0,60900.0,58945.3203125,415316,0.021811992712565,0.0014734539381655997,0.0203385387743994
2022-09-05,JYP,035900.KQ,60900.0,62600.0,60800.0,61400.0,59429.2734375,266843,0.0082102043458973,-0.012617003071249569,0.02082720741714687
2022-09-06,JYP,035900.KQ,61900.0,62000.0,60100.0,61500.0,59526.06640625,243833,0.0016287086001782,-0.011928289708066099,0.013556998308244299
2022-09-07,JYP,035900.KQ,61800.0,62700.0,61200.0,61600.0,59622.85546875,323956,0.0016259945993986,-0.010585024988619032,0.012211019588017633
2022-09-08,JYP,035900.KQ,62300.0,63400.0,61700.0,63000.0,60977.921875,544362,0.0227272980402661,0.0073127106874444,0.0154145873528217
2022-09-13,JYP,035900.KQ,64000.0,64500.0,62400.0,63000.0,60977.921875,323222,0.0,0.010724971730557233,-0.010724971730557233
2022-09-14,JYP,035900.KQ,61200.0,62100.0,60300.0,61100.0,59138.90234375,408935,-0.0301587767293849,-0.03909219678645506,0.008933420057070162
2022-09-15,JYP,035900.KQ,61600.0,62700.0,61000.0,61600.0,59622.85546875,263552,0.0081833295144198,-0.022431455334196503,0.0306147848486163
2022-09-16,JYP,035900.KQ,61700.0,62500.0,60500.0,61700.0,59719.64453125,477148,0.0016233550328821,0.0671174629291936,-0.0654941078963115
2022-09-19,JYP,035900.KQ,61700.0,63500.0,61000.0,61300.0,59332.48828125,476046,-0.006482896089534,-0.011985654801487333,0.005502758711953333
2022-09-20,JYP,035900.KQ,61600.0,62600.0,61300.0,62300.0,60300.390625,231828,0.0163131931895712,0.013016362322088434,0.003296830867482765
2022-09-21,JYP,035900.KQ,61800.0,62700.0,61600.0,62400.0,60397.1796875,229847,0.001605115016616,-0.006997010427370033,0.008602125443986034
2022-09-22,JYP,035900.KQ,62000.0,62000.0,58800.0,60400.0,58461.375,639580,-0.0320512430798261,-0.021085005701176763,-0.010966237378649334
2022-09-23,JYP,035900.KQ,60400.0,61500.0,59100.0,59800.0,57880.62890625,370688,-0.0099338425370597,-0.03684791775449047,0.02691407521743077
2022-09-26,JYP,035900.KQ,58600.0,59500.0,56700.0,57100.0,55267.29296875,407908,-0.0451504412941479,-0.02879568729935843,-0.01635475399478947
2022-09-27,JYP,035900.KQ,57700.0,58400.0,56100.0,58400.0,56525.56640625,289262,0.0227670538922808,0.022421986635110264,0.00034506725717053585
2022-09-28,JYP,035900.KQ,58000.0,58200.0,54000.0,54700.0,52944.32421875,453164,-0.0633561486454035,-0.07600843128548267,0.012652282640079171
2022-09-29,JYP,035900.KQ,56000.0,59000.0,55800.0,58100.0,56235.19140625,527678,0.0621571289474416,0.026145902312223898,0.036011226635217705
2022-09-30,JYP,035900.KQ,57500.0,59300.0,57300.0,58800.0,56912.7265625,306060,0.0120482413113063,0.024777191186982395,-0.012728949875676096
2022-10-04,JYP,035900.KQ,59700.0,60100.0,58500.0,59600.0,57687.05078125,310248,0.0136054669231082,0.00015890287439330008,0.0134465640487149
2022-10-05,JYP,035900.KQ,59900.0,60200.0,56800.0,57100.0,55267.29296875,347017,-0.0419462908872868,-0.0475945609940987,0.0056482701068119034
2022-10-06,JYP,035900.KQ,57500.0,57900.0,55900.0,56700.0,54880.12890625,319252,-0.0070053017201134,0.002518530649417433,-0.009523832369530832
2022-10-07,JYP,035900.KQ,56900.0,57200.0,54900.0,55700.0,53912.22265625,365894,-0.0176367342659388,-0.027210479837771667,0.009573745571832867
2022-10-11,JYP,035900.KQ,54700.0,54800.0,52100.0,53300.0,51589.25390625,362487,-0.0430879795999413,-0.05342633611392983,0.010338356513988525
2022-10-12,JYP,035900.KQ,52800.0,56600.0,52800.0,56500.0,54686.546875,404416,0.0600375608140897,0.008167129532492831,0.05187043128159687
2022-10-13,JYP,035900.KQ,56000.0,57800.0,54500.0,54600.0,52847.53125,399525,-0.0336283003789494,-0.030280283854253465,-0.003348016524695935
2022-10-14,JYP,035900.KQ,56700.0,58000.0,56100.0,57000.0,55170.5,303139,0.043956050454107,0.07837868224370577,-0.03442263178959877
2022-10-17,JYP,035900.KQ,57000.0,58200.0,56100.0,57400.0,55557.6640625,727926,0.0070175920555368,-0.008290378274120132,0.015307970329656933
2022-10-18,JYP,035900.KQ,58500.0,58600.0,55800.0,56800.0,54976.921875,310736,-0.0104529626524018,0.019102970988758464,-0.029555933641160263
2022-10-19,JYP,035900.KQ,57300.0,57800.0,55100.0,55100.0,53331.48046875,258532,-0.0299296750369402,-0.0244706794918477,-0.0054589955450925
2022-10-20,JYP,035900.KQ,55100.0,55300.0,51700.0,52900.0,51202.09765625,608554,-0.0399273148576426,-0.03001883512437713,-0.00990847973326547
2022-10-21,JYP,035900.KQ,52300.0,52900.0,51200.0,51800.0,50137.3984375,304190,-0.0207940546869379,-0.0026232069417291004,-0.0181708477452088
2022-10-24,JYP,035900.KQ,52800.0,54800.0,52600.0,54300.0,52557.1640625,418288,0.0482626881411969,0.0105898249283838,0.0376728632128131
2022-10-25,JYP,035900.KQ,54500.0,56100.0,53800.0,55300.0,53525.06640625,284779,0.0184161828556614,0.030669581377007968,-0.012253398521346569
2022-10-26,JYP,035900.KQ,54800.0,55200.0,54000.0,54100.0,52363.578125,252481,-0.021699894259531,-0.016902258329215398,-0.004797635930315604
2022-10-27,JYP,035900.KQ,54600.0,56000.0,54400.0,55400.0,53621.8515625,184331,0.0240295541778352,0.03297140391830373,-0.008941849740468528
2022-10-28,JYP,035900.KQ,54900.0,55700.0,54500.0,54800.0,53041.11328125,126635,-0.0108302541655636,-0.0105554470288191,-0.0002748071367444996
2022-10-31,JYP,035900.KQ,55300.0,55800.0,53000.0,55500.0,53718.64453125,243843,0.0127736996470528,0.0029595674510985333,0.009814132195954266
2022-11-01,JYP,035900.KQ,55800.0,56900.0,54500.0,55500.0,53718.64453125,232187,0.0,-0.020054686309242033,0.020054686309242033
2022-11-02,JYP,035900.KQ,55400.0,56400.0,54400.0,55500.0,53718.64453125,229580,0.0,0.003905528635448833,-0.003905528635448833
2022-11-03,JYP,035900.KQ,54500.0,54800.0,52700.0,52900.0,51202.09765625,569230,-0.0468468051820637,-0.021384579463647867,-0.025462225718415835
2022-11-04,JYP,035900.KQ,52600.0,53200.0,51600.0,53000.0,51298.88671875,296861,0.001890333930258,-0.007619461707436233,0.009509795637694232
2022-11-07,JYP,035900.KQ,53200.0,54000.0,52700.0,53200.0,51492.46875,218676,0.0037736107668637,0.009218335935753165,-0.005444725168889466
2022-11-08,JYP,035900.KQ,53400.0,55500.0,53400.0,54800.0,53041.11328125,447733,0.0300751657250848,0.027572509593454864,0.002502656131629935
2022-11-09,JYP,035900.KQ,55300.0,56900.0,54900.0,55300.0,53525.06640625,361087,0.0091241132597243,-0.0116864085018749,0.0208105217615992
2022-11-10,JYP,035900.KQ,54700.0,56500.0,54700.0,56000.0,54202.59765625,318013,0.0126582047532197,-0.015650384434324767,0.028308589187544468
2022-11-11,JYP,035900.KQ,57800.0,58400.0,55500.0,56800.0,54976.921875,541650,0.0142857400241354,0.06451186270596664,-0.050226122681831235
2022-11-14,JYP,035900.KQ,56500.0,56900.0,54900.0,56800.0,54976.921875,515415,0.0,-0.025494319465213567,0.025494319465213567
2022-11-15,JYP,035900.KQ,57900.0,59600.0,57400.0,58200.0,56331.98046875,673942,0.0246477712381019,0.024712046717317,-6.427547921509721e-05
2022-11-16,JYP,035900.KQ,58700.0,60400.0,58300.0,60300.0,58364.58203125,526564,0.0360825510764277,0.03520904874145983,0.0008735023349678711
2022-11-17,JYP,035900.KQ,59900.0,62200.0,59900.0,61500.0,59526.06640625,425608,0.0199005001762559,0.007690912697243635,0.012209587479012265
2022-11-18,JYP,035900.KQ,61500.0,61600.0,59400.0,59500.0,57590.2578125,389579,-0.0325203513455535,-0.022674753480716067,-0.009845597864837432
2022-11-21,JYP,035900.KQ,59600.0,60300.0,58800.0,59400.0,57493.46875,293172,-0.0016806499254634,-0.0006245466650989991,-0.0010561032603644007
2022-11-22,JYP,035900.KQ,59000.0,60400.0,57900.0,59100.0,57203.09765625,283421,-0.0050505057367928,-0.020066627709934632,0.015016121973141831
2022-11-23,JYP,035900.KQ,60100.0,61700.0,60000.0,61200.0,59235.6953125,406475,0.0355329997767686,0.043089943447753874,-0.007556943670985271
2022-11-24,JYP,035900.KQ,61000.0,62000.0,60600.0,61700.0,59719.64453125,244646,0.0081698917552484,0.022774123466914462,-0.014604231711666062
2022-11-25,JYP,035900.KQ,61900.0,62600.0,60800.0,61600.0,59622.85546875,186750,-0.0016207240223834,-0.010100962634354166,0.008480238611970767
2022-11-28,JYP,035900.KQ,61400.0,61600.0,58800.0,60300.0,58364.58203125,358079,-0.0211038774914008,-0.0038286703111657665,-0.017275207180235033
2022-11-29,JYP,035900.KQ,59600.0,61700.0,59500.0,61200.0,59235.6953125,223551,0.014925375132192,0.04577405772906687,-0.03084868259687487
2022-11-30,JYP,035900.KQ,61200.0,61600.0,59900.0,60600.0,58654.94921875,192278,-0.0098039888058416,-0.013889830941298332,0.004085842135456732
2022-12-01,JYP,035900.KQ,61500.0,65400.0,61400.0,64600.0,62526.56640625,845909,0.0660066582456844,0.0451940686699438,0.0208125895757406
2022-12-02,JYP,035900.KQ,64200.0,65100.0,63400.0,64500.0,62429.7734375,281564,-0.0015480294907146,-0.0063722989789670335,0.004824269488252433
2022-12-05,JYP,035900.KQ,64500.0,66100.0,64200.0,64200.0,62139.40234375,234140,-0.0046511636637717,0.0023316438711834665,-0.006982807534955166
2022-12-06,JYP,035900.KQ,64200.0,64500.0,62800.0,63800.0,61752.2421875,262581,-0.006230509815789,-0.03685531052585473,0.03062480071006573
2022-12-07,JYP,035900.KQ,63300.0,64200.0,62700.0,63300.0,61268.29296875,286153,-0.0078369497463844,0.004581887765196633,-0.012418837511581033
2022-12-08,JYP,035900.KQ,63300.0,64200.0,62300.0,63400.0,61365.08203125,356146,0.0015797577802496,-0.0073103217844657335,0.008890079564715334
2022-12-09,JYP,035900.KQ,64000.0,65800.0,64000.0,65000.0,62913.7265625,358533,0.0252365755897034,0.04019075102961706,-0.014954175439913661
2022-12-12,JYP,035900.KQ,65200.0,67800.0,65100.0,65100.0,63010.51953125,427119,0.0015385031858483,0.0005403140971275002,0.0009981890887207998
2022-12-13,JYP,035900.KQ,65800.0,65900.0,63400.0,63800.0,61752.2421875,309323,-0.0199693218388075,-0.010529103590547132,-0.009440218248260369
2022-12-14,JYP,035900.KQ,63900.0,65500.0,63700.0,65300.0,63204.09375,262979,0.0235109124959658,0.025255802092147932,-0.001744889596182131
2022-12-15,JYP,035900.KQ,64900.0,66200.0,64100.0,64200.0,62139.40234375,194212,-0.0168452918645004,-0.02592370925399,0.009078417389489599
2022-12-16,JYP,035900.KQ,63200.0,65700.0,63200.0,65200.0,63107.30859375,258990,0.0155763688335079,0.024072488530823968,-0.008496119697316068
2022-12-19,JYP,035900.KQ,65200.0,67700.0,65000.0,67500.0,65333.48828125,395890,0.0352760993473975,0.031178198728030234,0.004097900619367264
2022-12-20,JYP,035900.KQ,67200.0,68200.0,66200.0,66300.0,64172.00390625,262712,-0.017777779903623,-0.0385645475124008,0.0207867676087778
2022-12-21,JYP,035900.KQ,67200.0,67200.0,64500.0,66200.0,64075.21484375,245824,-0.0015082755190471,0.013846769343352999,-0.0153550448624001
2022-12-22,JYP,035900.KQ,66900.0,68100.0,65800.0,67900.0,65720.6484375,233040,0.0256797202750307,0.0430691861299591,-0.017389465854928402
2022-12-23,JYP,035900.KQ,66100.0,67500.0,66000.0,66900.0,64752.74609375,346656,-0.0147275227308578,-0.023145610050688797,0.008418087319830998
2022-12-26,JYP,035900.KQ,67400.0,67800.0,66600.0,67300.0,65139.90234375,468354,0.0059789935308607,-0.003086745806612966,0.009065739337473667
2022-12-27,JYP,035900.KQ,67300.0,68400.0,67000.0,68200.0,66011.015625,462339,0.0133729595824851,-0.0036734289343100333,0.017046388516795134
2022-12-28,JYP,035900.KQ,67700.0,68100.0,65700.0,66900.0,65105.0,468211,-0.013725218683908,-0.024465534843784432,0.010740316159876431
2022-12-29,JYP,035900.KQ,66500.0,67900.0,66200.0,67800.0,65980.8515625,361815,0.01345290780278,0.018110529749127333,-0.004657621946347333
2023-01-02,JYP,035900.KQ,67800.0,68200.0,64300.0,67200.0,65396.9453125,467158,-0.0088496319185407,0.017723181174759035,-0.026572813093299737
2023-01-03,JYP,035900.KQ,66900.0,69400.0,66500.0,68000.0,66175.4921875,514102,0.0119049425210873,0.03269025266463487,-0.02078531014354757
2023-01-04,JYP,035900.KQ,67500.0,67600.0,64600.0,65100.0,63353.29296875,724974,-0.042647196499176,-0.022792263389499634,-0.019854933109676363
2023-01-05,JYP,035900.KQ,65100.0,65800.0,63200.0,64600.0,62866.7109375,391061,-0.0076804536662365,-0.0005251410283314,-0.007155312637905101
2023-01-06,JYP,035900.KQ,64500.0,64500.0,62200.0,63100.0,61406.95703125,483954,-0.0232198230904944,-0.006597662211147634,-0.016622160879346766
2023-01-09,JYP,035900.KQ,63500.0,65900.0,63500.0,65600.0,63839.87890625,405861,0.0396196456007726,0.0163618156827414,0.0232578299180312
2023-01-10,JYP,035900.KQ,65600.0,65900.0,63600.0,63800.0,62088.17578125,384585,-0.0274390107721289,-0.0254855717399398,-0.0019534390321891
2023-01-11,JYP,035900.KQ,64300.0,65700.0,64000.0,65400.0,63645.24609375,297456,0.0250783710893018,0.0249269331896345,0.00015143789966729979
2023-01-12,JYP,035900.KQ,65900.0,66700.0,64700.0,66000.0,64229.14453125,437126,0.0091742663173917,0.005384158785431833,0.003790107531959867
2023-01-13,JYP,035900.KQ,66000.0,66600.0,63600.0,63900.0,62185.4921875,527302,-0.0318181467099516,-0.0038071420732867668,-0.028011004636664838
2023-01-16,JYP,035900.KQ,63900.0,64400.0,63400.0,63800.0,62088.17578125,232508,-0.0015649374609205,-0.0015311885689638326,-3.374889195666749e-05
2023-01-17,JYP,035900.KQ,64000.0,64800.0,63200.0,63900.0,62185.4921875,330709,0.0015673903287618,-0.009446386572852966,0.011013776901614765
2023-01-18,JYP,035900.KQ,64200.0,65200.0,63800.0,64800.0,63061.34375,357493,0.0140844999643832,0.017686958855654668,-0.0036024588912714674
2023-01-19,JYP,035900.KQ,64600.0,67400.0,64400.0,66900.0,65105.0,534076,0.0324074326437104,0.0487107765500523,-0.016303343906341902
2023-01-20,JYP,035900.KQ,67100.0,67600.0,65700.0,66900.0,65105.0,434430,0.0,0.021134780754910532,-0.021134780754910532
2023-01-25,JYP,035900.KQ,67400.0,68200.0,66700.0,67500.0,65688.90625,1224,0.0089686852008294,-0.0165214348370176,0.025490120037847
2023-01-26,JYP,035900.KQ,67600.0,69600.0,66800.0,68600.0,66759.3828125,1820,0.01629615445911,0.0063228821244794,0.0099732723346306
2023-01-27,JYP,035900.KQ,69000.0,71500.0,68800.0,71100.0,69192.3046875,1777,0.0364431451056563,0.0088107646204355,0.0276323804852208
2023-01-30,JYP,035900.KQ,71300.0,71800.0,70100.0,70300.0,68413.7734375,1936,-0.0112517028232569,-0.0041612555232973,-0.007090447299959601
2023-01-31,JYP,035900.KQ,70200.0,73000.0,70100.0,72500.0,70554.7421875,1265,0.0312944110874968,0.02903604683753737,0.002258364249959434
2023-02-01,JYP,035900.KQ,72800.0,73000.0,71500.0,72100.0,70165.4765625,512,-0.0055172141932787,-0.002207295605845,-0.0033099185874336996
2023-02-02,JYP,035900.KQ,72600.0,73100.0,70800.0,72100.0,70165.4765625,908,0.0,0.0036776459610246334,-0.0036776459610246334
2023-02-03,JYP,035900.KQ,72300.0,73500.0,71400.0,72900.0,70944.0078125,1188,0.0110956454390576,0.014752007062376933,-0.0036563616233193322
2023-02-06,JYP,035900.KQ,72800.0,73100.0,71100.0,71500.0,69581.5703125,465,-0.0192044055870205,0.002010952185782833,-0.021215357772803332
2023-02-07,JYP,035900.KQ,71800.0,73300.0,70900.0,71800.0,69873.5234375,671,0.0041958398421995,-0.0054327771200710665,0.009628616962270567
2023-02-08,JYP,035900.KQ,72400.0,73400.0,71700.0,72600.0,70652.0625,671,0.0111421182759787,0.051973224574181597,-0.0408311062982029
2023-02-09,JYP,035900.KQ,72700.0,74000.0,71600.0,72800.0,70846.703125,1266,0.0027549178058319,-5.0041680249066587e-05,0.0028049594860809664
2023-02-10,JYP,035900.KQ,74100.0,75600.0,72600.0,73300.0,71333.28125,1699,0.0068680418923869,0.051009398577182126,-0.04414135668479523
2023-02-13,JYP,035900.KQ,73300.0,74800.0,72600.0,72800.0,70846.703125,812,-0.0068211936486518,-0.015657174226364968,0.008835980577713167
2023-02-14,JYP,035900.KQ,73300.0,73300.0,71700.0,73200.0,71235.96875,3313,0.005494477623231,0.027149618067890697,-0.021655140444659698
2023-02-15,JYP,035900.KQ,73600.0,73700.0,71100.0,71700.0,69776.2109375,1663,-0.0204918644066309,-0.0022032243575644678,-0.018288640049066433
2023-02-16,JYP,035900.KQ,71800.0,72500.0,71400.0,72300.0,70360.1171875,2347,0.0083682711077994,0.028453040795378498,-0.0200847696875791
2023-02-17,JYP,035900.KQ,71300.0,72100.0,70500.0,71800.0,69873.5234375,1021,-0.006915760937454,-0.03204830538145697,0.02513254444400297
2023-02-20,JYP,035900.KQ,71800.0,74900.0,71800.0,74000.0,72014.5,1796,0.0306407414020712,-0.0009389410781757678,0.031579682480246965
2023-02-21,JYP,035900.KQ,74000.0,74400.0,72300.0,73000.0,71041.328125,2452,-0.0135135545619284,0.004702372791426233,-0.018215927353354634
2023-02-22,JYP,035900.KQ,74100.0,77600.0,73600.0,76000.0,73960.8359375,6492,0.0410959069819614,0.007483637972632201,0.033612269009329204
2023-02-23,JYP,035900.KQ,76000.0,76500.0,73700.0,76300.0,74252.78125,2084,0.0039472960087512,0.0161480752632318,-0.012200779254480598
2023-02-24,JYP,035900.KQ,76400.0,76700.0,75000.0,75900.0,73863.515625,7948,-0.0052424383093394,-0.032319932970952,0.027077494661612602
2023-02-27,JYP,035900.KQ,75300.0,76800.0,74900.0,76100.0,74058.15625,234522,0.0026351389228231,0.0016379758828205667,0.0009971630400025333
2023-02-28,JYP,035900.KQ,76600.0,79500.0,76000.0,78700.0,76588.390625,440422,0.0341655059094183,0.05051696807870776,-0.016351462169289455
2023-03-02,JYP,035900.KQ,78700.0,79100.0,77000.0,77500.0,75420.5859375,321114,-0.0152478029368435,0.0015929861259129,-0.0168407890627564
2023-03-03,JYP,035900.KQ,77900.0,78000.0,75700.0,77500.0,75420.5859375,333365,0.0,0.0015191618510884666,-0.0015191618510884666
2023-03-06,JYP,035900.KQ,77200.0,77800.0,75200.0,76700.0,74642.0546875,495800,-0.0103225298547158,0.010732145084553201,-0.021054674939269002
2023-03-07,JYP,035900.KQ,77600.0,80000.0,77000.0,77900.0,75809.859375,548056,0.0156453984605486,0.057885882973329535,-0.04224048451278094
2023-03-08,JYP,035900.KQ,78700.0,81300.0,78100.0,80000.0,77853.515625,615694,0.0269576578409265,0.004094259881002903,0.0228633979599236
2023-03-09,JYP,035900.KQ,80000.0,80000.0,77600.0,78500.0,76393.765625,425733,-0.0187499560974385,-0.019390740223157035,0.0006407841257185347
2023-03-10,JYP,035900.KQ,77800.0,79800.0,77200.0,77700.0,75615.21875,281856,-0.0101912357458815,-0.006817988070275766,-0.0033732476756057348
2023-03-13,JYP,035900.KQ,74800.0,75700.0,70300.0,71100.0,69192.3046875,1150978,-0.0849420813518442,-0.08436465801235016,-0.0005774233394940376
2023-03-14,JYP,035900.KQ,72100.0,72800.0,71100.0,71500.0,69581.5703125,562632,0.0056258514116285,-0.0303113524693594,0.035937203880987895
2023-03-15,JYP,035900.KQ,72400.0,72700.0,70700.0,71700.0,69776.2109375,499599,0.0027973014136624,-0.008098360412318832,0.010895661825981232
2023-03-16,JYP,035900.KQ,71100.0,71200.0,68500.0,69800.0,67927.1953125,648855,-0.0264992266011148,-0.005209151696552232,-0.02129007490456257
2023-03-17,JYP,035900.KQ,70900.0,73600.0,69900.0,72100.0,70165.4765625,477963,0.0329511801525552,0.03021078482121797,0.0027403953313372316
2023-03-20,JYP,035900.KQ,72500.0,72800.0,69800.0,70100.0,68219.140625,461972,-0.0277392249415751,0.0070121641598898665,-0.03475138910146497
2023-03-21,JYP,035900.KQ,71000.0,71100.0,68700.0,69900.0,68024.5078125,387766,-0.0028530528340996,0.02170223471951427,-0.02455528755361387
2023-03-22,JYP,035900.KQ,70200.0,70200.0,67900.0,68300.0,66467.4375,517985,-0.0228898431252431,-0.009074391411195934,-0.013815451714047166
2023-03-23,JYP,035900.KQ,68200.0,69500.0,67500.0,69100.0,67245.96875,364333,0.0117129722354649,-0.019415555600801934,0.031128527836266833
2023-03-24,JYP,035900.KQ,69200.0,73200.0,68500.0,72600.0,70652.0625,658413,0.0506512704525503,0.011088797806548534,0.03956247264600177
2023-03-27,JYP,035900.KQ,73000.0,75000.0,71300.0,72100.0,70165.4765625,317553,-0.0068870733603849,-0.0654795225888146,0.058592449228429704
2023-03-28,JYP,035900.KQ,72700.0,77700.0,72500.0,77300.0,75225.953125,708284,0.0721220293856677,0.03129244079535663,0.040829588590311064
2023-03-29,JYP,035900.KQ,76600.0,77600.0,75900.0,77200.0,75128.6328125,289666,-0.0012937066059939,0.0136421666771423,-0.014935873283136199
2023-03-30,JYP,035900.KQ,76900.0,78100.0,76500.0,77500.0,75420.5859375,240194,0.0038860433641676,-0.018448111962940664,0.022334155327108265
2023-03-31,JYP,035900.KQ,77100.0,78100.0,76100.0,77400.0,75323.2734375,179550,-0.0012902644389509,-0.0033467164764315,0.0020564520374806
2023-04-03,JYP,035900.KQ,77900.0,79100.0,76200.0,76900.0,74836.6875,244576,-0.0064599680190976,-0.009645708695624268,0.0031857406765266674
2023-04-04,JYP,035900.KQ,77300.0,78100.0,76600.0,78100.0,76004.4921875,279564,0.0156047084192496,0.025181620085768266,-0.009576911666518665
2023-04-05,JYP,035900.KQ,78400.0,78800.0,77000.0,77200.0,75128.6328125,197312,-0.0115237843157913,-0.0018713194086899,-0.0096524649071014
2023-04-06,JYP,035900.KQ,77100.0,79800.0,76600.0,77900.0,75809.859375,443413,0.009067469179163,0.038299785440180166,-0.029232316261017167
2023-04-07,JYP,035900.KQ,78700.0,78800.0,76400.0,77200.0,75128.6328125,321493,-0.0089859890008534,0.0394896071045937,-0.0484755961054471
2023-04-10,JYP,035900.KQ,77700.0,77700.0,75800.0,76400.0,74350.1015625,219876,-0.0103626436533591,-0.003887132231006167,-0.006475511422352934
2023-04-11,JYP,035900.KQ,76500.0,77300.0,75600.0,76600.0,74544.734375,181235,0.0026177881187745,0.009871866960021099,-0.007254078841246599
2023-04-12,JYP,035900.KQ,76400.0,77100.0,75000.0,75900.0,73863.515625,237099,-0.0091383885892343,0.012103878628825566,-0.021242267218059864
2023-04-13,JYP,035900.KQ,76500.0,81200.0,76500.0,80600.0,78437.4140625,1227532,0.0619236492982728,0.0465542418247774,0.015369407473495397
2023-04-14,JYP,035900.KQ,82400.0,87700.0,82000.0,85000.0,82719.3515625,1110757,0.0545904980573186,0.03150256534436974,0.023087932712948865
2023-04-17,JYP,035900.KQ,86500.0,89000.0,85400.0,88300.0,85930.8046875,503184,0.0388234804110321,0.004357929326066967,0.03446555108496513
2023-04-18,JYP,035900.KQ,88300.0,91500.0,87200.0,87800.0,85444.2265625,502716,-0.0056624411556427,-0.014322696221207935,0.008660255065565236
2023-04-19,JYP,035900.KQ,88200.0,88600.0,86700.0,88000.0,85638.859375,250351,0.0022778930810221,-0.009533411742573434,0.011811304823595534
2023-04-20,JYP,035900.KQ,88800.0,89300.0,85300.0,86300.0,83984.4765625,550265,-0.0193181322658175,-0.005585696722173568,-0.013732435543643933
2023-04-21,JYP,035900.KQ,86200.0,86800.0,83600.0,85700.0,83400.578125,344010,-0.0069524567086569,-0.024356053646798867,0.017403596938141967
2023-04-24,JYP,035900.KQ,85600.0,87400.0,84800.0,86100.0,83789.84375,281343,0.0046674211828192,0.03068343908386033,-0.026016017901041133
2023-04-25,JYP,035900.KQ,86100.0,87500.0,84900.0,85800.0,83497.8984375,228941,-0.0034842565570484,-0.010003029694816099,0.006518773137767699
2023-04-26,JYP,035900.KQ,85500.0,89000.0,85400.0,87700.0,85346.9140625,482878,0.022144457041443,0.037277020382858635,-0.015132563341415634
2023-04-27,JYP,035900.KQ,87800.0,89600.0,86800.0,88000.0,85638.859375,359270,0.0034206897309281,-0.006087366541819933,0.009508056272748033
2023-04-28,JYP,035900.KQ,88500.0,91500.0,88000.0,90200.0,87779.8359375,484950,0.0250000592969714,0.008004452181078066,0.016995607115893333
2023-05-02,JYP,035900.KQ,90400.0,96100.0,90100.0,93800.0,91283.2421875,754480,0.0399112872857776,0.051632120433041995,-0.011720833147264395
2023-05-03,JYP,035900.KQ,94000.0,96800.0,93300.0,94800.0,92256.4140625,609696,0.0106610134749711,0.0223408920345932,-0.011679878559622102
2023-05-04,JYP,035900.KQ,94800.0,95500.0,92700.0,94900.0,92353.7265625,301352,0.0010548047091238,-0.020188756078694466,0.021243560787818267
2023-05-08,JYP,035900.KQ,96000.0,96000.0,91400.0,92200.0,89726.1640625,387678,-0.028451071741234,-0.03634222815309777,0.007891156411863769
2023-05-09,JYP,035900.KQ,92200.0,93200.0,91100.0,91900.0,89434.21875,226317,-0.003253736694869,-0.010999407778096467,0.0077456710832274666
2023-05-10,JYP,035900.KQ,92400.0,93500.0,91600.0,92800.0,90310.0703125,191761,0.0097932488788023,0.024822289455387433,-0.015029040576585134
2023-05-11,JYP,035900.KQ,93400.0,93400.0,90000.0,92000.0,89531.546875,421970,-0.0086205606396504,0.012955299052604534,-0.021575859692254933
2023-05-12,JYP,035900.KQ,93600.0,96400.0,92500.0,94300.0,91769.828125,836365,0.0249999171032417,0.0580478834280439,-0.0330479663248022
2023-05-15,JYP,035900.KQ,94600.0,95500.0,92200.0,95500.0,92937.625,601239,0.012725281270107,-0.018062413023700635,0.030787694293807635
2023-05-16,JYP,035900.KQ,105000.0,115800.0,105000.0,115400.0,112303.6953125,3329160,0.2083770734672851,0.0596885024299993,0.1486885710372858
2023-05-17,JYP,035900.KQ,112300.0,120400.0,112200.0,119500.0,116293.6796875,1478262,0.0355285225824255,0.04661089182733111,-0.011082369244905611
2023-05-18,JYP,035900.KQ,118900.0,120900.0,116500.0,119800.0,116585.6328125,599196,0.0025104814447742,-0.008869786121094798,0.011380267565868999
2023-05-19,JYP,035900.KQ,120100.0,120500.0,114500.0,115700.0,112595.640625,594242,-0.0342237039954738,-0.018197480536223234,-0.016026223459250567
2023-05-22,JYP,035900.KQ,115700.0,115700.0,112500.0,114100.0,111038.5703125,459449,-0.0138288685410639,-0.020751289487438367,0.006922420946374467
2023-05-23,JYP,035900.KQ,114800.0,116300.0,113700.0,115700.0,112595.640625,422033,0.0140227878305518,0.016040619307862564,-0.002017831477310765
2023-05-24,JYP,035900.KQ,116400.0,116400.0,111400.0,113500.0,110454.6640625,435191,-0.0190147376098736,-0.016684640396248,-0.0023300972136255996
2023-05-25,JYP,035900.KQ,111800.0,114500.0,109600.0,112300.0,109286.859375,416122,-0.0105727059822409,-0.010060024265833566,-0.0005126817164073337
2023-05-26,JYP,035900.KQ,112400.0,116100.0,110200.0,113700.0,110649.296875,307002,0.0124666177415257,0.010162056685685367,0.0023045610558403325
2023-05-30,JYP,035900.KQ,114400.0,122500.0,113300.0,122200.0,118921.234375,841508,0.0747581569302222,0.033632582495809166,0.04112557443441303
2023-05-31,JYP,035900.KQ,120100.0,126600.0,118400.0,122000.0,118726.609375,867700,-0.0016365874523828,-0.0060531877458469,0.0044166002934641
2023-06-01,JYP,035900.KQ,122200.0,128900.0,121400.0,127300.0,123884.3984375,776275,0.0434425702009988,-0.0169070242246017,0.060349594425600506
2023-06-02,JYP,035900.KQ,127300.0,130300.0,124700.0,128700.0,125246.8359375,577949,0.0109976519818784,-0.017481270992663066,0.028478922974541465
2023-06-05,JYP,035900.KQ,127300.0,128700.0,123300.0,126300.0,122911.2265625,417960,-0.0186480509269352,-0.0147294260041447,-0.003918624922790501
2023-06-07,JYP,035900.KQ,125500.0,129200.0,123700.0,127500.0,124079.0390625,426654,0.0095012679692538,-0.0094649868005689,0.0189662547698227
2023-06-08,JYP,035900.KQ,126800.0,129000.0,126500.0,128300.0,124857.5703125,425623,0.0062744783960475,-0.011554743243220833,0.017829221639268332
2023-06-09,JYP,035900.KQ,128700.0,134300.0,127700.0,131200.0,127679.7578125,619138,0.0226032549963648,0.018359986668940734,0.004243268327424065
2023-06-12,JYP,035900.KQ,132400.0,132800.0,129000.0,132400.0,128847.5703125,393686,0.0091464185083665,0.022292971462366667,-0.013146552954000168
2023-06-13,JYP,035900.KQ,132500.0,134500.0,130900.0,133200.0,129626.09375,332287,0.0060422050304231,0.0126947429761224,-0.0066525379456993
2023-06-14,JYP,035900.KQ,133200.0,138700.0,133200.0,135000.0,131377.8125,612243,0.0135136275368938,0.012250358454230401,0.0012632690826633996
2023-06-15,JYP,035900.KQ,136200.0,138600.0,135300.0,137000.0,133324.140625,364569,0.0148147399318283,0.015111103531258866,-0.0002963635994305651
2023-06-16,JYP,035900.KQ,137400.0,137900.0,135000.0,136000.0,132350.984375,261448,-0.0072991751189095,0.0020011752034951665,-0.009300350322404666
2023-06-19,JYP,035900.KQ,136200.0,136400.0,133300.0,136100.0,132448.28125,244897,0.0007351428133266,0.004624884294023967,-0.003889741480697367
2023-06-20,JYP,035900.KQ,135800.0,139200.0,135100.0,138800.0,135075.84375,371580,0.0198384039052978,0.009223414520935601,0.010614989384362198
2023-06-21,JYP,035900.KQ,138700.0,140600.0,133500.0,134400.0,130793.890625,425154,-0.0317003618568919,-0.0185911570660867,-0.013109204790805202
2023-06-22,JYP,035900.KQ,132400.0,135900.0,132200.0,134000.0,130404.6171875,275296,-0.0029762356302718,-0.0072906085223514,0.0043143728920796
2023-06-23,JYP,035900.KQ,134300.0,134400.0,129900.0,131300.0,127777.078125,451279,-0.0201491259985222,-0.02131948398107067,0.00117035798254847
2023-06-26,JYP,035900.KQ,129300.0,131400.0,128500.0,130000.0,126511.953125,329926,-0.0099010324744033,-0.010644965697985167,0.000743933223581867
2023-06-27,JYP,035900.KQ,129300.0,130300.0,122300.0,124900.0,121548.7890625,794119,-0.0392307915568749,0.0006288591296472329,-0.039859650686522134
2023-06-28,JYP,035900.KQ,126300.0,126500.0,122500.0,122600.0,119310.5078125,413691,-0.0184146733773635,-0.0169733775440271,-0.001441295833336402
2023-06-29,JYP,035900.KQ,122300.0,128000.0,122300.0,124900.0,121548.7890625,376280,0.0187601351384534,-0.007789327095911967,0.026549462234365367
2023-06-30,JYP,035900.KQ,127400.0,133600.0,126700.0,130800.0,127290.4921875,627590,0.0472378471993466,-0.0046153763492616994,0.0518532235486083
2023-07-03,JYP,035900.KQ,130800.0,131000.0,126400.0,130300.0,126803.90625,397182,-0.0038226416532607,-0.0006344856225944335,-0.0031881560306662666
2023-07-04,JYP,035900.KQ,130300.0,138400.0,128000.0,136000.0,132350.984375,569405,0.0437453252746304,0.0302162176803327,0.013529107594297703
2023-07-05,JYP,035900.KQ,134600.0,137600.0,131000.0,135800.0,132156.328125,429583,-0.0014707578558574,-0.004395302074740366,0.002924544218882966
2023-07-06,JYP,035900.KQ,136000.0,136900.0,131800.0,132500.0,128944.8671875,445269,-0.0243004703827912,-0.019630491205466966,-0.004669979177324233
2023-07-07,JYP,035900.KQ,132000.0,133300.0,129100.0,130800.0,127290.4921875,306242,-0.0128300958082678,0.0027308144618224998,-0.0155609102700903
2023-07-10,JYP,035900.KQ,130500.0,133300.0,126800.0,128100.0,124662.9375,405758,-0.020642191277174,-0.0314404173848152,0.010798226107641199
2023-07-11,JYP,035900.KQ,128300.0,134900.0,126000.0,134300.0,130696.578125,419228,0.0483996346147386,0.05251466149566547,-0.004115026880926874
2023-07-12,JYP,035900.KQ,136300.0,137000.0,132700.0,135000.0,131377.8125,307102,0.0052123352024446,-0.012135132124258602,0.0173474673267032
2023-07-13,JYP,035900.KQ,137700.0,138900.0,131100.0,132100.0,128555.6171875,444489,-0.0214815215659036,-0.009688006232757333,-0.011793515333146268
2023-07-14,JYP,035900.KQ,133800.0,134100.0,126000.0,127100.0,123689.7734375,598564,-0.037850106097683,-0.023421842178061033,-0.014428263919621969
2023-07-17,JYP,035900.KQ,127500.0,128600.0,123400.0,124000.0,120672.9375,543300,-0.0243903424968628,0.013694397358655132,-0.038084739855517934
2023-07-18,JYP,035900.KQ,126100.0,128100.0,124800.0,126000.0,122619.28125,424824,0.0161290823802147,0.00011640978466153334,0.016012672595553164
2023-07-19,JYP,035900.KQ,126200.0,129200.0,122700.0,128700.0,125246.8359375,393599,0.021428560506262,0.002620375186647,0.018808185319615
2023-07-20,JYP,035900.KQ,128900.0,135900.0,126600.0,133600.0,130015.3671875,568410,0.0380730675893445,0.021663891388328135,0.016409176201016364
2023-07-21,JYP,035900.KQ,133600.0,134900.0,129900.0,132700.0,129139.515625,335736,-0.0067365233929378,-0.03407155607640413,0.027335032683466327
2023-07-24,JYP,035900.KQ,132900.0,133300.0,128200.0,129000.0,125538.7890625,442444,-0.0278824536786704,0.0039317784882894335,-0.03181423216695983
2023-07-25,JYP,035900.KQ,128900.0,146600.0,128800.0,141100.0,137314.140625,1378409,0.0937985116029564,0.0558964971989275,0.03790201440402889
2023-07-26,JYP,035900.KQ,141600.0,141700.0,130500.0,130500.0,126998.546875,896601,-0.0751240455137939,-0.057643018558944666,-0.01748102695484923
2023-07-27,JYP,035900.KQ,133200.0,138500.0,132600.0,134400.0,130793.890625,835171,0.0298849383980401,0.03724455091177973,-0.007359612513739629
2023-07-28,JYP,035900.KQ,135000.0,138700.0,132100.0,135000.0,131377.8125,372222,0.0044644430424825,0.017012403513343797,-0.012547960470861296
2023-07-31,JYP,035900.KQ,136800.0,138400.0,133700.0,136400.0,132740.234375,439002,0.0103702584863787,0.007179222222974534,0.003191036263404166
2023-08-01,JYP,035900.KQ,135500.0,136000.0,126800.0,129700.0,126220.0,1059214,-0.0491202566102143,-0.019164007245505633,-0.029956249364708663
2023-08-02,JYP,035900.KQ,128200.0,129600.0,124900.0,126400.0,123008.546875,689523,-0.0254432984075423,-0.0033384367417342666,-0.022104861665808034
2023-08-03,JYP,035900.KQ,125700.0,127900.0,119700.0,121000.0,117753.4296875,833600,-0.0427215613955687,-0.006810975625864333,-0.035910585769704365
2023-08-04,JYP,035900.KQ,122400.0,126800.0,122200.0,125800.0,122424.640625,617264,0.0396694257644698,0.06901964391890276,-0.029350218154432964
2023-08-07,JYP,035900.KQ,127200.0,128500.0,125200.0,126300.0,122911.2265625,591894,0.0039745751755193,0.0186677743300866,-0.014693199154567299
2023-08-08,JYP,035900.KQ,128000.0,133200.0,123000.0,128900.0,125441.4765625,983777,0.0205859958505367,-0.002121341623135133,0.022707337473671832
2023-08-09,JYP,035900.KQ,127900.0,129000.0,122700.0,128100.0,124662.9375,589718,-0.0062063926847361,-0.019958727626862502,0.013752334942126403
2023-08-10,JYP,035900.KQ,128100.0,128700.0,124300.0,127200.0,123787.078125,420597,-0.0070258201239642,-0.0118378817179595,0.0048120615939953
2023-08-11,JYP,035900.KQ,130000.0,131400.0,123000.0,129700.0,126220.0,1480486,0.0196540859664142,0.0090617489375947,0.010592337028819501
2023-08-14,JYP,035900.KQ,120400.0,121400.0,113300.0,119000.0,115807.09375,2757044,-0.0824980688480431,-0.004249257852603867,-0.07824881099543923
2023-08-16,JYP,035900.KQ,115700.0,119700.0,113900.0,114300.0,111233.203125,1046609,-0.0394957724686014,-0.046122647646378634,0.006626875177777235
2023-08-17,JYP,035900.KQ,114200.0,121100.0,114200.0,119300.0,116099.0546875,895633,0.0437445962698019,-0.004522392966234033,0.04826698923603593
2023-08-18,JYP,035900.KQ,117100.0,117200.0,111600.0,112500.0,109481.5,758300,-0.0569992124855129,-0.03455940094238084,-0.022439811543132064
2023-08-21,JYP,035900.KQ,111900.0,113000.0,110200.0,110400.0,107437.84375,565038,-0.0186666811287752,0.0162213115052057,-0.0348879926339809
2023-08-22,JYP,035900.KQ,110400.0,112100.0,108500.0,109000.0,106075.40625,660136,-0.0126811694319768,-0.006807566399582133,-0.0058736030323946675
2023-08-23,JYP,035900.KQ,110000.0,112300.0,109200.0,109600.0,106659.3046875,428119,0.0055045599931415,0.005771286249690433,-0.00026672625654893325
2023-08-24,JYP,035900.KQ,110900.0,112400.0,109300.0,111000.0,108021.7421875,421731,0.0127737331871025,0.002782227513179934,0.009991505673922567
2023-08-25,JYP,035900.KQ,109200.0,112400.0,108500.0,110600.0,107632.484375,314889,-0.0036035135577089,0.009406984017262834,-0.013010497574971733
2023-08-28,JYP,035900.KQ,111200.0,114400.0,109400.0,113900.0,110843.9375,444360,0.0298372107979134,0.035872709766868204,-0.006035498968954802
2023-08-29,JYP,035900.KQ,114700.0,118800.0,111900.0,116600.0,113471.4921875,738326,0.0237049923231029,0.024570584302194703,-0.000865591979091803
2023-08-30,JYP,035900.KQ,117400.0,118200.0,115700.0,116600.0,113471.4921875,600909,0.0,-0.0034898479724260003,0.0034898479724260003
2023-08-31,JYP,035900.KQ,117000.0,118000.0,112200.0,112200.0,109189.5546875,3518801,-0.0377357996925301,0.0074806382736284675,-0.04521643796615857
2023-09-01,JYP,035900.KQ,112800.0,113900.0,105800.0,106000.0,103155.8984375,1101709,-0.0552585480110098,-0.028920892615124667,-0.026337655395885135
2023-09-04,JYP,035900.KQ,106100.0,107000.0,104000.0,106600.0,103739.796875,651239,0.005660349493769,0.0013932380302042002,0.0042671114635648
2023-09-05,JYP,035900.KQ,106500.0,107100.0,104300.0,107000.0,104129.0703125,488578,0.0037524021564168,-0.001335181091326133,0.005087583247742933
2023-09-06,JYP,035900.KQ,105600.0,107800.0,104700.0,105200.0,102377.3671875,372374,-0.0168224216325276,0.010509132764989567,-0.027331554397517166
2023-09-07,JYP,035900.KQ,105400.0,106600.0,103600.0,105400.0,102572.0,473360,0.0019011312543673,-0.027325448951530263,0.02922658020589756
2023-09-08,JYP,035900.KQ,106000.0,108200.0,104500.0,107700.0,104810.2890625,395615,0.0218216380932418,0.005098476233505699,0.016723161859736102
2023-09-11,JYP,035900.KQ,108300.0,108300.0,104300.0,106300.0,103447.8515625,391723,-0.0129990815995895,0.016971135021272035,-0.029970216620861537
2023-09-12,JYP,035900.KQ,107000.0,109400.0,106500.0,107100.0,104226.3828125,406224,0.0075258329510075,0.013875822415456132,-0.006349989464448633
2023-09-13,JYP,035900.KQ,107200.0,111700.0,105800.0,107600.0,104712.9765625,459681,0.0046686235948087,-0.020431580397301134,0.025100203992109833
2023-09-14,JYP,035900.KQ,109400.0,112200.0,108400.0,112100.0,109092.234375,532602,0.0418215388031315,0.029306523726881962,0.012515015076249535
2023-09-15,JYP,035900.KQ,111800.0,112200.0,109200.0,110600.0,107632.484375,311562,-0.013380879109893,-0.021403058917020334,0.008022179807127335
2023-09-18,JYP,035900.KQ,109900.0,111600.0,108400.0,108800.0,105880.78125,283953,-0.0162748554506735,-0.014731989794768,-0.0015428656559054992
2023-09-19,JYP,035900.KQ,109400.0,111100.0,108800.0,109600.0,106659.3046875,248782,0.0073528304977443,0.014660038052240332,-0.007307207554496032
2023-09-20,JYP,035900.KQ,110100.0,110400.0,106800.0,108800.0,105880.78125,244971,-0.0072991610041054,-0.006299267455409967,-0.0009998935486954337
2023-09-21,JYP,035900.KQ,108500.0,108700.0,103800.0,104000.0,101209.5703125,340439,-0.0441176470588234,-0.07299647709439584,0.028878830035572442
2023-09-22,JYP,035900.KQ,102200.0,105700.0,101100.0,105500.0,102669.3203125,329301,0.0144230431518759,-0.0072326188200134665,0.021655661971889367
2023-09-25,JYP,035900.KQ,104500.0,114000.0,104500.0,113200.0,110162.71875,847047,0.0729857606409778,0.01718448229172057,0.05580127834925723
2023-09-26,JYP,035900.KQ,113200.0,115800.0,111300.0,111900.0,108897.59375,404852,-0.0114841483067519,-0.0060953085968483665,-0.005388839709903533
2023-09-27,JYP,035900.KQ,110900.0,112800.0,107600.0,112300.0,109286.859375,306142,0.0035746026298215,-0.023337509100066368,0.026912111729887868
2023-10-04,JYP,035900.KQ,111700.0,112800.0,107900.0,109200.0,106270.046875,403116,-0.0276045310227855,-0.055536675502400164,0.027932144479614663
2023-10-05,JYP,035900.KQ,112100.0,115000.0,109000.0,111400.0,108411.0078125,401492,0.0201464194329217,0.019703040753528467,0.00044337867939323386
2023-10-06,JYP,035900.KQ,112400.0,113800.0,109300.0,110000.0,107048.578125,267177,-0.012567263371044,0.003962878626539666,-0.016530141997583667
2023-10-10,JYP,035900.KQ,110100.0,110300.0,105300.0,105600.0,102766.6328125,382321,-0.0400000204346479,-0.03856514550118533,-0.0014348749334625668
2023-10-11,JYP,035900.KQ,106900.0,109000.0,106500.0,107600.0,104712.9765625,252232,0.0189394523955177,0.021078477933190103,-0.0021390255376724024
2023-10-12,JYP,035900.KQ,107900.0,114400.0,107700.0,114300.0,111233.203125,431076,0.0622676078605048,0.04690910181769433,0.015358506042810471
2023-10-13,JYP,035900.KQ,113500.0,117000.0,112500.0,113500.0,110454.6640625,280212,-0.0069991606878847,-0.0134211513494463,0.0064219906615616
2023-10-16,JYP,035900.KQ,112400.0,114000.0,109700.0,111300.0,108313.6953125,289415,-0.0193832353587943,-0.021452467259602898,0.002069231900808599
2023-10-17,JYP,035900.KQ,113000.0,113500.0,108300.0,108700.0,105783.453125,312448,-0.0233603163496536,-0.011913928860585767,-0.011446387489067834
2023-10-18,JYP,035900.KQ,108700.0,109500.0,106900.0,107900.0,105004.9296875,294240,-0.0073595956125581,-0.005908809279907133,-0.0014507863326509666
2023-10-19,JYP,035900.KQ,105200.0,106000.0,101700.0,101700.0,98971.2734375,475325,-0.0574606951117101,-0.034748307100550734,-0.022712388011159365
2023-10-20,JYP,035900.KQ,101400.0,102900.0,99800.0,100900.0,98192.734375,378755,-0.0078663134812713,-0.017147164790197934,0.009280851308926634
2023-10-23,JYP,035900.KQ,99900.0,103700.0,99800.0,102300.0,99555.1796875,314222,0.0138752151182264,0.0083482526377059,0.0055269624805205
2023-10-24,JYP,035900.KQ,104500.0,107000.0,103100.0,106500.0,103642.484375,348054,0.041055670838322,0.008823435625820067,0.03223223521250193
2023-10-25,JYP,035900.KQ,108200.0,109400.0,106100.0,106900.0,104031.7578125,283901,0.0037559253799004,-0.013544653727297467,0.01730057910719787
2023-10-26,JYP,035900.KQ,103200.0,103600.0,99600.0,100300.0,97608.8359375,605670,-0.0617400110317875,-0.07917256018275609,0.01743254915096859
2023-10-27,JYP,035900.KQ,101500.0,105500.0,101500.0,103600.0,100820.2890625,368134,0.0329012542169473,0.024888999767896835,0.008012254449050463
2023-10-30,JYP,035900.KQ,103300.0,105500.0,102700.0,103700.0,100917.6171875,148026,0.0009653624871048,0.019076246882010466,-0.018110884394905668
2023-10-31,JYP,035900.KQ,104500.0,106000.0,102000.0,102600.0,99847.1328125,225425,-0.0106075074385783,-0.002818552297101933,-0.007788955141476367
2023-11-01,JYP,035900.KQ,103700.0,105500.0,100700.0,105200.0,102377.3671875,247053,0.0253410819492578,0.0494751792428908,-0.024134097293633
2023-11-02,JYP,035900.KQ,106100.0,110000.0,106100.0,107500.0,104615.6484375,359264,0.0218630475806305,0.016056232104692134,0.005806815475938365
2023-11-03,JYP,035900.KQ,108100.0,109200.0,104600.0,105000.0,102182.734375,247760,-0.0232557375386673,-0.022232182528512865,-0.0010235550101544352
2023-11-06,JYP,035900.KQ,106400.0,107900.0,104000.0,107900.0,105004.9296875,548770,0.02761910150244,0.06142392443579064,-0.03380482293335064
2023-11-07,JYP,035900.KQ,107000.0,108400.0,103500.0,104400.0,101598.8359375,312815,-0.0324374651755561,-0.032712558817309334,0.000275093641753231
2023-11-08,JYP,035900.KQ,105300.0,105800.0,103500.0,103700.0,100917.6171875,210486,-0.0067049857777805,-0.0128590996606473,0.0061541138828668
2023-11-09,JYP,035900.KQ,104500.0,106500.0,100700.0,104900.0,102085.421875,339158,0.011571861485099,-0.0229351235119833,0.0345069849970823
2023-11-10,JYP,035900.KQ,104900.0,105900.0,102000.0,103400.0,100625.6640625,218172,-0.0142993758137907,0.0176416960887603,-0.031941071902551
2023-11-13,JYP,035900.KQ,106200.0,108300.0,96200.0,97600.0,94981.28125,1325148,-0.0560928751634791,-0.060529452415413965,0.004436577251934866
2023-11-14,JYP,035900.KQ,98100.0,101000.0,97100.0,98500.0,95857.1328125,414539,0.0092213070930753,-0.003374469942475134,0.012595777035550435
2023-11-15,JYP,035900.KQ,100900.0,101000.0,98500.0,99800.0,97122.2578125,372398,0.0131980267183102,0.020091315159521433,-0.006893288441211233
2023-11-16,JYP,035900.KQ,100700.0,102800.0,99600.0,99800.0,97122.2578125,324000,0.0,-0.024178436152251365,0.024178436152251365
2023-11-17,JYP,035900.KQ,100100.0,101000.0,89500.0,90300.0,87877.1484375,1478659,-0.0951904288803521,-0.07278903195325799,-0.022401396927094114
2023-11-20,JYP,035900.KQ,91600.0,94600.0,91200.0,92400.0,89920.8046875,970514,0.0232558325609926,0.014485032314170634,0.008770800246821966
2023-11-21,JYP,035900.KQ,93100.0,97000.0,93100.0,96600.0,94008.1171875,629130,0.0454545809971846,0.012086535245015366,0.033368045752169236
2023-11-22,JYP,035900.KQ,95700.0,97500.0,95000.0,96600.0,94008.1171875,249396,0.0,0.005555137086707067,-0.005555137086707067
2023-11-23,JYP,035900.KQ,97400.0,99100.0,96200.0,98200.0,95565.1875,305236,0.0165631475141068,0.033303325517783665,-0.016740178003676866
2023-11-24,JYP,035900.KQ,98200.0,98700.0,96600.0,97100.0,94494.703125,162006,-0.011201614343089,-0.0074404921933631666,-0.0037611221497258337
2023-11-27,JYP,035900.KQ,97700.0,97900.0,95500.0,96100.0,93521.5234375,203623,-0.0102987750140095,-0.019319931206243663,0.009021156192234163
2023-11-28,JYP,035900.KQ,96000.0,97000.0,94200.0,95000.0,92451.046875,362933,-0.011446312283561,-0.004907765415062666,-0.006538546868498333
2023-11-29,JYP,035900.KQ,95300.0,95700.0,92800.0,93900.0,91380.5625,395909,-0.0115789318908131,-0.006786632705764632,-0.004792299185048467
2023-11-30,JYP,035900.KQ,93900.0,96000.0,91900.0,96000.0,93424.2109375,672530,0.0223641481469323,-0.0022899242939914,0.0246540724409237
2023-12-01,JYP,035900.KQ,95800.0,97300.0,94300.0,95500.0,92937.625,287739,-0.0052083494483621,-0.020688029494028433,0.015479680045666333
2023-12-04,JYP,035900.KQ,96900.0,96900.0,91800.0,92400.0,89920.8046875,365073,-0.0324606994476134,-0.023364716572892033,-0.009095982874721367
2023-12-05,JYP,035900.KQ,92000.0,93700.0,90700.0,91700.0,89239.5859375,286669,-0.0075757634995308,-0.0017633996025701662,-0.0058123638969606334
2023-12-06,JYP,035900.KQ,92200.0,98100.0,91700.0,94500.0,91964.453125,834291,0.0305342876580398,0.12745110498410986,-0.09691681732607006
2023-12-07,JYP,035900.KQ,94500.0,94900.0,93000.0,93100.0,90602.015625,186546,-0.0148148274001927,-0.019494640593672636,0.004679813193479937
2023-12-08,JYP,035900.KQ,93200.0,95400.0,92100.0,94400.0,91867.1484375,270714,0.0139636276717767,0.032620799404839466,-0.018657171733062767
2023-12-11,JYP,035900.KQ,95400.0,96300.0,94500.0,95000.0,92451.046875,204463,0.0063559003129094,-0.021278056662819535,0.027633956975728936
2023-12-12,JYP,035900.KQ,94500.0,94800.0,91600.0,92900.0,90407.390625,469787,-0.0221052797029238,-0.032732475766690104,0.010627196063766303
2023-12-13,JYP,035900.KQ,92400.0,93900.0,91900.0,92900.0,90407.390625,235853,0.0,-0.0014509082901276664,0.0014509082901276664
2023-12-14,JYP,035900.KQ,94400.0,94700.0,92300.0,92300.0,89823.4921875,383290,-0.006458525497345,-0.009867617764452967,0.0034090922671079667
2023-12-15,JYP,035900.KQ,92600.0,94100.0,92400.0,94100.0,91575.1953125,302744,0.0195016145814443,0.01653313325069587,0.0029684813307484306
2023-12-18,JYP,035900.KQ,95200.0,97800.0,94400.0,96800.0,94202.7578125,477933,0.0286929499962675,0.016656156335140265,0.012036793661127237
2023-12-19,JYP,035900.KQ,97700.0,105500.0,97200.0,104400.0,101598.8359375,1357833,0.0785123312389757,0.012151835201085634,0.06636049603789007
2023-12-20,JYP,035900.KQ,106000.0,108400.0,104100.0,104500.0,101696.1484375,595180,0.0009578111707879,-0.011453708699952632,0.012411519870740533
2023-12-21,JYP,035900.KQ,103600.0,106200.0,102000.0,102900.0,100139.078125,339661,-0.0153110057403691,-0.003451511323023768,-0.011859494417345332
2023-12-22,JYP,035900.KQ,104100.0,104800.0,100400.0,100500.0,97803.4765625,278635,-0.0233235776305484,-0.010309021427780967,-0.013014556202767433
2023-12-26,JYP,035900.KQ,100500.0,100700.0,97400.0,98400.0,95759.8203125,423836,-0.0208955378870814,-0.0177446580252718,-0.0031508798618096016
2023-12-27,JYP,035900.KQ,100000.0,100500.0,98400.0,100300.0,98181.5625,254127,0.0252897528378495,0.031920521247160966,-0.006630768409311465
2023-12-28,JYP,035900.KQ,100700.0,101500.0,99000.0,101300.0,99160.4453125,228261,0.0099701286837841,-0.00048582897100759963,0.0104559576547917
2024-01-02,JYP,035900.KQ,100000.0,102400.0,99000.0,101400.0,99258.3359375,206572,0.0009871942859021,-0.006174913903841899,0.007162108189743999
2024-01-03,JYP,035900.KQ,100000.0,101000.0,98800.0,100600.0,98475.234375,304238,-0.0078895294294788,-0.021911129917623368,0.014021600488144567
2024-01-04,JYP,035900.KQ,100000.0,104300.0,99900.0,103200.0,101020.3125,383496,0.0258448547104561,-4.1912500788866824e-05,0.025886767211244967
2024-01-05,JYP,035900.KQ,104000.0,106000.0,102200.0,105400.0,103173.8515625,442098,0.0213178816141554,0.02604303746082473,-0.00472515584666933
2024-01-08,JYP,035900.KQ,106000.0,106000.0,104000.0,104200.0,101999.1953125,247058,-0.011385212747325,-0.011115458657259866,-0.00026975409006513296
2024-01-09,JYP,035900.KQ,103400.0,104500.0,101900.0,103000.0,100824.5390625,375983,-0.0115163285984869,0.0032093384456608007,-0.0147256670441477
2024-01-10,JYP,035900.KQ,102500.0,103300.0,99900.0,100300.0,98181.5625,326698,-0.0262136240549698,0.001956736274925167,-0.028170360329894967
2024-01-11,JYP,035900.KQ,100000.0,101500.0,99600.0,100400.0,98279.453125,292070,0.0009970367399683,0.015365585297769435,-0.014368548557801135
2024-01-12,JYP,035900.KQ,100800.0,101700.0,95800.0,96600.0,94559.7109375,426244,-0.0378486252133385,-0.05448165870712279,0.01663303349378429
2024-01-15,JYP,035900.KQ,95500.0,96000.0,94400.0,89000.0,87120.234375,96761,-0.0786749080421489,-0.029969491667053098,-0.0487054163750958
2024-01-16,JYP,035900.KQ,87500.0,87800.0,81500.0,82000.0,80268.078125,1751528,-0.0786517196510928,-0.03673877027328377,-0.04191294937780903
2024-01-17,JYP,035900.KQ,82800.0,85500.0,82300.0,82900.0,81149.0703125,1167706,0.0109756232873552,-0.016490485585215268,0.02746610887257047
2024-01-18,JYP,035900.KQ,82100.0,85400.0,80600.0,82600.0,80855.40625,1344369,-0.0036188222658511,0.009919601377893269,-0.01353842364374437
2024-01-19,JYP,035900.KQ,83000.0,85300.0,83000.0,84100.0,82323.7265625,757038,0.018159828521052,-0.0035697673323386004,0.0217295958533906
2024-01-22,JYP,035900.KQ,85100.0,85800.0,84000.0,84400.0,82617.390625,511666,0.0035671862142567,0.016954910743415565,-0.013387724529158866
2024-01-23,JYP,035900.KQ,85100.0,85500.0,83600.0,84600.0,82813.1640625,363568,0.0023696395640067,0.009071149579964933,-0.006701510015958232
2024-01-24,JYP,035900.KQ,84300.0,85100.0,83700.0,84200.0,82421.609375,230892,-0.004728169632602,0.011528216434400468,-0.016256386067002467
2024-01-25,JYP,035900.KQ,83700.0,83800.0,80900.0,82000.0,80268.078125,511600,-0.0261282358635089,-0.009936531784483333,-0.016191704079025565
2024-01-26,JYP,035900.KQ,82000.0,82700.0,81500.0,81900.0,80170.1875,414747,-0.0012195461419614,0.009179634584544233,-0.010399180726505633
2024-01-29,JYP,035900.KQ,81500.0,81600.0,76500.0,77100.0,75471.5703125,1218272,-0.0586080354059294,-0.04781000364767687,-0.01079803175825253
2024-01-30,JYP,035900.KQ,77500.0,78000.0,76100.0,76800.0,75177.90625,599180,-0.0038910554170801,0.0013383750205224667,-0.005229430437602567
2024-01-31,JYP,035900.KQ,76200.0,77000.0,75000.0,75300.0,73709.59375,554890,-0.0195311704361279,-0.015028673379990934,-0.004502497056136968
2024-02-01,JYP,035900.KQ,75300.0,76300.0,74500.0,76000.0,74394.8046875,340614,0.0092960889165123,-0.023008251916696768,0.032304340833209065
2024-02-02,JYP,035900.KQ,77000.0,78400.0,76300.0,76900.0,75275.796875,473222,0.0118421197716784,0.021673221797174198,-0.009831102025495798
2024-02-05,JYP,035900.KQ,77500.0,77900.0,75900.0,75900.0,74296.9140625,277352,-0.0130039515108089,-0.024194204226011467,0.011190252715202567
2024-02-06,JYP,035900.KQ,75700.0,76500.0,74700.0,74800.0,73220.15625,277244,-0.014492631707344,-0.018254699818171734,0.0037620681108277345
2024-02-07,JYP,035900.KQ,75200.0,75700.0,74200.0,75400.0,73807.4765625,253013,0.0080212928048757,0.002098155101090133,0.0059231377037855665
2024-02-08,JYP,035900.KQ,75500.0,76900.0,75100.0,76100.0,74492.6953125,300403,0.0092838663765961,0.008694276330605632,0.0005895900459904676
2024-02-13,JYP,035900.KQ,76000.0,76100.0,72000.0,74500.0,72926.484375,867108,-0.0210250270973506,0.019298918188818733,-0.04032394528616934
2024-02-14,JYP,035900.KQ,74000.0,77700.0,73400.0,77100.0,75471.5703125,550854,0.0348993367678709,0.03862515401005637,-0.0037258172421854654
2024-02-15,JYP,035900.KQ,77600.0,78500.0,76600.0,77100.0,75471.5703125,367823,0.0,0.012892681764880365,-0.012892681764880365
2024-02-16,JYP,035900.KQ,77500.0,78300.0,76000.0,76600.0,74982.1328125,346273,-0.0064850578565335,-0.014239764079294498,0.007754706222760998
2024-02-19,JYP,035900.KQ,77100.0,77800.0,76600.0,77100.0,75471.5703125,249714,0.0065273883476197,-0.009625107239933733,0.016152495587553432
2024-02-20,JYP,035900.KQ,76400.0,77100.0,74600.0,76600.0,74982.1328125,356436,-0.0064850578565335,-0.002304145440266633,-0.004180912416266867
2024-02-21,JYP,035900.KQ,77400.0,79400.0,76900.0,77100.0,75471.5703125,653867,0.0065273883476197,0.019328742104969168,-0.01280135375734947
2024-02-22,JYP,035900.KQ,77500.0,77600.0,76200.0,76900.0,75275.796875,301303,-0.0025940024394534,0.0034953100367526324,-0.0060893124762060324
2024-02-23,JYP,035900.KQ,77600.0,77600.0,76100.0,76300.0,74688.46875,288671,-0.0078023501494816,-0.006199808707183933,-0.001602541442297667
2024-02-26,JYP,035900.KQ,75300.0,79000.0,75300.0,77200.0,75569.4609375,701999,0.0117955583002897,0.001646510397095966,0.010149047903193735
2024-02-27,JYP,035900.KQ,77400.0,77500.0,73300.0,74000.0,72437.046875,700131,-0.0414507927361116,-0.04482144037727944,0.0033706476411678385
2024-02-28,JYP,035900.KQ,73800.0,74800.0,73500.0,74500.0,72926.484375,458775,0.0067567290649575,0.0145888450217328,-0.007832115956775298
2024-02-29,JYP,035900.KQ,74000.0,76600.0,73600.0,73700.0,72143.3828125,3038341,-0.0107382327450911,-0.017802969198453502,0.007064736453362402
2024-03-04,JYP,035900.KQ,75500.0,76900.0,72200.0,72200.0,70675.0625,879434,-0.0203528065258064,-0.0305613483147644,0.010208541788958001
2024-03-05,JYP,035900.KQ,72600.0,72900.0,70700.0,70800.0,69304.6328125,542148,-0.0193905691629208,-0.0135942882562504,-0.005796280906670401
2024-03-06,JYP,035900.KQ,70800.0,71300.0,68800.0,69300.0,67836.3203125,592255,-0.021186354222126,-0.009115943878297901,-0.012070410343828098
2024-03-07,JYP,035900.KQ,69100.0,69300.0,66300.0,66600.0,65193.33984375,1143468,-0.0389611414147265,-0.0130130604504725,-0.025948080964254
2024-03-08,JYP,035900.KQ,67000.0,69000.0,66500.0,67800.0,66367.9921875,859695,0.0180179807717368,0.03438183549745743,-0.01636385472572063
2024-03-11,JYP,035900.KQ,68300.0,72500.0,67300.0,71700.0,70185.625,948346,0.0575221983771121,0.05386091772006387,0.003661280657048231
2024-03-12,JYP,035900.KQ,72400.0,72700.0,70900.0,72200.0,70675.0625,498885,0.0069734721319358,0.0006448242552837665,0.006328647876652033
2024-03-13,JYP,035900.KQ,72200.0,72300.0,71000.0,71200.0,69696.1875,349078,-0.0138503591701811,-0.007930655209371732,-0.005919703960809368
2024-03-14,JYP,035900.KQ,71200.0,71400.0,69800.0,69800.0,68325.7578125,572583,-0.0196629074940433,-0.00029805717921040027,-0.0193648503148329
2024-03-15,JYP,035900.KQ,69000.0,69400.0,67700.0,68600.0,67151.1015625,579781,-0.0171919973902594,-0.0086357563917585,-0.008556240998500901
2024-03-18,JYP,035900.KQ,68700.0,69600.0,67600.0,68300.0,66857.4375,483702,-0.0043731831000073,0.015302354673646832,-0.019675537773654134
2024-03-19,JYP,035900.KQ,68700.0,68800.0,67300.0,67500.0,66074.3359375,490186,-0.0117130059389428,-0.009701690796095034,-0.0020113151428477662
2024-03-20,JYP,035900.KQ,68100.0,68300.0,67100.0,67600.0,66172.2265625,342074,0.0014815226458362,-0.0020177173440226667,0.0034992399898588667
2024-03-21,JYP,035900.KQ,67800.0,68700.0,67500.0,67600.0,66172.2265625,478751,0.0,0.0201146635404959,-0.0201146635404959
2024-03-22,JYP,035900.KQ,67700.0,68300.0,66500.0,67500.0,66074.3359375,466460,-0.0014793309834835,-0.0046599012924823996,0.0031805703089988996
2024-03-25,JYP,035900.KQ,67500.0,69000.0,67300.0,68500.0,67053.2109375,342654,0.0148147535062013,0.03297818603134794,-0.018163432525146638
2024-03-26,JYP,035900.KQ,68900.0,71800.0,67900.0,70800.0,69304.6328125,966435,0.0335766452273036,0.0421242809387772,-0.0085476357114736
2024-03-27,JYP,035900.KQ,71200.0,74900.0,71000.0,72500.0,70968.7265625,1493506,0.0240112916333041,0.02840666099984453,-0.00439536936654043
2024-03-28,JYP,035900.KQ,72500.0,73000.0,70700.0,71000.0,69500.4140625,601858,-0.0206895709014435,-0.005673499119138766,-0.015016071782304734
2024-03-29,JYP,035900.KQ,71500.0,73000.0,70100.0,72100.0,70577.171875,497754,0.0154928258633351,0.018794278456258567,-0.003301452592923467
2024-04-01,JYP,035900.KQ,73200.0,73200.0,70900.0,71200.0,69696.1875,408329,-0.0124825683942156,-0.03598296655377604,0.023500398159560437
2024-04-02,JYP,035900.KQ,70600.0,71000.0,69500.0,70200.0,68717.3046875,448824,-0.0140449979778305,-0.023295006674557205,0.009250008696726705
2024-04-03,JYP,035900.KQ,69600.0,72000.0,69600.0,71300.0,69794.0703125,652205,0.015669497368919,0.0003610389040983334,0.015308458464820667
2024-04-04,JYP,035900.KQ,70700.0,70800.0,68200.0,68300.0,66857.4375,890841,-0.0420756777667694,-0.012295030957807101,-0.029780646808962294
2024-04-05,JYP,035900.KQ,67900.0,68800.0,67700.0,68500.0,67053.2109375,358525,0.0029282222714563,0.015182148844050869,-0.012253926572594569
2024-04-08,JYP,035900.KQ,68400.0,68400.0,67200.0,67200.0,65780.671875,304674,-0.0189780481010242,-0.0151761485194589,-0.0038018995815653003
2024-04-09,JYP,035900.KQ,67100.0,68000.0,66500.0,66600.0,65193.33984375,281695,-0.0089286414156133,-0.017756312076343567,0.008827670660730267
2024-04-11,JYP,035900.KQ,64800.0,66200.0,64500.0,65600.0,64214.46484375,385802,-0.0150149540174822,-0.002716370018002767,-0.012298583999479433
2024-04-12,JYP,035900.KQ,65700.0,66800.0,64100.0,64900.0,63529.25,385500,-0.010670724196134,-0.006806504628713801,-0.003864219567420198
2024-04-15,JYP,035900.KQ,63900.0,64700.0,63700.0,64500.0,63137.6953125,236151,-0.0061633765155421,-0.0028324034525230323,-0.003330973063019068
2024-04-16,JYP,035900.KQ,63600.0,65000.0,62800.0,63400.0,62060.9296875,432506,-0.0170542434225789,0.009355209751051434,-0.026409453173630332
2024-04-17,JYP,035900.KQ,63600.0,63900.0,62600.0,62600.0,61277.82421875,284070,-0.0126183328656729,-0.013915274671399233,0.001296941805726334
2024-04-18,JYP,035900.KQ,63100.0,64700.0,62900.0,64500.0,63137.6953125,237343,0.0303514545018865,0.0345000597665978,-0.004148605264711298
2024-04-19,JYP,035900.KQ,64000.0,65500.0,63200.0,65100.0,63725.0234375,402329,0.0093023370918596,0.012822099595414934,-0.0035197625035553338
2024-04-22,JYP,035900.KQ,65500.0,68800.0,65500.0,67500.0,66074.3359375,751098,0.0368664046440743,-0.011472340663642064,0.04833874530771636
2024-04-23,JYP,035900.KQ,67700.0,69000.0,66800.0,68200.0,66759.546875,485767,0.0103703038067328,0.0156863161937094,-0.005316012386976602
2024-04-24,JYP,035900.KQ,67900.0,68500.0,67500.0,68100.0,66661.6640625,244754,-0.0014661994738112,-0.007228050523884766,0.005761851050073566
2024-04-25,JYP,035900.KQ,67500.0,68000.0,66300.0,66600.0,65193.33984375,238300,-0.0220265161303705,-0.015920017800157532,-0.0061064983302129665
2024-04-26,JYP,035900.KQ,66600.0,67600.0,66500.0,66700.0,65291.23046875,206695,0.0015015433360925,-0.025324867487686364,0.026826410823778863
2024-04-29,JYP,035900.KQ,66700.0,68300.0,66700.0,67700.0,66270.109375,236881,0.0149925020438772,0.007289011973934201,0.007703490069942999
2024-04-30,JYP,035900.KQ,67700.0,68000.0,66400.0,66700.0,65291.23046875,258384,-0.0147710470901875,-0.010222889085695734,-0.004548158004491766
2024-05-02,JYP,035900.KQ,66900.0,68400.0,66300.0,67700.0,66270.109375,257516,0.0149925020438772,0.0083330141291543,0.0066594879147229
2024-05-03,JYP,035900.KQ,67900.0,70000.0,67600.0,69900.0,68423.640625,528095,0.032496268231789,0.03432276691747293,-0.001826498685683929
2024-05-07,JYP,035900.KQ,70700.0,70700.0,68500.0,70000.0,68521.53125,504482,0.0014306550207769,0.005060476149834466,-0.0036298211290575664
2024-05-08,JYP,035900.KQ,69900.0,70500.0,69100.0,69600.0,68129.9765625,317885,-0.0057143306688728,-0.015033353574819266,0.009319022905946467
2024-05-09,JYP,035900.KQ,69700.0,70500.0,69000.0,69000.0,67542.6484375,365481,-0.0086207005291012,-0.016448633225214667,0.007827932696113466
2024-05-10,JYP,035900.KQ,69200.0,70700.0,68300.0,69300.0,67836.3203125,651546,0.0043479472865466,-0.003036802420240433,0.007384749706787033
2024-05-13,JYP,035900.KQ,65800.0,65900.0,60000.0,60100.0,58830.62890625,3465685,-0.132756189674848,-0.04466464241359553,-0.08809154726125248
2024-05-14,JYP,035900.KQ,60300.0,60700.0,59500.0,60100.0,58830.62890625,849580,0.0,0.018402155531826635,-0.018402155531826635
2024-05-16,JYP,035900.KQ,60100.0,60800.0,59900.0,60100.0,58830.62890625,729860,0.0,0.0195460938397018,-0.0195460938397018
2024-05-17,JYP,035900.KQ,60300.0,60800.0,60000.0,60000.0,58732.7421875,532807,-0.0016638734035291,0.015452051787962702,-0.017115925191491802
2024-05-20,JYP,035900.KQ,60200.0,60500.0,59000.0,59100.0,57851.75,564409,-0.0150000179574026,-0.0217120882181478,0.0067120702607451985
2024-05-21,JYP,035900.KQ,59000.0,59100.0,58000.0,58000.0,56774.984375,499333,-0.0186124987576002,-0.011731460226916698,-0.006881038530683501
2024-05-22,JYP,035900.KQ,58100.0,58700.0,57600.0,57600.0,56383.43359375,407649,-0.0068965370146788,-0.0069073753095119,1.0838294833099768e-05
2024-05-23,JYP,035900.KQ,57800.0,61100.0,57600.0,60600.0,59320.0703125,1084358,0.0520833253949883,0.07133499942362544,-0.019251674028637138
2024-05-24,JYP,035900.KQ,59800.0,60900.0,59500.0,59600.0,58341.1875,458664,-0.0165017136248021,0.002468420355549967,-0.018970133980352067
2024-05-27,JYP,035900.KQ,62000.0,62300.0,59900.0,60500.0,59222.1796875,883139,0.0151006900142374,0.031850690801451934,-0.016750000787214534
2024-05-28,JYP,035900.KQ,60500.0,60500.0,58700.0,58800.0,57558.0859375,550096,-0.0280991641776947,-0.033636268565141535,0.005537104387446836
2024-05-29,JYP,035900.KQ,58900.0,59100.0,57700.0,58000.0,56774.984375,355199,-0.0136054135530208,-0.022034902113013167,0.008429488559992367
2024-05-30,JYP,035900.KQ,57500.0,58500.0,56900.0,58200.0,56970.76171875,414348,0.0034483029084937,0.0264674211878929,-0.0230191182793992
2024-05-31,JYP,035900.KQ,57700.0,58500.0,57200.0,58100.0,56872.87109375,368261,-0.0017182607717842,0.0041268732780543995,-0.0058451340498385995
2024-06-03,JYP,035900.KQ,58500.0,59300.0,58200.0,58700.0,57460.19921875,267308,0.010327034906183,-0.010270161911793101,0.0205971968179761
2024-06-04,JYP,035900.KQ,58900.0,59300.0,58400.0,58600.0,57362.30859375,278111,-0.0017036248800205,-0.03312623175867307,0.031422606878652566
2024-06-05,JYP,035900.KQ,58900.0,59100.0,58300.0,58400.0,57166.53515625,244569,-0.0034129281456661,0.007843374584866567,-0.011256302730532667
2024-06-07,JYP,035900.KQ,58600.0,58900.0,58000.0,58100.0,56872.87109375,237016,-0.0051369925026476,-0.013093954978235298,0.0079569624755877
2024-06-10,JYP,035900.KQ,57800.0,57900.0,57100.0,57700.0,56481.31640625,254083,-0.0068847357267149,0.0140880758251197,-0.0209728115518346
2024-06-11,JYP,035900.KQ,57900.0,59500.0,57900.0,59200.0,57949.63671875,476202,0.0259965667573838,-0.0159441222276121,0.0419406889849959
2024-06-12,JYP,035900.KQ,59800.0,59800.0,57500.0,57900.0,56677.09375,416026,-0.021959464127896,-0.004552624072174767,-0.017406840055721233
2024-06-13,JYP,035900.KQ,58000.0,58100.0,57500.0,57700.0,56481.31640625,360760,-0.0034542586924721,-0.00016164425142096666,-0.0032926144410511332
2024-06-14,JYP,035900.KQ,57800.0,58000.0,57200.0,57300.0,56089.765625,281359,-0.0069323947486229,-0.0092362876004613,0.0023038928518383994
2024-06-17,JYP,035900.KQ,57100.0,57600.0,56200.0,57200.0,55991.87890625,459719,-0.0017451796715365,0.0045612501742021,-0.0063064298457385995
2024-06-18,JYP,035900.KQ,57200.0,57500.0,56600.0,56900.0,55698.21875,285469,-0.0052446919443744,-0.0021311726530525,-0.0031135192913219
2024-06-19,JYP,035900.KQ,56900.0,57000.0,55400.0,56200.0,55013.0,626685,-0.0123023458447673,-0.004349838527150967,-0.007952507317616334
2024-06-20,JYP,035900.KQ,56000.0,57500.0,56000.0,56200.0,55013.0,325241,0.0,0.0012788287735232334,-0.0012788287735232334
2024-06-21,JYP,035900.KQ,56300.0,56700.0,55800.0,56100.0,54915.11328125,256924,-0.0017793379519386,-0.008271525881328132,0.006492187929389532
2024-06-24,JYP,035900.KQ,55900.0,56200.0,55000.0,55100.0,53936.234375,304639,-0.0178253097874283,-0.019485802804029135,0.0016604930166008343
2024-06-25,JYP,035900.KQ,54900.0,55500.0,54800.0,55000.0,53838.34765625,209362,-0.0018148600821745,-0.0015644179369439335,-0.00025044214523056653
2024-06-26,JYP,035900.KQ,55000.0,55700.0,54900.0,55400.0,54229.8984375,184650,0.0072727117063471,0.004674261673184234,0.002598450033162866
2024-06-27,JYP,035900.KQ,55600.0,56600.0,55400.0,55800.0,54621.44921875,220236,0.0072202012640916,-0.004146519473811834,0.011366720737903433
2024-06-28,JYP,035900.KQ,56100.0,57900.0,56000.0,57300.0,56089.765625,593363,0.0268816815967227,0.0326762074086752,-0.005794525811952497
2024-07-01,JYP,035900.KQ,57400.0,58000.0,56500.0,57500.0,56285.54296875,288753,0.0034904289859027,-0.0028775964271824336,0.006368025413085133
2024-07-02,JYP,035900.KQ,57200.0,57400.0,55500.0,55500.0,54327.78515625,326412,-0.0347826050747517,-0.0125189130176876,-0.022263692057064098
2024-07-03,JYP,035900.KQ,55400.0,56000.0,54600.0,54800.0,53642.5703125,317904,-0.0126126040621623,-0.015407536208675833,0.002794932146513532
2024-07-04,JYP,035900.KQ,54800.0,55100.0,53400.0,54800.0,53642.5703125,447309,0.0,0.004185251196987933,-0.004185251196987933
2024-07-05,JYP,035900.KQ,54600.0,55800.0,54500.0,55700.0,54523.5625,264933,0.0164233775967053,-0.011530204397971667,0.027953581994676964
2024-07-08,JYP,035900.KQ,55500.0,56700.0,55300.0,56700.0,55502.44140625,223973,0.0179533189206042,0.009850210036124333,0.008103108884479867
2024-07-09,JYP,035900.KQ,57000.0,57200.0,56000.0,56100.0,54915.11328125,253099,-0.0105820232429246,-0.005928791853915133,-0.004653231389009467
2024-07-10,JYP,035900.KQ,55900.0,56600.0,55800.0,56400.0,55208.77734375,177810,0.0053476000494798,-0.005664455963908633,0.011012056013388432
2024-07-11,JYP,035900.KQ,56600.0,56800.0,55500.0,55600.0,54425.671875,231602,-0.0141844378091204,-0.013931292100305631,-0.0002531457088147688
2024-07-12,JYP,035900.KQ,55600.0,58700.0,55600.0,57500.0,56285.54296875,862301,0.0341726804589861,0.004951725991232034,0.02922095446775407
2024-07-15,JYP,035900.KQ,58000.0,58100.0,56300.0,56700.0,55502.44140625,295638,-0.0139130142696639,-0.014686056833285367,0.000773042563621467
2024-07-16,JYP,035900.KQ,56800.0,58000.0,56800.0,57000.0,55796.10546875,415672,0.0052910116214623,-0.014798773599714233,0.020089785221176534
2024-07-17,JYP,035900.KQ,57000.0,57300.0,55700.0,55800.0,54621.44921875,257399,-0.0210526566349311,-0.024747409747053098,0.0036947531121219977
2024-07-18,JYP,035900.KQ,55300.0,58000.0,55000.0,57900.0,56677.09375,519692,0.0376343828413903,-0.0009353848317856668,0.038569767673175964
2024-07-19,JYP,035900.KQ,57300.0,59200.0,55900.0,59000.0,57753.859375,607656,0.0189982505057433,-0.004521281584640633,0.023519532090383932
2024-07-22,JYP,035900.KQ,58900.0,59100.0,56000.0,56000.0,54817.22265625,557639,-0.0508474541879911,-0.0055528741879197,-0.0452945800000714
2024-07-23,JYP,035900.KQ,56300.0,57100.0,56000.0,56300.0,55110.890625,190856,0.0053572208608878,0.0034187728590043334,0.0019384480018834662
2024-07-24,JYP,035900.KQ,55700.0,56500.0,54800.0,55100.0,53936.234375,324861,-0.0213144123906997,-0.018310652470168467,-0.0030037599205312328
2024-07-25,JYP,035900.KQ,54000.0,54300.0,52400.0,53200.0,52076.36328125,550491,-0.0344827761022202,-0.012077247842419767,-0.022405528259800432
2024-07-26,JYP,035900.KQ,53000.0,54100.0,52600.0,53200.0,52076.36328125,204210,0.0,0.007374491718822633,-0.007374491718822633
2024-07-29,JYP,035900.KQ,53000.0,54800.0,53000.0,54400.0,53251.01953125,244452,0.0225564186127209,0.01600633666217857,0.006550081950542332
2024-07-30,JYP,035900.KQ,54200.0,57000.0,54200.0,55800.0,54621.44921875,515579,0.0257352760484852,-0.004041304135021434,0.029776580183506634
2024-07-31,JYP,035900.KQ,55700.0,57800.0,55700.0,57700.0,56481.31640625,472787,0.0340501252548524,0.018759709594620668,0.015290415660231729
2024-08-01,JYP,035900.KQ,57500.0,58000.0,56700.0,57700.0,56481.31640625,262797,0.0,-0.004476091348463967,0.004476091348463967
2024-08-02,JYP,035900.KQ,56900.0,59700.0,56100.0,56400.0,55208.77734375,766851,-0.022530265643015,0.001820548891696,-0.024350814534711
2024-08-05,JYP,035900.KQ,56200.0,56700.0,48300.0,50900.0,49824.9453125,1028028,-0.0975176826997689,-0.08462860582510011,-0.012889076874668795
2024-08-06,JYP,035900.KQ,51500.0,53100.0,50600.0,52000.0,50901.7109375,554864,0.0216109745479211,0.01788531482539237,0.0037256597225287305
2024-08-07,JYP,035900.KQ,51200.0,57000.0,51200.0,56400.0,55208.77734375,678719,0.0846153562802332,0.06625933923708177,0.01835601704315143
2024-08-08,JYP,035900.KQ,55300.0,58600.0,55200.0,57000.0,55796.10546875,589429,0.0106383106683034,0.0051096058598404,0.005528704808463
2024-08-09,JYP,035900.KQ,57800.0,58200.0,56500.0,56700.0,55502.44140625,344540,-0.0052631641587328,-0.040611548558060866,0.03534838439932807
2024-08-12,JYP,035900.KQ,56100.0,57600.0,55600.0,56600.0,55404.55078125,210088,-0.0017637174603454,0.0012009320810643998,-0.0029646495414097996
2024-08-13,JYP,035900.KQ,56700.0,57000.0,54100.0,54600.0,53446.796875,455826,-0.0353356155522254,-0.015241720202097667,-0.020093895350127733
2024-08-14,JYP,035900.KQ,51500.0,52000.0,50000.0,50300.0,49237.6171875,1342961,-0.0787545734002417,-0.0266048662547574,-0.052149707145484295
2024-08-16,JYP,035900.KQ,50500.0,50900.0,49800.0,50300.0,49237.6171875,464700,0.0,0.012741164863718533,-0.012741164863718533
2024-08-19,JYP,035900.KQ,50300.0,51600.0,50300.0,50900.0,49824.9453125,366704,0.011928443303083,0.003881344562595634,0.008047098740487367
2024-08-20,JYP,035900.KQ,51100.0,51500.0,50700.0,51400.0,50314.3828125,227180,0.0098231417401517,0.0016989157899581,0.008124225950193601
2024-08-21,JYP,035900.KQ,51000.0,52100.0,50900.0,51300.0,50216.4921875,192917,-0.0019455793657411,0.0040212944051413,-0.0059668737708824
2024-08-22,JYP,035900.KQ,51500.0,52500.0,51400.0,52500.0,51391.1484375,325284,0.0233918419792054,0.028764550109930533,-0.0053727081307251325
2024-08-23,JYP,035900.KQ,52000.0,52000.0,51100.0,51900.0,50803.8203125,205384,-0.0114285853275741,-0.008725800614134867,-0.0027027847134392328
2024-08-26,JYP,035900.KQ,52200.0,52700.0,51300.0,52000.0,50901.7109375,185163,0.0019268359032424,-0.004312558600388067,0.006239394503630467
2024-08-27,JYP,035900.KQ,51900.0,52100.0,51200.0,51600.0,50510.15625,157232,-0.0076923679045046,-0.0098049641070176,0.0021125962025130007
2024-08-28,JYP,035900.KQ,52000.0,52400.0,51200.0,51300.0,50216.4921875,202075,-0.0058139606824122,0.0143138913077379,-0.0201278519901501
2024-08-29,JYP,035900.KQ,50900.0,51100.0,50400.0,50700.0,49629.16796875,151318,-0.0116958432014133,-0.016199314521595,0.004503471320181699
2024-08-30,JYP,035900.KQ,51000.0,51500.0,50700.0,51100.0,50020.71484375,117301,0.0078894507207243,-2.653379206586648e-05,0.007915984512790167
2024-09-02,JYP,035900.KQ,51400.0,51400.0,50600.0,50700.0,49629.16796875,119725,-0.0078276945106258,-0.009608421437070467,0.0017807269264446673
2024-09-03,JYP,035900.KQ,50800.0,51400.0,49900.0,49950.0,48895.0078125,231677,-0.0147929168732443,-0.0082783172862792,-0.006514599586965099
2024-09-04,JYP,035900.KQ,48550.0,48900.0,45600.0,45800.0,44832.66015625,1105221,-0.0830830761256461,-0.06404908423747764,-0.019033991888168456
2024-09-05,JYP,035900.KQ,45950.0,46650.0,45500.0,45700.0,44734.76953125,362784,-0.0021834667998471,0.016964259358171335,-0.019147726158018435
2024-09-06,JYP,035900.KQ,45700.0,46100.0,44450.0,44450.0,43511.171875,295499,-0.0273522736133745,-0.038304120898321435,0.010951847284946935
2024-09-09,JYP,035900.KQ,43500.0,44550.0,43100.0,44150.0,43217.5078125,319296,-0.0067491646362374,-0.0009020631015346003,-0.0058471015347028
2024-09-10,JYP,035900.KQ,44100.0,44450.0,43350.0,43500.0,42581.23828125,281691,-0.0147224947354777,-0.0065309032942916,-0.0081915914411861
2024-09-11,JYP,035900.KQ,43500.0,45650.0,43500.0,45150.0,44196.390625,353202,0.0379310797182994,0.031241106238200634,0.006689973480098765
2024-09-12,JYP,035900.KQ,45250.0,46600.0,45050.0,46000.0,45028.4375,326644,0.0188261272749576,0.0066142457089604645,0.012211881565997135
2024-09-13,JYP,035900.KQ,45900.0,46300.0,45150.0,45200.0,44245.33203125,159607,-0.0173913533808496,-0.006162228242696333,-0.011229125138153266
2024-09-19,JYP,035900.KQ,45650.0,45700.0,44500.0,44700.0,43755.89453125,214420,-0.0110619013923167,0.005329938525640299,-0.016391839917957
2024-09-20,JYP,035900.KQ,45350.0,45600.0,44600.0,44650.0,43706.9453125,203252,-0.001118688562407,-0.016953996110852135,0.015835307548445136
2024-09-23,JYP,035900.KQ,44700.0,45700.0,44350.0,45150.0,44196.390625,218835,0.0111983417967216,0.008405172865063532,0.002793168931658069
2024-09-24,JYP,035900.KQ,45500.0,48950.0,45300.0,48550.0,47524.578125,577780,0.075304509099831,0.0417675490526885,0.033536960047142496
2024-09-25,JYP,035900.KQ,48800.0,49000.0,47550.0,47550.0,46545.69921875,387209,-0.0205973192160766,-0.007404734214062799,-0.013192585002013802
2024-09-26,JYP,035900.KQ,47750.0,50200.0,47750.0,49800.0,48748.171875,1275920,0.0473184997371953,0.05628578174368714,-0.008967282006491842
2024-09-27,JYP,035900.KQ,49950.0,53000.0,49400.0,51000.0,49922.828125,874421,0.0240964164361292,0.03853807281994103,-0.01444165638381183
2024-09-30,JYP,035900.KQ,51300.0,51900.0,50200.0,50400.0,49335.5,349100,-0.011764720610968,-0.017613165663160832,0.005848445052192832
2024-10-02,JYP,035900.KQ,49700.0,51000.0,49500.0,50400.0,49335.5,202681,0.0,-0.0011648006186438,0.0011648006186438
2024-10-04,JYP,035900.KQ,50600.0,51600.0,50300.0,50900.0,49824.9453125,239762,0.0099207530581426,0.0183744543993237,-0.008453701341181102
2024-10-07,JYP,035900.KQ,51200.0,51400.0,49950.0,50100.0,49041.83984375,213522,-0.0157171365435204,-0.0023103726452612,-0.013406763898259198
2024-10-08,JYP,035900.KQ,50900.0,53900.0,50300.0,51800.0,50705.93359375,1029543,0.0339321231687452,0.010129913266137268,0.02380220990260793
2024-10-10,JYP,035900.KQ,51800.0,52100.0,51200.0,51200.0,50118.60546875,276469,-0.0115830255627596,-0.003801631143288934,-0.007781394419470665
2024-10-11,JYP,035900.KQ,51100.0,51700.0,50300.0,50500.0,49433.390625,255647,-0.0136718657141656,-0.014603659599738033,0.0009317938855724333
2024-10-14,JYP,035900.KQ,50400.0,51600.0,50200.0,50500.0,49433.390625,224629,0.0,0.009395946374456466,-0.009395946374456466
2024-10-15,JYP,035900.KQ,51200.0,52600.0,50600.0,52100.0,50999.59765625,283211,0.0316831803654982,0.025958733028379064,0.005724447337119135
2024-10-16,JYP,035900.KQ,51600.0,51700.0,50700.0,50700.0,49629.16796875,148106,-0.0268713823339752,-0.020762560567624967,-0.006108821766350234
2024-10-17,JYP,035900.KQ,50700.0,52400.0,50700.0,51100.0,50020.71484375,224346,0.0078894507207243,0.0393750886861918,-0.0314856379654675
2024-10-18,JYP,035900.KQ,51700.0,51800.0,49900.0,50200.0,49139.7265625,187865,-0.0176124688342009,-0.014547420670492634,-0.0030650481637082647
2024-10-21,JYP,035900.KQ,50400.0,51600.0,50400.0,50800.0,49727.0546875,150823,0.0119522058034446,0.017055538414921665,-0.0051033326114770655
2024-10-22,JYP,035900.KQ,51000.0,51600.0,50100.0,51400.0,50314.3828125,245582,0.0118110378483291,0.03227293102023717,-0.020461893171908073
2024-10-23,JYP,035900.KQ,51800.0,53300.0,50700.0,52900.0,51782.69921875,412885,0.0291828364808086,0.014731056587027834,0.014451779893780768
2024-10-24,JYP,035900.KQ,52700.0,52700.0,51200.0,51200.0,50118.60546875,210865,-0.0321360951651096,-0.008607611586305667,-0.023528483578803938
2024-10-25,JYP,035900.KQ,51000.0,51600.0,49950.0,50900.0,49824.9453125,216724,-0.0058593042145417,-0.013680758052596298,0.007821453838054599
2024-10-28,JYP,035900.KQ,50900.0,51100.0,49150.0,50800.0,49727.0546875,271075,-0.0019646910676175,0.007899278485470734,-0.009863969553088233
2024-10-29,JYP,035900.KQ,50500.0,50700.0,49300.0,50000.0,48943.94921875,242932,-0.0157480766490449,0.006442715477788001,-0.022190792126832903
2024-10-30,JYP,035900.KQ,50000.0,50300.0,49400.0,49450.0,48405.56640625,148529,-0.0109999871504801,-0.028153781341763533,0.017153794191283434
2024-10-31,JYP,035900.KQ,49200.0,49300.0,48350.0,48850.0,47818.23828125,171904,-0.0121334831632952,-0.0096687936354394,-0.0024646895278558015
2024-11-01,JYP,035900.KQ,48350.0,49300.0,47800.0,48750.0,47720.3515625,140941,-0.002047058241131,0.026653152127585598,-0.0287002103687166
2024-11-04,JYP,035900.KQ,48750.0,54500.0,48750.0,53900.0,52761.58203125,1272983,0.1056411007816535,0.04728689577718861,0.058354205004464886
2024-11-05,JYP,035900.KQ,53400.0,57200.0,53300.0,56700.0,55502.44140625,1283156,0.051948013487856,0.0273838816146178,0.0245641318732382
2024-11-06,JYP,035900.KQ,57300.0,57400.0,54100.0,55500.0,54327.78515625,690525,-0.0211640464858492,0.005497631239190199,-0.026661677725039398
2024-11-07,JYP,035900.KQ,55000.0,55100.0,52500.0,55500.0,54327.78515625,601912,0.0,-0.0044554592206269335,0.0044554592206269335
2024-11-08,JYP,035900.KQ,54100.0,55900.0,54000.0,54900.0,53740.45703125,475896,-0.0108108240251431,-0.009769664682887232,-0.0010411593422558676
2024-11-11,JYP,035900.KQ,54200.0,56100.0,53700.0,54700.0,53544.6796875,509321,-0.0036430159802354,-0.005328807756734201,0.0016857917764988009
2024-11-12,JYP,035900.KQ,54300.0,55700.0,53000.0,53500.0,52370.02734375,430018,-0.0219377975665474,-0.0371842089073166,0.015246411340769199
2024-11-13,JYP,035900.KQ,52900.0,55300.0,52900.0,53700.0,52565.8046875,635820,0.0037383471745191,0.026545472791805202,-0.0228071256172861
2024-11-14,JYP,035900.KQ,59000.0,59900.0,56300.0,56800.0,55600.328125,2503819,0.0577280887363949,0.020993657531363733,0.03673443120503117
2024-11-15,JYP,035900.KQ,57400.0,59700.0,56200.0,59400.0,58145.4140625,1380530,0.0457746567929988,0.0261810357235584,0.019593621069440403
2024-11-18,JYP,035900.KQ,59800.0,60400.0,58100.0,59400.0,58145.4140625,778075,0.0,0.014771047772065967,-0.014771047772065967
2024-11-19,JYP,035900.KQ,60700.0,64500.0,60100.0,64000.0,62648.2578125,2699562,0.0774410815126354,0.0375446337039336,0.0398964478087018
2024-11-20,JYP,035900.KQ,64400.0,65500.0,63400.0,64800.0,63431.359375,1042087,0.0124999735003603,-0.002902245938883967,0.015402219439244266
2024-11-21,JYP,035900.KQ,64900.0,67000.0,63200.0,65500.0,64116.578125,1104104,0.0108025234955009,-0.015122052235229935,0.025924575730730835
2024-11-22,JYP,035900.KQ,65400.0,66600.0,64500.0,66100.0,64703.90234375,710206,0.0091602552089564,0.020238400424324104,-0.011078145215367704
2024-11-25,JYP,035900.KQ,67600.0,69000.0,66900.0,67500.0,66074.3359375,1209776,0.0211800763803913,0.0011134577714357666,0.020066618608955533
2024-11-26,JYP,035900.KQ,67800.0,70000.0,67200.0,69800.0,68325.7578125,1122989,0.0340740749499113,0.005878795734818233,0.028195279215093065
2024-11-27,JYP,035900.KQ,70200.0,73500.0,70000.0,73500.0,71947.609375,1414408,0.0530085823920036,0.0162315155302279,0.036777066861775703
2024-11-28,JYP,035900.KQ,75000.0,76200.0,71200.0,73800.0,72241.2734375,1896010,0.004081637528349,-0.036682509110931134,0.04076414663928014
2024-11-29,JYP,035900.KQ,73800.0,77000.0,72500.0,76400.0,74786.3515625,1576173,0.0352302500204664,-0.004926522378530067,0.04015677239899646
2024-12-02,JYP,035900.KQ,77000.0,81000.0,76000.0,77100.0,75471.5703125,2432737,0.0091623502909798,0.00046372984906683373,0.008698620441912967
2024-12-03,JYP,035900.KQ,78200.0,78800.0,74000.0,75300.0,73709.59375,1546526,-0.0233462289866807,0.0020405883432041,-0.0253868173298848
2024-12-04,JYP,035900.KQ,73900.0,76300.0,73700.0,73900.0,72339.15625,1256550,-0.0185923898135715,-0.0074199390806476,-0.011172450732923899
2024-12-05,JYP,035900.KQ,75000.0,75800.0,71500.0,72500.0,70968.7265625,1049077,-0.0189445074914044,-0.04256740766699537,0.02362290017559097
2024-12-06,JYP,035900.KQ,72700.0,74700.0,69800.0,72400.0,70870.84375,1182948,-0.0013792386765428,-0.007261596355712066,0.005882357679169266
2024-12-09,JYP,035900.KQ,69000.0,69600.0,64100.0,67100.0,65682.7890625,2134037,-0.0732043589857782,-0.03856637066744943,-0.034637988318328775
2024-12-10,JYP,035900.KQ,68600.0,72400.0,68200.0,71000.0,69500.4140625,1148865,0.0581221512437202,0.03746135266811633,0.02066079857560387
2024-12-11,JYP,035900.KQ,71400.0,73000.0,69900.0,71200.0,69696.1875,622023,0.0028168672106607,0.008305654476867999,-0.0054887872662072994
2024-12-12,JYP,035900.KQ,71900.0,72600.0,70300.0,72300.0,70772.953125,684322,0.0154494193100591,0.006049429206289134,0.009399990103769967
2024-12-13,JYP,035900.KQ,72300.0,75100.0,71600.0,74300.0,72730.7109375,810472,0.0276625140827766,0.052124485797779334,-0.024461971715002733
2024-12-16,JYP,035900.KQ,74600.0,74900.0,72200.0,73000.0,71458.1640625,576631,-0.0174966923682836,-0.0167879145940099,-0.000708777774273698
2024-12-17,JYP,035900.KQ,73600.0,73600.0,69200.0,69200.0,67738.421875,869004,-0.0520548244738917,-0.0282310406330356,-0.023823783840856105
2024-12-18,JYP,035900.KQ,69800.0,71400.0,69200.0,71100.0,69598.296875,483077,0.0274567217321963,0.018345299452006168,0.009111422280190132
2024-12-19,JYP,035900.KQ,69400.0,73500.0,69100.0,72300.0,70772.953125,630530,0.0168776579707072,0.0023837834775204663,0.014493874493186733
2024-12-20,JYP,035900.KQ,72800.0,73000.0,69900.0,70000.0,68521.53125,391834,-0.0318118967146038,-0.0241076255748514,-0.007704271139752399
2024-12-23,JYP,035900.KQ,71100.0,71600.0,69200.0,71000.0,69500.4140625,360254,0.0142857696645535,0.007097112151104766,0.007188657513448733
2024-12-24,JYP,035900.KQ,72000.0,72000.0,67900.0,68300.0,66857.4375,578963,-0.0380282131862298,-0.0202274897134115,-0.0178007234728183
2024-12-26,JYP,035900.KQ,68900.0,71800.0,68900.0,70400.0,68913.078125,521878,0.0307466259830853,0.011965994315554167,0.018780631667531134
2024-12-27,JYP,035900.KQ,70100.0,70300.0,67500.0,68600.0,67664.3515625,327433,-0.0181203132478708,-0.017311255568231636,-0.0008090576796391628
2024-12-30,JYP,035900.KQ,68100.0,70600.0,67400.0,69900.0,68946.6171875,246990,0.0189503866569327,0.011770872782685233,0.007179513874247466
2025-01-02,JYP,035900.KQ,69600.0,71000.0,66800.0,67600.0,66677.9921875,498428,-0.0329040798887998,-0.02108513132284437,-0.011818948565955431
2025-01-03,JYP,035900.KQ,67700.0,69200.0,67700.0,67800.0,66875.2578125,383392,0.0029584817797945,0.02243059858145237,-0.01947211680165787
2025-01-06,JYP,035900.KQ,67800.0,68300.0,65900.0,67200.0,66283.4453125,378483,-0.0088494985942226,-0.0092195046034102,0.00037000600918759945
2025-01-07,JYP,035900.KQ,68500.0,73800.0,68100.0,72500.0,71511.15625,1329358,0.0788690285010598,0.008124212585517,0.0707448159155428
2025-01-08,JYP,035900.KQ,72700.0,72900.0,71100.0,71400.0,70426.1640625,371047,-0.0151723485452662,-0.012415108288925168,-0.002757240256341033
2025-01-09,JYP,035900.KQ,71900.0,72300.0,69900.0,69900.0,68946.6171875,457769,-0.0210084830644328,-0.01684468990111297,-0.004163793163319832
2025-01-10,JYP,035900.KQ,70100.0,72300.0,68800.0,71600.0,70623.4296875,562177,0.0243204462873054,0.03997676373513097,-0.015656317447825568
2025-01-13,JYP,035900.KQ,71600.0,72600.0,70500.0,70800.0,69834.34375,369040,-0.0111731466595662,0.0206053518577533,-0.0317784985173195
2025-01-14,JYP,035900.KQ,70700.0,75800.0,70700.0,75800.0,74766.1484375,1158714,0.0706214796713113,0.042978736445759835,0.027642743225551464
2025-01-15,JYP,035900.KQ,76100.0,76300.0,75000.0,76000.0,74963.421875,487142,0.0026385395211967,0.0057761665379917,-0.003137627016795
2025-01-16,JYP,035900.KQ,77000.0,77000.0,73700.0,75500.0,74470.2421875,689128,-0.0065789377694412,0.0015872855939090666,-0.008166223363350267
2025-01-17,JYP,035900.KQ,75600.0,78300.0,75100.0,76400.0,75357.9609375,775694,0.0119204493489482,0.004075948915985267,0.007844500432962934
2025-01-20,JYP,035900.KQ,77300.0,78000.0,74600.0,74700.0,73681.1484375,476195,-0.0222512987233121,-0.011040708234094468,-0.011210590489217633
2025-01-21,JYP,035900.KQ,75100.0,76100.0,73800.0,74300.0,73286.609375,411808,-0.0053546812294147,0.0007823632229344001,-0.0061370444523491
2025-01-22,JYP,035900.KQ,74400.0,74600.0,72700.0,74300.0,73286.609375,501405,0.0,0.008401347050468867,-0.008401347050468867
2025-01-23,JYP,035900.KQ,74700.0,75900.0,73300.0,73500.0,72497.515625,442861,-0.0107672296034639,0.008202042393871433,-0.018969271997335335
2025-01-24,JYP,035900.KQ,73800.0,76000.0,72900.0,75000.0,73977.0625,423894,0.0204082424376179,0.020290169558738032,0.0001180728788798685
2025-01-31,JYP,035900.KQ,75700.0,76400.0,74600.0,75000.0,73977.0625,399828,0.0,0.003953047035642966,-0.003953047035642966
2025-02-03,JYP,035900.KQ,74200.0,75900.0,73700.0,75000.0,73977.0625,419762,0.0,0.006967763764617833,-0.006967763764617833
2025-02-04,JYP,035900.KQ,75500.0,79100.0,74500.0,79100.0,78021.140625,1059207,0.0546666492062994,0.030245842035830434,0.024420807170468965
2025-02-05,JYP,035900.KQ,79600.0,79900.0,77700.0,79300.0,78218.4140625,602689,0.0025284613365006,0.008516105913435233,-0.005987644576934633
2025-02-06,JYP,035900.KQ,79600.0,80300.0,77000.0,77400.0,76344.328125,674299,-0.0239596514447675,0.0065703892109525335,-0.03053004065572003
2025-02-07,JYP,035900.KQ,77700.0,78900.0,77000.0,77700.0,76640.234375,435046,0.0038759428141865,-0.005288713021858033,0.009164655836044533
2025-02-10,JYP,035900.KQ,80000.0,82400.0,78700.0,78800.0,77725.2265625,1392162,0.0141569528896681,0.024767801932310433,-0.010610849042642333
2025-02-11,JYP,035900.KQ,80200.0,83800.0,79700.0,83600.0,82459.765625,1326718,0.0609138020162975,0.02721265486401513,0.03370114715228237
2025-02-12,JYP,035900.KQ,83900.0,84200.0,82600.0,83700.0,82558.3984375,503992,0.0011961325835989,0.0011976861712669335,-1.5535876680334345e-06
2025-02-13,JYP,035900.KQ,84200.0,84700.0,82000.0,83400.0,82262.4921875,561862,-0.0035842053092153,-0.0136464260351426,0.010062220725927301
2025-02-14,JYP,035900.KQ,83400.0,84300.0,80600.0,81000.0,79895.2265625,602303,-0.0287769743178254,-0.006656019423978535,-0.022120954893846866
2025-02-17,JYP,035900.KQ,80900.0,80900.0,78600.0,79000.0,77922.5,572835,-0.0246914195925933,-0.023237562234669867,-0.0014538573579234333
2025-02-18,JYP,035900.KQ,79300.0,80500.0,77800.0,79400.0,78317.046875,579731,0.0050633241361608,0.014229504138804099,-0.009166180002643298
2025-02-19,JYP,035900.KQ,79500.0,81300.0,78300.0,81100.0,79993.859375,572359,0.021410568540414,0.030464220976872333,-0.009053652436458334
2025-02-20,JYP,035900.KQ,86900.0,87400.0,81300.0,82500.0,81374.765625,2161017,0.0172626531684951,0.06554730059955227,-0.048284647431057176
2025-02-21,JYP,035900.KQ,82200.0,84700.0,79900.0,82300.0,81177.4921875,921254,-0.002424258134384,-0.02300538008266427,0.02058112194828027
2025-02-24,JYP,035900.KQ,81200.0,83000.0,80500.0,81400.0,80289.765625,522796,-0.0109356243778703,0.0012968344331324999,-0.012232458811002801
2025-02-25,JYP,035900.KQ,81800.0,84800.0,81500.0,84100.0,82952.9453125,807797,0.0331696034577881,0.020532243755989266,0.012637359701798832
2025-02-26,JYP,035900.KQ,83600.0,85200.0,83200.0,84100.0,82952.9453125,411760,0.0,-0.0049569464358903,0.0049569464358903
2025-02-27,JYP,035900.KQ,84200.0,85400.0,83200.0,85100.0,83939.3046875,549941,0.0118905889511722,0.03646389487136043,-0.02457330592018823
2025-02-28,JYP,035900.KQ,84000.0,86900.0,82800.0,84300.0,83150.2109375,827890,-0.0094007658621636,-0.005105472632104233,-0.004295293230059366
2025-03-04,JYP,035900.KQ,83400.0,84000.0,81200.0,82900.0,81769.3125,445559,-0.0166072752183148,0.009118816800090898,-0.0257260920184057
2025-03-05,JYP,035900.KQ,83300.0,83800.0,79300.0,80900.0,79796.5859375,570080,-0.0241255123980649,-0.019351107263448134,-0.004774405134616765
2025-03-06,JYP,035900.KQ,81300.0,81300.0,78000.0,79900.0,78810.2265625,576075,-0.0123609220045147,-0.013716496451857999,0.0013555744473432996
2025-03-07,JYP,035900.KQ,79700.0,81900.0,79100.0,80600.0,79500.6796875,478082,0.0087609585090133,0.004643481773533366,0.004117476735479933
2025-03-10,JYP,035900.KQ,80100.0,80200.0,73000.0,73100.0,72102.9765625,1797632,-0.0930520739455156,-0.02776784758427753,-0.06528422636123807
2025-03-11,JYP,035900.KQ,71600.0,73400.0,70100.0,70300.0,69341.1640625,969056,-0.0383037238082122,-0.0004128747847711332,-0.03789084902344107
2025-03-12,JYP,035900.KQ,70600.0,72000.0,70000.0,70100.0,69143.890625,529998,-0.0028449686440538,-0.009974952370785,0.007129983726731201
2025-03-13,JYP,035900.KQ,70700.0,71300.0,69700.0,70700.0,69735.7109375,425193,0.0085592567492291,-0.0036242949958265338,0.012183551745055634
2025-03-14,JYP,035900.KQ,70200.0,70800.0,68200.0,69800.0,68847.984375,652284,-0.0127298704001973,-0.0126897188549603,-4.015154523700007e-05
2025-03-17,JYP,035900.KQ,69800.0,70600.0,68500.0,69700.0,68749.34375,449196,-0.0014327307603186,0.024449063428339666,-0.025881794188658266
2025-03-18,JYP,035900.KQ,70000.0,70000.0,62900.0,63000.0,62140.73046875,2847057,-0.0961262016591976,-0.0155679723888937,-0.0805582292703039
2025-03-19,JYP,035900.KQ,63000.0,63800.0,62250.0,62800.0,61943.45703125,1052134,-0.0031746237292656,0.03580297231040477,-0.03897759603967037
2025-03-20,JYP,035900.KQ,63300.0,63400.0,60600.0,61000.0,60168.0078125,1160646,-0.0286624173696714,-0.035939210414985136,0.0072767930453137356
2025-03-21,JYP,035900.KQ,60400.0,62100.0,60200.0,61300.0,60463.91796875,720871,0.0049180647159223,0.0268010306177249,-0.0218829659018026
2025-03-24,JYP,035900.KQ,61700.0,63000.0,61600.0,62000.0,61154.3671875,369755,0.0114191941565355,0.022962986206532532,-0.011543792049997031
2025-03-25,JYP,035900.KQ,62100.0,63900.0,61800.0,62800.0,61943.45703125,428461,0.0129032459992699,0.026409155145973834,-0.013505909146703934
2025-03-26,JYP,035900.KQ,63800.0,63900.0,62100.0,63000.0,62140.73046875,264606,0.0031847340615891,0.0027927399696356004,0.0003919940919534996
2025-03-27,JYP,035900.KQ,62600.0,63800.0,62200.0,63100.0,62239.3671875,363191,0.0015873118646327,0.0140387348408721,-0.0124514229762394
2025-03-28,JYP,035900.KQ,63400.0,63400.0,61100.0,61300.0,60463.91796875,336904,-0.0285261450907967,-0.020717447574183832,-0.007808697516612867
2025-03-31,JYP,035900.KQ,60300.0,60800.0,58800.0,59200.0,58392.55859375,576692,-0.034257776283544,-0.0091450121303267,-0.025112764153217296
2025-04-01,JYP,035900.KQ,59500.0,61700.0,58800.0,61100.0,60266.64453125,313000,0.032094602165636,-0.0097350235100511,0.0418296256756871
2025-04-02,JYP,035900.KQ,61600.0,61700.0,60200.0,61000.0,60168.0078125,186589,-0.001636671819332,-0.011669316100939166,0.010032644281607165
2025-04-03,JYP,035900.KQ,59800.0,62100.0,59500.0,61200.0,60365.28125,318552,0.0032787098106148,0.017621518864927934,-0.014342809054313134
2025-04-04,JYP,035900.KQ,61000.0,63900.0,61000.0,63300.0,62436.63671875,681069,0.0343136886941946,0.04781762080772597,-0.013503932113531368
2025-04-07,JYP,035900.KQ,62000.0,62500.0,59600.0,59700.0,58885.73828125,439173,-0.0568720325775274,-0.05902085271830604,0.0021488201407786414
2025-04-08,JYP,035900.KQ,61200.0,61400.0,59700.0,59900.0,59083.01171875,232730,0.0033501055307787,0.0006832637607291997,0.0026668417700495004
2025-04-09,JYP,035900.KQ,59400.0,59900.0,56600.0,57400.0,56617.109375,455133,-0.0417362330053233,-0.037359414067382406,-0.004376818937940896
2025-04-10,JYP,035900.KQ,59600.0,59900.0,57400.0,59800.0,58984.375,424989,0.0418118418819399,0.021242608587555768,0.02056923329438413
2025-04-11,JYP,035900.KQ,58900.0,59800.0,58200.0,59600.0,58787.1015625,254336,-0.0033445033112582,0.007637824270114436,-0.010982327581372636
2025-04-14,JYP,035900.KQ,59700.0,59800.0,58000.0,59500.0,58688.46875,321791,-0.0016777968275087,0.0012287630562085657,-0.0029065598837172656
2025-04-15,JYP,035900.KQ,59400.0,62100.0,58900.0,61700.0,60858.4609375,393325,0.0369747623974259,0.00041372123286469994,0.0365610411645612
2025-04-16,JYP,035900.KQ,61500.0,63200.0,59400.0,59800.0,58984.375,404989,-0.0307941723900089,0.007840280449857566,-0.03863445283986647
2025-04-17,JYP,035900.KQ,60200.0,61500.0,59500.0,61500.0,60661.1875,192961,0.0284280794701987,0.02780199046546313,0.0006260890047355729
2025-04-18,JYP,035900.KQ,61900.0,63600.0,61600.0,63300.0,62436.63671875,400706,0.0292682898558489,0.032743898877174236,-0.003475609021325335
2025-04-21,JYP,035900.KQ,64100.0,64200.0,62200.0,62500.0,61647.55078125,257422,-0.012638187752721,-0.022221332862760304,0.009583145110039304
2025-04-22,JYP,035900.KQ,62200.0,63500.0,61800.0,62800.0,61943.45703125,158686,0.0047999676588936,0.0004983231159401666,0.004301644542953433
2025-04-23,JYP,035900.KQ,63300.0,63500.0,62500.0,63200.0,62338.0,174429,0.0063694050616347,-0.010519378942694467,0.016888784004329166
2025-04-24,JYP,035900.KQ,63000.0,63500.0,62300.0,62700.0,61844.8203125,180147,-0.0079113813003304,-0.005569191871495266,-0.002342189428835134
2025-04-25,JYP,035900.KQ,62700.0,64200.0,62200.0,63400.0,62535.2734375,350634,0.0111642837914502,0.0267152463246714,-0.0155509625332212
2025-04-28,JYP,035900.KQ,63700.0,65500.0,62600.0,65300.0,64409.359375,460994,0.029968461549513,0.03336152241779533,-0.0033930608682823313
2025-04-29,JYP,035900.KQ,66400.0,69600.0,66000.0,68700.0,67762.984375,1114720,0.0520673553120556,0.024535760544133967,0.027531594767921632
2025-04-30,JYP,035900.KQ,70000.0,70000.0,68700.0,69200.0,68256.1640625,618911,0.0072780101415066,0.02749693280459357,-0.02021892266308697
2025-05-02,JYP,035900.KQ,70600.0,71200.0,69400.0,70800.0,69834.34375,554420,0.023121423671786,0.009544754241997667,0.013576669429788333
2025-05-07,JYP,035900.KQ,70900.0,71100.0,68700.0,69200.0,68256.1640625,466062,-0.0225989048189487,-0.003751663562499067,-0.018847241256449633
2025-05-08,JYP,035900.KQ,69700.0,70400.0,68100.0,69900.0,68946.6171875,362214,0.0101156157027484,-0.009788964045259233,0.019904579748007634
2025-05-09,JYP,035900.KQ,70000.0,70300.0,68700.0,69500.0,68552.078125,434010,-0.0057223846302285,0.05070349026949833,-0.05642587489972683
2025-05-12,JYP,035900.KQ,68300.0,68500.0,66500.0,67300.0,66382.078125,377221,-0.0316547661187331,-0.037231513520655034,0.005576747401921933
2025-05-13,JYP,035900.KQ,67200.0,68400.0,67100.0,67900.0,66973.8984375,236892,0.0089153628391323,0.011782898062110666,-0.002867535222978366
2025-05-14,JYP,035900.KQ,68300.0,69400.0,67700.0,69100.0,68157.53125,260044,0.0176730463675272,0.0370019448615736,-0.019328898494046398
2025-05-15,JYP,035900.KQ,72600.0,75500.0,71600.0,74000.0,72990.6953125,1583006,0.0709116655762087,-0.0170676331523131,0.08797929872852181
2025-05-16,JYP,035900.KQ,74000.0,74100.0,72600.0,73800.0,72793.4296875,420612,-0.0027026133146893,-0.004535611280312267,0.0018329979656229664
2025-05-19,JYP,035900.KQ,73000.0,73700.0,71800.0,72200.0,71215.25,299899,-0.0216802490866975,-0.014851130705828332,-0.006829118380869166
2025-05-20,JYP,035900.KQ,72300.0,75800.0,72300.0,75400.0,74371.6015625,720223,0.0443212873998195,0.019054919610162334,0.025266367789657164
2025-05-21,JYP,035900.KQ,76000.0,76100.0,74500.0,75400.0,74371.6015625,362406,0.0,0.014250076767934966,-0.014250076767934966
2025-05-22,JYP,035900.KQ,74400.0,75500.0,74300.0,75000.0,73977.0625,257206,-0.0053049692921892,0.009869647044689933,-0.015174616336879132
2025-05-23,JYP,035900.KQ,74900.0,76100.0,74600.0,75400.0,74371.6015625,331272,0.0053332620837709,0.038934060082075866,-0.03360079799830497
2025-05-26,JYP,035900.KQ,76200.0,76400.0,74700.0,75600.0,74568.875,309906,0.0026525371695029,0.012607549279849833,-0.009955012110346934
2025-05-27,JYP,035900.KQ,75200.0,76300.0,73900.0,74600.0,73582.515625,361261,-0.0132274943801954,-0.008833385890689934,-0.004394108489505466
2025-05-28,JYP,035900.KQ,75000.0,77700.0,74100.0,74700.0,73681.1484375,580207,0.0013404381687989,-0.019619488799046802,0.020959926967845703
2025-05-29,JYP,035900.KQ,74400.0,76100.0,72600.0,75800.0,74766.1484375,318389,0.0147256119510725,0.03021480183042353,-0.015489189879351032
2025-05-30,JYP,035900.KQ,75300.0,77800.0,74500.0,74700.0,73681.1484375,348384,-0.0145119151203434,-0.037069330984989095,0.022557415864645693
2025-06-02,JYP,035900.KQ,75500.0,77700.0,74800.0,77000.0,75949.78125,382514,0.0307898677017006,0.03225190076528906,-0.0014620330635884624
2025-06-04,JYP,035900.KQ,78300.0,78400.0,76400.0,76800.0,75752.5078125,397084,-0.0025974194296971,0.006410479915546334,-0.009007899345243434
2025-06-05,JYP,035900.KQ,77000.0,78100.0,76900.0,77700.0,76640.234375,287699,0.0117187745743978,0.025971607141737633,-0.014252832567339833
2025-06-09,JYP,035900.KQ,78700.0,82000.0,78400.0,80000.0,78908.859375,657776,0.0296009663657816,0.02954704215983317,5.392420594842878e-05
2025-06-10,JYP,035900.KQ,81100.0,82000.0,80000.0,81400.0,80289.765625,538914,0.0175000153460271,0.0256932921687152,-0.008193276822688101
2025-06-11,JYP,035900.KQ,81400.0,81400.0,78000.0,78100.0,77034.78125,747849,-0.0405404642753931,-0.0199967466483665,-0.020543717627026604
2025-06-12,JYP,035900.KQ,77400.0,78700.0,77200.0,77400.0,76344.328125,421162,-0.0089628751298621,-0.003728390055022033,-0.005234485074840067
2025-06-13,JYP,035900.KQ,77500.0,78200.0,74800.0,76000.0,74963.421875,676907,-0.0180878695761002,-0.029065861996878366,0.010977992420778168
2025-06-16,JYP,035900.KQ,74700.0,76300.0,74700.0,76100.0,75062.0546875,317685,0.0013157458668904,0.01806853867236283,-0.01675279280547243
2025-06-17,JYP,035900.KQ,76600.0,77000.0,73500.0,75300.0,74272.96875,433161,-0.0105124478777611,0.00047962789676486657,-0.010992075774525966
2025-06-18,JYP,035900.KQ,74300.0,77000.0,74100.0,75700.0,74667.5078125,321374,0.0053120141707005,-0.002453967078012666,0.007765981248713166
2025-06-19,JYP,035900.KQ,77300.0,77300.0,75400.0,75600.0,74568.875,301041,-0.0013209602863361,0.0110480556203811,-0.0123690159067172
2025-06-20,JYP,035900.KQ,75700.0,76100.0,74700.0,76000.0,74963.421875,331861,0.0052910396596435,0.031321478108960236,-0.026030438449316736
2025-06-23,JYP,035900.KQ,74600.0,75700.0,73900.0,75000.0,73977.0625,251089,-0.0131578755388825,-0.01865195881054237,0.0054940832716598685
2025-06-24,JYP,035900.KQ,75900.0,76900.0,74900.0,76000.0,74963.421875,376573,0.0133333136200157,0.016702590954931634,-0.003369277334915934
2025-06-25,JYP,035900.KQ,76200.0,76200.0,74100.0,74200.0,73187.96875,319917,-0.0236842593439842,-0.009983833256909267,-0.013700426087074934
2025-06-26,JYP,035900.KQ,74300.0,74500.0,72300.0,73200.0,72201.609375,314348,-0.0134770699589883,-0.007292714706408466,-0.006184355252579834
2025-06-27,JYP,035900.KQ,73700.0,74100.0,72500.0,73700.0,72694.7890625,211075,0.0068305913368014,0.011223189653266267,-0.0043925983164648675
2025-06-30,JYP,035900.KQ,73900.0,74600.0,73500.0,74300.0,73286.609375,198186,0.0081411655516487,0.023149665838502236,-0.015008500286853537
2025-07-01,JYP,035900.KQ,74400.0,76100.0,73800.0,74600.0,73582.515625,346098,0.0040376578002929,0.011710182907970101,-0.007672525107677202
2025-07-02,JYP,035900.KQ,75000.0,76500.0,72900.0,74300.0,73286.609375,355633,-0.0040214206797173,-0.019552653396908464,0.015531232717191163
2025-07-03,JYP,035900.KQ,74900.0,74900.0,71500.0,71700.0,70722.0703125,500261,-0.0349932830072342,-0.05539160995652923,0.020398326949295033
2025-07-04,JYP,035900.KQ,72200.0,74200.0,71200.0,71400.0,70426.1640625,383255,-0.0041840722237411,-0.03653606926860913,0.03235199704486803
2025-07-07,JYP,035900.KQ,71700.0,71700.0,70100.0,71100.0,70130.25,231824,-0.0042017631719567,-0.00889998092438,0.0046982177524233
2025-07-08,JYP,035900.KQ,72300.0,73200.0,71200.0,71400.0,70426.1640625,329668,0.0042194924800638,0.028675634119473534,-0.024456141639409734
2025-07-09,JYP,035900.KQ,71400.0,71800.0,70300.0,71300.0,70327.5234375,263293,-0.0014006247012467,-0.0017535931853512002,0.00035296848410450014
2025-07-10,JYP,035900.KQ,71500.0,71600.0,70100.0,71000.0,70031.6171875,321447,-0.0042075454322371,-0.0009479398735739002,-0.0032596055586632
2025-07-11,JYP,035900.KQ,71600.0,76800.0,71600.0,74900.0,73878.421875,1408185,0.0549295424265401,-0.0009469177301480997,0.0558764601566882
2025-07-14,JYP,035900.KQ,75500.0,76300.0,74300.0,74700.0,73681.1484375,346211,-0.0026702443351291,-0.0014042217408548666,-0.0012660225942742332
2025-07-15,JYP,035900.KQ,74700.0,76900.0,74200.0,75800.0,74766.1484375,451240,0.0147256119510725,-0.003570985373465167,0.018296597324537665
2025-07-16,JYP,035900.KQ,75700.0,76100.0,73200.0,73200.0,72201.609375,332633,-0.0343008047906038,-0.020445642224798933,-0.013855162565804869
2025-07-17,JYP,035900.KQ,73800.0,75000.0,72400.0,74200.0,73187.96875,279368,0.013661182673603,0.008475974495478199,0.0051852081781248015
2025-07-18,JYP,035900.KQ,74500.0,75400.0,73500.0,75100.0,74075.6953125,239019,0.0121294056613643,-0.006395117180353266,0.018524522841717565
2025-07-21,JYP,035900.KQ,75300.0,77200.0,74500.0,76200.0,75160.6953125,478123,0.0146471794213034,0.0578935819872566,-0.043246402565953204
2025-07-22,JYP,035900.KQ,75700.0,76500.0,74200.0,75200.0,74174.328125,334385,-0.0131234441538748,-0.020468929959609364,0.007345485805734565
2025-07-23,JYP,035900.KQ,75700.0,75700.0,72800.0,73400.0,72398.8828125,272828,-0.0239361158689295,-0.02980673823813287,0.005870622369203372
2025-07-24,JYP,035900.KQ,73700.0,73800.0,70800.0,71200.0,70228.890625,365616,-0.0299727302853538,-0.0169724216014347,-0.0130003086839191
2025-07-25,JYP,035900.KQ,71400.0,71600.0,70400.0,70500.0,69538.4375,248950,-0.0098314684861932,-0.024866829963620034,0.015035361477426835
2025-07-28,JYP,035900.KQ,70800.0,70800.0,69100.0,69300.0,68354.8046875,321774,-0.017021274205363,-0.022271786125306198,0.005250511919943197
2025-07-29,JYP,035900.KQ,69300.0,70500.0,68500.0,69600.0,68650.7109375,339794,0.0043289751371948,0.0082300510731576,-0.0039010759359628
2025-07-30,JYP,035900.KQ,70100.0,70200.0,68900.0,69200.0,68256.1640625,230831,-0.0057471637163262,-0.008121918508243467,0.0023747547919172668
2025-07-31,JYP,035900.KQ,69300.0,73700.0,69300.0,72700.0,71708.4296875,693405,0.0505780785137421,0.0578122546250133,-0.0072341761112711955
2025-08-01,JYP,035900.KQ,71800.0,72300.0,69400.0,69700.0,68749.34375,359131,-0.0412655241565806,-0.04226088421381646,0.0009953600572358626
2025-08-04,JYP,035900.KQ,69500.0,71100.0,68600.0,70800.0,69834.34375,198420,0.0157819688278841,0.050987658487382535,-0.03520568965949844
2025-08-05,JYP,035900.KQ,71700.0,73700.0,71100.0,73000.0,72004.3359375,309641,0.0310734242061234,0.0075697743988581,0.023503649807265298
2025-08-06,JYP,035900.KQ,73600.0,76000.0,73000.0,76000.0,74963.421875,600051,0.0410959409453965,0.010513492854839634,0.030582448090556866
2025-08-07,JYP,035900.KQ,77000.0,77800.0,75500.0,77200.0,76147.0546875,409237,0.015789471490158,0.0180330276826613,-0.0022435561925032987
2025-08-08,JYP,035900.KQ,77300.0,81200.0,76600.0,79800.0,78711.59375,1077039,0.0336787689691298,0.04554880063419747,-0.01187003166506767
2025-08-11,JYP,035900.KQ,81000.0,83400.0,79300.0,83100.0,81966.578125,893670,0.0413533028607999,0.054289237890988,-0.012935935030188105
2025-08-12,JYP,035900.KQ,82100.0,84100.0,81700.0,83000.0,81867.9453125,602791,-0.0012033296345442,-0.01872551757906533,0.01752218794452113
2025-08-13,JYP,035900.KQ,83900.0,83900.0,74300.0,75700.0,74667.5078125,2269354,-0.0879518531033732,-0.015497231746714434,-0.07245462135665875
2025-08-14,JYP,035900.KQ,80600.0,81800.0,78500.0,79300.0,78218.4140625,1475243,0.0475562443963817,0.014279094921511401,0.0332771494748703
2025-08-18,JYP,035900.KQ,78600.0,80400.0,78100.0,79500.0,78415.6796875,474855,0.0025219844631774,-0.010591809875369132,0.013113794338546533
2025-08-19,JYP,035900.KQ,79300.0,81600.0,78100.0,78900.0,77823.8671875,679846,-0.0075471194327266,0.014217563948241202,-0.021764683380967802
2025-08-20,JYP,035900.KQ,78600.0,79700.0,77300.0,79400.0,78317.046875,620647,0.0063371264539167,0.02410542414470503,-0.01776829769078833
2025-08-21,JYP,035900.KQ,80000.0,80700.0,78600.0,79500.0,78415.6796875,473931,0.0012594041327609,0.011320735445417202,-0.010061331312656302
2025-08-22,JYP,035900.KQ,79000.0,79500.0,76600.0,77000.0,75949.78125,497543,-0.031446497018543,-0.0349920789242417,0.0035455819056987026
2025-08-25,JYP,035900.KQ,78000.0,78200.0,77000.0,77500.0,76442.9609375,275519,0.0064934971422316,0.014203377942186965,-0.0077098807999553655
2025-08-26,JYP,035900.KQ,77700.0,79500.0,76400.0,76500.0,75456.6015625,537451,-0.0129032073444467,0.009568803724231733,-0.02247201106867843
2025-08-27,JYP,035900.KQ,76600.0,76900.0,74600.0,75300.0,74272.96875,466515,-0.0156862724796796,-0.0080967895850523,-0.007589482894627299
2025-08-28,JYP,035900.KQ,74200.0,74200.0,72900.0,73200.0,72201.609375,435891,-0.0278884688448649,-0.023847098147289497,-0.004041370697575403
2025-08-29,JYP,035900.KQ,73800.0,74200.0,72500.0,72700.0,71708.4296875,227885,-0.0068305913368015,-0.003987251993454467,-0.0028433393433470334
2025-09-01,JYP,035900.KQ,75300.0,75800.0,73500.0,73800.0,72793.4296875,391253,0.0151307176119788,0.0028319166957009,0.0122988009162779
2025-09-02,JYP,035900.KQ,74500.0,75100.0,73200.0,74400.0,73385.2421875,244055,0.0081300263298573,-0.008023951599536132,0.01615397792939343
2025-09-03,JYP,035900.KQ,74400.0,74600.0,72400.0,73500.0,72497.515625,262567,-0.0120967995204246,-0.013506603784350599,0.0014098042639259997
2025-09-04,JYP,035900.KQ,73700.0,74400.0,73100.0,74100.0,73089.3359375,148455,0.0081633185275098,0.0026714342141472332,0.0054918843133625675
2025-09-05,JYP,035900.KQ,75200.0,76900.0,74900.0,75200.0,74174.328125,363964,0.0148447399826945,0.01671201879692937,-0.0018672788142348688
2025-09-08,JYP,035900.KQ,75700.0,76000.0,74000.0,75600.0,74568.875,171230,0.0053191836714059,0.013840305378123932,-0.008521121706718031
2025-09-09,JYP,035900.KQ,75700.0,76000.0,74700.0,75000.0,73977.0625,189624,-0.0079364547205519,-0.018207790494029433,0.010271335773477533
2025-09-10,JYP,035900.KQ,80100.0,80100.0,76600.0,77000.0,75949.78125,1464669,0.0266666272400313,0.015122374845925067,0.011544252394106232
2025-09-11,JYP,035900.KQ,76700.0,77000.0,75500.0,75600.0,74568.875,598700,-0.0181818331438577,-0.014595594528069767,-0.003586238615787935
2025-09-12,JYP,035900.KQ,76200.0,77200.0,75900.0,76800.0,75752.5078125,375322,0.0158730142100171,0.009203026971462266,0.006669987238554833
2025-09-15,JYP,035900.KQ,75900.0,76600.0,75800.0,76100.0,75062.0546875,206155,-0.0091145909876539,-0.012039588406751832,0.002924997419097932
2025-09-16,JYP,035900.KQ,76000.0,76400.0,75500.0,76200.0,75160.6953125,196066,0.0013141210350644,0.007417988021807133,-0.006103866986742733
2025-09-17,JYP,035900.KQ,76700.0,77500.0,76300.0,76500.0,75456.6015625,270888,0.0039369812741845,0.0006437161693087333,0.0032932651048757666
2025-09-18,JYP,035900.KQ,77200.0,77500.0,76500.0,76700.0,75653.875,289798,0.0026143960026692,0.0086647472591913,-0.006050351256522101
2025-09-22,JYP,035900.KQ,78300.0,78300.0,76800.0,77000.0,75949.78125,299882,0.0039113165055986,-0.0014204093498972673,0.0053317258554958676
2025-09-23,JYP,035900.KQ,76900.0,77100.0,75700.0,75800.0,74766.1484375,252689,-0.0155844137141606,-0.024917773840847535,0.009333360126686934
2025-09-24,JYP,035900.KQ,76200.0,76200.0,73800.0,74900.0,73878.421875,277557,-0.0118733755991468,-0.012519469337894433,0.0006460937387476329
2025-09-25,JYP,035900.KQ,74200.0,75300.0,74000.0,74200.0,73187.96875,256874,-0.0093458022989205,-0.027727661542511134,0.018381859243590634
2025-09-26,JYP,035900.KQ,74900.0,77200.0,73900.0,76000.0,74963.421875,623501,0.0242588113227284,0.0161836109503316,0.008075200372396802
2025-09-29,JYP,035900.KQ,76500.0,76500.0,75400.0,76300.0,75259.328125,199470,0.0039473418181659,0.0023877602936513,0.0015595815245145997
2025-09-30,JYP,035900.KQ,76100.0,76100.0,74200.0,74600.0,73582.515625,238408,-0.0222804606654863,-0.019697335501814666,-0.002583125163671634
2025-10-01,JYP,035900.KQ,75100.0,75200.0,73700.0,73800.0,72793.4296875,377642,-0.0107238238703529,0.003864703308045066,-0.014588527178397965
2025-10-02,JYP,035900.KQ,74100.0,74300.0,73300.0,73800.0,72793.4296875,278397,0.0,-0.009061844648217333,0.009061844648217333
2025-10-10,JYP,035900.KQ,74100.0,75600.0,73600.0,75100.0,74075.6953125,219284,0.0176151285975221,0.010267365673890666,0.0073477629236314325
2025-10-13,JYP,035900.KQ,74000.0,77000.0,73700.0,77000.0,75949.78125,378349,0.0252996064308794,0.04278628826071517,-0.01748668182983577
2025-10-14,JYP,035900.KQ,77000.0,77000.0,73600.0,73900.0,72892.0625,414591,-0.0402597440002501,-0.05490100876706844,0.014641264766818339
2025-10-15,JYP,035900.KQ,74900.0,75100.0,72500.0,73100.0,72102.9765625,432114,-0.010825402800202,-0.005286830478465301,-0.005538572321736698
2025-10-16,JYP,035900.KQ,73600.0,73600.0,72600.0,72700.0,71708.4296875,303822,-0.0054719915017378,-0.020967536133802967,0.015495544632065168
2025-10-17,JYP,035900.KQ,72900.0,73200.0,71600.0,71700.0,70722.0703125,308157,-0.0137551384028137,-0.022856193359026833,0.009101054956213134
2025-10-20,JYP,035900.KQ,72000.0,73200.0,71700.0,72700.0,71708.4296875,216082,0.0139469810575618,0.020842317625967565,-0.006895336568405765
2025-10-21,JYP,035900.KQ,72900.0,75900.0,72600.0,75300.0,74272.96875,639153,0.0357634252161993,0.014539989299120967,0.021223435917078336
2025-10-22,JYP,035900.KQ,75000.0,75500.0,73600.0,75100.0,74075.6953125,188997,-0.0026560596785085,-0.006868679440530199,0.004212619762021699
2025-10-23,JYP,035900.KQ,75000.0,79300.0,74600.0,77000.0,75949.78125,913710,0.0252996064308794,0.007365198650025333,0.01793440778085407
2025-10-24,JYP,035900.KQ,76900.0,76900.0,75500.0,76100.0,75062.0546875,336549,-0.0116883360016261,-0.006544676472128066,-0.005143659529498035
2025-10-27,JYP,035900.KQ,76500.0,79500.0,76000.0,79200.0,78119.7734375,736053,0.0407358786370819,0.04531014991223029,-0.004574271275148395
2025-10-28,JYP,035900.KQ,78700.0,80100.0,78100.0,79800.0,78711.59375,403980,0.0075758068214764,0.004876771927104634,0.002699034894371766
2025-10-29,JYP,035900.KQ,79400.0,79500.0,78200.0,79000.0,77922.5,347663,-0.0100251273339259,-0.0211244506764879,0.011099323342561999
2025-10-30,JYP,035900.KQ,80500.0,81700.0,79200.0,81200.0,80092.4921875,803062,0.0278480822291378,0.019982468447761133,0.007865613781376665
2025-10-31,JYP,035900.KQ,81600.0,82300.0,80300.0,80900.0,79796.5859375,503946,-0.0036945566546645,0.017228312746805165,-0.020922869401469667
2025-11-03,JYP,035900.KQ,88200.0,88500.0,84200.0,85000.0,83840.6640625,1680142,0.0506798389616254,0.0005502120058577335,0.05012962695576767
2025-11-04,JYP,035900.KQ,83300.0,83800.0,81400.0,81700.0,80585.6796875,668932,-0.0388234565100001,-0.017768954706456366,-0.02105450180354373
2025-11-05,JYP,035900.KQ,79000.0,80100.0,76500.0,78200.0,77133.4140625,639836,-0.04283969110129,-0.037146696597887,-0.005692994503403007
2025-11-06,JYP,035900.KQ,79000.0,79300.0,74200.0,74200.0,73187.96875,637772,-0.051150922858193,-0.05168080275278697,0.0005298798945939723
2025-11-07,JYP,035900.KQ,73600.0,74500.0,70800.0,72000.0,71017.9765625,478174,-0.0296495752589116,-0.05674452173128113,0.02709494647236953
2025-11-10,JYP,035900.KQ,73200.0,73300.0,71600.0,72600.0,71609.796875,331161,0.0083333874202844,-0.022360288517601898,0.0306936759378863
2025-11-11,JYP,035900.KQ,72700.0,73300.0,70800.0,71300.0,70327.5234375,570410,-0.0179063967984478,-0.0499199756615338,0.032013578863086
2025-11-12,JYP,035900.KQ,72600.0,73300.0,71400.0,71900.0,70919.34375,416639,0.0084152019518495,0.003507773947462333,0.004907428004387166
2025-11-13,JYP,035900.KQ,70000.0,71400.0,69200.0,71200.0,70228.890625,719222,-0.0097357517496768,0.022004999068265835,-0.031740750817942635
2025-11-14,JYP,035900.KQ,70500.0,71600.0,69400.0,69500.0,68552.078125,446996,-0.0238763916826431,-0.012161470768521934,-0.011714920914121164
2025-11-17,JYP,035900.KQ,70700.0,70700.0,69600.0,69700.0,68749.34375,271683,0.0028776024067469,0.003471752149198433,-0.000594149742451533
2025-11-18,JYP,035900.KQ,70100.0,71100.0,68500.0,68700.0,67762.984375,367971,-0.0143471824049229,8.384367151766645e-05,-0.014431026076440567
2025-11-19,JYP,035900.KQ,69000.0,69200.0,66100.0,66600.0,65691.625,479439,-0.0305677117692619,-0.020591526443583568,-0.009976185325678334
2025-11-20,JYP,035900.KQ,67200.0,68050.0,66800.0,67800.0,66875.2578125,192596,0.0180180169466046,0.03197130503818183,-0.01395328809157723
2025-11-21,JYP,035900.KQ,66200.0,66900.0,65800.0,66300.0,65395.71875,196538,-0.0221238633075363,-0.025772766176325502,0.0036489028687892028
2025-11-24,JYP,035900.KQ,66600.0,66700.0,64900.0,65200.0,64310.72265625,232440,-0.0165912404433967,-0.009263761427075967,-0.007327479016320734
2025-11-25,JYP,035900.KQ,65300.0,65500.0,62700.0,63000.0,62140.73046875,341023,-0.033742307625727,-0.03314560719069217,-0.0005967004350348262
2025-11-26,JYP,035900.KQ,63100.0,64400.0,62800.0,64400.0,63521.63671875,199796,0.0222222403821668,0.026253648269368133,-0.004031407887201334
2025-11-27,JYP,035900.KQ,64700.0,65600.0,64300.0,65200.0,64310.72265625,180292,0.0124223174694597,0.03305885121855063,-0.020636533749090927
2025-11-28,JYP,035900.KQ,66100.0,68300.0,66100.0,68000.0,67072.53125,359993,0.042944760681858,0.035609018679391334,0.007335742002466665
2025-12-01,JYP,035900.KQ,69100.0,69100.0,67300.0,68300.0,67368.4453125,243738,0.0044118517220863,-0.016669067009396066,0.021080918731482365
2025-12-02,JYP,035900.KQ,69000.0,69700.0,68300.0,68600.0,67664.3515625,227215,0.0043923568167172,0.0005879133368392325,0.0038044434798779675
2025-12-03,JYP,035900.KQ,69400.0,69400.0,68300.0,68600.0,67664.3515625,149492,0.0,-0.006695419159738067,0.006695419159738067
2025-12-04,JYP,035900.KQ,68600.0,68800.0,67000.0,67700.0,66776.625,181961,-0.0131195606253615,-0.009550976491828567,-0.0035685841335329326
2025-12-05,JYP,035900.KQ,67500.0,68400.0,67100.0,68400.0,67467.078125,136911,0.0103397427617821,-0.004277386179896467,0.014617128941678567
2025-12-08,JYP,035900.KQ,68300.0,68300.0,67200.0,67600.0,66677.9921875,150068,-0.0116958664793221,-0.0120328825511426,0.00033701607182049995
2025-12-09,JYP,035900.KQ,67800.0,68800.0,67600.0,67800.0,66875.2578125,118181,0.0029584817797945,0.002625640358411133,0.00033284142138336695
2025-12-10,JYP,035900.KQ,67600.0,68900.0,67200.0,67900.0,66973.8984375,221834,0.0014749943136902,0.0185391608089488,-0.0170641664952586
2025-12-11,JYP,035900.KQ,68000.0,68200.0,67000.0,67600.0,66677.9921875,241678,-0.0044182324294014,-0.013370219220053367,0.008951986790651966
2025-12-12,JYP,035900.KQ,67300.0,68400.0,67300.0,68200.0,67269.8046875,205608,0.0088756796745741,0.0217003086435061,-0.012824628968932
2025-12-15,JYP,035900.KQ,67300.0,69800.0,66900.0,68500.0,67565.7109375,436553,0.00439879751955,0.015223576936357898,-0.010824779416807899
2025-12-16,JYP,035900.KQ,68400.0,68900.0,67600.0,68000.0,67072.53125,301894,-0.0072992599449771,0.005894411109095434,-0.013193671054072533
2025-12-17,JYP,035900.KQ,68400.0,71000.0,68100.0,70800.0,69834.34375,568386,0.0411765062169171,0.03417139403918044,0.0070051121777366596
2025-12-18,JYP,035900.KQ,70600.0,70950.0,69600.0,69800.0,68847.984375,279813,-0.0141242735598843,-0.004488819798108634,-0.009635453761775666
2025-12-19,JYP,035900.KQ,70600.0,71300.0,69800.0,70200.0,69242.5234375,363862,0.005730582617365,0.0045431902498631995,0.0011873923675018005
2025-12-22,JYP,035900.KQ,70600.0,70700.0,69500.0,70000.0,69045.2578125,200396,-0.0028489086648908,0.0008229893355834334,-0.0036718980004742333
2025-12-23,JYP,035900.KQ,70700.0,73200.0,70300.0,72200.0,71215.25,683726,0.0314285478286264,0.05616766688276859,-0.024739119054142195
2025-12-24,JYP,035900.KQ,72100.0,72600.0,70900.0,72200.0,71215.25,257008,0.0,0.0010879516017014,-0.0010879516017014
2025-12-26,JYP,035900.KQ,72100.0,72100.0,70600.0,71100.0,70130.25,255294,-0.0152355008232084,-0.028477445812599766,0.013241944989391366
2025-12-29,JYP,035900.KQ,70800.0,71500.0,70300.0,71100.0,70130.25,179276,0.0,0.022597100070310735,-0.022597100070310735
2025-12-30,JYP,035900.KQ,71400.0,73300.0,71000.0,72600.0,71609.796875,442113,0.0210971282007408,0.0528601762213712,-0.0317630480206304
2026-01-02,JYP,035900.KQ,75200.0,77500.0,74000.0,77500.0,76442.9609375,1335245,0.0674930564450089,0.014544942406718832,0.05294811403829007
2026-01-05,JYP,035900.KQ,79700.0,79800.0,72000.0,72700.0,71708.4296875,1670372,-0.0619354770136516,-0.06701969613915269,0.00508421912550109
2026-01-06,JYP,035900.KQ,73000.0,73000.0,70900.0,71500.0,70524.796875,641141,-0.0165061878730043,-0.0072974227950852325,-0.009208765077919068
2026-01-07,JYP,035900.KQ,71000.0,73000.0,68400.0,70000.0,69045.2578125,1189098,-0.0209789907672102,-0.015108802895662868,-0.005870187871547333
2026-01-08,JYP,035900.KQ,69900.0,71600.0,69100.0,71500.0,70524.796875,435388,0.0214285399080969,0.033729755600844465,-0.012301215692747565
2026-01-09,JYP,035900.KQ,70500.0,71100.0,69300.0,69400.0,68453.4375,454628,-0.0293706535400779,-0.019253936949044665,-0.010116716591033234
2026-01-12,JYP,035900.KQ,69700.0,70200.0,68900.0,69800.0,68847.984375,305081,0.0057637262555294,0.010338004459728966,-0.004574278204199566
2026-01-13,JYP,035900.KQ,69500.0,69800.0,68600.0,69100.0,68157.53125,383173,-0.0100286614236845,-0.008195877897233333,-0.0018327835264511667
2026-01-14,JYP,035900.KQ,69600.0,70000.0,68700.0,69100.0,68157.53125,218191,0.0,-0.007962454840365533,0.007962454840365533
2026-01-15,JYP,035900.KQ,69200.0,69900.0,69100.0,69200.0,68256.1640625,240372,0.0014471300631211,0.0200847244152379,-0.0186375943521168
2020-12-29,SM,041510.KQ,29300.0,29500.0,28950.0,29450.0,28027.951171875,149683,0.0017008302070125,0.014574178406154834,-0.012873348199142334
2020-12-30,SM,041510.KQ,29250.0,30000.0,29250.0,29750.0,28313.462890625,275269,0.010186678184187,0.0028732485365169334,0.007313429647670067
2021-01-04,SM,041510.KQ,29950.0,30000.0,29400.0,29550.0,28123.12109375,289108,-0.0067226604393214,-0.0163923037583713,0.0096696433190499
2021-01-05,SM,041510.KQ,29300.0,29500.0,29050.0,29250.0,27837.60546875,285710,-0.0101523448997078,-0.007283631567650432,-0.002868713332057368
2021-01-06,SM,041510.KQ,29350.0,29400.0,28900.0,29000.0,27599.6796875,292516,-0.0085469197958528,-0.007231192418750033,-0.0013157273771027675
2021-01-07,SM,041510.KQ,29200.0,29450.0,28900.0,29200.0,27790.0234375,314772,0.006896592719741,-0.0036087060928988337,0.010505298812639834
2021-01-08,SM,041510.KQ,29300.0,29900.0,29250.0,29900.0,28456.220703125,529405,0.0239725334209697,0.034169409024074664,-0.010196875603104963
2021-01-11,SM,041510.KQ,29950.0,30050.0,28500.0,29000.0,27599.6796875,519483,-0.0301003082791994,-0.034700490526493905,0.004600182247294506
2021-01-12,SM,041510.KQ,28700.0,29500.0,28500.0,28950.0,27552.091796875,350586,-0.0017242189461551,0.013757848770945732,-0.015482067717100832
2021-01-13,SM,041510.KQ,29300.0,30750.0,29050.0,30650.0,29170.00390625,1021219,0.05872193375744,0.0463680150650004,0.012353918692439597
2021-01-14,SM,041510.KQ,30650.0,31000.0,30150.0,30900.0,29407.93359375,582826,0.0081566560040473,-0.004495131267354833,0.012651787271402135
2021-01-15,SM,041510.KQ,30800.0,30950.0,29850.0,29900.0,28456.220703125,392764,-0.0323624537436817,-0.03590805795831064,0.0035456042146289404
2021-01-18,SM,041510.KQ,29350.0,30050.0,29050.0,29550.0,28123.12109375,353873,-0.0117056868812667,0.013363029815777602,-0.025068716697044302
2021-01-19,SM,041510.KQ,29600.0,30450.0,29350.0,30300.0,28836.90625,406292,0.0253807233511016,0.03456089436436527,-0.009180171013263669
2021-01-20,SM,041510.KQ,30600.0,31900.0,30500.0,31300.0,29788.6171875,1355923,0.0330032261175727,0.05105242798524726,-0.018049201867674565
2021-01-21,SM,041510.KQ,31600.0,31650.0,30850.0,31250.0,29741.033203125,398146,-0.001597388159225,-0.010002348533715299,0.0084049603744903
2021-01-22,SM,041510.KQ,31300.0,32850.0,30850.0,32400.0,30835.501953125,1128733,0.0367999572350095,0.04996093768490097,-0.013160980449891474
2021-01-25,SM,041510.KQ,33150.0,33900.0,32450.0,33750.0,32120.31640625,1748926,0.0416667273676338,0.009484697376428534,0.032182029991205265
2021-01-26,SM,041510.KQ,34050.0,34050.0,32600.0,32900.0,31311.359375,787566,-0.0251852136516498,0.0012588439605985674,-0.02644405761224837
2021-01-27,SM,041510.KQ,33600.0,34000.0,32600.0,32600.0,31025.845703125,754775,-0.009118533259944,-0.025996029404404698,0.0168774961444607
2021-01-28,SM,041510.KQ,31650.0,32400.0,31300.0,31800.0,30264.474609375,520619,-0.0245398981557274,-0.012019018908022337,-0.012520879247705063
2021-01-29,SM,041510.KQ,32150.0,32400.0,29900.0,30600.0,29122.421875,620763,-0.0377357528625733,-0.051634152564813,0.013898399702239696
2021-02-01,SM,041510.KQ,30150.0,30950.0,29550.0,30900.0,29407.93359375,402189,0.0098038452974646,0.03541203857126037,-0.025608193273795772
2021-02-02,SM,041510.KQ,31100.0,31900.0,30800.0,31400.0,29883.791015625,397915,0.0161812600792914,0.040699290744644505,-0.024518030665353106
2021-02-03,SM,041510.KQ,31650.0,31900.0,31200.0,31300.0,29788.6171875,255496,-0.0031847976742722,0.013183116684061967,-0.016367914358334165
2021-02-04,SM,041510.KQ,31300.0,31400.0,30550.0,30700.0,29217.58984375,295065,-0.0191693135722196,0.004303300975505366,-0.023472614547724965
2021-02-05,SM,041510.KQ,30250.0,30350.0,29700.0,30250.0,28789.318359375,640379,-0.0146580017949911,0.0017534467008790335,-0.016411448495870132
2021-02-08,SM,041510.KQ,29450.0,30600.0,28950.0,30450.0,28979.66015625,326020,0.0066115423261841,0.0022336221562745,0.004377920169909601
2021-02-09,SM,041510.KQ,30500.0,30650.0,30000.0,30050.0,28598.978515625,174844,-0.0131361664896163,-0.03752008315654536,0.024383916666929063
2021-02-10,SM,041510.KQ,29850.0,31150.0,29850.0,30800.0,29312.759765625,285362,0.0249582777793977,0.010830069172416834,0.014128208606980866
2021-02-15,SM,041510.KQ,31050.0,31250.0,30700.0,30750.0,29265.177734375,170841,-0.0016232532054453,-0.0037476967698767,0.0021244435644314002
2021-02-16,SM,041510.KQ,30800.0,31600.0,30550.0,31300.0,29788.6171875,346517,0.017886084884773,0.06398835108425148,-0.04610226619947848
2021-02-17,SM,041510.KQ,31300.0,31350.0,30600.0,30900.0,29407.93359375,228194,-0.0127794986707118,0.012204049946935165,-0.024983548617646966
2021-02-18,SM,041510.KQ,30850.0,31150.0,30550.0,30600.0,29122.421875,160176,-0.0097086630667133,-0.0270190884646823,0.017310425397969002
2021-02-19,SM,041510.KQ,30650.0,30800.0,29900.0,30450.0,28979.66015625,205909,-0.0049021238467997,-0.018761110281888933,0.013858986435089232
2021-02-22,SM,041510.KQ,30400.0,30450.0,29900.0,29950.0,28503.8046875,204662,-0.0164203260557344,-0.028893417128585733,0.012473091072851335
2021-02-23,SM,041510.KQ,29700.0,30650.0,29700.0,30300.0,28836.90625,187796,0.0116862140388604,0.010844807851462865,0.0008414061873975344
2021-02-24,SM,041510.KQ,30500.0,31400.0,29950.0,30000.0,28551.392578125,411986,-0.0099009813812811,-0.036001893194992064,0.026100911813710964
2021-02-25,SM,041510.KQ,30450.0,30700.0,30150.0,30600.0,29122.421875,160767,0.0200000506214361,0.0299566499085064,-0.009956599287070302
2021-02-26,SM,041510.KQ,29800.0,30200.0,29750.0,30050.0,28598.978515625,190652,-0.0179738952214117,-0.0196370088993158,0.0016631136779040982
2021-03-02,SM,041510.KQ,30500.0,30700.0,29900.0,30200.0,28741.734375,160000,0.0049916418971749,0.014138097039725734,-0.009146455142550834
2021-03-03,SM,041510.KQ,30350.0,32200.0,30200.0,32200.0,30645.16015625,752071,0.0662251538621701,0.018894000550468835,0.04733115331170126
2021-03-04,SM,041510.KQ,31800.0,32450.0,31700.0,32200.0,30645.16015625,423879,0.0,0.006508912112176167,-0.006508912112176167
2021-03-05,SM,041510.KQ,32000.0,32800.0,31850.0,32800.0,31216.189453125,548049,0.0186335882718022,0.0037026960136475663,0.014930892258154633
2021-03-08,SM,041510.KQ,33000.0,33000.0,31350.0,31700.0,30169.3046875,306492,-0.0335365970019188,-0.0177552123434128,-0.015781384658506
2021-03-09,SM,041510.KQ,31700.0,31950.0,30300.0,30900.0,29407.93359375,358442,-0.0252366138907224,-0.0358531942320983,0.010616580341375897
2021-03-10,SM,041510.KQ,31250.0,31450.0,30150.0,30200.0,28741.734375,182843,-0.0226537242620673,-0.030060586503160968,0.0074068622410936695
2021-03-11,SM,041510.KQ,30300.0,31800.0,30300.0,31800.0,30264.474609375,307959,0.0529801094988722,0.05116196775159587,0.0018181417472763264
2021-03-12,SM,041510.KQ,30800.0,31100.0,30450.0,30600.0,29122.421875,744561,-0.0377357528625733,0.027604006448035068,-0.06533975931060837
2021-03-15,SM,041510.KQ,30550.0,30600.0,30100.0,30250.0,28789.318359375,247098,-0.011438043067117,-0.010347509217035866,-0.0010905338500811334
2021-03-16,SM,041510.KQ,30550.0,30650.0,30150.0,30350.0,28884.490234375,280907,0.0033058050840932,0.008670196808113635,-0.005364391724020435
2021-03-17,SM,041510.KQ,30300.0,30350.0,29900.0,30100.0,28646.5625,327242,-0.0082372142435058,0.022735964230725866,-0.030973178474231665
2021-03-18,SM,041510.KQ,30200.0,30550.0,30100.0,30150.0,28694.1484375,247984,0.0016611395346299,-0.005917040548313067,0.007578180082942967
2021-03-19,SM,041510.KQ,29850.0,30250.0,29850.0,30200.0,28741.734375,213265,0.0016583847261977,-0.011014026241211934,0.012672410967409634
2021-03-22,SM,041510.KQ,30150.0,30200.0,29850.0,30050.0,28598.978515625,199720,-0.004966849164787,0.006023941256950667,-0.010990790421737666
2021-03-23,SM,041510.KQ,30050.0,30050.0,29550.0,29650.0,28218.291015625,273479,-0.0133112271751948,-0.014374861783924766,0.0010636346087299665
2021-03-24,SM,041510.KQ,29500.0,29850.0,29300.0,29750.0,28313.462890625,138732,0.0033727015908688,-0.0044524455431665,0.0078251471340353
2021-03-25,SM,041510.KQ,29750.0,30050.0,29650.0,29850.0,28408.634765625,171808,0.0033613647107613,0.026193162391403863,-0.022831797680642564
2021-03-26,SM,041510.KQ,30100.0,30150.0,29750.0,29800.0,28361.046875,190502,-0.0016751206461558,-0.0053128872849395005,0.0036377666387837
2021-03-29,SM,041510.KQ,29900.0,29900.0,29350.0,29450.0,28027.951171875,204677,-0.0117448310209811,-0.016617193290810166,0.004872362269829067
2021-03-30,SM,041510.KQ,29500.0,29900.0,29450.0,29550.0,28123.12109375,198435,0.0033955361664286,0.015260679748274298,-0.011865143581845698
2021-03-31,SM,041510.KQ,29600.0,29750.0,29500.0,29600.0,28170.705078125,128913,0.0016919880342005,-0.0033822771570399,0.0050742651912404
2021-04-01,SM,041510.KQ,29750.0,29950.0,29550.0,29950.0,28503.8046875,164424,0.0118243263152706,-0.008295986592564267,0.020120312907834864
2021-04-02,SM,041510.KQ,30000.0,30000.0,29700.0,29700.0,28265.87890625,111965,-0.0083471586989346,0.007868401789192667,-0.016215560488127265
2021-04-05,SM,041510.KQ,29950.0,29950.0,29550.0,29650.0,28218.291015625,136234,-0.0016835807859658,0.008666672495183768,-0.010350253281149567
2021-04-06,SM,041510.KQ,29850.0,30000.0,29600.0,29850.0,28408.634765625,166001,0.0067454031817377,0.014424710065624935,-0.0076793068838872346
2021-04-07,SM,041510.KQ,29950.0,30950.0,29850.0,30700.0,29217.58984375,583967,0.0284756759625721,0.02805409637594884,0.00042157958662326217
2021-04-08,SM,041510.KQ,30750.0,30750.0,30300.0,30350.0,28884.490234375,225382,-0.0114006532077544,-0.011345722124668231,-5.493108308616927e-05
2021-04-09,SM,041510.KQ,30350.0,30500.0,30050.0,30200.0,28741.734375,232221,-0.0049423014987159,-0.02356802319383443,0.01862572169511853
2021-04-12,SM,041510.KQ,30300.0,30650.0,30150.0,30400.0,28932.078125,191473,0.0066225561588086,-0.011373072089707966,0.017995628248516568
2021-04-13,SM,041510.KQ,30650.0,30700.0,30300.0,30400.0,28932.078125,159801,0.0,0.0025770492298498996,-0.0025770492298498996
2021-04-14,SM,041510.KQ,30550.0,30750.0,30300.0,30450.0,28979.66015625,189043,0.0016446115983934,-0.027457168606670166,0.029101780205063568
2021-04-15,SM,041510.KQ,30450.0,30900.0,30350.0,30750.0,29265.177734375,295386,0.0098523439055382,0.019769329035509268,-0.009916985129971068
2021-04-16,SM,041510.KQ,30750.0,30900.0,30500.0,30800.0,29312.759765625,159485,0.0016258924405612,0.0132010199792637,-0.011575127538702499
2021-04-19,SM,041510.KQ,30850.0,30850.0,30350.0,30400.0,28932.078125,212622,-0.0129868918405773,-0.015459189539594,0.0024722976990167005
2021-04-20,SM,041510.KQ,30450.0,30600.0,30350.0,30400.0,28932.078125,176383,0.0,0.003999640350382899,-0.003999640350382899
2021-04-21,SM,041510.KQ,30300.0,30400.0,29700.0,29950.0,28503.8046875,310087,-0.0148027195160216,-0.011442439583987734,-0.0033602799320338658
2021-04-22,SM,041510.KQ,30100.0,30100.0,29850.0,29950.0,28503.8046875,158025,0.0,0.021235097675934667,-0.021235097675934667
2021-04-23,SM,041510.KQ,29950.0,30000.0,29550.0,29700.0,28265.87890625,173506,-0.0083471586989346,-0.004078724437504732,-0.004268434261429868
2021-04-26,SM,041510.KQ,29800.0,30150.0,29550.0,30000.0,28551.392578125,166121,0.0101010010274922,0.005585833644244666,0.004515167383247533
2021-04-27,SM,041510.KQ,30000.0,30650.0,29950.0,30650.0,29170.00390625,307421,0.0216665903924755,-0.007250611775575833,0.028917202168051333
2021-04-28,SM,041510.KQ,30650.0,30950.0,30250.0,30350.0,28884.490234375,284017,-0.0097879202482322,-0.0283574932208555,0.0185695729726233
2021-04-29,SM,041510.KQ,30500.0,30600.0,29900.0,30150.0,28694.1484375,164495,-0.0065897578711109,-0.004951639351350333,-0.001638118519760567
2021-04-30,SM,041510.KQ,30300.0,30450.0,29900.0,30200.0,28741.734375,148642,0.0016583847261977,-0.011864590635552398,0.013522975361750098
2021-05-03,SM,041510.KQ,30300.0,30500.0,29750.0,29800.0,28361.046875,262320,-0.0132451123176173,-0.027513080382618637,0.014267968065001337
2021-05-04,SM,041510.KQ,29850.0,30100.0,28600.0,29550.0,28123.12109375,377955,-0.0083891748530527,0.0043509453545677,-0.0127401202076204
2021-05-06,SM,041510.KQ,29600.0,30000.0,28750.0,30000.0,28551.392578125,188299,0.0152284479004778,0.006817419183040268,0.008411028717437534
2021-05-07,SM,041510.KQ,30100.0,32250.0,30050.0,32000.0,30454.81640625,1460815,0.0666665845778511,0.0352823953732938,0.0313841892045573
2021-05-10,SM,041510.KQ,32000.0,33050.0,31700.0,32600.0,31025.845703125,750024,0.0187500489005676,0.017502252234156097,0.0012477966664115048
2021-05-11,SM,041510.KQ,32100.0,32450.0,31350.0,31650.0,30121.71484375,468655,-0.029141215618304,-0.011851185626650967,-0.017290029991653032
2021-05-12,SM,041510.KQ,32000.0,33000.0,30900.0,31300.0,29788.6171875,824685,-0.0110583895365145,0.015938257420188437,-0.026996646956702938
2021-05-13,SM,041510.KQ,31100.0,32000.0,30950.0,31000.0,29503.103515625,444026,-0.0095846567861098,-0.008881125684520666,-0.0007035311015891332
2021-05-14,SM,041510.KQ,31300.0,33550.0,30800.0,33450.0,31834.802734375,1285279,0.0790323369714349,0.028671350075092764,0.050360986896342136
2021-05-17,SM,041510.KQ,33900.0,35950.0,33400.0,35950.0,34214.0859375,2250251,0.0747384308606338,0.031887239044142236,0.04285119181649156
2021-05-18,SM,041510.KQ,37350.0,38850.0,36700.0,38400.0,36545.78125,3183076,0.0681501565396014,0.029723903158468633,0.03842625338113276
2021-05-20,SM,041510.KQ,38450.0,39800.0,37650.0,39000.0,37116.80859375,1455241,0.0156249866391897,0.014362236473335732,0.0012627501658539677
2021-05-21,SM,041510.KQ,38700.0,40400.0,38550.0,40000.0,38068.5234375,1357648,0.0256410742142916,-0.018431718505294268,0.04407279271958587
2021-05-24,SM,041510.KQ,39900.0,41550.0,39200.0,40100.0,38163.69140625,932631,0.0024999122675783,0.009296496754265601,-0.006796584486687301
2021-05-25,SM,041510.KQ,39850.0,42900.0,39800.0,42700.0,40638.15234375,1209890,0.064838092079708,0.017997015194246468,0.04684107688546153
2021-05-26,SM,041510.KQ,43050.0,43900.0,40300.0,42250.0,40209.875,1776535,-0.0105387996020903,-0.0023505799775918336,-0.008188219624498465
2021-05-27,SM,041510.KQ,42250.0,43500.0,39700.0,42450.0,40400.21484375,3256696,0.004733659175762,-0.0009344113847762325,0.005668070560538232
2021-05-28,SM,041510.KQ,42050.0,45000.0,41450.0,42700.0,40638.15234375,1923732,0.0058895107592926,-0.0031308230328622316,0.009020333792154831
2021-05-31,SM,041510.KQ,42250.0,44550.0,41900.0,43700.0,41589.859375,927055,0.0234190526970738,0.0269947091606524,-0.003575656463578599
2021-06-01,SM,041510.KQ,43700.0,44800.0,43100.0,44300.0,42160.88671875,785218,0.0137299657255693,-0.004610522776892933,0.018340488502462234
2021-06-02,SM,041510.KQ,44600.0,45200.0,44100.0,44400.0,42256.0625,489846,0.0022574425885515,-0.0032981718535190657,0.005555614442070566
2021-06-03,SM,041510.KQ,44550.0,47400.0,44100.0,47000.0,44730.5078125,910895,0.0585583503550526,0.008823186586706734,0.049735163768345865
2021-06-04,SM,041510.KQ,46950.0,47050.0,43250.0,43750.0,41637.4453125,1723243,-0.0691488349062658,-0.013981065122634468,-0.05516776978363134
2021-06-07,SM,041510.KQ,44500.0,46450.0,44250.0,45950.0,43731.21484375,1124451,0.0502857347643619,0.0069409657253299666,0.043344769039031936
2021-06-08,SM,041510.KQ,45000.0,45850.0,42900.0,43350.0,41256.76171875,1490639,-0.0565832239932306,-0.013871933631779866,-0.04271129036145073
2021-06-09,SM,041510.KQ,43500.0,45000.0,43250.0,44350.0,42208.4765625,1206024,0.0230680936676004,-0.005634180404290499,0.0287022740718909
2021-06-10,SM,041510.KQ,44500.0,45500.0,43500.0,44800.0,42636.74609375,1128100,0.0101465289943796,0.009828405239730666,0.00031812375464893364
2021-06-11,SM,041510.KQ,45100.0,47950.0,45000.0,47950.0,45634.63671875,1151676,0.070312369016346,0.025541256110411702,0.04477111290593429
2021-06-14,SM,041510.KQ,48650.0,50800.0,46850.0,47100.0,44825.68359375,1479065,-0.0177267352863055,0.021738923862112736,-0.039465659148418236
2021-06-15,SM,041510.KQ,48550.0,53300.0,48250.0,51000.0,48537.36328125,2648245,0.0828025227933728,0.023123148169831464,0.05967937462354134
2021-06-16,SM,041510.KQ,51500.0,52100.0,50000.0,51400.0,48918.046875,1055855,0.0078431041163922,-0.0027024570371207003,0.0105455611535129
2021-06-17,SM,041510.KQ,51200.0,55600.0,51000.0,55000.0,52344.21484375,2086696,0.0700389362949192,0.016168549487062367,0.05387038680785683
2021-06-18,SM,041510.KQ,56400.0,58100.0,53900.0,54800.0,52153.875,2216234,-0.0036363109909695,0.0423507686844192,-0.045987079675388697
2021-06-21,SM,041510.KQ,52600.0,55300.0,52600.0,53300.0,50726.3046875,969835,-0.0273722769880473,-0.016714134115855633,-0.010658142872191669
2021-06-22,SM,041510.KQ,53600.0,54800.0,52300.0,54000.0,51392.50390625,888152,0.0131332101333643,0.007100593085401767,0.006032617047962533
2021-06-23,SM,041510.KQ,54500.0,58600.0,54200.0,55700.0,53010.4140625,2271792,0.031481442492107,0.022645193832900267,0.008836248659206732
2021-06-24,SM,041510.KQ,56200.0,57400.0,54200.0,56500.0,53771.78515625,868888,0.0143626701887733,-0.011939634436107535,0.026302304624880833
2021-06-25,SM,041510.KQ,56500.0,56500.0,53700.0,54000.0,51392.50390625,909714,-0.0442477638242116,-0.042767869303324664,-0.0014798945208869332
2021-06-28,SM,041510.KQ,54000.0,55700.0,53100.0,55100.0,52439.38671875,634242,0.020370340670883,-0.008762300286906602,0.0291326409577896
2021-06-29,SM,041510.KQ,54700.0,59400.0,54500.0,59200.0,56341.41015625,1411127,0.0744101653672622,-0.026241383218127034,0.10065154858538923
2021-06-30,SM,041510.KQ,59100.0,59500.0,57700.0,58800.0,55960.72265625,688238,-0.0067567975125977,0.015617213199794101,-0.0223740107123918
2021-07-01,SM,041510.KQ,58800.0,59600.0,57900.0,58700.0,55865.5546875,404597,-0.0017006207967432,0.017441109309866032,-0.01914173010660923
2021-07-02,SM,041510.KQ,58700.0,61900.0,57900.0,60800.0,57864.15625,997740,0.0357752030509632,-0.007424527898016099,0.0431997309489793
2021-07-05,SM,041510.KQ,60200.0,63000.0,60100.0,61300.0,58340.0078125,640205,0.0082235980499585,0.017035565907809264,-0.008811967857850765
2021-07-06,SM,041510.KQ,61400.0,61800.0,60200.0,60300.0,57388.296875,362759,-0.0163131780948456,-0.009577161276897965,-0.006736016817947636
2021-07-07,SM,041510.KQ,61600.0,62100.0,59000.0,59800.0,56912.44140625,641217,-0.0082918555639747,-0.02276704657990147,0.01447519101592677
2021-07-08,SM,041510.KQ,59200.0,60000.0,57100.0,58500.0,55675.2109375,933131,-0.021739191610468,-0.009331386189639699,-0.012407805420828302
2021-07-09,SM,041510.KQ,57900.0,60000.0,57100.0,59800.0,56912.44140625,549136,0.0222222861470411,0.005620804349264635,0.016601481797776464
2021-07-12,SM,041510.KQ,59300.0,63000.0,58800.0,62300.0,59291.72265625,606341,0.0418059951604661,0.007278503677714734,0.03452749148275136
2021-07-13,SM,041510.KQ,62700.0,67500.0,62600.0,65400.0,62242.02734375,1152917,0.049759132562309,0.03298294764294663,0.01677618491936237
2021-07-14,SM,041510.KQ,65800.0,67000.0,64700.0,65400.0,62242.02734375,515154,0.0,0.028239367547958,-0.028239367547958
2021-07-15,SM,041510.KQ,66000.0,66500.0,64000.0,64400.0,61290.3203125,466253,-0.0152904246835328,-0.0009484848097869666,-0.014341939873745834
2021-07-16,SM,041510.KQ,64400.0,65500.0,63300.0,64000.0,60909.6328125,342954,-0.006211217335119,0.004681148255752267,-0.010892365590871266
2021-07-19,SM,041510.KQ,64000.0,64100.0,61400.0,62300.0,59291.72265625,455946,-0.0265624677336417,-0.007694697924707166,-0.018867769808934533
2021-07-20,SM,041510.KQ,61500.0,64000.0,59900.0,60800.0,57864.15625,591495,-0.0240769932512581,-0.0251603580075412,0.001083364756283102
2021-07-21,SM,041510.KQ,62000.0,63800.0,60700.0,60800.0,57864.15625,424627,0.0,0.008123249903868366,-0.008123249903868366
2021-07-22,SM,041510.KQ,61000.0,64500.0,60900.0,62600.0,59577.234375,916383,0.0296051690030474,0.0042984660258053335,0.025306702977242065
2021-07-23,SM,041510.KQ,62600.0,64200.0,61400.0,63500.0,60433.78125,458594,0.0143770835283927,0.0147342580727473,-0.0003571745443545996
2021-07-26,SM,041510.KQ,63600.0,65200.0,62000.0,63800.0,60719.29296875,553498,0.0047243729060888,0.0013614365043804668,0.003362936401708333
2021-07-27,SM,041510.KQ,63900.0,64500.0,61900.0,62400.0,59386.89453125,480859,-0.0219435762894297,-0.026720913824752265,0.004777337535322567
2021-07-28,SM,041510.KQ,62400.0,63000.0,60600.0,61400.0,58435.1796875,326416,-0.0160256711731103,-0.005991737470612633,-0.010033933702497666
2021-07-29,SM,041510.KQ,61500.0,62400.0,60700.0,61800.0,58815.8671875,239674,0.0065146971744733,0.0016995217158494334,0.004815175458623867
2021-07-30,SM,041510.KQ,62200.0,62200.0,57900.0,58800.0,55960.72265625,664613,-0.0485437802378743,-0.021158668165819797,-0.0273851120720545
2021-08-02,SM,041510.KQ,58800.0,61400.0,58200.0,60200.0,57293.125,415259,0.0238095985989057,0.012082163814706268,0.011727434784199433
2021-08-03,SM,041510.KQ,63500.0,64900.0,60400.0,62700.0,59672.40234375,2324876,0.0415281474653372,-0.013565562730273999,0.0550937101956112
2021-08-04,SM,041510.KQ,63800.0,72800.0,63200.0,71900.0,68428.171875,4234501,0.1467306357269033,0.029447272921011434,0.11728336280589188
2021-08-05,SM,041510.KQ,71900.0,72100.0,69000.0,69300.0,65953.7265625,1599684,-0.0361612073609119,0.004246717897930667,-0.04040792525884256
2021-08-06,SM,041510.KQ,68600.0,70900.0,67500.0,69100.0,65763.3671875,891027,-0.0028862565456344,0.050176455633646234,-0.05306271217928064
2021-08-09,SM,041510.KQ,68900.0,70700.0,67800.0,69700.0,66334.3984375,977888,0.0086831206250725,0.006851466918992667,0.0018316537060798325
2021-08-10,SM,041510.KQ,68800.0,70000.0,67700.0,68400.0,65097.16796875,583397,-0.0186514161263663,-0.011988685578080735,-0.006662730548285565
2021-08-11,SM,041510.KQ,69500.0,70200.0,68300.0,68500.0,65192.34765625,474575,0.0014621171775965,-0.017370490128935597,0.018832607306532096
2021-08-12,SM,041510.KQ,68800.0,69100.0,63800.0,66900.0,63669.60546875,1101693,-0.0233576829527478,0.055559590581843205,-0.078917273534591
2021-08-13,SM,041510.KQ,66100.0,67200.0,64600.0,65300.0,62146.86328125,542817,-0.023916312599854,-0.012799731532345168,-0.01111658106750883
2021-08-17,SM,041510.KQ,65100.0,67300.0,63000.0,63800.0,60719.29296875,687704,-0.0229709149766647,-0.02820524366249867,0.005234328685833969
2021-08-18,SM,041510.KQ,66700.0,71000.0,64600.0,68000.0,64716.484375,2340820,0.0658306645353596,-0.005430937628972534,0.07126160216433214
2021-08-19,SM,041510.KQ,67300.0,68200.0,64800.0,65600.0,62432.37890625,665271,-0.0352940288831936,-0.029519456872142802,-0.005774572011050798
2021-08-20,SM,041510.KQ,66600.0,66600.0,61300.0,63000.0,59957.921875,976398,-0.03963419422101,-0.044011755489408604,0.004377561268398604
2021-08-23,SM,041510.KQ,63200.0,67600.0,62000.0,67300.0,64050.2890625,692315,0.068253986454563,0.045586455352070704,0.022667531102492297
2021-08-24,SM,041510.KQ,67900.0,74900.0,66100.0,72100.0,68618.515625,2300499,0.0713224972028205,0.0337535356224495,0.03756896158037099
2021-08-25,SM,041510.KQ,72900.0,75600.0,69100.0,72400.0,68904.0234375,1413573,0.0041607984360998,0.005017824771274033,-0.0008570263351742333
2021-08-26,SM,041510.KQ,72300.0,75200.0,71800.0,72800.0,69284.71875,724184,0.0055250084611577,0.0194851309477192,-0.013960122486561501
2021-08-27,SM,041510.KQ,71500.0,75500.0,70200.0,72100.0,68618.515625,901134,-0.0096154409950607,-0.017685390246952933,0.008069949251892233
2021-08-30,SM,041510.KQ,71300.0,72800.0,66300.0,69500.0,66144.0546875,1234702,-0.0360611259943732,-0.0140440378339239,-0.022017088160449304
2021-08-31,SM,041510.KQ,69500.0,71100.0,68300.0,69100.0,65763.3671875,511570,-0.0057554303527138,0.010170710292364367,-0.015926140645078166
2021-09-01,SM,041510.KQ,69100.0,69400.0,67800.0,68600.0,65287.515625,445476,-0.0072358150570861,-0.006374587713946199,-0.000861227343139901
2021-09-02,SM,041510.KQ,68600.0,69000.0,66200.0,66900.0,63669.60546875,556847,-0.0247813098838527,-0.023475699993569733,-0.0013056098902829681
2021-09-03,SM,041510.KQ,67200.0,68000.0,65000.0,65600.0,62432.37890625,887404,-0.0194319809804263,-0.013126461540550867,-0.006305519439875434
2021-09-06,SM,041510.KQ,65000.0,66300.0,63800.0,65000.0,61861.34375,581708,-0.0091464583963312,0.011571976594483202,-0.020718434990814404
2021-09-07,SM,041510.KQ,65600.0,68900.0,63400.0,68400.0,65097.16796875,893052,0.0523076936677437,0.0062947612045890335,0.04601293246315467
2021-09-08,SM,041510.KQ,67700.0,67800.0,63600.0,63900.0,60814.4609375,667640,-0.0657894523661293,-0.03170498097867863,-0.034084471387450674
2021-09-09,SM,041510.KQ,63800.0,67000.0,62500.0,62900.0,59862.75390625,894633,-0.0156493540611678,-0.0011904929627382667,-0.014458861098429534
2021-09-10,SM,041510.KQ,62600.0,64500.0,59700.0,63100.0,60053.08984375,899024,0.003179538612575,-0.018023735035038867,0.021203273647613867
2021-09-13,SM,041510.KQ,63100.0,64500.0,62300.0,63300.0,60243.4296875,479785,0.0031695262349571,-0.023178962121514,0.026348488356471102
2021-09-14,SM,041510.KQ,63800.0,66700.0,63600.0,64300.0,61195.15234375,359766,0.0157979494392477,0.03598169266462157,-0.02018374322537387
2021-09-15,SM,041510.KQ,64900.0,67800.0,64100.0,66200.0,63003.40625,572427,0.0295489730312712,-0.008837700123508966,0.038386673154780164
2021-09-16,SM,041510.KQ,67100.0,67200.0,64200.0,64900.0,61766.17578125,482054,-0.0196375171183701,0.0003755951652386659,-0.020013112283608765
2021-09-17,SM,041510.KQ,63600.0,66600.0,63200.0,65000.0,61861.34375,491866,0.0015407780641469,0.0037783027989837,-0.0022375247348367998
2021-09-23,SM,041510.KQ,64000.0,65800.0,63800.0,64900.0,61766.17578125,225852,-0.0015384077192794,-0.020951669773618564,0.019413262054339166
2021-09-24,SM,041510.KQ,64900.0,65000.0,63100.0,63400.0,60338.609375,380107,-0.0231124298727161,-0.0058036723363249,-0.0173087575363912
2021-09-27,SM,041510.KQ,63500.0,65200.0,62300.0,63600.0,60528.94921875,321684,0.0031545281822298,0.017292996144856302,-0.014138467962626501
2021-09-28,SM,041510.KQ,64300.0,68300.0,63600.0,63600.0,60528.94921875,801496,0.0,0.029376742156785134,-0.029376742156785134
2021-09-29,SM,041510.KQ,62100.0,65300.0,61400.0,63000.0,59957.921875,670500,-0.0094339543494522,0.015011569350167902,-0.0244455236996201
2021-09-30,SM,041510.KQ,63500.0,69700.0,63400.0,69200.0,65858.53125,1454826,0.0984125064791532,0.05551079451086716,0.04290171196828604
2021-10-01,SM,041510.KQ,68100.0,72100.0,67800.0,71000.0,67571.625,1096599,0.0260117211466053,-0.018665070758460498,0.044676791905065794
2021-10-05,SM,041510.KQ,69500.0,80000.0,68100.0,79000.0,75185.3359375,2578304,0.1126761556718518,0.0351343641120929,0.0775417915597589
2021-10-06,SM,041510.KQ,79200.0,80400.0,76100.0,78200.0,74423.9609375,1170176,-0.010126642256848,-0.016499247019768168,0.0063726047629201685
2021-10-07,SM,041510.KQ,79800.0,82700.0,75100.0,76300.0,72615.703125,1806294,-0.0242967155969909,0.017500169272434533,-0.041796884869425434
2021-10-08,SM,041510.KQ,76200.0,78700.0,74400.0,76900.0,73186.7265625,622257,0.0078636357278953,-0.031143907687539763,0.03900754341543507
2021-10-12,SM,041510.KQ,77000.0,79500.0,74000.0,74800.0,71188.125,624314,-0.0273082518698692,-0.03693506706289013,0.009626815193020933
2021-10-13,SM,041510.KQ,74300.0,75700.0,73800.0,74800.0,71188.125,311503,0.0,0.0018023712619163,-0.0018023712619163
2021-10-14,SM,041510.KQ,75600.0,78400.0,74300.0,77600.0,73852.9296875,517106,0.0374332753882757,0.0411344280503931,-0.003701152662117402
2021-10-15,SM,041510.KQ,77600.0,78300.0,76000.0,76800.0,73091.5625,385105,-0.0103092347280147,0.0217394530133177,-0.0320486877413324
2021-10-18,SM,041510.KQ,76000.0,76100.0,70800.0,72800.0,69284.71875,1299928,-0.0520832175396441,0.0051227574057429335,-0.05720597494538703
2021-10-19,SM,041510.KQ,73600.0,76000.0,71700.0,75500.0,71854.3359375,832115,0.0370877912743206,0.034024537314656135,0.003063253959664468
2021-10-20,SM,041510.KQ,75300.0,81800.0,74700.0,79400.0,75566.0234375,1375762,0.0516557205848855,0.05182725995975421,-0.00017153937486870385
2021-10-21,SM,041510.KQ,79400.0,81000.0,74500.0,76600.0,72901.21875,1428280,-0.0352645880552923,0.014232421218007467,-0.049497009273299766
2021-10-22,SM,041510.KQ,77300.0,78000.0,74500.0,75100.0,71473.6484375,460803,-0.0195822557836181,-0.011108783609158533,-0.008473472174459568
2021-10-25,SM,041510.KQ,76600.0,77000.0,74300.0,74900.0,71283.3203125,404596,-0.0026629132437031,-3.442976571226749e-05,-0.0026284834779908327
2021-10-26,SM,041510.KQ,73900.0,81900.0,73800.0,81700.0,77754.9609375,1457035,0.0907875867261636,0.06834706979761816,0.022440516928545443
2021-10-27,SM,041510.KQ,82400.0,85000.0,81100.0,83100.0,79087.3671875,992906,0.0171359644958344,0.010404536734604867,0.006731427761229534
2021-10-28,SM,041510.KQ,82000.0,83500.0,77100.0,78000.0,74233.6171875,1295419,-0.0613720012766735,-0.0373502155308924,-0.0240217857457811
2021-10-29,SM,041510.KQ,77900.0,79300.0,76800.0,78200.0,74423.9609375,468670,0.0025641179456368,0.011897403441181634,-0.009333285495544835
2021-11-01,SM,041510.KQ,79400.0,81700.0,78000.0,80300.0,76422.5546875,586036,0.0268541706840674,0.0210547698741386,0.005799400809928801
2021-11-02,SM,041510.KQ,80900.0,81700.0,79000.0,79400.0,75566.0234375,413169,-0.01120783325685,0.012867276630780466,-0.024075109887630466
2021-11-03,SM,041510.KQ,80500.0,80500.0,76500.0,77300.0,73567.421875,463796,-0.0264484151948662,-0.017361610162707066,-0.009086805032159133
2021-11-04,SM,041510.KQ,78300.0,78500.0,74000.0,75600.0,71949.5078125,690648,-0.0219922626247394,0.0064729984942203,-0.028465261118959702
2021-11-05,SM,041510.KQ,75400.0,77400.0,74400.0,76100.0,72425.3671875,389354,0.0066137961115744,0.015683538799100165,-0.009069742687525764
2021-11-08,SM,041510.KQ,76900.0,80000.0,75400.0,79400.0,75566.0234375,730662,0.0433640362757048,0.022823192250989333,0.02054084402471547
2021-11-09,SM,041510.KQ,80900.0,82200.0,78600.0,80500.0,76612.890625,740019,0.0138536757642917,0.015103500038654868,-0.0012498242743631677
2021-11-10,SM,041510.KQ,81000.0,81000.0,74600.0,76100.0,72425.3671875,1131934,-0.0546582096477318,-0.027286603580817734,-0.027371606066914064
2021-11-11,SM,041510.KQ,74600.0,79100.0,74100.0,78000.0,74233.6171875,650904,0.0249670808753881,0.01723640699620947,0.007730673879178633
2021-11-12,SM,041510.KQ,78700.0,80500.0,76000.0,77000.0,73281.8984375,522569,-0.0128205897281838,-0.005264089082813901,-0.007556500645369899
2021-11-15,SM,041510.KQ,77600.0,81300.0,77100.0,80400.0,76517.71875,968215,0.0441557926513016,0.015682587706259132,0.02847320494504247
2021-11-16,SM,041510.KQ,79700.0,80900.0,76400.0,79900.0,76041.8671875,1125560,-0.0062188414693165,-0.001172826861567066,-0.005046014607749434
2021-11-17,SM,041510.KQ,81000.0,84000.0,79500.0,84000.0,79943.8984375,1705613,0.0513142482466741,0.011561702298581068,0.03975254594809303
2021-11-18,SM,041510.KQ,84800.0,84900.0,77000.0,79300.0,75470.8359375,1361571,-0.0559525190468042,-0.015549738168792501,-0.0404027808780117
2021-11-19,SM,041510.KQ,79500.0,79800.0,77100.0,77200.0,73472.2578125,673293,-0.0264814626759281,-0.034669935206858536,0.008188472530930437
2021-11-22,SM,041510.KQ,78300.0,78300.0,73000.0,73600.0,70046.078125,1005922,-0.0466322907381389,-0.022882757711558867,-0.02374953302658003
2021-11-23,SM,041510.KQ,72900.0,74500.0,71100.0,71400.0,67952.3046875,644353,-0.0298913728440809,-0.012288566228801,-0.0176028066152799
2021-11-24,SM,041510.KQ,71800.0,74300.0,71200.0,74300.0,70712.2734375,576796,0.0406162640500948,0.0009012078354328998,0.039715056214661905
2021-11-25,SM,041510.KQ,73200.0,76400.0,73100.0,74200.0,70617.109375,490715,-0.0013457927156608,-0.015144084793314068,0.013798292077653268
2021-11-26,SM,041510.KQ,74300.0,75100.0,69300.0,70000.0,66619.9140625,633131,-0.0566037798470846,-0.044272334719155794,-0.012331445127928803
2021-11-29,SM,041510.KQ,67800.0,72300.0,67300.0,69800.0,66429.5703125,681406,-0.0028571599450192,-0.013209382657747367,0.010352222712728168
2021-11-30,SM,041510.KQ,71300.0,73100.0,64300.0,67300.0,64050.2890625,647370,-0.0358165985239301,-0.02047452800366493,-0.015342070520265167
2021-12-01,SM,041510.KQ,67600.0,68700.0,63100.0,67300.0,64050.2890625,831269,0.0,-0.012729046284650136,0.012729046284650136
2021-12-02,SM,041510.KQ,66400.0,66900.0,63300.0,64500.0,61385.4921875,738161,-0.0416047595413613,-0.044078222498885565,0.002473462957524264
2021-12-03,SM,041510.KQ,65900.0,72600.0,65800.0,71800.0,68332.9921875,1130547,0.1131782079514664,0.06381130803255337,0.04936689991891302
2021-12-06,SM,041510.KQ,70500.0,72000.0,69100.0,70700.0,67286.109375,519058,-0.015320312765281,-0.031058986992071103,0.0157386742267901
2021-12-07,SM,041510.KQ,72000.0,73000.0,70700.0,72500.0,68999.1875,575450,0.0254596103254038,0.0268724770002189,-0.0014128666748150984
2021-12-08,SM,041510.KQ,73900.0,77000.0,72300.0,73300.0,69760.5625,715781,0.0110345502256821,-0.0021196788943256667,0.013154229120007768
2021-12-09,SM,041510.KQ,73300.0,76000.0,73000.0,74700.0,71092.9609375,703932,0.0190995942370735,0.021374959623806134,-0.0022753653867326334
2021-12-10,SM,041510.KQ,74200.0,76100.0,72500.0,76100.0,72425.3671875,511945,0.0187417464743289,-0.018083343768431365,0.03682509024276026
2021-12-13,SM,041510.KQ,76400.0,76800.0,74700.0,75500.0,71854.3359375,444550,-0.0078844094572786,-0.02113691366023737,0.013252504202958768
2021-12-14,SM,041510.KQ,75000.0,75500.0,71800.0,73500.0,69950.90625,464972,-0.0264901159083236,-0.010862262055566667,-0.01562785385275693
2021-12-15,SM,041510.KQ,73100.0,73200.0,70800.0,71900.0,68428.171875,393310,-0.0217686153994609,-0.0031653695099727003,-0.0186032458894882
2021-12-16,SM,041510.KQ,73000.0,74800.0,71300.0,71500.0,68047.4765625,509676,-0.0055634295359435,0.019257968566472466,-0.024821398102415966
2021-12-17,SM,041510.KQ,71000.0,72100.0,69800.0,71400.0,67952.3046875,273521,-0.0013986099089594,-0.014270959736948266,0.012872349827988867
2021-12-20,SM,041510.KQ,71200.0,72000.0,69600.0,70100.0,66715.078125,293238,-0.0182072788875928,-0.02000558706161,0.0017983081740171984
2021-12-21,SM,041510.KQ,70200.0,72300.0,69100.0,72100.0,68618.515625,343107,0.0285308442033696,0.0314318674823621,-0.0029010232789924983
2021-12-22,SM,041510.KQ,73600.0,74900.0,72000.0,73200.0,69665.390625,634679,0.0152564506892158,0.01628749684648347,-0.0010310461572676684
2021-12-23,SM,041510.KQ,73900.0,74600.0,69800.0,70900.0,67476.453125,711126,-0.031420731016679,-0.0069999004893036,-0.024420830527375398
2021-12-24,SM,041510.KQ,71500.0,73900.0,70800.0,72000.0,68523.3359375,601481,0.0155147872185967,-8.511786640129995e-05,0.015599905084998
2021-12-27,SM,041510.KQ,72500.0,74700.0,71000.0,74100.0,70521.9453125,495062,0.0291668429106097,0.009744157631179732,0.019422685279429967
2021-12-28,SM,041510.KQ,74700.0,79000.0,73900.0,78100.0,74328.78125,1089530,0.0539808696517229,0.047425094241429634,0.0065557754102932644
2021-12-29,SM,041510.KQ,77900.0,79100.0,74500.0,74900.0,71466.328125,935432,-0.0385106963529016,-0.018845786935892565,-0.019664909417009036
2021-12-30,SM,041510.KQ,75200.0,75800.0,73300.0,74200.0,70798.4140625,394174,-0.0093458567135528,0.0015764956115001665,-0.010922352325052967
2022-01-04,SM,041510.KQ,73700.0,73800.0,70200.0,70700.0,67458.859375,638880,-0.047169908135963,-0.0337925005372047,-0.0133774075987583
2022-01-05,SM,041510.KQ,71200.0,71200.0,66300.0,66600.0,63546.81640625,875862,-0.0579915374347373,-0.03814010178108857,-0.019851435653648726
2022-01-06,SM,041510.KQ,64800.0,65700.0,61300.0,61900.0,59062.28515625,925436,-0.0705705101154199,-0.043801619005460306,-0.026768891109959593
2022-01-07,SM,041510.KQ,62300.0,64400.0,62300.0,63700.0,60779.765625,463884,0.0290791401688299,0.012447700090486133,0.016631440078343766
2022-01-10,SM,041510.KQ,62800.0,64000.0,60700.0,63400.0,60493.51953125,525077,-0.0047095623157892,-0.016504441185782436,0.011794878869993235
2022-01-11,SM,041510.KQ,64100.0,67300.0,62500.0,66000.0,62974.32421875,713070,0.0410094288896261,-0.009246022157350266,0.05025545104697637
2022-01-12,SM,041510.KQ,66500.0,67800.0,66000.0,67500.0,64405.5625,418951,0.0227273305272541,0.016662069516164366,0.006065261011089732
2022-01-13,SM,041510.KQ,67500.0,69000.0,66300.0,69000.0,65836.796875,477214,0.0222222168310384,-0.012991615811830733,0.03521383264286913
2022-01-14,SM,041510.KQ,67900.0,69300.0,66700.0,68200.0,65073.48046875,372489,-0.0115940696157994,-0.025215754603553034,0.013621684987753634
2022-01-17,SM,041510.KQ,67600.0,70400.0,67600.0,68400.0,65264.296875,410939,0.0029323221207082,-0.0021038534493872333,0.005036175570095433
2022-01-18,SM,041510.KQ,68400.0,69900.0,67500.0,67900.0,64787.21484375,289904,-0.007310000323205,-0.0017198353336410333,-0.005590164989563966
2022-01-19,SM,041510.KQ,67400.0,68800.0,65400.0,66300.0,63260.5703125,327168,-0.0235639784011686,-0.025983755544958565,0.002419777143789964
2022-01-20,SM,041510.KQ,66000.0,69700.0,66000.0,69500.0,66313.875,411389,0.0482655257835493,0.05613956948365576,-0.007874043700106463
2022-01-21,SM,041510.KQ,68200.0,70500.0,68000.0,69200.0,66027.6171875,416191,-0.0043167106808341,-0.0068121513377934996,0.0024954406569594
2022-01-24,SM,041510.KQ,68800.0,68800.0,63200.0,63900.0,60970.59765625,605946,-0.0765894597845243,-0.0374176182172768,-0.039171841567247505
2022-01-25,SM,041510.KQ,64900.0,65000.0,62500.0,63500.0,60588.9375,451037,-0.0062597411034378,-0.014472231382368231,0.00821249027893043
2022-01-26,SM,041510.KQ,63500.0,63500.0,63500.0,63500.0,60588.9375,0,0.0,-0.02398524184881037,0.02398524184881037
2022-01-27,SM,041510.KQ,60000.0,60600.0,55900.0,56000.0,53432.7578125,821772,-0.1181103347042519,-0.06724168954608829,-0.05086864515816361
2022-01-28,SM,041510.KQ,56000.0,59600.0,54500.0,58900.0,56199.8203125,767333,0.0517858821681982,0.04404817665274383,0.007737705515454364
2022-02-03,SM,041510.KQ,60600.0,63900.0,60000.0,62200.0,59348.52734375,913886,0.0560269946370213,0.021640454649592702,0.0343865399874286
2022-02-04,SM,041510.KQ,61500.0,68200.0,61000.0,67300.0,64214.73046875,620825,0.0819936625691599,0.07047631452793719,0.011517348041222703
2022-02-07,SM,041510.KQ,67300.0,69200.0,66500.0,67200.0,64119.31640625,585266,-0.0014858594251428,-0.009183361465372334,0.007697502040229533
2022-02-08,SM,041510.KQ,67200.0,67200.0,67200.0,67200.0,64119.31640625,0,0.0,0.0,0.0
2022-02-09,SM,041510.KQ,67200.0,67200.0,67200.0,67200.0,64119.31640625,0,0.0,0.011356027212607867,-0.011356027212607867
2022-02-10,SM,041510.KQ,68800.0,69200.0,66300.0,66800.0,63737.6484375,411700,-0.0059524647195521,-0.008568543728561067,0.0026160790090089666
2022-02-11,SM,041510.KQ,65500.0,67600.0,64600.0,65500.0,62497.2421875,534049,-0.0194611235338612,-0.008958426680608634,-0.010502696853252565
2022-02-14,SM,041510.KQ,64200.0,66400.0,63700.0,65300.0,62306.41796875,359576,-0.0030533222278432,0.0014773031685032668,-0.004530625396346467
2022-02-15,SM,041510.KQ,65100.0,67000.0,64500.0,65300.0,62306.41796875,338195,0.0,-0.0305706839878838,0.0305706839878838
2022-02-16,SM,041510.KQ,67000.0,68200.0,66100.0,68100.0,64978.05078125,422084,0.0428789344596887,0.0639558678188397,-0.021076933359151007
2022-02-17,SM,041510.KQ,68100.0,68800.0,65000.0,66600.0,63546.81640625,563041,-0.0220264282752691,0.0020532950054839333,-0.024079723280753033
2022-02-18,SM,041510.KQ,65500.0,67700.0,65300.0,67300.0,64214.73046875,375137,0.0105105825952016,0.007799118303718867,0.002711464291482734
2022-02-21,SM,041510.KQ,66100.0,70900.0,65900.0,70800.0,67554.28125,747389,0.0520059923458713,0.03973675144078406,0.012269240905087235
2022-02-22,SM,041510.KQ,70800.0,70800.0,70800.0,70800.0,67554.28125,0,0.0,0.0,0.0
2022-02-23,SM,041510.KQ,70800.0,70800.0,70800.0,70800.0,67554.28125,0,0.0,0.007259495636285533,-0.007259495636285533
2022-02-24,SM,041510.KQ,71500.0,73900.0,70500.0,70500.0,67268.0390625,799874,-0.0042372175708701,0.020338378411403034,-0.024575595982273133
2022-02-25,SM,041510.KQ,71700.0,73000.0,67500.0,71400.0,68126.765625,1225043,0.0127657439471684,0.0377496502047339,-0.024983906257565497
2022-02-28,SM,041510.KQ,71400.0,71400.0,71400.0,71400.0,68126.765625,0,0.0,0.0,0.0
2022-03-02,SM,041510.KQ,74400.0,75600.0,72000.0,75200.0,71752.5625,554504,0.0532213270619361,0.020399596269986536,0.03282173079194957
2022-03-03,SM,041510.KQ,75200.0,77200.0,74200.0,75000.0,71561.734375,400417,-0.0026595304523095,-0.0207668516576018,0.0181073212052923
2022-03-04,SM,041510.KQ,75000.0,75000.0,75000.0,75000.0,71561.734375,0,0.0,0.0,0.0
2022-03-07,SM,041510.KQ,74000.0,76100.0,74000.0,74700.0,71275.484375,399302,-0.0040000427952177,-0.00039200517303763366,-0.0036080376221800667
2022-03-08,SM,041510.KQ,73800.0,74800.0,72500.0,73500.0,70130.5,318702,-0.0160642103668622,-0.013488223608667,-0.0025759867581952
2022-03-10,SM,041510.KQ,73500.0,73500.0,73500.0,73500.0,70130.5,0,0.0,0.0,0.0
2022-03-11,SM,041510.KQ,77000.0,81500.0,77000.0,79900.0,76237.09375,1102949,0.0870747214122242,0.03416541138949867,0.05290931002272554
2022-03-14,SM,041510.KQ,80600.0,83000.0,78800.0,80000.0,76332.515625,833532,0.0012516462827518,0.015810603208230866,-0.014558956925479066
2022-03-15,SM,041510.KQ,80000.0,80000.0,80000.0,80000.0,76332.515625,0,0.0,0.0,0.0
2022-03-16,SM,041510.KQ,80700.0,81300.0,76800.0,79200.0,75569.1796875,689589,-0.010000141240596,0.0031565491534865336,-0.013156690394082534
2022-03-17,SM,041510.KQ,79200.0,79200.0,79200.0,79200.0,75569.1796875,0,0.0,0.0,0.0
2022-03-18,SM,041510.KQ,75300.0,76800.0,74500.0,76500.0,72992.96875,498994,-0.0340907622413444,-0.007006417115718067,-0.02708434512562633
2022-03-21,SM,041510.KQ,76200.0,77100.0,72900.0,73900.0,70512.1640625,589283,-0.0339868994231037,0.0,-0.0339868994231037
2022-03-22,SM,041510.KQ,73400.0,77100.0,73000.0,76600.0,73088.3828125,622633,0.0365358060449898,0.0417681488153612,-0.0052323427703713996
2022-03-23,SM,041510.KQ,76900.0,77000.0,74000.0,75200.0,71752.5625,470035,-0.0182767802637923,0.008664898372099467,-0.026941678635891766
2022-03-24,SM,041510.KQ,75500.0,79600.0,74800.0,77200.0,73660.8828125,759794,0.0265958489287403,0.009629480253246366,0.016966368675493934
2022-03-25,SM,041510.KQ,77100.0,78800.0,75200.0,77800.0,74233.3671875,635169,0.0077718913097637,-0.0015928180179156,0.009364709327679301
2022-03-28,SM,041510.KQ,77800.0,77800.0,74800.0,75200.0,71752.5625,556042,-0.0334189971638216,-0.0097748313820627,-0.023644165781758902
2022-03-29,SM,041510.KQ,75800.0,77000.0,75200.0,76000.0,72515.8828125,370327,0.0106382306903674,-0.000874786836143167,0.011513017526510568
2022-03-30,SM,041510.KQ,76800.0,80100.0,76100.0,79600.0,75950.859375,899932,0.0473686098724277,0.039818199139575,0.007550410732852696
2022-03-31,SM,041510.KQ,79700.0,85600.0,77400.0,81600.0,77859.1640625,1954048,0.025125518041579,0.0023176663561462,0.0228078516854328
2022-04-01,SM,041510.KQ,81100.0,90000.0,80300.0,85900.0,81962.0390625,2511482,0.0526961090502653,0.0358407638631311,0.016855345187134198
2022-04-04,SM,041510.KQ,86200.0,86700.0,80800.0,82200.0,78431.65625,1206362,-0.0430733892528943,-0.016204185209411467,-0.026869204043482833
2022-04-05,SM,041510.KQ,82200.0,82600.0,79700.0,80500.0,76809.59375,594566,-0.020681222067142,-0.0256004087625338,0.004919186695391802
2022-04-06,SM,041510.KQ,79500.0,81900.0,79000.0,80400.0,76714.1796875,560448,-0.0012422154296317,-0.016172482011307065,0.014930266581675365
2022-04-07,SM,041510.KQ,79600.0,80300.0,77500.0,77900.0,74328.78125,570593,-0.0310946222356423,-0.0219806754877621,-0.0091139467478802
2022-04-08,SM,041510.KQ,77900.0,79100.0,75800.0,77000.0,73470.046875,676254,-0.0115531878844038,0.006386096552578467,-0.017939284436982266
2022-04-11,SM,041510.KQ,77300.0,78100.0,74800.0,74900.0,71466.328125,420191,-0.027272593869568,-0.007571161273189501,-0.019701432596378497
2022-04-12,SM,041510.KQ,74500.0,75200.0,73300.0,74700.0,71275.484375,332188,-0.0026704009427516,-0.0037163095461103667,0.0010459086033587665
2022-04-13,SM,041510.KQ,74800.0,77100.0,74100.0,76400.0,72897.5546875,442856,0.0227577592312924,0.027028131572526,-0.004270372341233598
2022-04-14,SM,041510.KQ,76600.0,79000.0,76500.0,76900.0,73374.625,496598,0.0065443939038163,-0.0202733729015445,0.0268177668053608
2022-04-15,SM,041510.KQ,76700.0,78500.0,75700.0,77200.0,73660.8828125,277683,0.0039013189164509,0.0177261451517443,-0.0138248262352934
2022-04-18,SM,041510.KQ,77100.0,77200.0,72000.0,72400.0,69080.921875,738801,-0.062176297142108,-0.0614583607174721,-0.0007179364246358982
2022-04-19,SM,041510.KQ,72700.0,74300.0,72000.0,73800.0,70416.7421875,370192,0.0193370365687524,0.011355961026220766,0.007981075542531635
2022-04-20,SM,041510.KQ,73800.0,73900.0,71300.0,71400.0,68126.765625,451198,-0.0325203423413488,-0.03339020939861383,0.0008698670572650363
2022-04-21,SM,041510.KQ,71800.0,72500.0,70200.0,70500.0,67268.0390625,367317,-0.0126048338655443,-0.008292365488464267,-0.004312468377080034
2022-04-22,SM,041510.KQ,69800.0,70300.0,67700.0,68900.0,65741.375,513245,-0.0226952366053296,-0.025361707782341134,0.002666471177011534
2022-04-25,SM,041510.KQ,67800.0,69500.0,67500.0,67500.0,64405.5625,336796,-0.0203192053710468,-0.004155095710610133,-0.016164109660436667
2022-04-26,SM,041510.KQ,68200.0,70400.0,68100.0,68600.0,65455.12890625,369095,0.0162962074316175,0.029022220007139832,-0.012726012575522333
2022-04-27,SM,041510.KQ,66700.0,69200.0,65700.0,68800.0,65645.9609375,403949,0.0029154633783292,0.006328627382419134,-0.0034131640040899343
2022-04-28,SM,041510.KQ,69100.0,69400.0,67600.0,68400.0,65264.296875,187358,-0.0058139763216106,-0.018279111372980803,0.012465135051370202
2022-04-29,SM,041510.KQ,68500.0,69600.0,67800.0,68200.0,65073.48046875,241805,-0.0029237487475805,-0.003873007691152834,0.0009492589435723341
2022-05-02,SM,041510.KQ,67400.0,67800.0,65600.0,67000.0,63928.484375,269919,-0.0175954334315936,-0.0010374366449013,-0.0165579967866923
2022-05-03,SM,041510.KQ,67500.0,69200.0,67200.0,68300.0,65168.8828125,249823,0.0194029070081485,0.0105811635707535,0.008821743437395
2022-05-04,SM,041510.KQ,68500.0,69000.0,67500.0,67900.0,64787.21484375,139278,-0.0058565983070189,-0.005623350430199233,-0.00023324787681966701
2022-05-06,SM,041510.KQ,67100.0,68300.0,66200.0,66500.0,63451.40625,235794,-0.0206183981974162,-0.012650646739317699,-0.007967751458098502
2022-05-10,SM,041510.KQ,59200.0,62300.0,57900.0,61700.0,58871.453125,821698,-0.0721804826035672,-0.0445562677571421,-0.027624214846425098
2022-05-11,SM,041510.KQ,61000.0,63600.0,60600.0,61500.0,58680.62109375,367445,-0.0032415036680819,-0.0017772528375476669,-0.001464250830534233
2022-05-12,SM,041510.KQ,60600.0,61000.0,57500.0,58000.0,55341.07421875,662620,-0.0569105577404274,-0.05996913359368624,0.0030585758532588395
2022-05-13,SM,041510.KQ,58500.0,61100.0,58500.0,60400.0,57631.046875,360500,0.041379259231548,0.020256791017018102,0.021122468214529896
2022-05-16,SM,041510.KQ,61200.0,62500.0,59900.0,61300.0,58489.7890625,506552,0.0149006869398466,0.020393077944260533,-0.005492391004413934
2022-05-17,SM,041510.KQ,64900.0,69900.0,64400.0,68700.0,65550.5546875,1714119,0.1207179191132854,0.011392662348514299,0.1093252567647711
2022-05-18,SM,041510.KQ,68800.0,72600.0,68600.0,71400.0,68126.765625,773782,0.0393011310092126,0.0003273555267413,0.0389737754824713
2022-05-19,SM,041510.KQ,70000.0,71400.0,69400.0,70200.0,66981.7734375,534618,-0.0168067891818399,-0.021703474198771364,0.0048966850169314645
2022-05-20,SM,041510.KQ,70200.0,72800.0,69700.0,71800.0,68508.4375,480063,0.0227922311421706,0.008686655138539534,0.014105576003631068
2022-05-23,SM,041510.KQ,71600.0,71700.0,67600.0,68700.0,65550.5546875,629247,-0.043175452841119,-0.012097575487115467,-0.03107787735400353
2022-05-24,SM,041510.KQ,68700.0,70300.0,67800.0,68000.0,64882.63671875,349169,-0.010189356473552,-0.016307456009101398,0.006118099535549398
2022-05-25,SM,041510.KQ,67800.0,68700.0,66200.0,68000.0,64882.63671875,393682,0.0,0.021169797740607368,-0.021169797740607368
2022-05-26,SM,041510.KQ,68400.0,70000.0,67200.0,67600.0,64500.97265625,300087,-0.0058823759606814,-0.016756961364509132,0.01087458540382773
2022-05-27,SM,041510.KQ,68300.0,70700.0,68000.0,68800.0,65645.9609375,327575,0.0177514886070335,0.01983556762993133,-0.002084079022897832
2022-05-30,SM,041510.KQ,70000.0,71900.0,69600.0,70300.0,67077.1953125,321890,0.0218023219488345,0.03337853636119597,-0.01157621441236147
2022-05-31,SM,041510.KQ,70500.0,70600.0,68900.0,69500.0,66313.875,211777,-0.0113797291157424,0.007334751279647567,-0.018714480395389966
2022-06-02,SM,041510.KQ,69500.0,69500.0,66500.0,67000.0,63928.484375,337466,-0.0359712145459755,-0.0198597008552324,-0.016111513690743103
2022-06-03,SM,041510.KQ,67700.0,68200.0,66500.0,66900.0,63833.06640625,203651,-0.0014925736106973,0.002662108706655167,-0.004154682317352467
2022-06-07,SM,041510.KQ,66800.0,68100.0,64300.0,65500.0,62497.2421875,401298,-0.0209268376713798,-0.017240985470167666,-0.0036858522012121336
2022-06-08,SM,041510.KQ,66000.0,68500.0,65100.0,67900.0,64787.21484375,398600,0.0366411792920362,0.03526252747758733,0.001378651814448864
2022-06-09,SM,041510.KQ,67700.0,71400.0,67200.0,70300.0,67077.1953125,740053,0.0353461786291144,0.015157213352859569,0.020188965276254828
2022-06-10,SM,041510.KQ,69700.0,71500.0,69300.0,70900.0,67649.6875,459149,0.0085348259543778,-0.013791287438709866,0.022326113393087668
2022-06-13,SM,041510.KQ,69800.0,70400.0,68000.0,68500.0,65359.71875,487095,-0.0338503965742635,-0.06779064159766286,0.03394024502339936
2022-06-14,SM,041510.KQ,67000.0,68200.0,65400.0,67400.0,64310.140625,570807,-0.0160584859462847,-0.026338688408353236,0.010280202462068535
2022-06-15,SM,041510.KQ,67100.0,68200.0,64300.0,67100.0,64023.8984375,649959,-0.004450965037833,-0.11000700123928947,0.10555603620145647
2022-06-16,SM,041510.KQ,68100.0,71400.0,66600.0,69800.0,66600.125,736150,0.0402385144512076,0.013039663827157766,0.027198850624049836
2022-06-17,SM,041510.KQ,68200.0,69600.0,67800.0,69200.0,66027.6171875,342919,-0.0085961972668969,-0.011047977705793433,0.0024517804388965326
2022-06-20,SM,041510.KQ,69600.0,70500.0,67500.0,69200.0,66027.6171875,329843,0.0,-0.005823291280230367,0.005823291280230367
2022-06-21,SM,041510.KQ,69200.0,70800.0,68300.0,69400.0,66218.4609375,307737,0.0028903625199445,-0.0011426922247865666,0.004033054744731066
2022-06-22,SM,041510.KQ,69800.0,70000.0,64500.0,64500.0,61543.08984375,557238,-0.0706052515802628,-0.07730245447195533,0.006697202891692525
2022-06-23,SM,041510.KQ,64000.0,65700.0,60700.0,60700.0,57917.296875,652276,-0.0589147047695431,-0.02281891901605627,-0.036095785753486834
2022-06-24,SM,041510.KQ,62000.0,66600.0,61800.0,66100.0,63069.7421875,621636,0.0889621165093437,0.07356924452505186,0.015392871984291845
2022-06-27,SM,041510.KQ,66100.0,69000.0,65300.0,68000.0,64882.63671875,408057,0.0287442832073174,0.02026089397016743,0.008483389237149967
2022-06-28,SM,041510.KQ,67900.0,67900.0,66000.0,66600.0,63546.81640625,228245,-0.0205882556575258,-0.025277072673265465,0.004688817015739664
2022-06-29,SM,041510.KQ,65500.0,65900.0,63900.0,64500.0,61543.08984375,266863,-0.0315315019038928,-0.007660902017267533,-0.023870599886625266
2022-06-30,SM,041510.KQ,65100.0,65700.0,62500.0,63100.0,60207.26953125,324873,-0.0217054476122579,-0.019829578090316033,-0.001875869521941867
2022-07-01,SM,041510.KQ,63800.0,64400.0,61500.0,61900.0,59062.28515625,309974,-0.0190173775345467,-0.0184798061925299,-0.0005375713420168009
2022-07-04,SM,041510.KQ,63400.0,65700.0,62000.0,64600.0,61638.5078125,528795,0.0436187433221484,0.023170987798290632,0.020447755523857768
2022-07-05,SM,041510.KQ,64700.0,66400.0,64100.0,64800.0,61829.3359375,352389,0.0030959238270413,0.03398912332793253,-0.03089319950089123
2022-07-06,SM,041510.KQ,65500.0,68600.0,63800.0,64800.0,61829.3359375,875211,0.0,0.03116870907308683,-0.03116870907308683
2022-07-07,SM,041510.KQ,65800.0,66900.0,64300.0,65300.0,62306.41796875,439133,0.0077161111956993,0.024903255169074063,-0.017187143973374765
2022-07-08,SM,041510.KQ,66100.0,70000.0,65500.0,68500.0,65359.71875,913197,0.0490045950447897,0.02210973280882327,0.02689486223596643
2022-07-11,SM,041510.KQ,68800.0,69500.0,67300.0,68300.0,65168.8828125,384664,-0.0029197790496918,-0.0017867589852447994,-0.0011330200644470007
2022-07-12,SM,041510.KQ,67500.0,68700.0,66400.0,67000.0,63928.484375,279601,-0.0190335998404146,-0.015480456744372132,-0.003553143096042469
2022-07-13,SM,041510.KQ,66900.0,69400.0,66800.0,68500.0,65359.71875,334304,0.0223880542295431,0.026537960677025935,-0.004149906447482834
2022-07-14,SM,041510.KQ,68200.0,71700.0,67900.0,70500.0,67268.0390625,723101,0.0291971928428778,0.02650156659766593,0.0026956262452118677
2022-07-15,SM,041510.KQ,71200.0,71700.0,69600.0,69800.0,66600.125,397797,-0.0099291442386098,-0.015476731612958467,0.005547587374348668
2022-07-18,SM,041510.KQ,70500.0,70900.0,67300.0,69300.0,66123.046875,266016,-0.0071633217655372,-0.0030137804261447993,-0.004149541339392401
2022-07-19,SM,041510.KQ,69200.0,70600.0,68800.0,69600.0,66409.2890625,235604,0.0043289322108994,0.0036441829126557666,0.0006847492982436335
2022-07-20,SM,041510.KQ,70500.0,73600.0,69900.0,70900.0,67649.6875,572366,0.0186780863793409,0.004046766823598434,0.014631319555742466
2022-07-21,SM,041510.KQ,71200.0,71700.0,70400.0,71400.0,68126.765625,198378,0.0070521852004119,0.009946832453257866,-0.0028946472528459666
2022-07-22,SM,041510.KQ,71200.0,72700.0,70800.0,70800.0,67554.28125,223183,-0.0084032225770295,0.015283923220644568,-0.02368714579767407
2022-07-25,SM,041510.KQ,70400.0,72700.0,70400.0,72500.0,69176.3359375,280974,0.0240111308637451,0.03966321676856063,-0.015652085904815535
2022-07-26,SM,041510.KQ,71800.0,72400.0,70200.0,71200.0,67935.9375,315085,-0.0179309646960874,-0.0262094554412531,0.0082784907451657
2022-07-27,SM,041510.KQ,71000.0,71200.0,68200.0,68200.0,65073.48046875,440167,-0.0421346512109294,-0.014712906435736,-0.0274217447751934
2022-07-28,SM,041510.KQ,68900.0,69500.0,67000.0,67900.0,64787.21484375,341897,-0.0043991134781468,0.008274241911659366,-0.012673355389806167
2022-07-29,SM,041510.KQ,68400.0,69300.0,67900.0,69100.0,65932.203125,262500,0.0176730591677913,0.01607088479465123,0.0016021743731400688
2022-08-01,SM,041510.KQ,69200.0,69300.0,67700.0,68000.0,64882.63671875,247584,-0.015918873577759,-0.009822101469668899,-0.006096772108090101
2022-08-02,SM,041510.KQ,68100.0,69100.0,67700.0,68800.0,65645.9609375,220204,0.0117646917165037,-0.011115265531934801,0.022879957248438502
2022-08-03,SM,041510.KQ,68900.0,72500.0,68900.0,72400.0,69080.921875,591626,0.0523255488752818,0.031184252859027334,0.021141296016254463
2022-08-04,SM,041510.KQ,73100.0,73500.0,71800.0,72700.0,69367.1796875,301716,0.0041438041753116,0.0024108757678437333,0.001732928407467867
2022-08-05,SM,041510.KQ,72800.0,73400.0,71400.0,73000.0,69653.4140625,183830,0.0041263660464427,-0.0012486206108929334,0.005374986657335633
2022-08-08,SM,041510.KQ,72900.0,74600.0,72300.0,74500.0,71084.6484375,290077,0.0205479429007708,0.0143083606438282,0.006239582256942601
2022-08-09,SM,041510.KQ,74600.0,76800.0,74000.0,75900.0,72420.4765625,515675,0.0187920761284274,0.0391204430844908,-0.020328366956063403
2022-08-10,SM,041510.KQ,75000.0,75900.0,72900.0,72900.0,69558.0078125,373245,-0.0395256823190005,-0.03459807341708513,-0.004927608901915369
2022-08-11,SM,041510.KQ,74000.0,75900.0,73900.0,75000.0,71561.734375,388307,0.0288065547808848,0.028709660249672534,9.68945312122653e-05
2022-08-12,SM,041510.KQ,74800.0,75500.0,73500.0,75000.0,71561.734375,225357,0.0,0.0174981810909781,-0.0174981810909781
2022-08-16,SM,041510.KQ,75200.0,76300.0,73500.0,76200.0,72706.7265625,338896,0.0160000620093969,0.0224078991451457,-0.006407837135748801
2022-08-17,SM,041510.KQ,74300.0,74400.0,69900.0,70300.0,67077.1953125,1530733,-0.0774279288335275,-0.022280711208870933,-0.055147217624656575
2022-08-18,SM,041510.KQ,70300.0,71300.0,69300.0,70300.0,67077.1953125,456582,0.0,0.017547897123985603,-0.017547897123985603
2022-08-19,SM,041510.KQ,70500.0,71500.0,68500.0,68600.0,65455.12890625,521212,-0.0241820845175935,-0.024437237562124934,0.0002551530445314351
2022-08-22,SM,041510.KQ,67700.0,69200.0,67500.0,67800.0,64691.8046875,351190,-0.0116617938350299,-0.0043386733821355996,-0.0073231204528943
2022-08-23,SM,041510.KQ,67300.0,67700.0,66100.0,66100.0,63069.7421875,426418,-0.0250736937674799,-0.042822382199941424,0.017748688432461524
2022-08-24,SM,041510.KQ,66700.0,67200.0,65100.0,66800.0,63737.6484375,356056,0.0105899632190407,0.03127403593504883,-0.02068407271600813
2022-08-25,SM,041510.KQ,67000.0,67900.0,66500.0,67400.0,64310.140625,430253,0.0089820098722559,0.019048966867718498,-0.010066956995462598
2022-08-26,SM,041510.KQ,68100.0,70000.0,67300.0,68200.0,65073.48046875,510081,0.0118696652865544,-0.005378897503359,0.0172485627899134
2022-08-29,SM,041510.KQ,65500.0,66400.0,65000.0,66100.0,63069.7421875,388972,-0.0307919334699217,-0.04512616775400483,0.014334234284083133
2022-08-30,SM,041510.KQ,66600.0,67700.0,65900.0,67400.0,64310.140625,221950,0.0196670922454766,0.0323320411145641,-0.012664948869087499
2022-08-31,SM,041510.KQ,67800.0,70000.0,67500.0,69200.0,66027.6171875,471004,0.0267061546718549,0.029744521406853335,-0.0030383667349984343
2022-09-01,SM,041510.KQ,68700.0,69300.0,67500.0,68000.0,64882.63671875,228691,-0.0173409327418037,-0.0472826936985036,0.0299417609566999
2022-09-02,SM,041510.KQ,68000.0,68900.0,67400.0,67600.0,64500.97265625,166428,-0.0058823759606814,0.010704910162581066,-0.016587286123262466
2022-09-05,SM,041510.KQ,67600.0,68400.0,66100.0,66600.0,63546.81640625,174784,-0.0147928970790108,-0.004949302596280201,-0.0098435944827306
2022-09-06,SM,041510.KQ,67500.0,67600.0,65700.0,67000.0,63928.484375,165647,0.0060060911047066,-0.013387417209575566,0.019393508314282167
2022-09-07,SM,041510.KQ,66300.0,67500.0,65800.0,67200.0,64119.31640625,208630,0.0029850861179594,-0.011038055494805967,0.014023141612765367
2022-09-08,SM,041510.KQ,67800.0,68400.0,67200.0,67600.0,64500.97265625,275545,0.005952281954815,0.0129043827159281,-0.006952100761113101
2022-09-13,SM,041510.KQ,68800.0,69800.0,67800.0,68300.0,65168.8828125,213738,0.010355040067528,0.0072732917080479,0.0030817483594801
2022-09-14,SM,041510.KQ,66800.0,66900.0,65000.0,65600.0,62592.6640625,334575,-0.039531424183105,-0.03596798096854836,-0.003563443214556636
2022-09-15,SM,041510.KQ,66100.0,66200.0,63900.0,64500.0,61543.08984375,497105,-0.0167683263601302,-0.0141142367093465,-0.0026540896507836996
2022-09-16,SM,041510.KQ,75300.0,78400.0,71500.0,76500.0,72992.96875,5971797,0.1860465396735811,0.0056430680489606005,0.1804034716246205
2022-09-19,SM,041510.KQ,75200.0,76400.0,72300.0,73300.0,69939.6640625,1281848,-0.0418301206237757,-0.0002032466234067667,-0.041626874000368935
2022-09-20,SM,041510.KQ,74400.0,78100.0,73400.0,77000.0,73470.046875,1789644,0.0504775488962194,0.0016282437532056996,0.0488493051430137
2022-09-21,SM,041510.KQ,76400.0,79700.0,76200.0,77400.0,73851.7109375,1071347,0.0051948253571874,-0.008193580540893834,0.013388405898081233
2022-09-22,SM,041510.KQ,77000.0,80200.0,75900.0,77100.0,73565.453125,1123209,-0.0038761161910284,-0.03047671466410933,0.026600598473080928
2022-09-23,SM,041510.KQ,76600.0,77000.0,73200.0,74000.0,70607.578125,583740,-0.0402073918442951,-0.02675673465207867,-0.013450657192216432
2022-09-26,SM,041510.KQ,73900.0,74400.0,70000.0,70600.0,67363.4453125,716015,-0.0459459579077582,-0.028530515094821667,-0.01741544281293653
2022-09-27,SM,041510.KQ,71500.0,73100.0,69600.0,73100.0,69748.8359375,634573,0.0354107574803239,0.01820741877242923,0.01720333870789467
2022-09-28,SM,041510.KQ,72200.0,72600.0,67100.0,67800.0,64691.8046875,856958,-0.0725034501583863,-0.07295933078115506,0.00045588062276875896
2022-09-29,SM,041510.KQ,69300.0,71700.0,68500.0,70200.0,66981.7734375,648004,0.0353981274917574,0.03506556946411863,0.0003325580276387699
2022-09-30,SM,041510.KQ,69100.0,71300.0,68800.0,70800.0,67554.28125,491352,0.0085472178940468,0.025944198992735566,-0.017396981098688764
2022-10-04,SM,041510.KQ,71500.0,71700.0,68000.0,70000.0,66790.953125,664083,-0.0112994781511349,0.008460551232474333,-0.019760029383609233
2022-10-05,SM,041510.KQ,70900.0,71100.0,66500.0,66900.0,63833.06640625,560286,-0.0442857390163946,-0.04681474495106277,0.00252900593466817
2022-10-06,SM,041510.KQ,67400.0,67600.0,66100.0,66600.0,63546.81640625,477163,-0.0044843529555392,0.0016782143945593669,-0.006162567350098567
2022-10-07,SM,041510.KQ,65500.0,67300.0,64100.0,66600.0,63546.81640625,616928,0.0,-0.033089391259751265,0.033089391259751265
2022-10-11,SM,041510.KQ,64500.0,65000.0,61500.0,61600.0,58776.0390625,710459,-0.0750750016059149,-0.042763995445271964,-0.03231100616064294
2022-10-12,SM,041510.KQ,61600.0,64400.0,61000.0,63400.0,60493.51953125,531914,0.0292207589375612,0.018439396824669,0.010781362112892198
2022-10-13,SM,041510.KQ,63800.0,65500.0,63100.0,63200.0,60302.68359375,482535,-0.0031546509275496,-0.04043816700472006,0.03728351607717046
2022-10-14,SM,041510.KQ,65000.0,71800.0,64900.0,69200.0,66027.6171875,1866064,0.0949366305539236,0.061385155543766896,0.0335514750101567
2022-10-17,SM,041510.KQ,68000.0,69600.0,66800.0,68700.0,65550.5546875,586663,-0.0072251963696535,-0.003542782132390033,-0.0036824142372634673
2022-10-18,SM,041510.KQ,69900.0,70400.0,67100.0,69200.0,66027.6171875,584606,0.0072777797575369,0.013192723518778898,-0.005914943761241998
2022-10-19,SM,041510.KQ,69500.0,69900.0,67300.0,67400.0,64310.140625,388440,-0.0260114878539815,-0.025776741886167267,-0.00023474596781423301
2022-10-20,SM,041510.KQ,67200.0,68000.0,64600.0,65300.0,62306.41796875,438647,-0.0311571804504975,-0.03294221326009217,0.001785032809594668
2022-10-21,SM,041510.KQ,64900.0,65800.0,64000.0,65000.0,62020.16796875,296611,-0.0045942297652799,-0.008023148582281767,0.0034289188170018668
2022-10-24,SM,041510.KQ,66200.0,67800.0,66000.0,67000.0,63928.484375,395950,0.0307692879389094,0.0164209583291463,0.014348329609763101
2022-10-25,SM,041510.KQ,67000.0,70300.0,66500.0,70200.0,66981.7734375,451943,0.0477610112667401,0.0208879719066484,0.0268730393600917
2022-10-26,SM,041510.KQ,70200.0,71000.0,68800.0,69800.0,66600.125,316315,-0.0056977953540766,-0.0222362912977002,0.0165384959436236
2022-10-27,SM,041510.KQ,70500.0,74700.0,70200.0,72800.0,69462.6015625,730512,0.0429800478978079,0.026654572678312834,0.016325475219495064
2022-10-28,SM,041510.KQ,72200.0,73800.0,71000.0,71500.0,68222.1796875,347192,-0.0178574059579946,-0.008213063098008767,-0.009644342859985833
2022-10-31,SM,041510.KQ,70900.0,71800.0,68500.0,71100.0,67840.5234375,426295,-0.0055943133413242,0.0090822384472242,-0.0146765517885484
2022-11-01,SM,041510.KQ,71200.0,73100.0,66100.0,66900.0,63833.06640625,884416,-0.0590717292289465,-0.0003641098995932005,-0.0587076193293533
2022-11-02,SM,041510.KQ,66300.0,66700.0,64800.0,65100.0,62115.5859375,534785,-0.0269058117593711,0.012874132555239198,-0.039779944314610294
2022-11-03,SM,041510.KQ,63900.0,65400.0,63200.0,63900.0,60970.59765625,369951,-0.018433188127728,-0.030855785148426434,0.012422597020698433
2022-11-04,SM,041510.KQ,63400.0,63900.0,62000.0,63000.0,60111.859375,448030,-0.0140844655335599,-0.002294528552830267,-0.011789936980729634
2022-11-07,SM,041510.KQ,63000.0,64200.0,62400.0,64000.0,61066.01171875,261341,0.0158729467640925,0.005185223936676899,0.010687722827415602
2022-11-08,SM,041510.KQ,64000.0,65500.0,63400.0,64800.0,61829.3359375,316386,0.0124999848076803,0.0334309032325897,-0.020930918424909403
2022-11-09,SM,041510.KQ,64800.0,65200.0,63200.0,63400.0,60493.51953125,345266,-0.0216048965429663,-0.001443405234311367,-0.02016149130865493
2022-11-10,SM,041510.KQ,62900.0,64500.0,62100.0,62900.0,60016.44140625,322645,-0.0078864335997766,-0.008802171649992667,0.0009157380502160667
2022-11-11,SM,041510.KQ,65600.0,66500.0,64900.0,65500.0,62497.2421875,498774,0.0413353528320266,0.055495325103336234,-0.014159972271309634
2022-11-14,SM,041510.KQ,65700.0,66900.0,62800.0,65800.0,62783.49609375,1006368,0.0045802646041757,-0.027021074333272135,0.031601338937447834
2022-11-15,SM,041510.KQ,66700.0,68400.0,66400.0,68100.0,64978.05078125,684697,0.034954324369306,0.021276529006915634,0.013677795362390364
2022-11-16,SM,041510.KQ,68600.0,72000.0,68100.0,71700.0,68413.015625,937508,0.0528634639305183,0.029615411123429636,0.023248052807088665
2022-11-17,SM,041510.KQ,71100.0,76700.0,71100.0,73900.0,70512.1640625,1099181,0.0306834659797237,0.004096590762754367,0.026586875216969334
2022-11-18,SM,041510.KQ,73700.0,77000.0,72400.0,73900.0,70512.1640625,687991,0.0,-0.03351487059590056,0.03351487059590056
2022-11-21,SM,041510.KQ,74500.0,76400.0,73800.0,75200.0,71752.5625,564020,0.0175912688823527,-0.007048519601037699,0.0246397884833904
2022-11-22,SM,041510.KQ,74900.0,75600.0,72600.0,73400.0,70035.0859375,392936,-0.023936100714173,-0.013771429384141234,-0.010164671330031766
2022-11-23,SM,041510.KQ,75800.0,78000.0,74700.0,76700.0,73183.796875,924310,0.0449590501011156,0.039947926672971534,0.005011123428144068
2022-11-24,SM,041510.KQ,76800.0,78400.0,74800.0,77200.0,73660.8828125,564986,0.006519010462314,0.02332441723122593,-0.01680540676891193
2022-11-25,SM,041510.KQ,76600.0,77500.0,75100.0,77200.0,73660.8828125,383263,0.0,-0.010641203975148632,0.010641203975148632
2022-11-28,SM,041510.KQ,77100.0,78400.0,76300.0,77500.0,73947.125,331447,0.0038859456548818,-0.012158611359926632,0.016044557014808433
2022-11-29,SM,041510.KQ,77400.0,81700.0,76900.0,80300.0,76618.765625,787961,0.0361290668839391,0.0387061604784845,-0.0025770935945454015
2022-11-30,SM,041510.KQ,79900.0,80300.0,77900.0,79300.0,75664.6015625,472957,-0.0124533990428666,-0.013006694195623334,0.0005532951527567349
2022-12-01,SM,041510.KQ,80300.0,82400.0,80000.0,81700.0,77954.5859375,427831,0.0302649366772709,0.05710797585941496,-0.026843039182144063
2022-12-02,SM,041510.KQ,81100.0,82600.0,81000.0,82100.0,78336.2421875,305177,0.0048958793816953,-0.008520268603103667,0.013416147984798968
2022-12-05,SM,041510.KQ,82000.0,83300.0,81000.0,81400.0,77668.328125,303520,-0.0085262458837549,0.0036233379445112005,-0.012149583828266102
2022-12-06,SM,041510.KQ,80300.0,80900.0,78600.0,79200.0,75569.1796875,434006,-0.0270270841175004,-0.029923119091950934,0.002896034974450533
2022-12-07,SM,041510.KQ,78700.0,80200.0,78200.0,79200.0,75569.1796875,251374,0.0,0.0019695711830685,-0.0019695711830685
2022-12-08,SM,041510.KQ,79200.0,79700.0,77500.0,78000.0,74424.203125,410667,-0.015151369476747,-0.0017332793654668665,-0.013418090111280135
2022-12-09,SM,041510.KQ,78600.0,80600.0,78600.0,79000.0,75378.359375,288590,0.0128205101289085,0.0443294395165487,-0.031508929387640196
2022-12-12,SM,041510.KQ,79000.0,81600.0,78700.0,79400.0,75760.0234375,310706,0.0050633108184441,-0.0006346217804044331,0.005697932598848533
2022-12-13,SM,041510.KQ,80500.0,80500.0,78100.0,78800.0,75187.53125,237993,-0.0075566527242734,-0.0146666599620585,0.007110007237785101
2022-12-14,SM,041510.KQ,78000.0,80300.0,78000.0,79100.0,75473.7734375,301583,0.0038070433054682,0.03182375848898047,-0.02801671518351227
2022-12-15,SM,041510.KQ,79000.0,80200.0,77000.0,77800.0,74233.3671875,450712,-0.0164349308840001,-0.0260604962474901,0.009625565363490001
2022-12-16,SM,041510.KQ,76400.0,78400.0,75700.0,78000.0,74424.203125,222172,0.0025707568540975,0.028407692523960765,-0.025836935669863264
2022-12-19,SM,041510.KQ,78000.0,81400.0,77800.0,81200.0,77477.5,487656,0.0410255904234782,0.029261701702669996,0.011763888720808201
2022-12-20,SM,041510.KQ,80700.0,81800.0,78400.0,78500.0,74901.28125,304209,-0.0332511858281436,-0.0334067455375606,0.00015555970941700387
2022-12-21,SM,041510.KQ,79600.0,79700.0,77100.0,78000.0,74424.203125,247487,-0.0063694254228795,0.015467152644630467,-0.021836578067509965
2022-12-22,SM,041510.KQ,78800.0,80100.0,77400.0,79800.0,76141.6875,284080,0.0230769602210638,0.04393677281461473,-0.02085981259355093
2022-12-23,SM,041510.KQ,77500.0,78400.0,76600.0,77100.0,73565.453125,447413,-0.0338347423019748,-0.016776536860316466,-0.017058205441658335
2022-12-26,SM,041510.KQ,77100.0,79200.0,76400.0,79100.0,75473.7734375,281080,0.0259404412184811,-0.009740561702486432,0.03568100292096753
2022-12-27,SM,041510.KQ,79200.0,80200.0,78000.0,79300.0,75664.6015625,408417,0.0025284031301022,-5.857678351573319e-05,0.002586979913617933
2022-12-28,SM,041510.KQ,79000.0,79100.0,75000.0,76000.0,73630.0859375,754554,-0.0268886055432335,-0.020077739224009263,-0.006810866319224236
2022-12-29,SM,041510.KQ,75100.0,77200.0,74200.0,76700.0,74308.265625,492722,0.0092106328393486,0.019524621403604465,-0.010313988564255866
2023-01-02,SM,041510.KQ,77300.0,78000.0,73300.0,75200.0,72855.0390625,425582,-0.019556728316521,0.021292213307419133,-0.040848941623940135
2023-01-03,SM,041510.KQ,74900.0,78400.0,74700.0,77200.0,74792.6796875,462240,0.0265958353730035,0.027793288380662803,-0.0011974530076593014
2023-01-04,SM,041510.KQ,77200.0,77400.0,74200.0,75200.0,72855.0390625,337977,-0.0259068218052339,-0.028372388287480333,0.0024655664822464327
2023-01-05,SM,041510.KQ,75600.0,76900.0,73600.0,74400.0,72079.984375,297806,-0.0106383127025037,0.0004608119837576665,-0.011099124686261366
2023-01-06,SM,041510.KQ,74000.0,74400.0,71700.0,73900.0,71595.578125,441861,-0.0067203989318289,-0.012097470264036134,0.005377071332207234
2023-01-09,SM,041510.KQ,75100.0,78000.0,75000.0,76300.0,73920.734375,429310,0.0324762549712283,0.0187429458925895,0.013733309078638803
2023-01-10,SM,041510.KQ,75900.0,76500.0,74300.0,74600.0,72273.75,305640,-0.0222804114288805,-0.027205104854355937,0.004924693425475437
2023-01-11,SM,041510.KQ,75400.0,77000.0,74200.0,77000.0,74598.90625,417695,0.0321715180131099,0.02256255088169847,0.00960896713141143
2023-01-12,SM,041510.KQ,79600.0,80800.0,76300.0,77700.0,75277.0859375,850735,0.0090910138176456,0.0054119096186805325,0.0036791041989650683
2023-01-13,SM,041510.KQ,77500.0,78000.0,74900.0,75500.0,73145.6796875,509649,-0.0283141439849257,-0.004975142981628734,-0.023339001003296965
2023-01-16,SM,041510.KQ,76200.0,76300.0,74000.0,74500.0,72176.8671875,395986,-0.0132449722818771,0.002362156371355033,-0.015607128653232133
2023-01-17,SM,041510.KQ,74200.0,74800.0,73000.0,73400.0,71111.1640625,322259,-0.0147651618382318,-0.004002202517188433,-0.010762959321043368
2023-01-18,SM,041510.KQ,73500.0,74400.0,72900.0,74100.0,71789.34375,277235,0.0095368947540213,0.019202827259108633,-0.009665932505087333
2023-01-19,SM,041510.KQ,73700.0,77100.0,73300.0,76800.0,74405.140625,631496,0.0364371191929164,0.04736754770031696,-0.010930428507400558
2023-01-20,SM,041510.KQ,77000.0,84500.0,76500.0,83100.0,80508.6953125,1784248,0.0820313574603905,-0.006209005065219633,0.08824036252561014
2023-01-25,SM,041510.KQ,84100.0,84600.0,80100.0,80600.0,78086.65625,4187,-0.030084192186927,-0.0035038090410987994,-0.026580383145828203
2023-01-26,SM,041510.KQ,80800.0,81700.0,79500.0,80300.0,77796.0078125,3919,-0.0037221268198431,0.012995642550797099,-0.0167177693706402
2023-01-27,SM,041510.KQ,80600.0,83000.0,80400.0,80300.0,77796.0078125,3224,0.0,0.020958479655654266,-0.020958479655654266
2023-01-30,SM,041510.KQ,82900.0,86300.0,82400.0,82500.0,79927.3984375,4513,0.0273971722319861,-0.017044213875044966,0.044441386107031064
2023-01-31,SM,041510.KQ,84100.0,88700.0,83300.0,87900.0,85159.0078125,6056,0.0654545184413941,0.017649344386238268,0.04780517405515584
2023-02-01,SM,041510.KQ,87700.0,88000.0,86100.0,86700.0,83996.4375,1666,-0.0136517597182402,0.0005042195691421666,-0.014155979287382365
2023-02-02,SM,041510.KQ,86900.0,89900.0,86100.0,89100.0,86321.59375,3427,0.0276816055442827,-0.0055495558870696,0.0332311614313523
2023-02-03,SM,041510.KQ,89900.0,95900.0,88100.0,91100.0,88259.234375,7983,0.0224467661082774,0.010968300172637,0.0114784659356404
2023-02-06,SM,041510.KQ,90500.0,93900.0,89600.0,92200.0,89324.9296875,1265,0.0120746040915336,-0.008415384373735199,0.020489988465268796
2023-02-07,SM,041510.KQ,93000.0,99700.0,85700.0,90100.0,87290.4140625,72077,-0.0227765712452019,0.0035580265757294,-0.0263345978209313
2023-02-08,SM,041510.KQ,95000.0,99800.0,92100.0,98700.0,95622.234375,32538,0.095449430524346,0.023870787158059164,0.07157864336628683
2023-02-09,SM,041510.KQ,100000.0,103300.0,95700.0,98500.0,95428.4765625,92592,-0.0020262840935105,0.0015436922861984,-0.0035699763797088996
2023-02-10,SM,041510.KQ,115200.0,117000.0,107300.0,114700.0,111123.3125,143447,0.1644670071539999,-0.0015235898433555335,0.16599059699735544
2023-02-13,SM,041510.KQ,115000.0,118300.0,114500.0,116000.0,112382.7734375,28580,0.0113339038331852,-0.0217088733869773,0.0330427772201625
2023-02-14,SM,041510.KQ,116700.0,119100.0,116100.0,116800.0,113157.828125,136128,0.0068965613126734,0.026682256838076568,-0.019785695525403168
2023-02-15,SM,041510.KQ,118700.0,127900.0,117600.0,122600.0,118776.9609375,49992,0.0496574819931399,-0.025586339824154734,0.07524382181729464
2023-02-16,SM,041510.KQ,124900.0,133600.0,120700.0,131900.0,127786.9609375,154844,0.0758564617993637,0.005956977231523733,0.06989948456783997
2023-02-17,SM,041510.KQ,132300.0,132900.0,126000.0,130100.0,126043.09375,42314,-0.0136466754879076,-0.029804667197972434,0.016157991710064833
2023-02-20,SM,041510.KQ,125000.0,125500.0,121700.0,121800.0,118001.90625,35933,-0.0637971289085405,0.030540349025361468,-0.09433747793390197
2023-02-21,SM,041510.KQ,124400.0,125500.0,122000.0,123500.0,119648.8984375,17688,0.0139573354349942,-0.0044545905408813,0.0184119259758755
2023-02-22,SM,041510.KQ,123400.0,125800.0,120100.0,121100.0,117323.7421875,20812,-0.0194331605252059,0.027659993808354637,-0.04709315433356054
2023-02-23,SM,041510.KQ,122500.0,127300.0,120600.0,126300.0,122361.5859375,22086,0.0429396783299735,0.0031506144894910327,0.03978906384048247
2023-02-24,SM,041510.KQ,126000.0,126000.0,120700.0,121000.0,117226.8515625,54310,-0.0419636141167925,-0.0200795410351343,-0.0218840730816582
2023-02-27,SM,041510.KQ,122000.0,127100.0,119300.0,120300.0,116548.6796875,2114459,-0.00578512402202,0.004444730197768267,-0.010229854219788267
2023-02-28,SM,041510.KQ,121200.0,128000.0,118700.0,127600.0,123621.046875,3477054,0.0606816585693035,0.041678250525412706,0.019003408043890793
2023-03-02,SM,041510.KQ,126000.0,131100.0,123700.0,128000.0,124008.578125,1256953,0.0031348322943087,-0.004534558951137834,0.007669391245446534
2023-03-03,SM,041510.KQ,127400.0,131000.0,124500.0,129200.0,125171.15625,1073133,0.0093749814938457,-0.0016058319801934334,0.010980813474039133
2023-03-06,SM,041510.KQ,125300.0,134900.0,124700.0,130100.0,126043.09375,2431975,0.0069659618567277,0.004969314514072033,0.0019966473426556667
2023-03-07,SM,041510.KQ,147200.0,149700.0,146500.0,149700.0,145031.890625,3609572,0.1506532116123975,0.012883278589379902,0.1377699330230176
2023-03-08,SM,041510.KQ,154100.0,161200.0,150600.0,158500.0,153557.5,2568990,0.0587843772721969,-0.0065146465960872315,0.06529902386828414
2023-03-09,SM,041510.KQ,157000.0,157000.0,152600.0,154900.0,150069.765625,1073416,-0.0227128884945378,-0.018069762757457267,-0.0046431257370805334
2023-03-10,SM,041510.KQ,152000.0,154000.0,146000.0,147800.0,143191.15625,3601004,-0.0458360772828054,0.005063625775365534,-0.05089970305817093
2023-03-13,SM,041510.KQ,135000.0,135000.0,111300.0,113100.0,109573.1953125,5457572,-0.234776796402187,-0.034419752995569236,-0.20035704340661775
2023-03-14,SM,041510.KQ,114400.0,118000.0,112500.0,115200.0,111607.71875,2469659,0.0185677111240352,-0.0346253057068283,0.0531930168308635
2023-03-15,SM,041510.KQ,114600.0,116300.0,113400.0,113400.0,109863.8515625,1124623,-0.015624969375158,-0.0019576034827120336,-0.013667365892445967
2023-03-16,SM,041510.KQ,112200.0,113900.0,111300.0,111600.0,108119.9765625,971273,-0.0158730553789836,-0.008751208770595967,-0.007121846608387631
2023-03-17,SM,041510.KQ,111900.0,113000.0,107500.0,113000.0,109476.3203125,1195671,0.0125448024789012,0.03701291071243597,-0.024468108233534767
2023-03-20,SM,041510.KQ,111000.0,113700.0,109200.0,113300.0,109766.96875,826024,0.0026548977593541,-0.0031192100737532,0.0057741078331073
2023-03-21,SM,041510.KQ,115000.0,115000.0,111500.0,113500.0,109960.734375,753541,0.0017652452937941,0.020162802010216366,-0.018397556716422268
2023-03-22,SM,041510.KQ,113200.0,113800.0,111100.0,112000.0,108507.5,836391,-0.0132159391555536,-0.0122990260677591,-0.0009169130877945009
2023-03-23,SM,041510.KQ,111400.0,112400.0,106100.0,107200.0,103857.1796875,326147,-0.0428571325714812,-0.0012255206651532336,-0.04163161190632797
2023-03-24,SM,041510.KQ,106400.0,110600.0,104100.0,107200.0,103857.1796875,322573,0.0,0.0279725546240653,-0.0279725546240653
2023-03-27,SM,041510.KQ,105800.0,106300.0,90500.0,91100.0,88259.234375,1695358,-0.1501864903267475,-0.017713050266693734,-0.13247344006005377
2023-03-28,SM,041510.KQ,88200.0,95700.0,87600.0,94300.0,91359.4453125,2789272,0.0351261934170841,0.04362438611821783,-0.008498192701133729
2023-03-29,SM,041510.KQ,94300.0,98400.0,93000.0,97400.0,94362.765625,843826,0.0328736706120202,0.0022530409378042665,0.030620629674215933
2023-03-30,SM,041510.KQ,97900.0,98900.0,94100.0,94100.0,91165.6796875,700700,-0.0338807994480079,-0.005859164358882167,-0.02802163508912573
2023-03-31,SM,041510.KQ,93200.0,94900.0,92500.0,93200.0,90293.75,443511,-0.0095642317425682,-0.0005887273752257334,-0.008975504367342468
2023-04-03,SM,041510.KQ,93200.0,96300.0,93200.0,94400.0,91456.328125,446579,0.0128755104866062,-0.016090868197525535,0.028966378684131735
2023-04-04,SM,041510.KQ,94500.0,96800.0,93000.0,96100.0,93103.3125,420019,0.0180084244443856,0.024380381410722934,-0.006371956966337335
2023-04-05,SM,041510.KQ,96200.0,98500.0,94400.0,96200.0,93200.1953125,408617,0.0010405946888301,-0.0060594457435637,0.007100040432393801
2023-04-06,SM,041510.KQ,96200.0,101600.0,96100.0,98000.0,94944.0703125,615805,0.0187110659387867,0.03508525318697226,-0.01637418724818556
2023-04-07,SM,041510.KQ,98800.0,99400.0,93400.0,97600.0,94556.5390625,364670,-0.0040816793373664,0.0378548372167647,-0.041936516554131095
2023-04-10,SM,041510.KQ,97400.0,97400.0,94800.0,95800.0,92812.6640625,295454,-0.0184426695106441,-0.0011937902785778335,-0.017248879232066267
2023-04-11,SM,041510.KQ,96000.0,98500.0,95800.0,97400.0,94362.765625,252215,0.0167014014537516,0.0051773291816954,0.0115240722720562
2023-04-12,SM,041510.KQ,97400.0,98600.0,94100.0,95200.0,92231.3828125,412709,-0.0225871168398155,0.016586788045685967,-0.039173904885501466
2023-04-13,SM,041510.KQ,95500.0,104800.0,95500.0,101700.0,98528.6875,1271206,0.0682772446370232,0.0444363767118606,0.0238408679251626
2023-04-14,SM,041510.KQ,101000.0,108000.0,100000.0,105500.0,102210.1953125,596209,0.0373648315623813,0.0372444541760155,0.0001203773863658053
2023-04-17,SM,041510.KQ,106200.0,106800.0,103000.0,104800.0,101532.0234375,273654,-0.0066350707277932,0.0195107797056754,-0.0261458504334686
2023-04-18,SM,041510.KQ,106100.0,109100.0,101300.0,102700.0,99497.5078125,564128,-0.0200381668376026,-0.009530787660554632,-0.010507379177047969
2023-04-19,SM,041510.KQ,102700.0,106000.0,101200.0,104500.0,101241.375,314819,0.0175267423862139,-0.0146163615109707,0.0321431038971846
2023-04-20,SM,041510.KQ,104200.0,106800.0,101900.0,103000.0,99788.1484375,318058,-0.014354077693038,-0.007240381579766734,-0.007113696113271266
2023-04-21,SM,041510.KQ,103000.0,104300.0,98800.0,100500.0,97366.1015625,269352,-0.0242718891263624,-0.018582909507563698,-0.0056889796187987035
2023-04-24,SM,041510.KQ,100400.0,106100.0,100400.0,104600.0,101338.2578125,295906,0.0407960900791559,0.0186405494517481,0.022155540627407797
2023-04-25,SM,041510.KQ,104600.0,106700.0,102900.0,103300.0,100078.796875,281346,-0.0124282868552003,-0.0070216862620988,-0.0054066005931014995
2023-04-26,SM,041510.KQ,103300.0,108800.0,103200.0,108300.0,104922.8828125,441812,0.0484027195445837,0.02852426621514507,0.01987845332943863
2023-04-27,SM,041510.KQ,108300.0,109300.0,105900.0,106200.0,102888.3671875,295182,-0.0193905806861571,0.0015163902638751336,-0.020906970950032234
2023-04-28,SM,041510.KQ,107300.0,110000.0,106400.0,107200.0,103857.1796875,258476,0.0094161519565616,0.013199087961214667,-0.0037829360046530668
2023-05-02,SM,041510.KQ,107300.0,113900.0,106800.0,112600.0,109088.7890625,361912,0.0503731122946107,0.04814484543009764,0.002228266864513065
2023-05-03,SM,041510.KQ,112600.0,116600.0,111200.0,112500.0,108991.9140625,466539,-0.0008880380911048,0.02619057588995184,-0.02707861398105664
2023-05-04,SM,041510.KQ,113300.0,113700.0,106200.0,107300.0,103954.0625,378978,-0.0462222505754977,-0.0044297376504873,-0.0417925129250104
2023-05-08,SM,041510.KQ,109300.0,110000.0,103800.0,104800.0,101532.0234375,389863,-0.0232991285213119,-0.038059542559738466,0.014760414038426567
2023-05-09,SM,041510.KQ,105700.0,107200.0,102900.0,103400.0,100175.6796875,300289,-0.013358777891735,-0.007631060712474467,-0.005727717179260534
2023-05-10,SM,041510.KQ,103400.0,107100.0,103400.0,105700.0,102403.9609375,269870,0.0222437347762567,0.0206721274895693,0.0015716072866873987
2023-05-11,SM,041510.KQ,106100.0,110700.0,101000.0,107800.0,104438.4765625,658013,0.0198675481531591,0.0034592627883346994,0.016408285364824398
2023-05-12,SM,041510.KQ,109000.0,110400.0,104800.0,106400.0,103082.125,401751,-0.0129870868203282,0.07071021806923387,-0.08369730488956208
2023-05-15,SM,041510.KQ,106200.0,106700.0,101600.0,102500.0,99303.7421875,393503,-0.0366541028573091,-0.0016026183145619332,-0.03505148454274717
2023-05-16,SM,041510.KQ,103200.0,110400.0,102000.0,109200.0,105794.8125,925106,0.0653658177377032,0.10735892100652661,-0.04199310326882341
2023-05-17,SM,041510.KQ,109200.0,119100.0,108600.0,113300.0,109766.96875,991794,0.0375458508421666,0.04593844907408407,-0.008392598231917472
2023-05-18,SM,041510.KQ,112700.0,112900.0,109300.0,111000.0,107538.6875,301823,-0.0203001073581163,-0.0012662565201312995,-0.019033850837985
2023-05-19,SM,041510.KQ,112200.0,112400.0,106300.0,107600.0,104244.7109375,354534,-0.0306306189807272,-0.01939517554113877,-0.01123544343958843
2023-05-22,SM,041510.KQ,107600.0,107600.0,104500.0,106900.0,103566.53125,272770,-0.0065056508037765,-0.023192362066534165,0.016686711262757663
2023-05-23,SM,041510.KQ,107000.0,108900.0,105400.0,108100.0,104729.1171875,234544,0.0112254984643023,0.0169730490966124,-0.005747550632310099
2023-05-24,SM,041510.KQ,108500.0,108500.0,104200.0,105100.0,101822.6640625,313977,-0.0277521018323536,-0.013772185655421335,-0.013979916176932266
2023-05-25,SM,041510.KQ,103300.0,106100.0,102900.0,103600.0,100369.4375,206101,-0.01427213259327,-0.008826882062157199,-0.005445250531112802
2023-05-26,SM,041510.KQ,104200.0,106900.0,103700.0,104800.0,101532.0234375,244413,0.0115830671811825,0.010456573539133101,0.001126493642049399
2023-05-30,SM,041510.KQ,104800.0,109500.0,103700.0,109400.0,105988.578125,333103,0.0438930943816293,0.043920936678673465,-2.7842297044167186e-05
2023-05-31,SM,041510.KQ,110300.0,114900.0,109500.0,109700.0,106279.21875,574950,0.0027421881691556,-0.007512779619693034,0.010254967788848634
2023-06-01,SM,041510.KQ,109700.0,114600.0,100600.0,101800.0,98625.5625,2092346,-0.0720146077475752,0.0215787017582563,-0.0935933095058315
2023-06-02,SM,041510.KQ,102700.0,103200.0,101200.0,101900.0,98722.453125,444578,0.0009824088455769,-0.0141428566138959,0.0151252654594728
2023-06-05,SM,041510.KQ,102000.0,102500.0,98600.0,100500.0,97366.1015625,506533,-0.0137390382791908,-0.016365763553392833,0.0026267252742020342
2023-06-07,SM,041510.KQ,100000.0,105700.0,99500.0,103300.0,100078.796875,528834,0.0278607777138812,-0.015584823382111368,0.04344560109599257
2023-06-08,SM,041510.KQ,103300.0,103600.0,101400.0,103400.0,100175.6796875,349972,0.0009680653197801,-0.009785938884465033,0.010754004204245134
2023-06-09,SM,041510.KQ,103200.0,105800.0,102000.0,102000.0,98819.3359375,348743,-0.0135396510832882,0.030407622028825066,-0.043947273112113265
2023-06-12,SM,041510.KQ,103000.0,105200.0,101800.0,104400.0,101144.5,321475,0.0235294443181706,0.017498629525765298,0.0060308147924053035
2023-06-13,SM,041510.KQ,105500.0,109400.0,103800.0,108000.0,104632.2421875,439951,0.0344827666111355,0.0032145557825515995,0.0312682108285839
2023-06-14,SM,041510.KQ,109700.0,118200.0,109500.0,114900.0,111317.0703125,1038431,0.0638887974226993,-0.0045413648410381,0.06843016226373741
2023-06-15,SM,041510.KQ,116000.0,117400.0,113000.0,114800.0,111220.1875,467487,-0.0008703320364794,0.020339460854028102,-0.021209792890507503
2023-06-16,SM,041510.KQ,115600.0,118500.0,113000.0,117600.0,113932.875,453509,0.024390243902439,-0.008561964470287666,0.032952208372726666
2023-06-19,SM,041510.KQ,117600.0,122300.0,115400.0,118900.0,115192.34375,498769,0.0110544805439167,0.0011851050504939334,0.009869375493422768
2023-06-20,SM,041510.KQ,120000.0,124300.0,118900.0,121900.0,118098.7890625,436314,0.0252312368850469,0.0074258035276859,0.017805433357361
2023-06-21,SM,041510.KQ,121800.0,123100.0,117400.0,118800.0,115095.46875,344778,-0.0254305766921165,-0.020681085454345164,-0.004749491237771335
2023-06-22,SM,041510.KQ,117800.0,119600.0,113400.0,114200.0,110638.8984375,597643,-0.0387206408810077,0.0046241932278938995,-0.043344834108901595
2023-06-23,SM,041510.KQ,114900.0,115200.0,110800.0,111000.0,107538.6875,323657,-0.0280209852166172,-0.018695530908372334,-0.009325454308244868
2023-06-26,SM,041510.KQ,110300.0,112000.0,109400.0,109700.0,106279.21875,193953,-0.0117117734954688,-0.01004138535763,-0.0016703881378387995
2023-06-27,SM,041510.KQ,108600.0,110900.0,106400.0,109700.0,106279.21875,238510,0.0,-0.012448071389311068,0.012448071389311068
2023-06-28,SM,041510.KQ,109100.0,110200.0,107300.0,107300.0,103954.0625,213378,-0.0218778071324503,-0.015818999625664836,-0.006058807506785464
2023-06-29,SM,041510.KQ,107400.0,110500.0,105300.0,107000.0,103663.421875,258872,-0.0027958563427956,-0.0006039966021623005,-0.0021918597406332995
2023-06-30,SM,041510.KQ,107000.0,108800.0,105200.0,106800.0,103469.65625,202510,-0.0018691802903597,0.011753632813973734,-0.013622813104333433
2023-07-03,SM,041510.KQ,107300.0,107400.0,103500.0,106800.0,103469.65625,220891,0.0,-0.0019086995070146668,0.0019086995070146668
2023-07-04,SM,041510.KQ,106800.0,111600.0,105200.0,109300.0,105891.703125,277584,0.0234082818362508,0.036995232159792564,-0.013586950323541763
2023-07-05,SM,041510.KQ,108000.0,110100.0,106600.0,108200.0,104825.9921875,202211,-0.0100641590044309,-0.001530835025215866,-0.008533323979215034
2023-07-06,SM,041510.KQ,108100.0,110600.0,106500.0,106700.0,103372.78125,254382,-0.0138630782993274,-0.0231096218999549,0.009246543600627499
2023-07-07,SM,041510.KQ,106600.0,107400.0,104200.0,105500.0,102210.1953125,183745,-0.011246538241903,0.0022029619397009002,-0.0134495001816039
2023-07-10,SM,041510.KQ,105300.0,109500.0,104600.0,106600.0,103275.890625,272706,0.0104265069569793,-0.041796650129532965,0.05222315708651226
2023-07-11,SM,041510.KQ,108900.0,117700.0,107900.0,117100.0,113448.46875,592171,0.0984990597847967,0.035814853105646104,0.06268420667915059
2023-07-12,SM,041510.KQ,117200.0,126700.0,114900.0,122700.0,118873.84375,731218,0.0478223730983589,-0.026338478089563366,0.07416085118792226
2023-07-13,SM,041510.KQ,122800.0,124000.0,118200.0,121000.0,117226.8515625,437574,-0.013854958631301,-0.012230193877624867,-0.0016247647536761327
2023-07-14,SM,041510.KQ,121100.0,121700.0,116000.0,117900.0,114223.5234375,274774,-0.0256197968722102,-0.0274986119198853,0.001878815047675099
2023-07-17,SM,041510.KQ,119200.0,122100.0,116100.0,116600.0,112964.0625,285223,-0.0110262833748876,0.0092397109846634,-0.020265994359551
2023-07-18,SM,041510.KQ,117400.0,119000.0,115700.0,116800.0,113157.828125,238259,0.0017152855581836,0.004921008725338566,-0.0032057231671549663
2023-07-19,SM,041510.KQ,117300.0,119300.0,114200.0,118000.0,114320.4140625,235286,0.010274021309562,0.0063385549188803335,0.003935466390681667
2023-07-20,SM,041510.KQ,118100.0,123800.0,115400.0,122400.0,118583.203125,304235,0.0372880827755706,0.02192555299291943,0.01536252978265117
2023-07-21,SM,041510.KQ,121100.0,121300.0,117000.0,118400.0,114707.9296875,221850,-0.0326797837752369,-0.02542380261563777,-0.007255981159599131
2023-07-24,SM,041510.KQ,118100.0,119400.0,116100.0,116600.0,112964.0625,190275,-0.0152026733657457,-0.00029481494935213365,-0.014907858416393565
2023-07-25,SM,041510.KQ,116700.0,129900.0,116600.0,124900.0,121005.2421875,723958,0.0711835207546647,0.0634348274816914,0.0077486932729733116
2023-07-26,SM,041510.KQ,125500.0,125600.0,116900.0,116900.0,113254.703125,452799,-0.0640512668904904,-0.0613339447667125,-0.002717322123777899
2023-07-27,SM,041510.KQ,117000.0,124300.0,117000.0,123400.0,119552.0234375,370524,0.0556031682459103,0.028671807629156332,0.02693136061675397
2023-07-28,SM,041510.KQ,123600.0,128500.0,122100.0,128000.0,124008.578125,258017,0.037277116349518,0.0060748457443319664,0.03120227060518603
2023-07-31,SM,041510.KQ,128000.0,133500.0,124600.0,130600.0,126527.5,287530,0.0203124809032237,0.0038651480840262,0.0164473328191975
2023-08-01,SM,041510.KQ,130600.0,134700.0,125800.0,134700.0,130499.6484375,511320,0.0313935582185691,-0.046001945521766764,0.07739550374033587
2023-08-02,SM,041510.KQ,134000.0,141100.0,131900.0,136100.0,131855.984375,874749,0.0103934068308972,-0.015284005154547434,0.025677411985444633
2023-08-03,SM,041510.KQ,136100.0,142700.0,128300.0,132600.0,128465.1328125,699620,-0.0257163266314586,-0.012479387213901036,-0.013236939417557563
2023-08-04,SM,041510.KQ,133000.0,140900.0,133000.0,137700.0,133406.09375,441630,0.0384614940204166,0.06942228783358717,-0.030960793813170573
2023-08-07,SM,041510.KQ,138900.0,142000.0,138500.0,139000.0,134665.578125,396397,0.0094409808397526,0.016845639108675498,-0.0074046582689228976
2023-08-08,SM,041510.KQ,140600.0,141500.0,133300.0,138000.0,133696.75,278479,-0.0071943264083469,0.007138765796492734,-0.014333092204839634
2023-08-09,SM,041510.KQ,138700.0,138700.0,133500.0,135400.0,131177.828125,253730,-0.0188405617563628,-0.015747337936320268,-0.003093223820042533
2023-08-10,SM,041510.KQ,135700.0,138800.0,133000.0,136300.0,132049.75,280833,0.0066468692725201,-0.016395444850120934,0.023042314122641034
2023-08-11,SM,041510.KQ,135200.0,137700.0,130700.0,136500.0,132243.53125,206736,0.0014674866858892,0.015123948697769701,-0.013656462011880501
2023-08-14,SM,041510.KQ,135400.0,137500.0,129100.0,136700.0,132437.28125,276753,0.0014651000178884,-0.032236980807914366,0.03370208082580277
2023-08-16,SM,041510.KQ,135700.0,137500.0,130600.0,131300.0,127205.671875,194744,-0.0395025428310051,-0.04612039085891073,0.006617848027905632
2023-08-17,SM,041510.KQ,131400.0,133800.0,130400.0,131700.0,127593.203125,162260,0.0030464934801084,0.009043641296997133,-0.005997147816888733
2023-08-18,SM,041510.KQ,128700.0,128800.0,125400.0,127300.0,123330.40625,231009,-0.0334092786339397,-0.042422712226238564,0.009013433592298864
2023-08-21,SM,041510.KQ,127300.0,133300.0,127000.0,131000.0,126915.0234375,159067,0.0290651534888624,0.00031069996599316675,0.028754453522869233
2023-08-22,SM,041510.KQ,131100.0,134500.0,130000.0,130600.0,126527.5,142169,-0.0030534087061082,-0.010016819974871667,0.006963411268763467
2023-08-23,SM,041510.KQ,130800.0,137000.0,130800.0,132700.0,128562.015625,194762,0.0160796318982039,0.0022462622813363,0.0138333696168676
2023-08-24,SM,041510.KQ,133000.0,134400.0,131700.0,133200.0,129046.421875,110584,0.003767880019966,0.005784178568892101,-0.002016298548926101
2023-08-25,SM,041510.KQ,131800.0,136300.0,131300.0,134200.0,130015.2421875,127354,0.0075075333234613,0.005703301723539433,0.0018042315999218664
2023-08-28,SM,041510.KQ,135200.0,141800.0,134300.0,141300.0,136893.84375,318396,0.0529061165965456,0.028183074500657466,0.024723042095888135
2023-08-29,SM,041510.KQ,139900.0,147000.0,136200.0,141400.0,136990.71875,388277,0.0007076651319464,0.0322363600325802,-0.0315286949006338
2023-08-30,SM,041510.KQ,142000.0,142000.0,138000.0,138000.0,133696.75,214994,-0.0240451964925543,0.0045252175250921,-0.0285704140176464
2023-08-31,SM,041510.KQ,137900.0,140200.0,135300.0,137500.0,133212.34375,226796,-0.0036231714682668,-0.0038902378011259667,0.0002670663328591667
2023-09-01,SM,041510.KQ,137100.0,137700.0,132200.0,132200.0,128077.6015625,208168,-0.0385455434755834,-0.034491894126933466,-0.004053649348649935
2023-09-04,SM,041510.KQ,131900.0,135800.0,127500.0,133300.0,129143.3046875,242845,0.0083207611010731,0.0005064341611028334,0.007814326939970268
2023-09-05,SM,041510.KQ,133200.0,134000.0,129500.0,132500.0,128368.2578125,111706,-0.0060014483668003,0.0019161024164129,-0.0079175507832132
2023-09-06,SM,041510.KQ,132900.0,139600.0,132900.0,139000.0,134665.578125,236793,0.0490566781836216,-0.011450567173726833,0.06050724535734844
2023-09-07,SM,041510.KQ,137900.0,138200.0,132000.0,132000.0,127883.84375,259400,-0.0503598207457663,-0.0099051316181524,-0.0404546891276139
2023-09-08,SM,041510.KQ,132800.0,134600.0,130800.0,132800.0,128658.8984375,151981,0.0060606145762647,0.010352150739164734,-0.004291536162900034
2023-09-11,SM,041510.KQ,134100.0,135000.0,129800.0,134200.0,130015.2421875,145167,0.0105421682174504,0.009124051748925402,0.0014181164685249988
2023-09-12,SM,041510.KQ,134500.0,142500.0,134500.0,137300.0,133018.5625,324157,0.0230997555514975,0.008684514881959466,0.014415240669538034
2023-09-13,SM,041510.KQ,137800.0,142800.0,136100.0,137400.0,133115.46875,289656,0.0007285167436688,-0.019118211446921166,0.019846728190589965
2023-09-14,SM,041510.KQ,138100.0,141500.0,137800.0,139200.0,134859.328125,172600,0.0131003510814742,0.038880252967434394,-0.025779901885960195
2023-09-15,SM,041510.KQ,138900.0,139200.0,134200.0,135200.0,130984.0546875,183642,-0.028735672136139,-0.016284794574938335,-0.012450877561200665
2023-09-18,SM,041510.KQ,134100.0,136800.0,132700.0,133100.0,128949.5390625,111570,-0.0155325442463506,-0.014979426862875634,-0.0005531173834749659
2023-09-19,SM,041510.KQ,133200.0,135400.0,132400.0,133100.0,128949.5390625,90099,0.0,0.017110981551488436,-0.017110981551488436
2023-09-20,SM,041510.KQ,132700.0,134300.0,130900.0,132500.0,128368.2578125,93029,-0.0045078195255763,-0.007229714614919666,0.0027218950893433663
2023-09-21,SM,041510.KQ,131500.0,131900.0,127900.0,127900.0,123911.6953125,172527,-0.0347170131926962,-0.07613002171643823,0.04141300852374204
2023-09-22,SM,041510.KQ,126000.0,131300.0,125800.0,130300.0,126236.8515625,122703,0.0187646230175131,-0.0086798121085592,0.0274444351260723
2023-09-25,SM,041510.KQ,129100.0,134000.0,129000.0,132000.0,127883.84375,174764,0.0130468414501336,0.03716412202200197,-0.02411728057186837
2023-09-26,SM,041510.KQ,132600.0,135000.0,130500.0,131400.0,127302.5546875,105401,-0.0045454456595499,-0.008408209479249034,0.003862763819699134
2023-09-27,SM,041510.KQ,130100.0,130900.0,125700.0,128300.0,124299.2265625,224022,-0.0235920491334404,-0.014281958512312398,-0.009310090621128003
2023-10-04,SM,041510.KQ,126600.0,126800.0,120400.0,121000.0,117226.8515625,239344,-0.0568979807484472,-0.045772192260512934,-0.011125788487934267
2023-10-05,SM,041510.KQ,122500.0,127700.0,121200.0,125100.0,121199.0078125,139304,0.0338843549669354,0.015123728908857234,0.018760626058078163
2023-10-06,SM,041510.KQ,125900.0,128500.0,125400.0,125900.0,121974.0625,75711,0.0063948930068722,-0.0023578401660990667,0.008752733172971268
2023-10-10,SM,041510.KQ,126000.0,126000.0,116900.0,117500.0,113836.0,411831,-0.0667196150820998,-0.0296586139520347,-0.037061001130065094
2023-10-11,SM,041510.KQ,119900.0,123700.0,119500.0,121700.0,117905.03125,202961,0.0357446787483748,0.015476735815571067,0.020267942932803734
2023-10-12,SM,041510.KQ,123900.0,127800.0,122400.0,126200.0,122264.703125,177649,0.0369761309486103,0.05533959412165917,-0.01836346317304887
2023-10-13,SM,041510.KQ,126000.0,129400.0,124100.0,124600.0,120714.6015625,119647,-0.0126782425579949,-0.011528124059409567,-0.001150118498585333
2023-10-16,SM,041510.KQ,122300.0,123600.0,119800.0,121400.0,117614.3828125,176915,-0.0256822183055863,-0.0193528062773389,-0.0063294120282474005
2023-10-17,SM,041510.KQ,123000.0,123400.0,119000.0,120000.0,116258.0390625,131637,-0.0115321248776374,-0.015856659351257834,0.004324534473620434
2023-10-18,SM,041510.KQ,121000.0,122200.0,119800.0,120900.0,117129.9765625,97822,0.0075000189839022,-0.0108620141453939,0.0183620331292961
2023-10-19,SM,041510.KQ,118500.0,119900.0,115200.0,115500.0,111898.3671875,175883,-0.0446649912220245,-0.03901354173044593,-0.005651449491578565
2023-10-20,SM,041510.KQ,114500.0,116300.0,111500.0,113400.0,109863.8515625,176440,-0.0181818169124032,-0.013708663646487299,-0.004473153265915903
2023-10-23,SM,041510.KQ,111600.0,114000.0,110800.0,112700.0,109185.671875,133736,-0.0061729101779596,0.0150309610697679,-0.0212038712477275
2023-10-24,SM,041510.KQ,112500.0,113000.0,106900.0,113000.0,109476.3203125,293835,0.0026619650042796,0.021621337570500863,-0.018959372566221263
2023-10-25,SM,041510.KQ,114000.0,114600.0,109300.0,110900.0,107441.8046875,226788,-0.0185840702280866,-0.006097988524635133,-0.012486081703451467
2023-10-26,SM,041510.KQ,107400.0,107800.0,102400.0,105200.0,101919.546875,324468,-0.051397664331512,-0.08262000908284793,0.03122234475133593
2023-10-27,SM,041510.KQ,105000.0,105800.0,99300.0,103900.0,100660.0859375,555341,-0.0123574032275151,0.039975218916050964,-0.052332622143566064
2023-10-30,SM,041510.KQ,104400.0,105200.0,100300.0,103800.0,100563.203125,207601,-0.0009624749631165,0.019718859365417566,-0.020681334328534067
2023-10-31,SM,041510.KQ,103500.0,105500.0,100000.0,100800.0,97656.7578125,208975,-0.0289016779714871,0.003279504547201,-0.0321811825186881
2023-11-01,SM,041510.KQ,101400.0,104600.0,100000.0,104100.0,100853.84375,169513,0.0327379897624533,0.04700954330515897,-0.014271553542705671
2023-11-02,SM,041510.KQ,105800.0,109800.0,105800.0,107800.0,104438.4765625,206877,0.0355428477409915,0.011496298717905133,0.024046549023086367
2023-11-03,SM,041510.KQ,108100.0,108800.0,105100.0,105700.0,102403.9609375,178171,-0.0194805180232829,-0.023490589033641,0.0040100710103581
2023-11-06,SM,041510.KQ,107500.0,112700.0,104300.0,112000.0,108507.5,260876,0.0596025681684828,0.05076276888044304,0.008839799288039761
2023-11-07,SM,041510.KQ,112000.0,112500.0,106800.0,109000.0,105601.046875,181680,-0.0267857348570375,-0.0345964689234822,0.0078107340664447
2023-11-08,SM,041510.KQ,110100.0,113400.0,104200.0,106700.0,103372.78125,317348,-0.0211007910521719,-0.008060497902516834,-0.013040293149655066
2023-11-09,SM,041510.KQ,106700.0,107900.0,102400.0,103300.0,100078.796875,312113,-0.0318651035134067,-0.008456135179148066,-0.02340896833425863
2023-11-10,SM,041510.KQ,102500.0,103900.0,100500.0,103000.0,99788.1484375,131624,-0.0029041959593402,0.013843302803943467,-0.01674749876328367
2023-11-13,SM,041510.KQ,103700.0,104300.0,94400.0,95800.0,92812.6640625,631508,-0.0699029342083537,-0.055926099400455766,-0.01397683480789793
2023-11-14,SM,041510.KQ,95800.0,97500.0,94700.0,95800.0,92812.6640625,276839,0.0,-0.0003007009114500339,0.0003007009114500339
2023-11-15,SM,041510.KQ,97700.0,98300.0,95900.0,96900.0,93878.3671875,263931,0.011482302935323,0.020663223087183834,-0.009180920151860835
2023-11-16,SM,041510.KQ,96800.0,98000.0,94900.0,95800.0,92812.6640625,190859,-0.0113519563337899,-0.020394450707654735,0.009042494373864835
2023-11-17,SM,041510.KQ,95700.0,95800.0,89400.0,90600.0,87774.8203125,448772,-0.0542797020308297,-0.0864259409030988,0.0321462388722691
2023-11-20,SM,041510.KQ,90000.0,91200.0,89200.0,90300.0,87484.1796875,294389,-0.0033112072911712,0.0233407122648919,-0.0266519195560631
2023-11-21,SM,041510.KQ,90600.0,92600.0,90600.0,91200.0,88356.109375,193491,0.009966712731543,0.023915824666895902,-0.013949111935352901
2023-11-22,SM,041510.KQ,91300.0,91800.0,90200.0,91000.0,88162.34375,96678,-0.0021930076637668,0.006286139641296001,-0.0084791473050628
2023-11-23,SM,041510.KQ,91800.0,94200.0,91400.0,93800.0,90875.03125,191991,0.0307692307692306,0.0285679644327424,0.0022012663364882022
2023-11-24,SM,041510.KQ,93800.0,93800.0,92000.0,92200.0,89324.9296875,76725,-0.0170575078894401,-0.0054885276779128,-0.011568980211527302
2023-11-27,SM,041510.KQ,92700.0,92700.0,88500.0,88700.0,85934.0625,270679,-0.0379610395369224,-0.010099176365272699,-0.0278618631716497
2023-11-28,SM,041510.KQ,88600.0,89300.0,87400.0,87800.0,85062.1328125,172240,-0.0101464967689616,-0.005341037253262466,-0.004805459515699134
2023-11-29,SM,041510.KQ,88100.0,88800.0,86300.0,87000.0,84287.078125,156557,-0.0091116300740827,-0.007609066644674765,-0.0015025634294079356
2023-11-30,SM,041510.KQ,86600.0,87400.0,86000.0,86700.0,83996.4375,103589,-0.0034482228055049,0.006314199356821,-0.0097624221623259
2023-12-01,SM,041510.KQ,86800.0,87300.0,84800.0,85100.0,82446.328125,192874,-0.0184544657027865,-0.0162726574092203,-0.0021818082935661995
2023-12-04,SM,041510.KQ,85200.0,85200.0,82900.0,83000.0,80411.8125,183148,-0.0246768494276106,-0.0259593332462263,0.0012824838186157005
2023-12-05,SM,041510.KQ,83700.0,84400.0,82500.0,82500.0,79927.3984375,135280,-0.0060241654483288,-0.0022805989529708325,-0.0037435664953579676
2023-12-06,SM,041510.KQ,82700.0,87800.0,82700.0,86900.0,84190.1953125,362940,0.053333362005187,0.11985141353506079,-0.06651805152987379
2023-12-07,SM,041510.KQ,86900.0,87200.0,84600.0,84700.0,82058.796875,93844,-0.0253164686171424,-0.015994093521356067,-0.009322375095786335
2023-12-08,SM,041510.KQ,85000.0,90100.0,84200.0,88200.0,85449.65625,239749,0.0413223140495868,0.023501237278902767,0.017821076770684032
2023-12-11,SM,041510.KQ,88300.0,89400.0,85900.0,86400.0,83705.7890625,144714,-0.0204081240818332,-0.012356715197905334,-0.008051408883927866
2023-12-12,SM,041510.KQ,85800.0,86300.0,83100.0,84100.0,81477.515625,190016,-0.0266203026392384,-0.031227468121251902,0.004607165482013502
2023-12-13,SM,041510.KQ,84500.0,87100.0,83700.0,85800.0,83124.4921875,208467,0.0202138780234808,-0.008188867631287934,0.028402745654768736
2023-12-14,SM,041510.KQ,86900.0,87900.0,84100.0,84100.0,81477.515625,267464,-0.0198133729200413,-0.005416001956887534,-0.014397370963153765
2023-12-15,SM,041510.KQ,84800.0,86000.0,83900.0,85800.0,83124.4921875,109416,0.0202138780234808,0.016295712103350363,0.003918165920130438
2023-12-18,SM,041510.KQ,85900.0,88100.0,85600.0,87200.0,84480.84375,198507,0.0163171109597943,0.020781436013964667,-0.004464325054170368
2023-12-19,SM,041510.KQ,87200.0,93000.0,86800.0,90300.0,87484.1796875,430448,0.0355504964697988,0.02647244679081127,0.009078049678987527
2023-12-20,SM,041510.KQ,91200.0,92600.0,88800.0,89400.0,86612.234375,246052,-0.0099668913352637,-0.0078121411979354335,-0.0021547501373282672
2023-12-21,SM,041510.KQ,88900.0,91700.0,88800.0,91000.0,88162.34375,225903,0.017897117955514,-0.014520885888318133,0.03241800384383213
2023-12-22,SM,041510.KQ,91300.0,92200.0,90000.0,90100.0,87290.4140625,148550,-0.0098900465937307,-0.0147868651067202,0.0048968185129895005
2023-12-26,SM,041510.KQ,90100.0,91100.0,88600.0,90400.0,87581.0546875,129738,0.0033295823845205,-0.025819698115805766,0.029149280500326266
2023-12-27,SM,041510.KQ,89900.0,94400.0,89500.0,93600.0,91901.1953125,292209,0.0493273418596611,0.023907991573223767,0.025419350286437336
2023-12-28,SM,041510.KQ,93600.0,93700.0,91700.0,92100.0,90428.421875,147930,-0.0160256178659264,0.0081794198788959,-0.0242050377448223
2024-01-02,SM,041510.KQ,91600.0,94500.0,91200.0,93300.0,91606.640625,155536,0.0130292968247158,-0.010188948083446463,0.023218244908162263
2024-01-03,SM,041510.KQ,91500.0,93100.0,89900.0,90000.0,88366.53125,181257,-0.0353698089231726,-0.012751036753058767,-0.022618772170113835
2024-01-04,SM,041510.KQ,89700.0,91400.0,88500.0,90000.0,88366.53125,133666,0.0,0.008573039069363167,-0.008573039069363167
2024-01-05,SM,041510.KQ,90500.0,93700.0,90300.0,93700.0,91999.3828125,256448,0.0411111708370921,0.0194452743865125,0.0216658964505796
2024-01-08,SM,041510.KQ,94000.0,94100.0,92700.0,93300.0,91606.640625,128110,-0.0042689654592621,-0.013487541086614166,0.009218575627352066
2024-01-09,SM,041510.KQ,93400.0,96100.0,92500.0,95000.0,93275.78125,219309,0.018220738295958,-0.006703017185820833,0.024923755481778834
2024-01-10,SM,041510.KQ,95100.0,96500.0,93600.0,94600.0,92883.046875,201261,-0.0042104646001022,-0.0053776502100307,0.0011671856099284995
2024-01-11,SM,041510.KQ,94900.0,95500.0,92500.0,95300.0,93570.34375,199239,0.0073995944160289,0.013231399405749236,-0.0058318049897203355
2024-01-12,SM,041510.KQ,95300.0,95800.0,87800.0,88200.0,86599.203125,364786,-0.074501603239007,-0.042263999365233305,-0.03223760387377369
2024-01-15,SM,041510.KQ,88300.0,88900.0,86700.0,85500.0,83948.203125,38124,-0.0306122909257428,-0.045990364039188464,0.015378073113445665
2024-01-16,SM,041510.KQ,85000.0,85500.0,79600.0,80000.0,78548.03125,344328,-0.0643274266032719,-0.0415135346225574,-0.0228138919807145
2024-01-17,SM,041510.KQ,80500.0,81900.0,79000.0,79800.0,78351.65625,226625,-0.0025000626607047,-0.0119985902691953,0.0094985276084906
2024-01-18,SM,041510.KQ,79500.0,81700.0,78000.0,79300.0,77860.734375,188825,-0.0062656221769402,0.010801868014922967,-0.017067490191863165
2024-01-19,SM,041510.KQ,79500.0,81500.0,78700.0,79100.0,77664.3671875,131025,-0.0025220310221354,0.003324185848723867,-0.005846216870859267
2024-01-22,SM,041510.KQ,80000.0,80600.0,79100.0,80100.0,78646.21875,126424,0.0126422399107377,0.013929892844588567,-0.0012876529338508667
2024-01-23,SM,041510.KQ,79700.0,82100.0,79700.0,80900.0,79431.6953125,101396,0.0099874676110858,0.006531873564271901,0.0034555940468138993
2024-01-24,SM,041510.KQ,80900.0,82600.0,80200.0,82500.0,81002.65625,115817,0.0197775073453931,0.0033596574417354337,0.016417849903657664
2024-01-25,SM,041510.KQ,81600.0,81800.0,79300.0,80900.0,79431.6953125,89378,-0.0193939434856496,-0.012181295910436435,-0.007212647575213166
2024-01-26,SM,041510.KQ,80500.0,83300.0,80100.0,82500.0,81002.65625,137729,0.0197775073453931,0.0021806167554260666,0.017596890589967034
2024-01-29,SM,041510.KQ,82500.0,82500.0,77600.0,78100.0,76682.515625,226444,-0.0533333204736727,-0.0495682419584291,-0.003765078515243603
2024-01-30,SM,041510.KQ,78300.0,79000.0,77300.0,77800.0,76387.9609375,121681,-0.0038412235840104,0.0013217644094992334,-0.005162987993509633
2024-01-31,SM,041510.KQ,77600.0,78000.0,75400.0,76300.0,74915.1875,192612,-0.0192801773921549,-0.015112337727981933,-0.004167839664172968
2024-02-01,SM,041510.KQ,76000.0,76700.0,73000.0,74300.0,72951.484375,306622,-0.0262123501326082,-0.011172105566989934,-0.015040244565618267
2024-02-02,SM,041510.KQ,74300.0,77500.0,74200.0,76100.0,74718.8203125,197306,0.024226181998096,0.017545201055035,0.006680980943061
2024-02-05,SM,041510.KQ,76300.0,76800.0,74700.0,75000.0,73638.78125,71502,-0.0144547124537419,-0.0237106172450338,0.009255904791291899
2024-02-06,SM,041510.KQ,74800.0,75400.0,72600.0,72900.0,71576.890625,165554,-0.028000064504055,-0.013752222219268065,-0.014247842284786935
2024-02-07,SM,041510.KQ,72500.0,74000.0,72300.0,73200.0,71871.4453125,120952,0.0041152204982359,0.0034001792033034003,0.0007150412949324995
2024-02-08,SM,041510.KQ,73200.0,73600.0,72200.0,73000.0,71675.078125,196835,-0.0027322003425169,0.0126996319036433,-0.0154318322461602
2024-02-13,SM,041510.KQ,73400.0,74900.0,71700.0,74700.0,73344.2265625,184980,0.0232877100543795,0.0045280058049086995,0.0187597042494708
2024-02-14,SM,041510.KQ,74000.0,78500.0,73300.0,77400.0,75995.21875,221518,0.0361445244124425,0.03821009146186583,-0.002065567049423331
2024-02-15,SM,041510.KQ,78200.0,80800.0,77200.0,80300.0,78842.5859375,206367,0.0374677148685751,0.00040344347535533335,0.037064271393219765
2024-02-16,SM,041510.KQ,80000.0,81400.0,80000.0,80100.0,78646.21875,140938,-0.002490623375236,-0.015571242239727001,0.013080618864491002
2024-02-19,SM,041510.KQ,80200.0,80700.0,78400.0,79700.0,78253.4765625,97739,-0.0049937834741736,-0.0057847166326693,0.0007909331584957007
2024-02-20,SM,041510.KQ,79700.0,80800.0,78500.0,79700.0,78253.4765625,86843,0.0,-0.004465831392444467,0.004465831392444467
2024-02-21,SM,041510.KQ,79000.0,82600.0,79000.0,81700.0,80217.1796875,160679,0.0250941326987768,0.013139827321250136,0.011954305377526663
2024-02-22,SM,041510.KQ,81700.0,82300.0,80100.0,80300.0,78842.5859375,124873,-0.0171359022513003,0.008342609974034933,-0.025478512225335235
2024-02-23,SM,041510.KQ,80300.0,80800.0,79700.0,80200.0,78744.3984375,62083,-0.0012453612325429,-0.008385471679496834,0.007140110446953934
2024-02-26,SM,041510.KQ,80400.0,82500.0,80000.0,80700.0,79235.328125,66349,0.0062344712416548,0.0035002060833075996,0.0027342651583472
2024-02-27,SM,041510.KQ,80700.0,81100.0,76700.0,77900.0,76486.1484375,177558,-0.034696387994544,-0.04707290862446863,0.012376520629924635
2024-02-28,SM,041510.KQ,78200.0,80600.0,78200.0,79500.0,78057.109375,90977,0.020539156037955,0.0099947026974003,0.0105444533405547
2024-02-29,SM,041510.KQ,79600.0,79700.0,77600.0,78200.0,76780.6953125,86369,-0.0163523101575269,-0.0159316100609749,-0.0004207000965519986
2024-03-04,SM,041510.KQ,78200.0,79400.0,74200.0,74500.0,73147.859375,227904,-0.0473144443758191,-0.021574135698093504,-0.025740308677725598
2024-03-05,SM,041510.KQ,74500.0,75000.0,73100.0,73600.0,72264.1875,93296,-0.0120806252233542,-0.016030936236105933,0.003950311012751732
2024-03-06,SM,041510.KQ,73100.0,74200.0,72100.0,72200.0,70889.6015625,124457,-0.0190216756744133,-0.009837503394202134,-0.009184172280211168
2024-03-07,SM,041510.KQ,72000.0,72400.0,70000.0,70900.0,69613.1875,189511,-0.0180056599891402,-0.019998220925667932,0.0019925609365277312
2024-03-08,SM,041510.KQ,71400.0,73700.0,71100.0,73100.0,71773.2578125,124925,0.0310296136418117,0.0300446245407658,0.0009849891010458994
2024-03-11,SM,041510.KQ,73100.0,77200.0,72700.0,75800.0,74424.2578125,213800,0.036935762438504,0.06072306303293323,-0.023787300594429232
2024-03-12,SM,041510.KQ,75500.0,76400.0,74600.0,75300.0,73933.3359375,108485,-0.0065962616145504,0.005168068837445833,-0.011764330451996232
2024-03-13,SM,041510.KQ,75300.0,75900.0,74200.0,75300.0,73933.3359375,82193,0.0,-0.012547441599432099,0.012547441599432099
2024-03-14,SM,041510.KQ,75300.0,76500.0,74900.0,75100.0,73736.96875,133430,-0.0026560033442288,-0.005967025229148566,0.0033110218849197663
2024-03-15,SM,041510.KQ,75000.0,75700.0,73700.0,74900.0,73540.59375,77701,-0.0026631824352014,-0.013478694710111169,0.010815512274909768
2024-03-18,SM,041510.KQ,74900.0,76300.0,74500.0,75200.0,73835.1484375,54676,0.0040053346387347,0.012509515427399498,-0.008504180788664798
2024-03-19,SM,041510.KQ,75000.0,76300.0,74800.0,75800.0,74424.2578125,80054,0.0079787118664584,-0.016265596731228765,0.024244308597687163
2024-03-20,SM,041510.KQ,76300.0,76900.0,75500.0,75700.0,74326.078125,76623,-0.0013191893394133,-0.0010841466822728335,-0.00023504265714046637
2024-03-21,SM,041510.KQ,76400.0,78300.0,75500.0,77300.0,75897.0390625,118994,0.0211360666017921,0.0130693080065652,0.008066758595226901
2024-03-22,SM,041510.KQ,76900.0,77600.0,75600.0,77000.0,75602.4765625,60183,-0.0038810802587098,-0.0038593182007403,-2.1762057969500117e-05
2024-03-25,SM,041510.KQ,77300.0,79700.0,76600.0,79100.0,77664.3671875,123834,0.0272727920929343,0.028825506502436937,-0.0015527144095026368
2024-03-26,SM,041510.KQ,79500.0,87400.0,78600.0,87100.0,85519.1640625,596811,0.1011377180996875,0.019603923314649233,0.08153379478503826
2024-03-27,SM,041510.KQ,87100.0,92700.0,86900.0,88400.0,86795.5703125,470720,0.0149253826787545,0.03143529731802774,-0.01650991463927324
2024-03-28,SM,041510.KQ,87800.0,89400.0,85000.0,85400.0,83850.0234375,215329,-0.0339366037275268,-0.001257821510444333,-0.03267878221708247
2024-03-29,SM,041510.KQ,85600.0,88000.0,84500.0,87800.0,86206.4609375,160617,0.0281030034744884,0.014590885919207467,0.013512117555280935
2024-04-01,SM,041510.KQ,87800.0,87800.0,81400.0,83200.0,81689.953125,440443,-0.0523917553670888,-0.02267990422948497,-0.029711851137603832
2024-04-02,SM,041510.KQ,83000.0,83600.0,80900.0,81800.0,80315.3671875,213266,-0.0168268665229448,-0.0223677171595191,0.0055408506365743
2024-04-03,SM,041510.KQ,81800.0,84200.0,81700.0,81900.0,80413.546875,130083,0.0012224271759948,0.0051767289684064,-0.003954301792411599
2024-04-04,SM,041510.KQ,82000.0,82200.0,80000.0,81300.0,79824.4375,87294,-0.0073259966497405,-0.02387825799681673,0.01655226134707623
2024-04-05,SM,041510.KQ,80100.0,82700.0,80100.0,81800.0,80315.3671875,94683,0.0061501177192762,0.014108183694777567,-0.007958065975501367
2024-04-08,SM,041510.KQ,82200.0,83100.0,80700.0,81100.0,79628.0625,90838,-0.008557573868715,-0.018649639930228633,0.010092066061513633
2024-04-09,SM,041510.KQ,81100.0,81800.0,77300.0,77900.0,76486.1484375,101374,-0.0394573717337402,-0.007580068636967933,-0.031877303096772266
2024-04-11,SM,041510.KQ,76600.0,77900.0,74500.0,77900.0,76486.1484375,149468,0.0,-0.007721354690496833,0.007721354690496833
2024-04-12,SM,041510.KQ,77500.0,77800.0,74200.0,75100.0,73736.96875,143715,-0.0359434975307518,0.0016177531494921335,-0.037561250680243935
2024-04-15,SM,041510.KQ,74500.0,75600.0,73900.0,75300.0,73933.3359375,53705,0.0026630764842769,-0.0057745544524627,0.0084376309367396
2024-04-16,SM,041510.KQ,75200.0,76500.0,74300.0,76000.0,74620.625,79166,0.0092960645395603,0.0005717737636717022,0.008724290775888599
2024-04-17,SM,041510.KQ,76100.0,76700.0,74900.0,75000.0,73638.78125,56573,-0.0131578065715745,-0.013735450102765367,0.0005776435311908665
2024-04-18,SM,041510.KQ,75700.0,77000.0,75000.0,76100.0,74718.8203125,73328,0.0146667156105328,0.0397283060637157,-0.025061590453182896
2024-04-19,SM,041510.KQ,76200.0,79500.0,75700.0,78100.0,76682.515625,116217,0.0262811337797779,0.007162500699442166,0.019118633080335734
2024-04-22,SM,041510.KQ,78800.0,83500.0,78800.0,81600.0,80118.9921875,273242,0.0448143430675302,-0.0141216534714607,0.058935996538990905
2024-04-23,SM,041510.KQ,81200.0,87300.0,80300.0,86400.0,84831.875,359525,0.0588235408836719,-0.0004647628319369666,0.059288303715608864
2024-04-24,SM,041510.KQ,86500.0,86900.0,84700.0,85200.0,83653.65625,141751,-0.013888868423573,-0.003087160873964167,-0.010801707549608833
2024-04-25,SM,041510.KQ,84400.0,85100.0,82400.0,82500.0,81002.65625,84804,-0.0316901868828954,-0.012698794215982565,-0.018991392666912833
2024-04-26,SM,041510.KQ,82600.0,84200.0,80500.0,81000.0,79529.875,112798,-0.0181818883254214,-0.018763723600515068,0.0005818352750936694
2024-04-29,SM,041510.KQ,81000.0,81700.0,79800.0,80400.0,78940.765625,115469,-0.0074073972202269,0.0147556450619689,-0.0221630422821958
2024-04-30,SM,041510.KQ,80400.0,80400.0,79000.0,79300.0,77860.734375,103565,-0.0136815400946398,-0.010586058084211633,-0.003095482010428167
2024-05-02,SM,041510.KQ,78800.0,84000.0,78800.0,81600.0,80118.9921875,197997,0.0290038082818944,0.0036625787164819,0.025341229565412498
2024-05-03,SM,041510.KQ,81600.0,86300.0,81500.0,85800.0,84242.765625,180074,0.0514706104621143,0.027997986174031167,0.02347262428808313
2024-05-07,SM,041510.KQ,86800.0,86800.0,84000.0,86000.0,84439.1328125,105038,0.0023309679596004,0.0047603718368933,-0.0024294038772928995
2024-05-08,SM,041510.KQ,85000.0,87000.0,82600.0,84300.0,82769.984375,139082,-0.0197674748887627,-0.0103489721681893,-0.009418502720573398
2024-05-09,SM,041510.KQ,84000.0,84400.0,80800.0,82200.0,80708.1015625,175474,-0.024910996758902,-0.011018534481947733,-0.013892462276954268
2024-05-10,SM,041510.KQ,81900.0,86200.0,81500.0,83200.0,81689.953125,185940,0.0121654647240048,-0.005642641566059834,0.017808106290064633
2024-05-13,SM,041510.KQ,83200.0,83200.0,77800.0,78500.0,77075.2578125,226383,-0.0564903655341643,-0.07008658379382343,0.013596218259659135
2024-05-14,SM,041510.KQ,78500.0,82000.0,78200.0,81000.0,79529.875,125269,0.0318470188380208,0.007786482585819699,0.024060536252201104
2024-05-16,SM,041510.KQ,82100.0,82900.0,81200.0,82700.0,81199.0234375,89643,0.0209876909463266,0.012550196857592934,0.008437494088733666
2024-05-17,SM,041510.KQ,83500.0,86300.0,82700.0,85900.0,84340.9453125,216776,0.0386940845097525,0.001999399150202167,0.03669468535955033
2024-05-20,SM,041510.KQ,85900.0,86000.0,81300.0,81700.0,80217.1796875,188569,-0.0488939934182695,-0.010414096397858834,-0.038479897020410665
2024-05-21,SM,041510.KQ,82000.0,82100.0,80700.0,81900.0,80413.546875,65450,0.0024479442965332,-0.018751607911627832,0.021199552208161034
2024-05-22,SM,041510.KQ,82300.0,83300.0,81600.0,81600.0,80118.9921875,65386,-0.0036629983248702,-0.0079852215394481,0.0043222232145779
2024-05-23,SM,041510.KQ,81300.0,91100.0,81000.0,90800.0,89152.015625,498047,0.112745095649235,0.05111440933887653,0.06163068631035847
2024-05-24,SM,041510.KQ,90000.0,92000.0,88900.0,91000.0,89348.3828125,429545,0.0022026107443939,-0.003766354434182033,0.005968965178575933
2024-05-27,SM,041510.KQ,97200.0,100700.0,94600.0,95800.0,94061.265625,865729,0.0527472648541396,0.019301832521484534,0.03344543233265507
2024-05-28,SM,041510.KQ,91100.0,93000.0,90100.0,90700.0,89053.8359375,1690416,-0.0532358315001143,-0.025257379457668334,-0.027978452042445968
2024-05-29,SM,041510.KQ,91200.0,91500.0,86500.0,86500.0,84930.0546875,410048,-0.0463066100026747,-0.011134503296461866,-0.03517210670621283
2024-05-30,SM,041510.KQ,86400.0,90500.0,85200.0,90100.0,88464.71875,318715,0.0416185303954623,0.013744012025570032,0.02787451836989227
2024-05-31,SM,041510.KQ,88800.0,92000.0,87500.0,91300.0,89642.9453125,277655,0.013318604062142,-0.0008854149999209989,0.014204019062062999
2024-06-03,SM,041510.KQ,91600.0,92100.0,88800.0,89200.0,87581.0546875,222296,-0.0230011476955843,0.0008392322887960003,-0.0238403799843803
2024-06-04,SM,041510.KQ,89200.0,90900.0,80500.0,81900.0,80413.546875,630725,-0.0818385647224111,-0.006414585144542867,-0.07542397957786824
2024-06-05,SM,041510.KQ,84900.0,86900.0,83500.0,85500.0,83948.203125,501351,0.043955979898443,-0.007946261429836466,0.05190224132827947
2024-06-07,SM,041510.KQ,85000.0,85300.0,83200.0,83500.0,81984.5078125,165274,-0.0233917491905816,-0.0070090360822573005,-0.016382713108324298
2024-06-10,SM,041510.KQ,82500.0,86500.0,82200.0,85600.0,84046.390625,156203,0.0251496638513164,0.0034099426324425996,0.021739721218873798
2024-06-11,SM,041510.KQ,85600.0,86000.0,82700.0,83200.0,81689.953125,201576,-0.0280373432157723,0.0020671810967732665,-0.030104524312545566
2024-06-12,SM,041510.KQ,83200.0,84400.0,81200.0,81400.0,79922.625,206323,-0.021634583659213,-0.004660917561735767,-0.016973666097477233
2024-06-13,SM,041510.KQ,81800.0,82600.0,81100.0,82000.0,80511.734375,219280,0.0073709963230061,-0.0037700625899137,0.0111410589129198
2024-06-14,SM,041510.KQ,82000.0,82300.0,79900.0,79900.0,78449.84375,209365,-0.025609815028904,-0.0030104808403676,-0.022599334188536397
2024-06-17,SM,041510.KQ,79900.0,80300.0,78500.0,80000.0,78548.03125,136736,0.0012515958643959,0.0035623249955579668,-0.0023107291311620665
2024-06-18,SM,041510.KQ,80700.0,82200.0,80100.0,81300.0,79824.4375,110778,0.0162500094488364,-0.0092960731174561,0.025546082566292504
2024-06-19,SM,041510.KQ,81300.0,81300.0,79400.0,80800.0,79333.5078125,121762,-0.006150117719276,-0.006400581235648067,0.0002504635163720669
2024-06-20,SM,041510.KQ,81000.0,81800.0,79900.0,79900.0,78449.84375,97976,-0.0111385981392438,0.004991694819937833,-0.016130292959181634
2024-06-21,SM,041510.KQ,79700.0,80300.0,78200.0,79500.0,78057.109375,118272,-0.0050061842857398,-0.007195910436727733,0.0021897261509879326
2024-06-24,SM,041510.KQ,78900.0,80000.0,77600.0,77700.0,76289.7734375,140169,-0.0226415755291348,-0.017880380890126966,-0.004761194639007833
2024-06-25,SM,041510.KQ,77700.0,78200.0,76200.0,76800.0,75406.109375,127178,-0.0115829949766981,0.0016916270278972665,-0.013274622004595367
2024-06-26,SM,041510.KQ,76800.0,78900.0,76000.0,77300.0,75897.0390625,112218,0.0065104762938845,0.0049283401440051,0.0015821361498794002
2024-06-27,SM,041510.KQ,77300.0,78200.0,75900.0,76300.0,74915.1875,118091,-0.0129366253891862,0.002572422743947433,-0.015509048133133634
2024-06-28,SM,041510.KQ,77200.0,81000.0,77000.0,80400.0,78940.765625,246891,0.0537351404880352,0.02372505444490437,0.030010086043130834
2024-07-01,SM,041510.KQ,80100.0,80800.0,78300.0,80500.0,79038.953125,104311,0.0012438123600984,-0.0021287242185810003,0.0033725365786794
2024-07-02,SM,041510.KQ,80300.0,81800.0,79300.0,80100.0,78646.21875,136308,-0.0049688711638031,-0.022456824321337134,0.017487953157534035
2024-07-03,SM,041510.KQ,79900.0,80300.0,78600.0,78600.0,77173.4375,88982,-0.0187266631938359,-0.013369516498117967,-0.005357146695717933
2024-07-04,SM,041510.KQ,78600.0,79400.0,76500.0,78500.0,77075.2578125,174532,-0.0012721953392318,0.0046093163100652,-0.005881511649297
2024-07-05,SM,041510.KQ,78000.0,79000.0,77300.0,77600.0,76191.5859375,115799,-0.0114650524705307,-0.002234061042226334,-0.009230991428304365
2024-07-08,SM,041510.KQ,77000.0,80000.0,76900.0,78800.0,77369.8046875,152192,0.0154638958554622,0.010680017724505,0.0047838781309572
2024-07-09,SM,041510.KQ,78800.0,79100.0,77800.0,78100.0,76682.515625,86766,-0.0088831691546332,-0.006495076550012267,-0.002388092604620933
2024-07-10,SM,041510.KQ,77900.0,79000.0,77900.0,78200.0,76780.6953125,61879,0.0012803399405951,-0.004308702594280399,0.0055890425348755
2024-07-11,SM,041510.KQ,78200.0,78500.0,76700.0,76700.0,75307.9296875,175981,-0.0191814572530998,-0.012265618952312499,-0.006915838300787302
2024-07-12,SM,041510.KQ,76700.0,79400.0,76700.0,77800.0,76387.9609375,192667,0.0143415342113604,0.011562108073773935,0.0027794261375864646
2024-07-15,SM,041510.KQ,78000.0,78100.0,75300.0,75800.0,74424.2578125,177143,-0.0257069713721863,-0.010754737799111234,-0.014952233573075067
2024-07-16,SM,041510.KQ,75800.0,76200.0,75000.0,75500.0,74129.703125,89785,-0.0039577779632291,-0.011715843738150433,0.0077580657749213335
2024-07-17,SM,041510.KQ,75300.0,76800.0,73900.0,73900.0,72558.75,144679,-0.0211919521969622,-0.024700977893042732,0.0035090256960805324
2024-07-18,SM,041510.KQ,73300.0,74300.0,72300.0,73200.0,71871.4453125,103597,-0.0094723887539407,0.014766872366658001,-0.024239261120598703
2024-07-19,SM,041510.KQ,73000.0,73500.0,69600.0,73300.0,71969.6328125,201310,0.0013661545217724,0.0013560837433496664,1.0070778422733651e-05
2024-07-22,SM,041510.KQ,73300.0,73600.0,71700.0,72100.0,70791.40625,64156,-0.0163711626203456,-0.017044971377134868,0.0006738087567892681
2024-07-23,SM,041510.KQ,72100.0,74700.0,72100.0,72800.0,71478.7109375,111716,0.0097088717954376,0.001968222547487733,0.007740649247949868
2024-07-24,SM,041510.KQ,72000.0,73200.0,71300.0,71400.0,70104.1171875,56844,-0.0192308133704582,-0.019005185476915636,-0.0002256278935425654
2024-07-25,SM,041510.KQ,70400.0,71000.0,69700.0,70000.0,68729.53125,89844,-0.0196077775834982,-0.017035580681993765,-0.002572196901504436
2024-07-26,SM,041510.KQ,69900.0,70700.0,68700.0,69800.0,68533.15625,96381,-0.0028572143069868,0.008326896487818232,-0.011184110794805031
2024-07-29,SM,041510.KQ,69800.0,71100.0,69600.0,70000.0,68729.53125,49980,0.0028654013727844,0.022570009075490737,-0.019704607702706337
2024-07-30,SM,041510.KQ,70000.0,71700.0,69300.0,69500.0,68238.6015625,83529,-0.0071429220972607,0.006918095246893866,-0.014061017344154565
2024-07-31,SM,041510.KQ,69300.0,70800.0,69300.0,70600.0,69318.640625,65490,0.0158273915023123,0.0248339541788007,-0.0090065626764884
2024-08-01,SM,041510.KQ,70600.0,71000.0,70000.0,70300.0,69024.078125,60412,-0.0042493981033691,-0.0030596253140075997,-0.0011897727893615006
2024-08-02,SM,041510.KQ,69600.0,72400.0,68900.0,70500.0,69220.453125,103135,0.0028450216987232,-0.006637880222216734,0.009482901920939934
2024-08-05,SM,041510.KQ,69500.0,70300.0,61300.0,63700.0,62543.87109375,214776,-0.0964538908636334,-0.08498320310381192,-0.011470687759821477
2024-08-06,SM,041510.KQ,64500.0,67500.0,63900.0,65300.0,64114.83203125,138389,0.0251177439136316,0.016716391703488865,0.008401352210142734
2024-08-07,SM,041510.KQ,64700.0,73000.0,64700.0,70900.0,69613.1875,282179,0.0857579329860844,0.06587848033513137,0.019879452650953033
2024-08-08,SM,041510.KQ,69900.0,72400.0,69100.0,70400.0,69122.265625,139425,-0.0070521390074258,0.011006422418416801,-0.0180585614258426
2024-08-09,SM,041510.KQ,71000.0,71300.0,67400.0,68200.0,66962.1953125,151681,-0.0312499929359773,-0.03194927229897936,0.000699279363002063
2024-08-12,SM,041510.KQ,67900.0,68700.0,67300.0,68100.0,66864.0078125,60110,-0.0014663124400533,0.0011017970743003667,-0.0025681095143536667
2024-08-13,SM,041510.KQ,67600.0,68500.0,66700.0,66800.0,65587.609375,53112,-0.0190894694957454,-0.020657102220924334,0.0015676327251789336
2024-08-14,SM,041510.KQ,67100.0,67100.0,64500.0,64900.0,63722.08984375,262695,-0.0284431701204995,-0.04337533401467147,0.014932163894171967
2024-08-16,SM,041510.KQ,65900.0,66300.0,64900.0,65600.0,64409.38671875,131643,0.0107858495646531,0.009145881675500832,0.0016399678891522683
2024-08-19,SM,041510.KQ,65900.0,66900.0,64900.0,65200.0,64016.64453125,99530,-0.0060975924086181,0.009890023133162668,-0.01598761554178077
2024-08-20,SM,041510.KQ,65300.0,65700.0,65000.0,65300.0,64114.83203125,46374,0.0015337807959001,0.004462036104708634,-0.002928255308808534
2024-08-21,SM,041510.KQ,65100.0,66400.0,65000.0,65500.0,64311.19921875,51653,0.0030627419783972,0.0023518539570952,0.0007108880213019999
2024-08-22,SM,041510.KQ,65500.0,67400.0,65500.0,67200.0,65980.3515625,92002,0.0259543028901154,0.027910396472960536,-0.0019560935828451358
2024-08-23,SM,041510.KQ,66600.0,67000.0,65500.0,66400.0,65194.86328125,51802,-0.0119048817208248,-0.008567035149717966,-0.003337846571106834
2024-08-26,SM,041510.KQ,66200.0,67700.0,65900.0,66400.0,65194.86328125,54994,0.0,-0.0036702799659739335,0.0036702799659739335
2024-08-27,SM,041510.KQ,66400.0,66400.0,64800.0,65300.0,64114.83203125,55567,-0.0165662016245169,-0.006847019533680166,-0.009719182090836734
2024-08-28,SM,041510.KQ,65900.0,66800.0,65400.0,65900.0,64703.94140625,73539,0.0091883477868719,0.009313121817976534,-0.00012477403110463386
2024-08-29,SM,041510.KQ,64500.0,64600.0,62300.0,62700.0,61562.015625,217682,-0.04855849138344,-0.0039117651275861,-0.0446467262558539
2024-08-30,SM,041510.KQ,62700.0,63300.0,62100.0,62800.0,61660.20703125,67335,0.001594999859136,0.0020716164951302338,-0.00047661663599423386
2024-09-02,SM,041510.KQ,62900.0,64200.0,62500.0,63200.0,62052.9453125,46946,0.0063693960847546,-0.014340784968863934,0.020710181053618534
2024-09-03,SM,041510.KQ,63200.0,64200.0,61600.0,61700.0,60580.16796875,100448,-0.0237342053037621,-0.005297887809439933,-0.018436317494322167
2024-09-04,SM,041510.KQ,60300.0,61000.0,56600.0,57300.0,56260.02734375,447998,-0.0713127871687071,-0.06797251388979063,-0.003340273278916478
2024-09-05,SM,041510.KQ,57300.0,60500.0,57300.0,59100.0,58027.359375,177402,0.031413636194159,0.005765225026835966,0.025648411167323037
2024-09-06,SM,041510.KQ,59400.0,59400.0,56300.0,56300.0,55278.1796875,130510,-0.047377301278411,-0.0316291116766426,-0.0157481896017684
2024-09-09,SM,041510.KQ,55500.0,57100.0,55100.0,56900.0,55867.2890625,77021,0.0106571775396795,-0.006704177160173567,0.017361354699853067
2024-09-10,SM,041510.KQ,56900.0,57300.0,55900.0,56000.0,54983.625,47195,-0.0158171996051468,-0.006166001671068567,-0.009651197934078235
2024-09-11,SM,041510.KQ,56100.0,58100.0,56100.0,57100.0,56063.65625,74246,0.0196427800095029,0.0373372061411328,-0.017694426131629897
2024-09-12,SM,041510.KQ,57100.0,58900.0,56900.0,58000.0,56947.32421875,79666,0.0157618683449671,0.007635665352290631,0.008126202992676468
2024-09-13,SM,041510.KQ,58100.0,58800.0,57200.0,58100.0,57045.5078125,72978,0.0017241125039142,-0.012534050204284266,0.014258162708198466
2024-09-19,SM,041510.KQ,59000.0,59200.0,57800.0,58800.0,57732.80078125,57813,0.0120481523454751,-0.0023734127202903,0.014421565065765399
2024-09-20,SM,041510.KQ,59300.0,59500.0,58000.0,58000.0,56947.32421875,54388,-0.0136053777379721,-0.012791766385663766,-0.0008136113523083341
2024-09-23,SM,041510.KQ,58000.0,59700.0,57800.0,59100.0,58027.359375,47287,0.0189655119194238,0.005816116157496133,0.013149395761927665
2024-09-24,SM,041510.KQ,59700.0,61900.0,59400.0,61500.0,60383.796875,95406,0.0406090769144189,0.053332693114492534,-0.012723616200073631
2024-09-25,SM,041510.KQ,62200.0,64400.0,61300.0,61700.0,60580.16796875,151370,0.003252049455527,-0.015354523771263999,0.018606573226791
2024-09-26,SM,041510.KQ,63400.0,66300.0,61700.0,66100.0,64900.30859375,155738,0.0713127871687071,0.0482876859331832,0.023025101235523905
2024-09-27,SM,041510.KQ,66500.0,69200.0,65200.0,67800.0,66569.4609375,169614,0.0257187119740558,0.037997307640632166,-0.012278595666576367
2024-09-30,SM,041510.KQ,68700.0,68900.0,66300.0,66900.0,65685.7890625,94566,-0.0132744333896537,-0.0171099280702656,0.0038354946806118985
2024-10-02,SM,041510.KQ,65700.0,67200.0,65600.0,66600.0,65391.23828125,66465,-0.004484239063791,0.0003299457359532002,-0.0048141847997442005
2024-10-04,SM,041510.KQ,66500.0,68700.0,66100.0,67500.0,66274.8984375,68929,0.0135134335956348,0.017176894220159635,-0.003663460624524835
2024-10-07,SM,041510.KQ,67500.0,68200.0,66000.0,67300.0,66078.53125,49082,-0.0029629194782574,-0.0065617783336822,0.0035988588554248
2024-10-08,SM,041510.KQ,67300.0,69600.0,66900.0,67200.0,65980.3515625,92359,-0.001485803114003,0.021935888693720002,-0.023421691807723
2024-10-10,SM,041510.KQ,67300.0,67700.0,66100.0,67400.0,66176.71875,59997,0.0029761464261672,-0.0086546884729312,0.0116308348990984
2024-10-11,SM,041510.KQ,67400.0,67800.0,65100.0,65300.0,64114.83203125,85569,-0.0311572824657463,-0.008775187349211134,-0.022382095116535168
2024-10-14,SM,041510.KQ,65300.0,67700.0,64700.0,65300.0,64114.83203125,65345,0.0,0.009395946374456466,-0.009395946374456466
2024-10-15,SM,041510.KQ,67000.0,67800.0,65300.0,67100.0,65882.1640625,91772,0.0275651042864557,0.027331425054726566,0.00023367923172913294
2024-10-16,SM,041510.KQ,66200.0,66900.0,65700.0,65700.0,64507.5703125,50880,-0.020864429236052,-0.0227648782669327,0.0019004490308806993
2024-10-17,SM,041510.KQ,66000.0,68100.0,66000.0,67200.0,65980.3515625,95265,0.0228311381573553,0.034394526207314806,-0.011563388049959506
2024-10-18,SM,041510.KQ,67800.0,69100.0,66800.0,67500.0,66274.8984375,84659,0.00446416043602,-0.0219062970938996,0.0263704575299196
2024-10-21,SM,041510.KQ,67500.0,70000.0,67100.0,68000.0,66765.828125,128637,0.0074074755159823,0.018570448510742434,-0.011162972994760136
2024-10-22,SM,041510.KQ,68200.0,70700.0,67300.0,69800.0,68533.15625,183662,0.0264705490013721,0.027386427302556166,-0.0009158783011840657
2024-10-23,SM,041510.KQ,70500.0,71900.0,67900.0,71600.0,70300.4921875,173419,0.0257880423754743,0.015862654622139268,0.009925387753335034
2024-10-24,SM,041510.KQ,71600.0,71600.0,69800.0,69800.0,68533.15625,96315,-0.0251397377529918,-0.010939730723678267,-0.014200007029313533
2024-10-25,SM,041510.KQ,70400.0,71000.0,68000.0,70300.0,69024.078125,105095,0.0071632754401267,-0.018021617937485766,0.025184893377612465
2024-10-28,SM,041510.KQ,71300.0,71500.0,67800.0,70100.0,68827.7109375,108543,-0.0028449085135825,0.0081926843007924,-0.0110375928143749
2024-10-29,SM,041510.KQ,69500.0,70800.0,68900.0,70800.0,69515.0078125,49046,0.0099857581436073,-0.002135229453096067,0.012120987596703367
2024-10-30,SM,041510.KQ,70800.0,72100.0,69900.0,70000.0,68729.53125,60157,-0.011299381057665,-0.0280539833727019,0.0167546023150369
2024-10-31,SM,041510.KQ,69100.0,71000.0,68800.0,70900.0,69613.1875,53743,0.0128570097006153,-0.017998957923409567,0.030855967624024865
2024-11-01,SM,041510.KQ,70600.0,70600.0,69100.0,69800.0,68533.15625,51362,-0.0155147507072563,0.03114238294962737,-0.04665713365688367
2024-11-04,SM,041510.KQ,71000.0,76400.0,70800.0,74900.0,73540.59375,439475,0.0730659110713289,0.0581452923472968,0.014920618724032102
2024-11-05,SM,041510.KQ,74300.0,80800.0,74300.0,77300.0,75897.0390625,523647,0.0320427833437229,0.03401895832932884,-0.0019761749856059344
2024-11-06,SM,041510.KQ,77000.0,78100.0,75100.0,77600.0,76191.5859375,211746,0.003880874387701,-0.002850675718659867,0.006731550106360867
2024-11-07,SM,041510.KQ,77000.0,77000.0,74000.0,77600.0,76191.5859375,135322,0.0,-0.0044554592206269335,0.0044554592206269335
2024-11-08,SM,041510.KQ,76300.0,76600.0,74500.0,74800.0,73442.40625,79186,-0.0360824578419348,-0.0013457867439566667,-0.03473667109797813
2024-11-11,SM,041510.KQ,74500.0,75900.0,74300.0,74600.0,73246.0390625,58366,-0.0026737575404536,-0.0056518939033281335,0.0029781363628745335
2024-11-12,SM,041510.KQ,74200.0,74700.0,68500.0,68700.0,67453.1171875,263223,-0.0790885343309413,-0.018133963319185303,-0.060954571011756
2024-11-13,SM,041510.KQ,68900.0,73000.0,68500.0,71500.0,70202.296875,174711,0.040756896080252,0.014205956489894233,0.026550939590357765
2024-11-14,SM,041510.KQ,73900.0,75300.0,70600.0,74200.0,72853.296875,210327,0.0377622972182845,0.027648921370733867,0.010113375847550635
2024-11-15,SM,041510.KQ,74000.0,78000.0,72400.0,76900.0,75504.296875,189203,0.0363881953695044,0.029309856198056535,0.007078339171447862
2024-11-18,SM,041510.KQ,77000.0,78200.0,75700.0,77700.0,76289.7734375,155581,0.0104030710172744,0.011303357432974502,-0.0009002864157001012
2024-11-19,SM,041510.KQ,77500.0,81000.0,77300.0,80700.0,79235.328125,269147,0.0386100856612601,0.05048829898772537,-0.01187821332646527
2024-11-20,SM,041510.KQ,80400.0,81000.0,78500.0,79100.0,77664.3671875,149816,-0.0198265215109816,0.00787325239823,-0.0276997739092116
2024-11-21,SM,041510.KQ,79400.0,80100.0,77400.0,78100.0,76682.515625,105398,-0.0126422399107376,-0.0073071310998171005,-0.005335108810920499
2024-11-22,SM,041510.KQ,78100.0,81500.0,76800.0,80200.0,78744.3984375,198902,0.0268885650880732,0.014328963797951835,0.012559601290121366
2024-11-25,SM,041510.KQ,82400.0,86100.0,81800.0,82600.0,81100.84375,308818,0.0299252436904489,-0.0018015979985834332,0.03172684168903234
2024-11-26,SM,041510.KQ,82100.0,84900.0,81800.0,84000.0,82475.4375,141326,0.0169491917277371,0.011587090142209633,0.005362101585527466
2024-11-27,SM,041510.KQ,84000.0,87400.0,83400.0,86500.0,84930.0546875,243446,0.0297617965045653,0.023980444159374,0.005781352345191299
2024-11-28,SM,041510.KQ,87000.0,88000.0,83300.0,83600.0,82082.6953125,170046,-0.0335259336106265,-0.024146652064605967,-0.009379281546020534
2024-11-29,SM,041510.KQ,82600.0,86500.0,81300.0,84800.0,83260.9140625,207832,0.0143540455818897,0.002032212434328833,0.012321833147560867
2024-12-02,SM,041510.KQ,85600.0,87500.0,83700.0,84600.0,83064.546875,190446,-0.0023584558218109,0.004303998553330401,-0.006662454375141302
2024-12-03,SM,041510.KQ,84300.0,86400.0,81600.0,82000.0,80511.734375,238723,-0.0307328769738743,0.0045028043389353,-0.0352356813128096
2024-12-04,SM,041510.KQ,79800.0,83100.0,79100.0,82300.0,80806.2890625,218399,0.0036585311419083,-0.0148369127324742,0.0184954438743825
2024-12-05,SM,041510.KQ,82000.0,83500.0,78300.0,78500.0,77075.2578125,176109,-0.0461725354955258,-0.03349139833228824,-0.012681137163237564
2024-12-06,SM,041510.KQ,78900.0,79400.0,76600.0,78400.0,76977.0703125,126742,-0.0012739172438301,-0.007296703499949633,0.006022786256119532
2024-12-09,SM,041510.KQ,76700.0,76800.0,73400.0,74000.0,72656.9296875,160927,-0.0561224349986526,-0.04426034532982464,-0.011862089668827958
2024-12-10,SM,041510.KQ,74800.0,77600.0,74700.0,75600.0,74227.890625,172782,0.0216216256901682,0.04962819451930033,-0.028006568829132134
2024-12-11,SM,041510.KQ,74900.0,78100.0,74900.0,77600.0,76191.5859375,88666,0.0264549523900741,0.00042629275039686676,0.02602865963967723
2024-12-12,SM,041510.KQ,78500.0,79200.0,76100.0,76900.0,75504.296875,200472,-0.0090205375573069,0.014206081495411133,-0.023226619052718035
2024-12-13,SM,041510.KQ,76900.0,83000.0,76700.0,81000.0,79529.875,230107,0.0533158812360636,0.04357336341335033,0.009742517822713272
2024-12-16,SM,041510.KQ,81400.0,81900.0,78200.0,79300.0,77860.734375,92228,-0.0209875927128013,-0.015624281145837332,-0.005363311566963968
2024-12-17,SM,041510.KQ,79900.0,80000.0,75700.0,76000.0,74620.625,204818,-0.0416141640713878,-0.03171126076720357,-0.009902903304184231
2024-12-18,SM,041510.KQ,76500.0,79500.0,75900.0,78200.0,76780.6953125,107259,0.0289473629107233,0.017848419059163834,0.011098943851559465
2024-12-19,SM,041510.KQ,77100.0,79500.0,76700.0,78000.0,76584.328125,101748,-0.0025575072835792,0.008862171895615932,-0.011419679179195133
2024-12-20,SM,041510.KQ,77200.0,78500.0,75800.0,75900.0,74522.4453125,79024,-0.0269230384725007,-0.025737244988885768,-0.0011857934836149338
2024-12-23,SM,041510.KQ,76200.0,78400.0,75000.0,77100.0,75700.6640625,77925,0.0158102534754367,0.006588950880810365,0.009221302594626335
2024-12-24,SM,041510.KQ,77700.0,78000.0,75500.0,75800.0,74424.2578125,57312,-0.0168612292350061,-0.027283151030486067,0.010421921795479967
2024-12-26,SM,041510.KQ,76000.0,78900.0,75600.0,77000.0,75602.4765625,96610,0.0158311118529166,0.016937832358943732,-0.001106720506027132
2024-12-27,SM,041510.KQ,76700.0,76800.0,73800.0,74700.0,73727.21875,99749,-0.0248041849654189,-0.015083298329048934,-0.009720886636369967
2024-12-30,SM,041510.KQ,73300.0,76700.0,72900.0,75600.0,74615.5,81568,0.0120482131980599,0.014071597268976166,-0.0020233840709162655
2025-01-02,SM,041510.KQ,75100.0,76500.0,70200.0,71500.0,70568.890625,184848,-0.0542328252842907,-0.013975549524347401,-0.0402572757599433
2025-01-03,SM,041510.KQ,71900.0,73600.0,71800.0,72600.0,71654.5703125,101803,0.0153846784026867,0.0182885330404883,-0.002903854637801599
2025-01-06,SM,041510.KQ,71900.0,72600.0,70000.0,70400.0,69483.21875,244234,-0.0303030435187916,-0.0020683229618871997,-0.028234720556904402
2025-01-07,SM,041510.KQ,70700.0,72400.0,70200.0,70300.0,69384.515625,271376,-0.0014205318460437,0.03488739936788483,-0.036307931213928536
2025-01-08,SM,041510.KQ,70300.0,70400.0,68000.0,68700.0,67805.3515625,221125,-0.0227596034688034,-0.009886023314412767,-0.012873580154390631
2025-01-09,SM,041510.KQ,68700.0,69500.0,68000.0,68300.0,67410.5625,164715,-0.0058223879590993,-0.0219067216028908,0.0160843336437915
2025-01-10,SM,041510.KQ,68400.0,69400.0,67200.0,68900.0,68002.75,216471,0.0087847879922378,0.045155316500153496,-0.036370528507915695
2025-01-13,SM,041510.KQ,69500.0,72700.0,69200.0,72000.0,71062.3828125,408318,0.0449927806228425,0.0018833760969503997,0.043109404525892105
2025-01-14,SM,041510.KQ,72700.0,77200.0,71700.0,77000.0,75997.265625,305099,0.0694443757328096,0.0433711044252604,0.026073271307549196
2025-01-15,SM,041510.KQ,77200.0,77500.0,75600.0,77300.0,76293.359375,132602,0.0038961105714123,0.005356976187919833,-0.001460865616507533
2025-01-16,SM,041510.KQ,78000.0,78100.0,75800.0,77100.0,76095.96875,126576,-0.0025872582701435,0.0002567257608098331,-0.002843984030953333
2025-01-17,SM,041510.KQ,76500.0,80100.0,76500.0,78400.0,77379.0390625,155226,0.0168612126710063,0.002429027808632567,0.014432184862373732
2025-01-20,SM,041510.KQ,78800.0,80000.0,77200.0,78300.0,77280.3359375,127925,-0.0012755796168556,-0.0180326146029133,0.0167570349860577
2025-01-21,SM,041510.KQ,79100.0,80300.0,78400.0,78800.0,77773.828125,79260,0.0063857407128653,-0.0031311107578256,0.0095168514706909
2025-01-22,SM,041510.KQ,78500.0,80700.0,77000.0,79900.0,78859.5,161706,0.0139593472659604,0.003748231295148733,0.010211115970811667
2025-01-23,SM,041510.KQ,79900.0,84500.0,79500.0,81800.0,80734.7578125,268400,0.0237797324672359,-0.003313611629695167,0.027093344096931066
2025-01-24,SM,041510.KQ,82300.0,86300.0,81400.0,84000.0,82906.109375,236537,0.0268948792482017,0.018127957288543432,0.008766921959658266
2025-01-31,SM,041510.KQ,84100.0,85100.0,83300.0,83500.0,82412.625,128773,-0.0059523282267157,0.0059371564445482,-0.011889484671263901
2025-02-03,SM,041510.KQ,83400.0,85900.0,82700.0,83600.0,82511.3203125,172289,0.0011975751591457,0.0065685720449026,-0.0053709968857568995
2025-02-04,SM,041510.KQ,84300.0,87800.0,82900.0,86800.0,85669.6484375,207505,0.0382775128677892,0.0357088874820005,0.0025686253857887045
2025-02-05,SM,041510.KQ,87300.0,90200.0,86100.0,87900.0,86755.3203125,240076,0.0126727714517476,0.0051346692083529,0.007538102243394701
2025-02-06,SM,041510.KQ,87700.0,89100.0,87000.0,87900.0,86755.3203125,89701,0.0,-0.0014161612706366329,0.0014161612706366329
2025-02-07,SM,041510.KQ,88400.0,89400.0,87400.0,87600.0,86459.234375,83063,-0.0034128850707192,-0.0028591037268894666,-0.0005537813438297335
2025-02-10,SM,041510.KQ,93000.0,96900.0,90400.0,92300.0,91098.0234375,648579,0.0536529047016558,0.011602484661647866,0.04205042004000793
2025-02-11,SM,041510.KQ,94500.0,95200.0,91100.0,95000.0,93762.8671875,376637,0.0292524870402735,0.0377664265226898,-0.0085139394824163
2025-02-12,SM,041510.KQ,95500.0,95500.0,91400.0,93600.0,92381.09375,199419,-0.0147368940279613,0.006508695041787,-0.0212455890697483
2025-02-13,SM,041510.KQ,94000.0,94100.0,90500.0,91400.0,90209.7421875,245488,-0.0235042850691513,-0.007006399448497266,-0.016497885620654032
2025-02-14,SM,041510.KQ,91400.0,96200.0,90800.0,92300.0,91098.0234375,266011,0.0098468439046606,-0.019530625498140535,0.029377469402801136
2025-02-17,SM,041510.KQ,92200.0,92200.0,88100.0,89200.0,88038.3984375,228314,-0.0335860744783241,-0.0202726772727596,-0.013313397205564504
2025-02-18,SM,041510.KQ,89200.0,91700.0,88400.0,91200.0,90012.3515625,138799,0.0224215019813354,0.008443444857079234,0.013978057124256165
2025-02-19,SM,041510.KQ,91400.0,96600.0,90100.0,96500.0,95243.328125,307376,0.0581139862662944,0.018229748401578868,0.03988423786471554
2025-02-20,SM,041510.KQ,106900.0,107800.0,98400.0,101400.0,100079.5234375,1052281,0.0507772608087868,0.05437576471945504,-0.003598503910668238
2025-02-21,SM,041510.KQ,101400.0,101400.0,97200.0,99500.0,98204.265625,244318,-0.0187376772799193,-0.01756757370081917,-0.0011701035791001312
2025-02-24,SM,041510.KQ,99200.0,101100.0,96000.0,100200.0,98895.1484375,241560,0.0070351609281229,-0.0046934273355319,0.011728588263654801
2025-02-25,SM,041510.KQ,100000.0,104700.0,98400.0,101900.0,100573.0078125,301282,0.0169660433449916,0.02593343046025477,-0.008967387115263167
2025-02-26,SM,041510.KQ,101000.0,102900.0,99100.0,99400.0,98105.5625,150463,-0.0245338721210377,0.003221010937788933,-0.027754883058826632
2025-02-27,SM,041510.KQ,99400.0,103200.0,98600.0,102000.0,100671.703125,183825,0.0261569329975555,0.03170844685589933,-0.005551513858343831
2025-02-28,SM,041510.KQ,100700.0,104800.0,100400.0,100400.0,99092.5390625,255865,-0.0156862754227889,-0.003010302778562466,-0.012675972644226435
2025-03-04,SM,041510.KQ,95500.0,101600.0,93900.0,100900.0,99586.03125,212425,0.0049801144684438,0.0019230202378380315,0.0030570942306057686
2025-03-05,SM,041510.KQ,101000.0,102300.0,96900.0,98100.0,96822.4921875,164058,-0.0277502680628213,-0.018142855375196,-0.0096074126876253
2025-03-06,SM,041510.KQ,98900.0,99300.0,95700.0,96600.0,95342.03125,148731,-0.0152904650980584,-0.012739982087343433,-0.0025504830107149663
2025-03-07,SM,041510.KQ,96900.0,100800.0,96400.0,98100.0,96822.4921875,165355,0.0155278938165059,0.002387836671035833,0.013140057145470067
2025-03-10,SM,041510.KQ,97900.0,99000.0,90100.0,95500.0,94256.3515625,243858,-0.0265035589047902,-0.04995068593118599,0.02344712702639579
2025-03-11,SM,041510.KQ,92600.0,98200.0,92400.0,96800.0,95539.421875,126135,0.0136125607582977,-0.01771830297360777,0.03133086373190547
2025-03-12,SM,041510.KQ,96100.0,97700.0,93500.0,93800.0,92578.4921875,157956,-0.0309917061396285,-0.0005927065389267662,-0.030398999600701734
2025-03-13,SM,041510.KQ,92800.0,94400.0,92400.0,93400.0,92183.703125,142466,-0.0042643712721139,0.0006502476779544666,-0.004914618950068367
2025-03-14,SM,041510.KQ,92800.0,93800.0,90500.0,91200.0,90012.3515625,156717,-0.023554614198517,-0.009081470922187066,-0.014473143276329934
2025-03-17,SM,041510.KQ,91200.0,95600.0,90100.0,93400.0,92183.703125,162679,0.0241228178667494,0.015930547219317,0.0081922706474324
2025-03-18,SM,041510.KQ,94800.0,95700.0,91800.0,93700.0,92479.796875,141295,0.003211996697491,-0.04868070517445657,0.05189270187194757
2025-03-19,SM,041510.KQ,94000.0,101500.0,94000.0,100000.0,98697.75,290232,0.0672357999813135,0.012332831073545067,0.05490296890776843
2025-03-20,SM,041510.KQ,99700.0,100200.0,94000.0,95000.0,93762.8671875,173514,-0.0499999525065161,-0.028826698702703563,-0.021173253803812537
2025-03-21,SM,041510.KQ,96700.0,100600.0,95900.0,100300.0,98993.84375,166619,0.0557894262345826,0.009843910111504801,0.0459455161230778
2025-03-24,SM,041510.KQ,99900.0,104200.0,99800.0,102700.0,101362.59375,152897,0.023928255639634,0.018793299045499697,0.005134956594134304
2025-03-25,SM,041510.KQ,102700.0,105500.0,100300.0,103900.0,102546.9609375,171472,0.0116844601512577,0.02681541709531123,-0.015130956944053529
2025-03-26,SM,041510.KQ,104700.0,105500.0,101600.0,105000.0,103632.640625,99795,0.0105871463919997,0.000325269192832067,0.010261877199167633
2025-03-27,SM,041510.KQ,104300.0,110300.0,103700.0,108600.0,107185.7578125,255721,0.0342856957621791,0.0031392735416899665,0.031146422220489137
2025-03-28,SM,041510.KQ,110000.0,110000.0,106100.0,107000.0,105606.59375,76078,-0.0147329654119013,-0.02531517413381563,0.010582208721914331
2025-03-31,SM,041510.KQ,106700.0,109000.0,104800.0,107300.0,105902.6875,182649,0.0028037430191236,-0.02149885189788257,0.02430259491700617
2025-04-01,SM,041510.KQ,107300.0,109900.0,103000.0,106100.0,104718.3125,191030,-0.0111836160909514,0.0046910492421447,-0.0158746653330961
2025-04-02,SM,041510.KQ,106100.0,107800.0,103000.0,104200.0,102843.0546875,155476,-0.0179076397215625,-0.006245660133529,-0.0116619795880335
2025-04-03,SM,041510.KQ,102500.0,109300.0,102500.0,108200.0,106790.96875,263133,0.0383877557361183,0.005918503556426767,0.032469252179691536
2025-04-04,SM,041510.KQ,109800.0,117300.0,105200.0,115900.0,114390.6953125,743209,0.0711645062448222,0.03553401495751676,0.035630491287305444
2025-04-07,SM,041510.KQ,113300.0,114500.0,109000.0,109900.0,108468.828125,212753,-0.0517687839148303,-0.060721935605871726,0.008953151691041425
2025-04-08,SM,041510.KQ,111600.0,112700.0,108000.0,110600.0,109159.7109375,138320,0.0063694134475558,-0.00032317221152983346,0.006692585659085633
2025-04-09,SM,041510.KQ,111400.0,111400.0,101100.0,107700.0,106297.4765625,230835,-0.0262206115279911,-0.0425312878931598,0.016310676365168697
2025-04-10,SM,041510.KQ,110200.0,110800.0,103200.0,107300.0,105902.6875,349135,-0.003714002206514,0.03641788995037373,-0.040131892156887734
2025-04-11,SM,041510.KQ,106000.0,110000.0,105700.0,106400.0,105014.40625,169712,-0.0083877120682135,0.009318893855766201,-0.0177066059239797
2025-04-14,SM,041510.KQ,105800.0,106400.0,102700.0,105400.0,104027.4296875,272698,-0.0093984872908806,0.0038023265439992,-0.0132008138348798
2025-04-15,SM,041510.KQ,105600.0,107800.0,104300.0,105700.0,104323.5234375,135360,0.00284630458418,0.01178987383728,-0.0089435692531
2025-04-16,SM,041510.KQ,105700.0,110300.0,104900.0,106800.0,105409.1953125,187413,0.0104067792116935,-0.005893370084043233,0.016300149295736734
2025-04-17,SM,041510.KQ,108300.0,115500.0,107000.0,114500.0,113008.921875,281704,0.072097377652581,0.013245557738002367,0.05885181991457863
2025-04-18,SM,041510.KQ,114000.0,118500.0,113900.0,116300.0,114785.484375,153076,0.0157205508248725,0.037259811887499696,-0.021539261062627196
2025-04-21,SM,041510.KQ,116400.0,117500.0,111600.0,113500.0,112021.9453125,112678,-0.0240756841123884,-0.0184088340762045,-0.005666850036183901
2025-04-22,SM,041510.KQ,113500.0,115000.0,111900.0,113600.0,112120.6484375,83949,0.0008811052577657,0.0018046105829828,-0.0009235053252170999
2025-04-23,SM,041510.KQ,114400.0,114400.0,110600.0,112500.0,111034.96875,93277,-0.0096831377862142,-0.005168531326744834,-0.004514606459469365
2025-04-24,SM,041510.KQ,111300.0,113000.0,110700.0,112200.0,110738.875,62359,-0.0026666711697524,-0.007317428581687932,0.004650757411935533
2025-04-25,SM,041510.KQ,113000.0,119700.0,111600.0,117000.0,115476.3671875,181369,0.0427807505494344,0.01617642407201,0.0266043264774244
2025-04-28,SM,041510.KQ,118000.0,119100.0,116000.0,119000.0,117450.328125,123086,0.0170940685577236,0.0376529867483918,-0.0205589181906682
2025-04-29,SM,041510.KQ,121700.0,124900.0,119500.0,120800.0,119226.8828125,157616,0.0151260087209739,0.0368495427411612,-0.0217235340201873
2025-04-30,SM,041510.KQ,121500.0,124100.0,120900.0,123900.0,122286.515625,174468,0.0256622729733837,0.021368845193967867,0.004293427779415833
2025-05-02,SM,041510.KQ,125000.0,129100.0,124600.0,127500.0,125839.6328125,258128,0.0290556744489791,0.007566670649599966,0.021489003799379135
2025-05-07,SM,041510.KQ,128000.0,134300.0,121100.0,125500.0,123865.6796875,476207,-0.0156862594151174,-0.0060558786971095,-0.0096303807180079
2025-05-08,SM,041510.KQ,126200.0,126300.0,120300.0,122500.0,120904.7421875,325783,-0.0239044221730355,0.0015510485800020672,-0.025455470753037567
2025-05-09,SM,041510.KQ,123400.0,128000.0,121900.0,126300.0,124655.2578125,220379,0.0310204178690003,0.038455889436422065,-0.007435471567421765
2025-05-12,SM,041510.KQ,124200.0,125000.0,118000.0,119900.0,118338.6015625,277973,-0.0506730029751427,-0.030892101235185168,-0.01978090173995753
2025-05-13,SM,041510.KQ,118300.0,122300.0,117200.0,121100.0,119522.9765625,142385,0.0100083572423701,0.011418566594364734,-0.001410209351994634
2025-05-14,SM,041510.KQ,121200.0,125400.0,121100.0,124400.0,122780.0,153667,0.0272501867939747,0.03380956471942443,-0.006559377925449729
2025-05-15,SM,041510.KQ,123500.0,125000.0,119700.0,120500.0,118930.7890625,149352,-0.0313504718805994,0.01701974599995627,-0.04837021788055566
2025-05-16,SM,041510.KQ,120700.0,121200.0,118400.0,119700.0,118141.2109375,164024,-0.006638971549958,-0.0032234918685560333,-0.0034154796814019664
2025-05-19,SM,041510.KQ,118400.0,120400.0,116900.0,118900.0,117351.625,102210,-0.0066834081962957,-0.0198500776692956,0.013166669472999899
2025-05-20,SM,041510.KQ,120500.0,122100.0,119000.0,120600.0,119029.4921875,131850,0.0142977754888353,0.029062756913823734,-0.014764981424988433
2025-05-21,SM,041510.KQ,120600.0,124000.0,117100.0,123800.0,122187.8203125,181852,0.0265339964655555,0.005405411279416467,0.021128585186139033
2025-05-22,SM,041510.KQ,122700.0,127900.0,121900.0,126800.0,125148.75,139142,0.0242326091088891,2.3787577663833374e-05,0.024208821531225267
2025-05-23,SM,041510.KQ,126800.0,132800.0,126300.0,132400.0,130675.8203125,268948,0.0441640073312756,0.025990478332907633,0.01817352899836797
2025-05-26,SM,041510.KQ,133300.0,133300.0,129100.0,132700.0,130971.9140625,234216,0.0022658648653739,0.012736440047892835,-0.010470575182518935
2025-05-27,SM,041510.KQ,132500.0,137500.0,128400.0,129900.0,128208.3828125,325267,-0.0211001822015156,-0.006209156616916533,-0.01489102558459907
2025-05-28,SM,041510.KQ,132600.0,139500.0,126400.0,127900.0,126234.421875,2692052,-0.0153965044578001,-0.0140405079235138,-0.0013559965342862992
2025-05-29,SM,041510.KQ,129300.0,139700.0,125100.0,137400.0,135610.703125,375434,0.074276739345189,0.0103644260323847,0.0639123133128043
2025-05-30,SM,041510.KQ,136500.0,138200.0,127100.0,128300.0,126629.21875,346370,-0.0662299078762335,-0.019830000066359068,-0.04639990780987442
2025-06-02,SM,041510.KQ,129300.0,131700.0,128300.0,129900.0,128208.3828125,168142,0.0124707715809073,0.03835826613888683,-0.025887494557979528
2025-06-04,SM,041510.KQ,131800.0,131800.0,127600.0,128100.0,126431.8203125,187778,-0.0138568357312341,0.010163618682725334,-0.024020454413959433
2025-06-05,SM,041510.KQ,129100.0,136200.0,129100.0,134400.0,132649.78125,262324,0.0491803481285892,0.013484415957007168,0.03569593217158203
2025-06-09,SM,041510.KQ,137500.0,141500.0,136400.0,138200.0,136400.296875,179262,0.0282738168857703,0.029989425319836935,-0.0017156084340666337
2025-06-10,SM,041510.KQ,140000.0,144700.0,137400.0,140900.0,139065.125,196111,0.0195368205645629,0.025014357095869938,-0.005477536531307038
2025-06-11,SM,041510.KQ,142000.0,142500.0,138700.0,139600.0,137782.0625,150176,-0.0092263426937558,-0.03043478717557893,0.02120844448182313
2025-06-12,SM,041510.KQ,138300.0,139700.0,137500.0,137500.0,135709.40625,265860,-0.0150430049630009,-0.0017016801106424333,-0.013341324852358467
2025-06-13,SM,041510.KQ,137500.0,139300.0,130200.0,132300.0,130577.125,332346,-0.0378181689229812,-0.02248909554791803,-0.015329073375063167
2025-06-16,SM,041510.KQ,132500.0,137200.0,131700.0,135500.0,133735.453125,131393,0.0241874533920087,0.010444636163990065,0.013742817228018636
2025-06-17,SM,041510.KQ,135300.0,135900.0,131500.0,135300.0,133538.0625,136315,-0.0014759782868908,-0.002532528633525233,0.0010565503466344332
2025-06-18,SM,041510.KQ,133900.0,139100.0,133600.0,134900.0,133143.265625,123655,-0.0029564370458048,0.0003021833274891005,-0.003258620373293901
2025-06-19,SM,041510.KQ,136000.0,138800.0,132500.0,135000.0,133241.96875,161661,0.0007413302095053,0.010360625455100634,-0.009619295245595334
2025-06-20,SM,041510.KQ,135600.0,138200.0,133200.0,138200.0,136400.296875,136711,0.0237037035299736,0.02518392348551687,-0.0014802199555432709
2025-06-23,SM,041510.KQ,137000.0,137800.0,131600.0,133300.0,131564.109375,197642,-0.0354558429182304,-0.0112193030174264,-0.024236539900804002
2025-06-24,SM,041510.KQ,134700.0,138600.0,134100.0,135800.0,134031.546875,175868,0.0187546399373024,0.014895482182502731,0.0038591577547996674
2025-06-25,SM,041510.KQ,137200.0,137300.0,131500.0,134500.0,132748.46875,134234,-0.0095729561802089,-0.014687600978167702,0.005114644797958801
2025-06-26,SM,041510.KQ,134000.0,135600.0,131500.0,133800.0,132057.59375,108969,-0.0052043914819167,-0.010050274198765667,0.004845882716848967
2025-06-27,SM,041510.KQ,133900.0,139700.0,131300.0,137500.0,135709.40625,189327,0.0276531806789792,0.004282326539207,0.023370854139772197
2025-06-30,SM,041510.KQ,137500.0,142800.0,137500.0,141000.0,139163.828125,169026,0.0254545500599741,0.01737853766906043,0.00807601239091367
2025-07-01,SM,041510.KQ,140300.0,146500.0,139500.0,143900.0,142026.0625,182508,0.0205673730994886,0.0062002778082382,0.014367095291250402
2025-07-02,SM,041510.KQ,144100.0,152500.0,141200.0,144500.0,142618.25,191240,0.0041695692295913,-0.022282983366678,0.0264525525962693
2025-07-03,SM,041510.KQ,144600.0,145600.0,135300.0,135700.0,133932.84375,235074,-0.0608996832453069,-0.046756143210505,-0.0141435400348019
2025-07-04,SM,041510.KQ,135600.0,136600.0,130400.0,130500.0,128800.5625,133931,-0.0383198109313646,-0.025157489699401302,-0.013162321231963297
2025-07-07,SM,041510.KQ,129700.0,132800.0,127400.0,129300.0,127616.1953125,116576,-0.0091953572601827,-0.0072354495616380006,-0.001959907698544699
2025-07-08,SM,041510.KQ,131800.0,136400.0,131200.0,133400.0,131662.796875,189231,0.0317091537840545,0.019512413684809965,0.012196740099244534
2025-07-09,SM,041510.KQ,133800.0,137100.0,130500.0,133900.0,132156.296875,118969,0.0037482114288407,-0.003469871895380334,0.007218083324221034
2025-07-10,SM,041510.KQ,134300.0,134700.0,130700.0,133800.0,132057.59375,147277,-0.0007468666066918,-0.0021014994820890004,0.0013546328753972004
2025-07-11,SM,041510.KQ,133900.0,138800.0,133800.0,136200.0,134426.34375,163359,0.0179372494434837,0.011383846597537368,0.006553402845946332
2025-07-14,SM,041510.KQ,136100.0,138500.0,133300.0,134400.0,132649.78125,119379,-0.0132158805368088,0.0021109903263717,-0.0153268708631805
2025-07-15,SM,041510.KQ,134400.0,136300.0,132200.0,133700.0,131958.890625,127673,-0.005208381186079,0.0030736790055853336,-0.008282060191664335
2025-07-16,SM,041510.KQ,133000.0,133900.0,130600.0,130800.0,129096.65625,91676,-0.0216903488764078,-0.024649127529530936,0.0029587786531231376
2025-07-17,SM,041510.KQ,130300.0,132600.0,129000.0,131700.0,129984.9375,100345,0.0068807456041295,0.0107361201853027,-0.0038553745811732007
2025-07-18,SM,041510.KQ,131500.0,132100.0,129800.0,130700.0,128997.9609375,64506,-0.0075930071705423,0.00017902043028226663,-0.007772027600824566
2025-07-21,SM,041510.KQ,130500.0,141000.0,129900.0,139800.0,137979.453125,272368,0.0696250709873744,0.0395676181318996,0.0300574528554748
2025-07-22,SM,041510.KQ,138000.0,140500.0,137100.0,138200.0,136400.296875,102939,-0.0114448652624343,-0.0210284562567562,0.0095835909943219
2025-07-23,SM,041510.KQ,139000.0,139400.0,132500.0,133100.0,131366.703125,122167,-0.0369030996656326,-0.0254844103058985,-0.0114186893597341
2025-07-24,SM,041510.KQ,133500.0,133600.0,128600.0,131100.0,129392.75,125464,-0.015026281988075,-0.021954571033860965,0.006928289045785966
2025-07-25,SM,041510.KQ,131300.0,131500.0,123100.0,124700.0,123076.09375,243837,-0.0488176984413732,-0.011871419978560033,-0.03694627846281317
2025-07-28,SM,041510.KQ,123800.0,124300.0,119300.0,121500.0,119917.765625,213757,-0.0256615889306285,-0.019391681216884366,-0.006269907713744135
2025-07-29,SM,041510.KQ,120700.0,124400.0,120200.0,123200.0,121595.6328125,132607,0.0139918149638222,0.0050091044642818,0.0089827104995404
2025-07-30,SM,041510.KQ,123000.0,126000.0,121900.0,123500.0,121891.7265625,144654,0.00243506895068,-0.010849329397245533,0.013284398347925533
2025-07-31,SM,041510.KQ,122300.0,136300.0,122200.0,133100.0,131366.703125,378632,0.0777327291171128,0.04876070442388974,0.028972024693223068
2025-08-01,SM,041510.KQ,133300.0,133600.0,128500.0,129500.0,127813.5859375,186089,-0.0270473194727212,-0.047000285775102936,0.019952966302381737
2025-08-04,SM,041510.KQ,128100.0,136000.0,128000.0,135600.0,133834.15625,166388,0.0471043063876168,0.040546879300804965,0.006557427086811833
2025-08-05,SM,041510.KQ,137000.0,138700.0,134400.0,135500.0,133735.453125,188167,-0.0007375032485401,0.018173416883745932,-0.01891092013228603
2025-08-06,SM,041510.KQ,139300.0,143100.0,131600.0,137400.0,135610.703125,658916,0.0140220858133051,0.019538111232203434,-0.0055160254188983335
2025-08-07,SM,041510.KQ,138000.0,138200.0,128900.0,134400.0,132649.78125,404879,-0.0218339836515024,0.030574179396548096,-0.052408163048050495
2025-08-08,SM,041510.KQ,134900.0,141900.0,132800.0,140200.0,138374.25,247603,0.043154754542801,0.04239013877630707,0.000764615766493934
2025-08-11,SM,041510.KQ,140100.0,147500.0,138000.0,147300.0,145381.78125,306446,0.0506418733976878,0.05119304771202537,-0.0005511743143375644
2025-08-12,SM,041510.KQ,146600.0,149000.0,144200.0,145700.0,143802.625,155510,-0.0108621330432351,-0.015505916442835032,0.0046437833995999316
2025-08-13,SM,041510.KQ,146100.0,146900.0,135700.0,143500.0,141631.28125,409087,-0.0150994722801478,-0.039781358687789564,0.024681886407641764
2025-08-14,SM,041510.KQ,145300.0,150500.0,144600.0,148600.0,146664.859375,286846,0.0355400168703903,0.018284504096841868,0.017255512773548434
2025-08-18,SM,041510.KQ,148500.0,150300.0,146000.0,147400.0,145480.484375,177907,-0.0080753835993646,-0.0070593538545218005,-0.0010160297448427993
2025-08-19,SM,041510.KQ,147500.0,155100.0,146700.0,148200.0,146270.0625,304769,0.0054273817439645,0.0098927302226775,-0.004465348478713001
2025-08-20,SM,041510.KQ,150200.0,151400.0,146800.0,150900.0,148934.90625,237298,0.0182186546204559,0.020144914755858636,-0.0019262601354027367
2025-08-21,SM,041510.KQ,150400.0,154000.0,149400.0,149500.0,147553.140625,148835,-0.0092776479321817,0.014833086133731401,-0.024110734065913103
2025-08-22,SM,041510.KQ,149000.0,149500.0,143000.0,144400.0,142519.546875,292770,-0.0341137689694633,-0.03410298827393493,-1.0780695528365969e-05
2025-08-25,SM,041510.KQ,145900.0,146400.0,143000.0,144100.0,142223.453125,128469,-0.0020775658952921,0.017060398954694866,-0.019137964849986967
2025-08-26,SM,041510.KQ,145000.0,151000.0,144200.0,145300.0,143407.828125,289291,0.008327564645467,0.002491879727593833,0.005835684917873167
2025-08-27,SM,041510.KQ,145000.0,145700.0,141900.0,144000.0,142124.765625,127048,-0.0089469488296107,-0.010343230801741933,0.001396281972131234
2025-08-28,SM,041510.KQ,140500.0,142500.0,137500.0,139300.0,137485.96875,339191,-0.0326389060667976,-0.022263619073311935,-0.010375286993485663
2025-08-29,SM,041510.KQ,139700.0,140800.0,138300.0,138800.0,136992.484375,133625,-0.0035893435489212,-0.0050676679227479,0.0014783243738267
2025-09-01,SM,041510.KQ,140500.0,143800.0,138900.0,140400.0,138571.640625,172881,0.0115273203285901,0.004033049123497133,0.007494271205092967
2025-09-02,SM,041510.KQ,140400.0,141100.0,136500.0,137100.0,135314.625,111818,-0.0235042005009817,0.0025207906774101997,-0.0260249911783919
2025-09-03,SM,041510.KQ,137100.0,137500.0,132300.0,135700.0,133932.84375,113078,-0.0102116179237832,-0.014134997649897734,0.003923379726114534
2025-09-04,SM,041510.KQ,135800.0,137700.0,135200.0,136200.0,134426.34375,95603,0.0036846824586296,0.004164312903773967,-0.0004796304451443671
2025-09-05,SM,041510.KQ,136300.0,142900.0,136300.0,140100.0,138275.546875,177674,0.0286342915950952,0.0121155015927958,0.016518790002299402
2025-09-08,SM,041510.KQ,140100.0,144300.0,138400.0,142800.0,140940.390625,100421,0.019271981273804,0.009189372843991234,0.010082608429812767
2025-09-09,SM,041510.KQ,142700.0,144000.0,138500.0,138800.0,136992.484375,181408,-0.0280111771543488,-0.011516216349430466,-0.016494960804918333
2025-09-10,SM,041510.KQ,140700.0,144300.0,140200.0,142700.0,140841.6875,187972,0.0280979145867832,0.014645279063674433,0.013452635523108767
2025-09-11,SM,041510.KQ,142700.0,145000.0,141000.0,142800.0,140940.390625,213526,0.0007008090200566,-0.020889808582707864,0.021590617602764463
2025-09-12,SM,041510.KQ,143100.0,143500.0,141700.0,143200.0,141335.1875,91504,0.0028011620604233,0.013560311021326868,-0.010759148960903568
2025-09-15,SM,041510.KQ,141800.0,142900.0,139400.0,141600.0,139756.015625,103825,-0.0111732393251327,-0.0113533722942589,0.00018013296912620068
2025-09-16,SM,041510.KQ,141200.0,144200.0,140400.0,142500.0,140644.296875,93636,0.0063559428624773,0.0057373807460028335,0.0006185621164744668
2025-09-17,SM,041510.KQ,143500.0,146400.0,142700.0,143500.0,141631.28125,99661,0.0070175925859061,-0.00038315426793180014,0.0074007468538379
2025-09-18,SM,041510.KQ,144600.0,147900.0,143500.0,146000.0,144098.71875,119243,0.0174215574287195,0.0037290267838412,0.013692530644878301
2025-09-22,SM,041510.KQ,151800.0,151800.0,145500.0,145700.0,143802.625,176593,-0.0020547979369177,0.0005682954642748326,-0.0026230934011925323
2025-09-23,SM,041510.KQ,145700.0,145800.0,139900.0,140100.0,138275.546875,166458,-0.0384351685165691,-0.017300855573378033,-0.021134312943191066
2025-09-24,SM,041510.KQ,141000.0,141500.0,135500.0,137000.0,135215.921875,139653,-0.02212701427799,-0.009101589778280033,-0.013025424499709967
2025-09-25,SM,041510.KQ,135100.0,136500.0,130500.0,131900.0,130182.3359375,255019,-0.0372262812522424,-0.0184341685580705,-0.0187921126941719
2025-09-26,SM,041510.KQ,131800.0,135000.0,130400.0,131700.0,129984.9375,138716,-0.001516322749,0.0247753223075744,-0.0262916450565744
2025-09-29,SM,041510.KQ,132700.0,133100.0,130700.0,132300.0,130577.125,77765,0.0045558163229488,0.0021849354587236665,0.002370880864225134
2025-09-30,SM,041510.KQ,130800.0,131500.0,128500.0,130000.0,128307.078125,136238,-0.0173847209072799,-0.021329248754550136,0.003944527847270236
2025-10-01,SM,041510.KQ,130300.0,131500.0,128200.0,128800.0,127122.703125,113975,-0.0092307845935526,0.003367023549111633,-0.012597808142664233
2025-10-02,SM,041510.KQ,128800.0,128900.0,126200.0,127100.0,125444.84375,198125,-0.0131987389644331,-0.0046622649934063,-0.0085364739710268
2025-10-10,SM,041510.KQ,127200.0,127500.0,123900.0,126300.0,124655.2578125,178626,-0.0062942877036347,0.018237171107609598,-0.0245314588112443
2025-10-13,SM,041510.KQ,125800.0,131400.0,123500.0,129700.0,128010.984375,164657,0.0269200563328624,0.0422461382933875,-0.015326081960525099
2025-10-14,SM,041510.KQ,128900.0,129000.0,119400.0,121300.0,119720.375,216238,-0.0647648279206508,-0.0467326474602682,-0.018032180460382602
2025-10-15,SM,041510.KQ,122100.0,122500.0,119100.0,121100.0,119522.9765625,151703,-0.0016488290944628,-0.008345688380378366,0.006696859285915567
2025-10-16,SM,041510.KQ,121300.0,121700.0,118300.0,119200.0,117647.71875,165360,-0.0156895173332585,-0.017561694189962732,0.0018721768567042316
2025-10-17,SM,041510.KQ,119200.0,119800.0,115600.0,116400.0,114884.1796875,176407,-0.0234899502673102,-0.019611256070861335,-0.003878694196448866
2025-10-20,SM,041510.KQ,116500.0,119600.0,115100.0,118500.0,116956.8359375,123190,0.0180412677849803,0.019477555383494733,-0.0014362875985144338
2025-10-21,SM,041510.KQ,118500.0,120700.0,118100.0,119500.0,117943.8125,123887,0.0084388103917878,0.023648194240591464,-0.015209383848803664
2025-10-22,SM,041510.KQ,120000.0,120000.0,117000.0,119000.0,117450.328125,74858,-0.0041840632801317,-0.006359344906655799,0.0021752816265240994
2025-10-23,SM,041510.KQ,118500.0,121100.0,117700.0,118800.0,117252.9296875,120311,-0.0016806971989887,0.0163586331933147,-0.018039330392303397
2025-10-24,SM,041510.KQ,119800.0,120200.0,117600.0,118100.0,116562.046875,81268,-0.0058922434973806,-0.008476707306876568,0.002584463809495967
2025-10-27,SM,041510.KQ,118600.0,124300.0,118500.0,120900.0,119325.578125,192236,0.0237086712535476,0.05098588570674173,-0.02727721445319413
2025-10-28,SM,041510.KQ,120900.0,122500.0,120000.0,120600.0,119029.4921875,92020,-0.0024813283300403,0.008229150310943534,-0.010710478640983834
2025-10-29,SM,041510.KQ,121100.0,121100.0,117600.0,118500.0,116956.8359375,127200,-0.0174129638958306,-0.018661838489186334,0.0012488745933557331
2025-10-30,SM,041510.KQ,120600.0,122000.0,118600.0,119400.0,117845.1171875,147566,0.0075949493920532,0.026733512726789335,-0.019138563334736135
2025-10-31,SM,041510.KQ,119900.0,121900.0,118800.0,119500.0,117943.8125,151210,0.0008375002278877,0.01571762711928777,-0.014880126891400069
2025-11-03,SM,041510.KQ,126800.0,129200.0,119900.0,121000.0,119424.28125,424068,0.0125523223187311,0.013259384220155835,-0.0007070619014247354
2025-11-04,SM,041510.KQ,119900.0,119900.0,116900.0,117900.0,116364.6484375,156553,-0.0256198553633748,-0.022170155088664798,-0.0034497002747100013
2025-11-05,SM,041510.KQ,117000.0,117300.0,112000.0,113500.0,112021.9453125,224442,-0.0373197803913143,-0.03898666683454557,0.0016668864432312705
2025-11-06,SM,041510.KQ,113600.0,114600.0,102400.0,106000.0,104619.6171875,524011,-0.066079267810876,-0.046704687768559294,-0.019374580042316708
2025-11-07,SM,041510.KQ,103300.0,104800.0,101300.0,102600.0,101263.890625,157108,-0.0320755003001572,-0.05593588005086594,0.02386037975070874
2025-11-10,SM,041510.KQ,102800.0,103500.0,100400.0,102700.0,101362.59375,161173,0.0009747119569551,-0.019907396696492132,0.020882108653447234
2025-11-11,SM,041510.KQ,102700.0,103200.0,98300.0,99400.0,98105.5625,249460,-0.0321324773716141,-0.0451779488038117,0.0130454714321976
2025-11-12,SM,041510.KQ,100000.0,100600.0,98900.0,99000.0,97710.7734375,150782,-0.0040241251610988,0.007654216318445099,-0.0116783414795439
2025-11-13,SM,041510.KQ,99500.0,101600.0,98700.0,100800.0,99487.3359375,180283,0.0181818487102281,0.012699132248297532,0.005482716461930567
2025-11-14,SM,041510.KQ,100600.0,103700.0,100600.0,101500.0,100178.21875,143872,0.0069444297205227,-0.022435077902910532,0.02937950762343323
2025-11-17,SM,041510.KQ,101800.0,103100.0,100200.0,102600.0,101263.890625,85571,0.0108374044632331,0.0008184847970363665,0.010018919666196733
2025-11-18,SM,041510.KQ,103500.0,108000.0,103200.0,104600.0,103237.8515625,295077,0.0194932361902819,-0.011196295860217267,0.030689532050499166
2025-11-19,SM,041510.KQ,105300.0,105600.0,101100.0,101300.0,99980.8203125,126843,-0.0315488088981413,-0.020264494067290435,-0.011284314830850867
2025-11-20,SM,041510.KQ,102600.0,106200.0,101800.0,105700.0,104323.5234375,136791,0.0434353620166994,0.023498856681483566,0.01993650533521583
2025-11-21,SM,041510.KQ,103500.0,104000.0,101500.0,102000.0,100671.703125,69629,-0.035004763951323,-0.0214791326283966,-0.0135256313229264
2025-11-24,SM,041510.KQ,102900.0,103000.0,99600.0,100200.0,98895.1484375,131905,-0.0176470113483043,-0.008911837792106768,-0.008735173556197531
2025-11-25,SM,041510.KQ,100300.0,100300.0,96000.0,96500.0,95243.328125,145230,-0.0369261826307676,-0.0320843155223453,-0.004841867108422299
2025-11-26,SM,041510.KQ,97100.0,99500.0,96500.0,99100.0,97809.46875,72972,0.0269429961711555,0.0246800630063719,0.002262933164783598
2025-11-27,SM,041510.KQ,99100.0,102900.0,99100.0,102300.0,100967.796875,88220,0.0322906173130606,0.026436084604017,0.005854532709043597
2025-11-28,SM,041510.KQ,103300.0,108500.0,103200.0,108100.0,106692.2734375,200917,0.0566960629000057,0.0310252512733421,0.0256708116266636
2025-12-01,SM,041510.KQ,109400.0,110200.0,106300.0,107400.0,106001.3828125,140544,-0.0064755450675134,-0.013039934746196165,0.006564389678682765
2025-12-02,SM,041510.KQ,108900.0,110300.0,106100.0,106900.0,105507.8984375,124892,-0.004655452239457,0.003603849688897301,-0.008259301928354302
2025-12-03,SM,041510.KQ,107200.0,107400.0,105200.0,105300.0,103928.734375,80393,-0.0149672591899406,-0.0017063327630912001,-0.013260926426849399
2025-12-04,SM,041510.KQ,105600.0,105600.0,102300.0,103800.0,102448.265625,73885,-0.0142450378030979,-0.009175817432583099,-0.0050692203705148
2025-12-05,SM,041510.KQ,103700.0,104400.0,101900.0,104400.0,103040.453125,57053,0.0057803565183585,-0.002757590765421933,0.008537947283780434
2025-12-08,SM,041510.KQ,103000.0,103600.0,101400.0,102000.0,100671.703125,76167,-0.0229885440927403,-0.0082686566800032,-0.0147198874127371
2025-12-09,SM,041510.KQ,102000.0,103500.0,100900.0,101600.0,100276.9140625,66409,-0.0039215494547639,0.004918984103263933,-0.008840533558027833
2025-12-10,SM,041510.KQ,100700.0,105200.0,100700.0,103800.0,102448.265625,83612,0.0216535538892497,0.0118129742837623,0.0098405796054874
2025-12-11,SM,041510.KQ,103600.0,103900.0,101500.0,102200.0,100869.1015625,102229,-0.0154142586296223,-0.009704877153313066,-0.005709381476309235
2025-12-12,SM,041510.KQ,102700.0,104200.0,101200.0,103800.0,102448.265625,119739,0.0156555777541205,0.019440342616990635,-0.003784764862870136
2025-12-15,SM,041510.KQ,102500.0,113800.0,100700.0,109000.0,107580.546875,318284,0.0500963214817722,-8.931051049500203e-06,0.0501052525328217
2025-12-16,SM,041510.KQ,109400.0,113500.0,105700.0,111700.0,110245.390625,229202,0.024770684174866,-0.0047955702641856,0.0295662544390516
2025-12-17,SM,041510.KQ,112600.0,118900.0,111600.0,118200.0,116660.7421875,271784,0.058191562714144,0.028499708540104796,0.029691854174039207
2025-12-18,SM,041510.KQ,117900.0,120700.0,115500.0,118400.0,116858.140625,220566,0.0016920725327012,-0.009760935162303799,0.011453007695005
2025-12-19,SM,041510.KQ,118600.0,122200.0,117100.0,117100.0,115575.0703125,197373,-0.0109797255513195,0.010113292972758033,-0.021093018524077533
2025-12-22,SM,041510.KQ,118000.0,119700.0,116100.0,118700.0,117154.234375,85451,0.0136635353820693,-0.004681158680069933,0.018344694062139233
2025-12-23,SM,041510.KQ,121900.0,129500.0,119400.0,127700.0,126037.03125,417541,0.0758213898318602,0.04137005288169066,0.03445133695016953
2025-12-24,SM,041510.KQ,126500.0,129600.0,125300.0,128900.0,127221.3984375,139879,0.009396977822738,-0.0020443743392112666,0.011441352161949267
2025-12-26,SM,041510.KQ,127300.0,127900.0,123600.0,124400.0,122780.0,135676,-0.0349107814569569,-0.021919018934683603,-0.012991762522273295
2025-12-29,SM,041510.KQ,122500.0,128500.0,121300.0,128000.0,128000.0,134059,0.0425150676005863,0.0084254108701153,0.034089656730471
2025-12-30,SM,041510.KQ,127600.0,137500.0,127400.0,135000.0,135000.0,450619,0.0546875,0.041663385621618136,0.013024114378381864
2026-01-02,SM,041510.KQ,140000.0,140400.0,129400.0,132400.0,132400.0,465998,-0.0192592592592593,0.043462380974808236,-0.06272164023406754
2026-01-05,SM,041510.KQ,134700.0,134700.0,118300.0,119000.0,119000.0,760409,-0.1012084592145015,-0.05392870207220273,-0.04727975714229877
2026-01-06,SM,041510.KQ,120000.0,120100.0,116000.0,117100.0,117100.0,252689,-0.0159663865546219,-0.007477356567879366,-0.008489029986742534
2026-01-07,SM,041510.KQ,116700.0,120900.0,110700.0,115500.0,115500.0,664079,-0.013663535439795,-0.017547288004801268,0.003883752565006268
2026-01-08,SM,041510.KQ,114300.0,118400.0,111700.0,117900.0,117900.0,327921,0.0207792207792207,0.033946195310469864,-0.013166974531249164
2026-01-09,SM,041510.KQ,117000.0,117400.0,114000.0,114400.0,114400.0,149239,-0.0296861747243426,-0.019148763220956433,-0.010537411503386166
2026-01-12,SM,041510.KQ,114400.0,117450.0,113000.0,115900.0,115900.0,175328,0.0131118881118881,0.007888617174276066,0.0052232709376120335
2026-01-13,SM,041510.KQ,115600.0,116000.0,113300.0,113900.0,113900.0,146682,-0.0172562553925798,-0.005786679907601566,-0.011469575484978234
2026-01-14,SM,041510.KQ,114600.0,115300.0,112100.0,112700.0,112700.0,118330,-0.0105355575065847,-0.0044506023381706335,-0.006084955168414067
2026-01-15,SM,041510.KQ,112600.0,114400.0,112500.0,112900.0,112900.0,138836,0.0017746228926354,0.019975560138733132,-0.018200937246097733
2020-12-29,YG,122870.KQ,43150.0,44500.0,42950.0,44450.0,43303.27734375,282467,0.0230150821659391,0.0074694277531793,0.015545654412759798
2020-12-30,YG,122870.KQ,44400.0,45600.0,44050.0,44700.0,43546.828125,296311,0.0056243036598973,0.0043940400446135,0.0012302636152838001
2021-01-04,YG,122870.KQ,44800.0,44900.0,43650.0,44050.0,42913.59375,265525,-0.0145414580640022,-0.0137860378834777,-0.0007554201805244996
2021-01-05,YG,122870.KQ,43700.0,44050.0,42950.0,43300.0,42182.9453125,349793,-0.0170260370584787,-0.0049924008480601335,-0.012033636210418565
2021-01-06,YG,122870.KQ,43300.0,43950.0,42900.0,43000.0,41890.6796875,261742,-0.0069285258019523,-0.007770657083383534,0.0008421312814312337
2021-01-07,YG,122870.KQ,42950.0,43450.0,42800.0,43000.0,41890.6796875,248214,0.0,-0.0013098418529851668,0.0013098418529851668
2021-01-08,YG,122870.KQ,43150.0,45750.0,42700.0,45100.0,43936.5078125,666170,0.0488373103578567,0.025881150045112336,0.02295616031274436
2021-01-11,YG,122870.KQ,45650.0,45650.0,43300.0,44000.0,42864.88671875,466646,-0.0243902200494214,-0.03660385326975323,0.01221363322033183
2021-01-12,YG,122870.KQ,43500.0,45450.0,43100.0,45250.0,44082.6328125,446824,0.0284089423060887,0.003713461686864466,0.024695480619224233
2021-01-13,YG,122870.KQ,45450.0,47700.0,44850.0,47000.0,45787.4921875,963272,0.0386741731659134,0.053050601928842596,-0.014376428762929196
2021-01-14,YG,122870.KQ,47300.0,47800.0,46250.0,47000.0,45787.4921875,414896,0.0,-0.0017762459326723997,0.0017762459326723997
2021-01-15,YG,122870.KQ,46700.0,47400.0,45400.0,45500.0,44326.19140625,380569,-0.031914846422817,-0.03605726039859886,0.004142413975781863
2021-01-18,YG,122870.KQ,44750.0,46500.0,44250.0,45300.0,44131.34765625,318273,-0.0043956799314034,0.010926360832489832,-0.015322040763893232
2021-01-19,YG,122870.KQ,45300.0,47650.0,45300.0,47050.0,45836.1953125,447331,0.0386312167380311,0.030144063235388766,0.008487153502642331
2021-01-20,YG,122870.KQ,48500.0,51800.0,47400.0,51000.0,49684.30078125,1906227,0.0839534224539046,0.03406902920646997,0.04988439324743463
2021-01-21,YG,122870.KQ,51000.0,51700.0,49200.0,51200.0,49879.140625,825449,0.0039215575279571,-0.01184199709610933,0.01576355462406643
2021-01-22,YG,122870.KQ,50800.0,54100.0,50000.0,52900.0,51535.28515625,1019183,0.0332031488613884,0.051159873809441335,-0.017956724948052935
2021-01-25,YG,122870.KQ,52900.0,53600.0,50400.0,51800.0,50463.65625,720032,-0.0207940812396967,0.030304966912205366,-0.05109904815190207
2021-01-26,YG,122870.KQ,51700.0,52300.0,50100.0,52000.0,50658.50390625,583583,0.003861148214959,-0.008423276661604367,0.012284424876563367
2021-01-27,YG,122870.KQ,53200.0,53300.0,50400.0,50400.0,49099.77734375,464687,-0.0307692972019983,-0.0187791080903866,-0.0119901891116117
2021-01-28,YG,122870.KQ,50400.0,51000.0,46750.0,47050.0,45836.1953125,1190615,-0.0664683672270344,0.001957137449079998,-0.0684255046761144
2021-01-29,YG,122870.KQ,47500.0,47750.0,44100.0,45350.0,44180.05859375,639854,-0.0361316358711464,-0.05216885822862197,0.016037222357475567
2021-02-01,YG,122870.KQ,44900.0,46500.0,44300.0,45750.0,44569.73828125,350055,0.0088202618987727,0.03573989970415767,-0.02691963780538497
2021-02-02,YG,122870.KQ,46250.0,48750.0,46100.0,47500.0,46274.59375,587384,0.0382514130550148,0.03334257308607003,0.00490883996894477
2021-02-03,YG,122870.KQ,47700.0,49450.0,47650.0,49100.0,47833.3125,588877,0.0336841152711362,0.0008934790355925,0.0327906362355437
2021-02-04,YG,122870.KQ,48500.0,49600.0,47450.0,49050.0,47784.60546875,431031,-0.001018265905168,-0.0017470482468451658,0.0007287823416771658
2021-02-05,YG,122870.KQ,49050.0,49350.0,47800.0,49150.0,47882.0234375,293275,0.0020386894020441,-0.003812117031466033,0.005850806433510133
2021-02-08,YG,122870.KQ,49550.0,49550.0,48600.0,48900.0,47638.46875,210135,-0.0050865579608996,0.006132988918635733,-0.011219546879535334
2021-02-09,YG,122870.KQ,49000.0,49050.0,46550.0,46650.0,45446.5234375,533879,-0.0460120858208734,-0.026561443379459666,-0.019450642441413733
2021-02-10,YG,122870.KQ,46700.0,47650.0,46550.0,47150.0,45933.62109375,241391,0.0107180400040913,0.015576815097518966,-0.004858775093427666
2021-02-15,YG,122870.KQ,47300.0,47850.0,46850.0,47150.0,45933.62109375,187764,0.0,-0.0042887811716918,0.0042887811716918
2021-02-16,YG,122870.KQ,47100.0,48900.0,46600.0,48550.0,47297.5078125,412774,0.0296925582236662,0.060052859971287065,-0.030360301747620864
2021-02-17,YG,122870.KQ,49000.0,49250.0,48100.0,48600.0,47346.2109375,252729,0.0010297186311183,0.0076009775129918,-0.0065712588818735
2021-02-18,YG,122870.KQ,48450.0,48450.0,46800.0,46900.0,45690.0703125,312823,-0.0349793698842386,-0.018595519525507198,-0.016383850358731404
2021-02-19,YG,122870.KQ,46900.0,47350.0,45350.0,46000.0,44813.29296875,284527,-0.0191896693910346,-0.013998595100477301,-0.005191074290557299
2021-02-22,YG,122870.KQ,45800.0,46800.0,44150.0,44800.0,43644.24609375,409783,-0.0260870558165681,-0.0256711738749745,-0.0004158819415935981
2021-02-23,YG,122870.KQ,44400.0,46550.0,43900.0,46150.0,44959.41796875,328700,0.0301339120894641,0.0046955751679283,0.0254383369215358
2021-02-24,YG,122870.KQ,46150.0,47050.0,44300.0,44700.0,43546.828125,370891,-0.0314192199892767,-0.02882914699232687,-0.0025900729969498305
2021-02-25,YG,122870.KQ,45600.0,46350.0,44200.0,46050.0,44861.99609375,361085,0.030201234518731,0.026556255276074765,0.003644979242656235
2021-02-26,YG,122870.KQ,44700.0,46200.0,44550.0,45700.0,44521.02734375,287166,-0.0076003918614647,-0.023094843352631466,0.015494451491166766
2021-03-02,YG,122870.KQ,46600.0,46950.0,45100.0,45900.0,44715.87109375,318182,0.0043764432589481,0.014343163252467999,-0.009966719993519899
2021-03-03,YG,122870.KQ,45750.0,47400.0,45600.0,47100.0,45884.90625,244681,0.0261436292675376,0.03225450874867967,-0.006110879481142067
2021-03-04,YG,122870.KQ,46600.0,49750.0,46300.0,49150.0,47882.0234375,947827,0.0435244909648258,-0.007999251542765767,0.05152374250759157
2021-03-05,YG,122870.KQ,48900.0,50500.0,48400.0,50300.0,49002.35546875,634551,0.023397758716533,0.002114639198737299,0.021283119517795702
2021-03-08,YG,122870.KQ,51400.0,51400.0,48500.0,49850.0,48563.96484375,521353,-0.0089463173924276,-0.0259519722132432,0.0170056548208156
2021-03-09,YG,122870.KQ,49600.0,50400.0,47600.0,48500.0,47248.79296875,372047,-0.0270812294513317,-0.035238322378561865,0.008157092927230165
2021-03-10,YG,122870.KQ,49000.0,49050.0,47100.0,47100.0,45884.90625,243453,-0.0288660647829048,-0.027989806329548467,-0.0008762584533563329
2021-03-11,YG,122870.KQ,47450.0,48400.0,46900.0,48400.0,47151.375,270090,0.0276009880700147,0.059621674894548365,-0.03202068682453367
2021-03-12,YG,122870.KQ,48600.0,48800.0,47650.0,48350.0,47102.66796875,292067,-0.0010329928077389,0.015369753096423598,-0.016402745904162498
2021-03-15,YG,122870.KQ,48500.0,49400.0,47750.0,49250.0,47979.4453125,271725,0.0186141758324962,-0.020364915516906935,0.03897909134940314
2021-03-16,YG,122870.KQ,49550.0,49800.0,48900.0,49300.0,48028.16015625,203484,0.0010153273643058,0.009433689381376101,-0.0084183620170703
2021-03-17,YG,122870.KQ,49550.0,50600.0,49350.0,49750.0,48466.54296875,368438,0.0091276203600931,0.016947686029526232,-0.007820065669433131
2021-03-18,YG,122870.KQ,49850.0,50100.0,48000.0,48150.0,46907.82421875,345708,-0.032160716538108,0.0053569114759329,-0.037517628014040905
2021-03-19,YG,122870.KQ,47500.0,48150.0,47300.0,48000.0,46761.6875,186223,-0.0031154017732416,-0.009422764074732165,0.0063073623014905655
2021-03-22,YG,122870.KQ,48150.0,48600.0,47700.0,47950.0,46712.98046875,166417,-0.0010416012307084,0.004715525278924467,-0.005757126509632867
2021-03-23,YG,122870.KQ,48350.0,48750.0,47500.0,47550.0,46323.30078125,209463,-0.0083420000948277,-0.0160312708107138,0.0076892707158860985
2021-03-24,YG,122870.KQ,47100.0,47600.0,46350.0,46550.0,45349.1015625,340911,-0.0210304361373212,0.0036819336995634997,-0.0247123698368847
2021-03-25,YG,122870.KQ,46000.0,46350.0,45000.0,46250.0,45056.83984375,334258,-0.0064447080246387,0.029461853303203864,-0.03590656132784256
2021-03-26,YG,122870.KQ,46050.0,46750.0,44800.0,45250.0,44082.6328125,448765,-0.021621734560799,0.0013359840199415665,-0.02295771858074057
2021-03-29,YG,122870.KQ,44650.0,45250.0,44050.0,45100.0,43936.5078125,335232,-0.0033147974764012,-0.0194272044723368,0.0161124069959356
2021-03-30,YG,122870.KQ,45050.0,45550.0,44900.0,45050.0,43887.796875,168605,-0.0011086665719514,0.016762080661067633,-0.017870747233019034
2021-03-31,YG,122870.KQ,45200.0,45500.0,44450.0,44500.0,43351.984375,245319,-0.0122086898443793,0.0012512821358200334,-0.013459971980199334
2021-04-01,YG,122870.KQ,44600.0,45300.0,44600.0,45250.0,44082.6328125,135729,0.0168538637396571,-0.009972499067359766,0.026826362807016866
2021-04-02,YG,122870.KQ,45050.0,45650.0,44900.0,45300.0,44131.34765625,153195,0.0011050801787906,0.0047176554966176,-0.0036125753178269998
2021-04-05,YG,122870.KQ,45850.0,46500.0,45200.0,46000.0,44813.29296875,272946,0.0154526283178986,0.0029546027938956334,0.012498025524002965
2021-04-06,YG,122870.KQ,46050.0,46250.0,45500.0,46150.0,44959.41796875,152077,0.0032607512262465,0.015586260717455334,-0.012325509491208834
2021-04-07,YG,122870.KQ,46600.0,47650.0,46000.0,46200.0,45008.125,388178,0.0010833554670093,0.03718486987446977,-0.03610151440746047
2021-04-08,YG,122870.KQ,46200.0,46350.0,45500.0,46200.0,45008.125,167092,0.0,-0.015145939860586368,0.015145939860586368
2021-04-09,YG,122870.KQ,46000.0,46350.0,45300.0,45350.0,44180.05859375,255926,-0.0183981538055628,-0.019082739091552132,0.0006845852859893309
2021-04-12,YG,122870.KQ,45300.0,45600.0,44600.0,45100.0,43936.5078125,192923,-0.0055126857908797,-0.007327991439811867,0.0018153056489321672
2021-04-13,YG,122870.KQ,44950.0,45600.0,44900.0,45250.0,44082.6328125,146391,0.0033258219024505,0.0014684419290330666,0.0018573799734174332
2021-04-14,YG,122870.KQ,45200.0,45400.0,44900.0,44900.0,43741.6640625,185538,-0.0077347637435873,-0.024330710159343266,0.016595946415755965
2021-04-15,YG,122870.KQ,44900.0,45250.0,44550.0,44600.0,43449.40625,251105,-0.0066814516265867,0.02528059421288423,-0.03196204583947093
2021-04-16,YG,122870.KQ,44900.0,45200.0,44700.0,45100.0,43936.5078125,158281,0.0112107760390856,0.010006058779755566,0.0012047172593300341
2021-04-19,YG,122870.KQ,44950.0,45200.0,44650.0,44950.0,43790.37890625,130606,-0.0033259108091523,-0.018679516550069,0.0153536057409167
2021-04-20,YG,122870.KQ,44850.0,45300.0,44700.0,45200.0,44033.92578125,122269,0.0055616526068751,0.0021457561480912,0.0034158964587839
2021-04-21,YG,122870.KQ,44900.0,45050.0,44500.0,44500.0,43351.984375,168340,-0.0154867274300666,-0.011214436945972734,-0.004272290484093867
2021-04-22,YG,122870.KQ,44700.0,44800.0,44350.0,44550.0,43400.6953125,108269,0.0011236149440967,0.020860559361235768,-0.01973694441713907
2021-04-23,YG,122870.KQ,44350.0,44450.0,43750.0,43850.0,42718.75390625,198488,-0.0157126838945732,-0.0016235493722918666,-0.014089134522281332
2021-04-26,YG,122870.KQ,44050.0,44500.0,43350.0,44500.0,43351.984375,232393,0.0148232429751973,0.004011752995009633,0.010811489980187668
2021-04-27,YG,122870.KQ,44100.0,44200.0,43600.0,43850.0,42718.75390625,196557,-0.0146067239569123,0.004840493007553433,-0.019447216964465733
2021-04-28,YG,122870.KQ,43800.0,43800.0,42900.0,42950.0,41841.9765625,168465,-0.0205244129001085,-0.024778662336896736,0.004254249436788236
2021-04-29,YG,122870.KQ,42800.0,43250.0,42150.0,42400.0,41306.16015625,143744,-0.0128057145065707,-0.002879653806197067,-0.009926060700373633
2021-04-30,YG,122870.KQ,42050.0,42350.0,41550.0,41550.0,40478.0859375,195925,-0.0200472330426653,-0.004629384712598067,-0.015417848330067232
2021-05-03,YG,122870.KQ,41250.0,42400.0,40900.0,41000.0,39942.27734375,142708,-0.0132370042046284,-0.027515783086948267,0.014278778882319867
2021-05-04,YG,122870.KQ,40600.0,41000.0,39750.0,40950.0,39893.5703125,188673,-0.0012194355076656,0.0019610322394386665,-0.0031804677471042667
2021-05-06,YG,122870.KQ,40200.0,40800.0,39750.0,40600.0,39552.59765625,168168,-0.008547057923847,0.014742587791148535,-0.023289645714995533
2021-05-07,YG,122870.KQ,40600.0,42200.0,40550.0,41900.0,40819.0625,216227,0.0320197640305901,0.046831335555714136,-0.014811571525124037
2021-05-10,YG,122870.KQ,42350.0,42350.0,41850.0,41900.0,40819.0625,157243,0.0,0.0237522685343453,-0.0237522685343453
2021-05-11,YG,122870.KQ,41750.0,41800.0,41150.0,41500.0,40429.37890625,135232,-0.0095466081257991,-0.018382721457485932,0.008836113331686832
2021-05-12,YG,122870.KQ,41500.0,45000.0,41350.0,44500.0,43351.984375,866475,0.0722891508060785,-0.011844256027342565,0.08413340683342108
2021-05-13,YG,122870.KQ,43100.0,45050.0,43000.0,44900.0,43741.6640625,489329,0.008988739341877,-0.015072257727182932,0.024060997069059932
2021-05-14,YG,122870.KQ,45400.0,45400.0,44050.0,45100.0,43936.5078125,227271,0.0044544201546974,0.053530655680671925,-0.049076235525974524
2021-05-17,YG,122870.KQ,45100.0,46400.0,44750.0,46100.0,44910.70703125,561788,0.0221728869055186,0.04940908702918063,-0.027236200123662027
2021-05-18,YG,122870.KQ,46050.0,47800.0,46050.0,47250.0,46031.0390625,742313,0.0249457669519752,0.04412536635434403,-0.01917959940236883
2021-05-20,YG,122870.KQ,46800.0,48800.0,46600.0,48350.0,47102.66796875,727699,0.0232805717202031,0.0118103747796646,0.011470196940538498
2021-05-21,YG,122870.KQ,48300.0,49650.0,47800.0,47950.0,46712.98046875,721541,-0.0082731513267685,-0.007126976658274233,-0.0011461746684942676
2021-05-24,YG,122870.KQ,48000.0,49450.0,47600.0,49050.0,47784.60546875,506747,0.0229406256943269,0.0024829256120160667,0.020457700082310834
2021-05-25,YG,122870.KQ,49100.0,50800.0,48600.0,50000.0,48710.09375,538883,0.0193679171810938,0.0331537401604512,-0.0137858229793574
2021-05-26,YG,122870.KQ,50100.0,50600.0,49100.0,50000.0,48710.09375,319239,0.0,-0.0058635131782886,0.0058635131782886
2021-05-27,YG,122870.KQ,50400.0,50500.0,48600.0,50500.0,49197.19921875,350836,0.0100000930248671,-0.0026898893344779328,0.012689982359345032
2021-05-28,YG,122870.KQ,50100.0,50300.0,48750.0,49400.0,48125.57421875,369453,-0.0217822359202835,0.006093092526996466,-0.027875328447279964
2021-05-31,YG,122870.KQ,49200.0,52500.0,48700.0,50900.0,49586.87890625,674788,0.0303644104246483,0.024679589918127565,0.005684820506520735
2021-06-01,YG,122870.KQ,51100.0,51200.0,49900.0,50900.0,49586.87890625,227605,0.0,-3.386753503649998e-05,3.386753503649998e-05
2021-06-02,YG,122870.KQ,51100.0,51100.0,50100.0,51000.0,49684.30078125,166412,0.0019646704359874,-0.003200581135997699,0.005165251571985099
2021-06-03,YG,122870.KQ,50600.0,51400.0,50300.0,50400.0,49099.77734375,221624,-0.0117647512052859,0.0322642204401529,-0.0440289716454388
2021-06-04,YG,122870.KQ,50400.0,50800.0,49600.0,49900.0,48612.671875,215430,-0.009920726632623,-0.033723767880515405,0.023803041247892405
2021-06-07,YG,122870.KQ,50500.0,51400.0,49400.0,50000.0,48710.09375,218007,0.0020040427987686,0.0230348630471944,-0.0210308202484258
2021-06-08,YG,122870.KQ,49350.0,49750.0,47750.0,47950.0,46712.98046875,351401,-0.0409999884520854,-0.019066345478828264,-0.021933642973257134
2021-06-09,YG,122870.KQ,47950.0,49500.0,47700.0,48350.0,47102.66796875,177552,0.0083421673395618,-0.0007255382949443,0.0090677056345061
2021-06-10,YG,122870.KQ,48650.0,48650.0,47800.0,47900.0,46664.2734375,190766,-0.0093072123120679,0.016312985675213165,-0.025620197987281067
2021-06-11,YG,122870.KQ,47950.0,49750.0,47850.0,49750.0,48466.54296875,194177,0.0386220420567327,0.0361046984302828,0.002517343626449897
2021-06-14,YG,122870.KQ,50400.0,51500.0,49750.0,50700.0,49392.03515625,405422,0.0190954858921283,0.009464850135968135,0.009630635756160166
2021-06-15,YG,122870.KQ,50700.0,53700.0,50200.0,52400.0,51048.18359375,865036,0.0335306782209081,0.03954709636065303,-0.0060164181397449334
2021-06-16,YG,122870.KQ,52200.0,53900.0,51600.0,52700.0,51340.44140625,338268,0.0057251363697059,-0.0019964677882252668,0.007721604157931166
2021-06-17,YG,122870.KQ,52700.0,54000.0,51900.0,53700.0,52314.64453125,348393,0.018975355456944,0.03318974309972077,-0.014214387642776768
2021-06-18,YG,122870.KQ,54000.0,55400.0,53200.0,54800.0,53386.265625,424689,0.0204841512993529,0.03431061458764507,-0.013826463288292169
2021-06-21,YG,122870.KQ,54000.0,54600.0,51800.0,52800.0,51437.86328125,342244,-0.0364963220584882,-0.013672785759042001,-0.022823536299446195
2021-06-22,YG,122870.KQ,53100.0,53900.0,51700.0,52200.0,50853.33984375,284523,-0.0113636803749791,0.015266223254849567,-0.02662990362982867
2021-06-23,YG,122870.KQ,52400.0,55900.0,52100.0,55300.0,53873.36328125,665611,0.0593869241780227,0.0133433666042617,0.046043557573761
2021-06-24,YG,122870.KQ,55500.0,55600.0,54100.0,54200.0,52801.74609375,224999,-0.0198914105641695,-0.0005216075184599335,-0.019369803045709566
2021-06-25,YG,122870.KQ,54400.0,54400.0,51000.0,51100.0,49781.72265625,560420,-0.0571955221355354,-0.03845194986621673,-0.01874357226931867
2021-06-28,YG,122870.KQ,50900.0,51700.0,50000.0,50400.0,49099.77734375,259753,-0.01369870860454,0.0025940494715677325,-0.016292758076107732
2021-06-29,YG,122870.KQ,50600.0,51600.0,49750.0,50400.0,49099.77734375,295389,0.0,-0.0014379947623729683,0.0014379947623729683
2021-06-30,YG,122870.KQ,50600.0,51800.0,50100.0,51200.0,49879.140625,193495,0.0158730512318545,0.0080739302849767,0.0077991209468778
2021-07-01,YG,122870.KQ,51100.0,52500.0,50600.0,51900.0,50561.08203125,195619,0.0136718756118303,0.012316943840341531,0.001354931771488769
2021-07-02,YG,122870.KQ,52600.0,52600.0,50400.0,51400.0,50073.984375,177267,-0.0096338455721525,0.007711821643022466,-0.017345667215174963
2021-07-05,YG,122870.KQ,51600.0,52900.0,51400.0,52600.0,51243.015625,175991,0.0233460800971063,0.01199473855876,0.0113513415383463
2021-07-06,YG,122870.KQ,53200.0,53500.0,52300.0,52700.0,51340.44140625,160084,0.0019012499569301,-0.015648637294156536,0.017549887251086638
2021-07-07,YG,122870.KQ,52700.0,52700.0,50800.0,51200.0,49879.140625,180483,-0.0284629571001722,-0.016043346067835633,-0.012419611032336568
2021-07-08,YG,122870.KQ,51200.0,51600.0,49750.0,50500.0,49197.19921875,286953,-0.0136718756118304,-0.0120204915225189,-0.0016513840893115014
2021-07-09,YG,122870.KQ,49650.0,50300.0,48100.0,49400.0,48125.57421875,415133,-0.0217822359202835,0.02028897837170617,-0.042071214291989664
2021-07-12,YG,122870.KQ,49450.0,50300.0,48600.0,50000.0,48710.09375,164912,0.0121457154691417,0.017165263574822866,-0.005019548105681166
2021-07-13,YG,122870.KQ,50500.0,54400.0,50300.0,53600.0,52217.22265625,605243,0.0720000442670056,0.02556931040804777,0.04643073385895782
2021-07-14,YG,122870.KQ,53300.0,56200.0,52700.0,55400.0,53970.7890625,569273,0.0335821462162755,0.0170453188091995,0.016536827407076
2021-07-15,YG,122870.KQ,55800.0,57300.0,54900.0,55700.0,54263.046875,404488,0.0054151109808966,-0.007850330031263434,0.013265441012160033
2021-07-16,YG,122870.KQ,56000.0,57600.0,55600.0,56900.0,55432.09375,265741,0.0215440699025435,-0.004570614156801899,0.0261146840593454
2021-07-19,YG,122870.KQ,56500.0,57200.0,55800.0,56600.0,55139.83203125,210854,-0.0052724279199719,-0.0147913778625971,0.009518949942625199
2021-07-20,YG,122870.KQ,55700.0,56900.0,53600.0,54300.0,52899.1640625,396663,-0.0406361043588258,-0.019640654305018632,-0.02099545005380717
2021-07-21,YG,122870.KQ,55600.0,58600.0,55400.0,56200.0,54750.14453125,582735,0.0349907319246685,-0.0035403274043544664,0.03853105932902297
2021-07-22,YG,122870.KQ,56700.0,56800.0,55600.0,55800.0,54360.46484375,258602,-0.0071174184257647,0.016539328502076036,-0.023656746927840734
2021-07-23,YG,122870.KQ,56000.0,56600.0,55000.0,56200.0,54750.14453125,182528,0.007168439207061,0.017137139513191197,-0.009968700306130198
2021-07-26,YG,122870.KQ,56800.0,58000.0,56000.0,56500.0,55042.41015625,249669,0.0053381708395889,0.0011568371932137664,0.004181333646375134
2021-07-27,YG,122870.KQ,56300.0,56500.0,53700.0,54400.0,52996.58203125,313286,-0.0371682148218521,-0.0216460343139448,-0.0155221805079073
2021-07-28,YG,122870.KQ,54100.0,54900.0,52900.0,53800.0,52412.0625,178080,-0.0110293816855081,-0.007657167299813365,-0.003372214385694734
2021-07-29,YG,122870.KQ,53700.0,55100.0,53300.0,54100.0,52704.32421875,120169,0.0055762300663133,0.0020123440852361,0.0035638859810772
2021-07-30,YG,122870.KQ,54200.0,54300.0,52500.0,52700.0,51340.44140625,164704,-0.0258780058888372,-0.0287139262821655,0.002835920393328299
2021-08-02,YG,122870.KQ,52700.0,54400.0,52400.0,53700.0,52314.64453125,171802,0.018975355456944,0.013693578195360165,0.005281777261583834
2021-08-03,YG,122870.KQ,54500.0,54700.0,52700.0,52800.0,51437.86328125,169614,-0.0167597669420511,0.005863742072188767,-0.022623509014239866
2021-08-04,YG,122870.KQ,53000.0,56200.0,52700.0,55000.0,53581.10546875,383110,0.0416666255318822,0.06446860965268514,-0.02280198412080294
2021-08-05,YG,122870.KQ,55000.0,55200.0,53800.0,54400.0,52996.58203125,132981,-0.010909133590775,-0.004170640025448299,-0.006738493565326701
2021-08-06,YG,122870.KQ,54700.0,57700.0,53500.0,57200.0,55724.3515625,477531,0.0514706689884556,0.03205748045561623,0.019413188532839368
2021-08-09,YG,122870.KQ,57300.0,58800.0,56700.0,57700.0,56211.44921875,396759,0.0087411991811816,0.006832107400289634,0.0019090917808919665
2021-08-10,YG,122870.KQ,58000.0,58100.0,55300.0,55500.0,54068.203125,270362,-0.0381282838912306,-0.005496396323125967,-0.03263188756810464
2021-08-11,YG,122870.KQ,55800.0,56900.0,54500.0,55200.0,53775.94921875,224755,-0.0054052823907304,-0.0150813569394933,0.0096760745487629
2021-08-12,YG,122870.KQ,55700.0,62400.0,54500.0,61600.0,60010.8359375,2444711,0.1159419184473657,0.0091263901151387,0.106815528332227
2021-08-13,YG,122870.KQ,61900.0,62100.0,59900.0,61300.0,59718.578125,700038,-0.0048700840095675,-0.019148474395774,0.0142783903862065
2021-08-17,YG,122870.KQ,60800.0,62200.0,58000.0,59300.0,57770.17578125,571695,-0.0326264021168035,-0.024986747949119065,-0.0076396541676844384
2021-08-18,YG,122870.KQ,59700.0,60100.0,57000.0,59600.0,58062.43359375,485399,0.0050589739177295,0.014826292576904166,-0.009767318659174667
2021-08-19,YG,122870.KQ,58600.0,60200.0,58000.0,58700.0,57185.65234375,333940,-0.0151006631264312,-0.0362505787910636,0.021149915664632403
2021-08-20,YG,122870.KQ,59400.0,59500.0,54100.0,55400.0,53970.7890625,612081,-0.0562180048576705,-0.03848381861052177,-0.01773418624714873
2021-08-23,YG,122870.KQ,56900.0,58600.0,55800.0,58200.0,56698.55078125,376786,0.0505414459586863,0.05149063551736294,-0.0009491895586766358
2021-08-24,YG,122870.KQ,59200.0,60300.0,57400.0,60000.0,58452.11328125,440385,0.0309278187156045,0.0472184284515215,-0.016290609735917002
2021-08-25,YG,122870.KQ,60800.0,61000.0,59100.0,60200.0,58646.95703125,251663,0.003333391028353,0.005293627240522966,-0.001960236212169966
2021-08-26,YG,122870.KQ,61300.0,63300.0,60200.0,62100.0,60497.94140625,639248,0.0315614734113776,0.010806309297645901,0.020755164113731697
2021-08-27,YG,122870.KQ,61400.0,62100.0,58700.0,60800.0,59231.4765625,407481,-0.0209340155104709,-0.013912532075149532,-0.007021483435321366
2021-08-30,YG,122870.KQ,60800.0,61200.0,58400.0,60000.0,58452.11328125,328547,-0.0131579242402919,-0.021678438418617666,0.008520514178325765
2021-08-31,YG,122870.KQ,59100.0,62200.0,58900.0,60600.0,59036.640625,343948,0.0100001062568511,0.004918864755842733,0.005081241501008366
2021-09-01,YG,122870.KQ,60600.0,61600.0,59700.0,60600.0,59036.640625,166318,0.0,-0.008786526066308233,0.008786526066308233
2021-09-02,YG,122870.KQ,60900.0,61200.0,58800.0,59000.0,57477.91015625,220479,-0.0264027636438705,-0.022935215406897136,-0.0034675482369733654
2021-09-03,YG,122870.KQ,59000.0,60300.0,56200.0,57500.0,56016.609375,528883,-0.0254236936812342,-0.0111292239736149,-0.014294469707619302
2021-09-06,YG,122870.KQ,56900.0,58400.0,56100.0,58300.0,56795.9765625,233822,0.0139131446225631,0.0038854422548517662,0.010027702367711335
2021-09-07,YG,122870.KQ,58400.0,59400.0,57100.0,58500.0,56990.8125,240580,0.003430453163977,0.022587174705844603,-0.019156721541867604
2021-09-08,YG,122870.KQ,58600.0,58600.0,55700.0,56000.0,54555.30859375,359946,-0.0427350269177159,-0.0393897894614831,-0.0033452374562327955
2021-09-09,YG,122870.KQ,55700.0,56900.0,55200.0,56200.0,54750.14453125,320909,0.003571346996694,-0.0075973933153588675,0.011168740312052868
2021-09-10,YG,122870.KQ,55800.0,56800.0,51700.0,55300.0,53873.36328125,751410,-0.0160142271313924,-0.011625813120383069,-0.004388414011009331
2021-09-13,YG,122870.KQ,55700.0,55700.0,52600.0,53000.0,51632.703125,467398,-0.0415912432374504,-0.0082587056307115,-0.0333325376067389
2021-09-14,YG,122870.KQ,53100.0,54400.0,53000.0,53800.0,52412.0625,336701,0.0150942973702774,0.03621624335427833,-0.021121945984000932
2021-09-15,YG,122870.KQ,54000.0,54500.0,53100.0,53400.0,52022.38671875,183243,-0.0074348492057529,0.003490240622165734,-0.010925089827918634
2021-09-16,YG,122870.KQ,55500.0,56900.0,54000.0,54500.0,53094.00390625,507960,0.0205991546157524,-0.0130366287461355,0.0336357833618879
2021-09-17,YG,122870.KQ,54100.0,54800.0,53100.0,54500.0,53094.00390625,245192,0.0,0.004291895487032667,-0.004291895487032667
2021-09-23,YG,122870.KQ,54400.0,54400.0,52800.0,52800.0,51437.86328125,277758,-0.0311926112772414,-0.0110669352542979,-0.020125676022943496
2021-09-24,YG,122870.KQ,53400.0,53600.0,52400.0,52900.0,51535.28515625,178032,0.0018939720428767,-0.014139139641522499,0.0160331116843992
2021-09-27,YG,122870.KQ,52900.0,54400.0,52200.0,53200.0,51827.54296875,256341,0.0056710234864112,0.016454164376795834,-0.010783140890384634
2021-09-28,YG,122870.KQ,54300.0,57300.0,53600.0,56300.0,54847.56640625,825335,0.0582706272477735,0.009953199740860633,0.04831742750691287
2021-09-29,YG,122870.KQ,55500.0,58800.0,55200.0,58000.0,56503.70703125,858459,0.0301953346978631,0.0018018063343961336,0.028393528363466966
2021-09-30,YG,122870.KQ,58000.0,62000.0,57700.0,61800.0,60205.6796875,820108,0.0655173412640446,0.06647584958257004,-0.0009585083185254389
2021-10-01,YG,122870.KQ,61800.0,64000.0,61300.0,61600.0,60010.8359375,701094,-0.0032363018075926,-0.008915729773727865,0.0056794279661352655
2021-10-05,YG,122870.KQ,61600.0,67000.0,61100.0,64800.0,63128.28515625,1225193,0.0519481052054791,0.0553770476008838,-0.0034289423954046994
2021-10-06,YG,122870.KQ,65300.0,66100.0,63300.0,64700.0,63030.8671875,584890,-0.0015431746404781,-0.019360402891891466,0.017817228251413367
2021-10-07,YG,122870.KQ,65500.0,69000.0,64500.0,65700.0,64005.06640625,1164215,0.0154559069582846,0.004249295087342699,0.0112066118709419
2021-10-08,YG,122870.KQ,64800.0,65000.0,62100.0,63300.0,61666.984375,748330,-0.0365296399570908,-0.016346149125877733,-0.020183490831213066
2021-10-12,YG,122870.KQ,62900.0,64700.0,59300.0,59700.0,58159.85546875,725388,-0.0568720676354623,-0.02708046180769243,-0.02979160582776987
2021-10-13,YG,122870.KQ,60300.0,60800.0,59200.0,59800.0,58257.2734375,316905,0.0016750036251782,0.0012440367201902332,0.0004309669049879668
2021-10-14,YG,122870.KQ,60000.0,63700.0,59200.0,62600.0,60985.0390625,688482,0.0468227478569938,0.03800460389415373,0.008818143962840072
2021-10-15,YG,122870.KQ,63200.0,64300.0,62200.0,63000.0,61374.72265625,342626,0.0063898228113068,0.016173100500210532,-0.009783277688903733
2021-10-18,YG,122870.KQ,64600.0,64900.0,62300.0,63000.0,61374.72265625,432368,0.0,-0.012238315107471767,0.012238315107471767
2021-10-19,YG,122870.KQ,63500.0,65200.0,61700.0,64300.0,62641.1875,474996,0.0206349583173397,0.0395088149669831,-0.0188738566496434
2021-10-20,YG,122870.KQ,64800.0,68400.0,64500.0,67400.0,65661.21875,887670,0.048211590018149,0.0529753034819997,-0.004763713463850697
2021-10-21,YG,122870.KQ,67500.0,68900.0,66000.0,67200.0,65466.3671875,510039,-0.0029675288733503,0.0034667348240267994,-0.0064342636973771
2021-10-22,YG,122870.KQ,66500.0,67800.0,64500.0,65400.0,63712.80078125,505967,-0.0267857601022472,-0.008707615502948834,-0.018078144599298365
2021-10-25,YG,122870.KQ,65600.0,68000.0,65000.0,66500.0,64784.42578125,436817,0.0168196184575104,-0.006528606999450101,0.0233482254569605
2021-10-26,YG,122870.KQ,67000.0,71500.0,66400.0,70900.0,69070.921875,892100,0.0661655334913935,0.07655442087587487,-0.010388887384481377
2021-10-27,YG,122870.KQ,70500.0,73500.0,70400.0,71500.0,69655.4375,668909,0.0084625426899298,0.013295677336573067,-0.004833134646643266
2021-10-28,YG,122870.KQ,71800.0,73100.0,67500.0,68300.0,66537.984375,731979,-0.0447553448357854,-0.04288910101118843,-0.0018662438245969706
2021-10-29,YG,122870.KQ,69200.0,70700.0,67900.0,70300.0,68486.390625,374364,0.0292826160621129,0.0029912374023562667,0.026291378659756632
2021-11-01,YG,122870.KQ,71000.0,72400.0,69000.0,70700.0,68876.0859375,380006,0.0056901131588871,0.02810945571586537,-0.02241934255697827
2021-11-02,YG,122870.KQ,71700.0,73700.0,70000.0,73000.0,71116.75,444663,0.032531814663993,-0.0017126060095005334,0.03424442067349353
2021-11-03,YG,122870.KQ,72900.0,73000.0,70500.0,70600.0,68778.6484375,352407,-0.0328769461835644,-0.015218766499807667,-0.017658179683756728
2021-11-04,YG,122870.KQ,72000.0,72000.0,69400.0,69800.0,67999.2890625,318532,-0.0113314145117029,0.002919382456541466,-0.014250796968244366
2021-11-05,YG,122870.KQ,69800.0,72100.0,68600.0,70300.0,68486.390625,333177,0.0071633331644436,0.015500359781477098,-0.008337026617033498
2021-11-08,YG,122870.KQ,71400.0,71900.0,69500.0,71400.0,69558.015625,301364,0.0156472693365858,0.032062114564029,-0.0164148452274432
2021-11-09,YG,122870.KQ,72000.0,73900.0,69900.0,73100.0,71214.1640625,497572,0.0238095986870672,0.011784859064396367,0.012024739622670833
2021-11-10,YG,122870.KQ,72700.0,72700.0,69300.0,70700.0,68876.0859375,360823,-0.0328316446001952,-0.03456212526332993,0.0017304806631347341
2021-11-11,YG,122870.KQ,69400.0,73500.0,69400.0,72400.0,70532.21875,456510,0.0240451063668574,0.017543731832386365,0.006501374534471034
2021-11-12,YG,122870.KQ,75700.0,75800.0,70100.0,71500.0,69655.4375,783689,-0.0124309324949457,-0.0053939748272266,-0.0070369576677190996
2021-11-15,YG,122870.KQ,71300.0,72000.0,70200.0,70900.0,69070.921875,461151,-0.0083915290173864,0.0331983615958218,-0.0415898906132082
2021-11-16,YG,122870.KQ,71100.0,71400.0,66900.0,68500.0,66732.8203125,965592,-0.0338507363016139,0.008037804749198733,-0.04188854105081263
2021-11-17,YG,122870.KQ,68800.0,70800.0,67500.0,69100.0,67317.3515625,754250,0.0087592768784943,0.025746692754641,-0.016987415876146703
2021-11-18,YG,122870.KQ,69300.0,70000.0,66800.0,67000.0,65271.5234375,484421,-0.0303907993632306,-0.024070311396650366,-0.006320487966580236
2021-11-19,YG,122870.KQ,67500.0,67500.0,65500.0,65900.0,64199.90625,313837,-0.0164178363099816,-0.0380244773288407,0.021606641018859098
2021-11-22,YG,122870.KQ,66100.0,66500.0,62600.0,64100.0,62446.34375,435822,-0.0273140975186393,-0.029322155451392065,0.0020080579327527645
2021-11-23,YG,122870.KQ,62600.0,64700.0,61900.0,62500.0,60887.62109375,340641,-0.0249609915112123,-0.013932026673090533,-0.011028964838121767
2021-11-24,YG,122870.KQ,63300.0,64700.0,61000.0,62700.0,61082.4609375,382728,0.0031999910696132,0.013373298828926766,-0.010173307759313566
2021-11-25,YG,122870.KQ,62400.0,63200.0,60100.0,60800.0,59231.4765625,471663,-0.0303030419303822,-0.005491668388406933,-0.024811373541975268
2021-11-26,YG,122870.KQ,61000.0,61400.0,57400.0,57900.0,56406.29296875,504148,-0.0476973352296715,-0.047241149591626834,-0.00045618563804466356
2021-11-29,YG,122870.KQ,57000.0,58500.0,55300.0,56500.0,55042.41015625,398176,-0.0241796214698174,-0.006101895482814634,-0.018077725987002764
2021-11-30,YG,122870.KQ,57300.0,58900.0,54700.0,55700.0,54263.046875,354134,-0.0141593233115629,-0.027693619741120667,0.013534296429557767
2021-12-01,YG,122870.KQ,56400.0,56700.0,53400.0,55100.0,53678.53125,523932,-0.0107718909766804,-0.00913841595909,-0.0016334750175904002
2021-12-02,YG,122870.KQ,54100.0,54700.0,52000.0,52900.0,51535.28515625,605308,-0.0399274354912607,-0.044637330515585764,0.0047098950243250615
2021-12-03,YG,122870.KQ,53900.0,56800.0,53400.0,55700.0,54263.046875,738688,0.0529299820594704,0.08389404999655203,-0.030964067937081632
2021-12-06,YG,122870.KQ,54800.0,55300.0,53800.0,54400.0,52996.58203125,312539,-0.0233393610695584,-0.0283859708906453,0.0050466098210869
2021-12-07,YG,122870.KQ,55700.0,57900.0,54500.0,56300.0,54847.56640625,567217,0.0349264858988178,0.0237168518090809,0.011209634089736898
2021-12-08,YG,122870.KQ,57100.0,57900.0,55100.0,55400.0,53970.7890625,456692,-0.0159857109658394,0.0068870748361815,-0.0228727858020209
2021-12-09,YG,122870.KQ,55700.0,57600.0,55500.0,56300.0,54847.56640625,519209,0.0162454053198048,0.022326355929562364,-0.006080950609757562
2021-12-10,YG,122870.KQ,55600.0,56400.0,54400.0,54800.0,53386.265625,465722,-0.026642946569886,-0.002955112753693067,-0.023687833816192935
2021-12-13,YG,122870.KQ,55400.0,55700.0,54100.0,54100.0,52704.32421875,283665,-0.0127737236959061,-0.019507142247361536,0.006733418551455435
2021-12-14,YG,122870.KQ,53600.0,54600.0,53300.0,53700.0,52314.64453125,178318,-0.0073936947921507,-0.017227735760957635,0.009834040968806934
2021-12-15,YG,122870.KQ,53600.0,54200.0,52700.0,53200.0,51827.54296875,198194,-0.0093109982274471,-0.007317908567310633,-0.001993089660136467
2021-12-16,YG,122870.KQ,53700.0,56200.0,53700.0,54200.0,52801.74609375,332607,0.0187970154322656,0.0111378202437361,0.007659195188529498
2021-12-17,YG,122870.KQ,53300.0,53500.0,52600.0,53100.0,51730.12109375,255453,-0.0202952568670232,-0.007972077417593667,-0.012323179449429534
2021-12-20,YG,122870.KQ,52400.0,53200.0,51500.0,51600.0,50268.81640625,291436,-0.0282486229802495,-0.016658472364057767,-0.011590150616191734
2021-12-21,YG,122870.KQ,51800.0,52700.0,50900.0,52200.0,50853.33984375,217627,0.0116279530589331,0.0370661645305076,-0.025438211471574504
2021-12-22,YG,122870.KQ,53100.0,54200.0,52900.0,53600.0,52217.22265625,250744,0.0268199260204071,0.012433005069419701,0.0143869209509874
2021-12-23,YG,122870.KQ,54500.0,55500.0,52900.0,53500.0,52119.80078125,331709,-0.0018657038816739,-0.016851576200971965,0.014985872319298064
2021-12-24,YG,122870.KQ,53800.0,54200.0,53200.0,53400.0,52022.38671875,147199,-0.001869041343977,0.0057094916544566,-0.0075785329984335995
2021-12-27,YG,122870.KQ,53500.0,54700.0,52800.0,54500.0,53094.00390625,237240,0.0205991546157524,0.0126000537294655,0.007999100886286898
2021-12-28,YG,122870.KQ,55000.0,57100.0,54500.0,57100.0,55626.9296875,494558,0.0477064375427869,0.04951657161107497,-0.0018101340682880676
2021-12-29,YG,122870.KQ,57000.0,57100.0,55300.0,55800.0,54599.515625,322417,-0.0184697244351214,-0.025526110908485968,0.007056386473364568
2021-12-30,YG,122870.KQ,55800.0,56100.0,54800.0,55700.0,54501.66796875,176556,-0.0017920975146012,-0.0009414241214836999,-0.0008506733931175002
2022-01-04,YG,122870.KQ,56800.0,56800.0,54200.0,54800.0,53621.03125,317909,-0.0161579773898834,-0.0441298107858979,0.0279718333960145
2022-01-05,YG,122870.KQ,55000.0,55100.0,53000.0,53600.0,52446.84765625,327415,-0.0218978181951694,-0.05017134152761119,0.02827352333244179
2022-01-06,YG,122870.KQ,52600.0,53600.0,51000.0,51600.0,50489.875,412762,-0.0373134467313744,-0.05488730680014214,0.017573860068767738
2022-01-07,YG,122870.KQ,52000.0,52800.0,51400.0,51800.0,50685.5703125,213315,0.00387593180811,0.020848769544059436,-0.016972837735949438
2022-01-10,YG,122870.KQ,51100.0,51500.0,49700.0,51000.0,49902.7890625,317661,-0.0154438678537854,-0.012926339339783701,-0.0025175285140016986
2022-01-11,YG,122870.KQ,51000.0,51500.0,49600.0,50200.0,49120.0,244155,-0.015686278807375,0.009652547074983435,-0.02533882588235844
2022-01-12,YG,122870.KQ,50900.0,51500.0,50500.0,51100.0,50000.63671875,163633,0.0179282719615228,0.018261755704741468,-0.00033348374321866617
2022-01-13,YG,122870.KQ,51200.0,52300.0,50500.0,50500.0,49413.54296875,239866,-0.0117417254764646,-0.0016703017093297329,-0.010071423767134867
2022-01-14,YG,122870.KQ,49800.0,50100.0,48800.0,49200.0,48141.515625,285796,-0.0257424840909394,-0.020499616445173032,-0.005242867645766369
2022-01-17,YG,122870.KQ,49200.0,50200.0,49150.0,49250.0,48190.43359375,169454,0.001016128555882,-0.0014651222611118335,0.0024812508169938336
2022-01-18,YG,122870.KQ,49200.0,50600.0,49050.0,49050.0,47994.73828125,163878,-0.0040608746986949,-0.0028028772084777334,-0.0012579974902171662
2022-01-19,YG,122870.KQ,48500.0,48900.0,46300.0,46900.0,45890.9921875,507554,-0.0438328485389796,-0.019227465499021566,-0.02460538303995803
2022-01-20,YG,122870.KQ,46650.0,51200.0,46650.0,51000.0,49902.7890625,471352,0.0874201381092116,0.04308803204176833,0.044332106067443276
2022-01-21,YG,122870.KQ,50100.0,51900.0,49900.0,51500.0,50392.03125,329272,0.0098039046853124,-0.011519023126509001,0.0213229278118214
2022-01-24,YG,122870.KQ,50700.0,51300.0,49800.0,50000.0,48924.296875,198878,-0.02912631895544,-0.0532386651603049,0.0241123462048649
2022-01-25,YG,122870.KQ,50000.0,51300.0,48950.0,49150.0,48092.5859375,273615,-0.0169999568849195,-0.010892159455207667,-0.006107797429711832
2022-01-26,YG,122870.KQ,49150.0,49150.0,49150.0,49150.0,48092.5859375,0,0.0,-0.02398524184881037,0.02398524184881037
2022-01-27,YG,122870.KQ,47650.0,47900.0,45300.0,45300.0,44325.4140625,285286,-0.0783316555257753,-0.08050124927224717,0.002169593746471868
2022-01-28,YG,122870.KQ,45350.0,49500.0,45300.0,49000.0,47945.8125,326734,0.0816777127540229,0.0340842331241356,0.047593479629887296
2022-02-03,YG,122870.KQ,50200.0,52300.0,49500.0,50600.0,49511.390625,359572,0.0326530731959124,0.029431761796629,0.0032213113992834025
2022-02-04,YG,122870.KQ,50600.0,54300.0,50000.0,54100.0,52936.09375,382905,0.0691700047558501,0.07475086713237379,-0.005580862376523693
2022-02-07,YG,122870.KQ,53300.0,57100.0,52700.0,55100.0,53914.58203125,712797,0.0184843310477551,-0.015840091623004968,0.034324422670760066
2022-02-08,YG,122870.KQ,55100.0,55100.0,55100.0,55100.0,53914.58203125,0,0.0,0.0,0.0
2022-02-09,YG,122870.KQ,55100.0,55100.0,55100.0,55100.0,53914.58203125,0,0.0,0.011356027212607867,-0.011356027212607867
2022-02-10,YG,122870.KQ,56500.0,57400.0,54200.0,54700.0,53523.1875,359179,-0.0072595301030644,-0.0081328552673903,0.0008733251643259004
2022-02-11,YG,122870.KQ,53800.0,56400.0,53600.0,55000.0,53816.73046875,380022,0.0054844074589166,-0.017273603678201233,0.022758011137117833
2022-02-14,YG,122870.KQ,54100.0,56500.0,54000.0,55000.0,53816.73046875,298259,0.0,0.00045952909255553347,-0.00045952909255553347
2022-02-15,YG,122870.KQ,55500.0,55900.0,54000.0,54300.0,53131.7890625,203671,-0.0127272950304502,-0.026328252311067068,0.013600957280616869
2022-02-16,YG,122870.KQ,55500.0,57400.0,55100.0,57300.0,56067.25,343065,0.0552486748384655,0.0598326210259141,-0.004583946187448597
2022-02-17,YG,122870.KQ,57600.0,58300.0,55600.0,57000.0,55773.703125,459838,-0.0052356210622065,-0.0035436407322036,-0.0016919803300028996
2022-02-18,YG,122870.KQ,56200.0,57800.0,56100.0,57400.0,56165.09765625,238573,0.0070175460713592,0.008963463811666334,-0.0019459177403071343
2022-02-21,YG,122870.KQ,56700.0,61400.0,55800.0,61400.0,60079.0390625,795341,0.0696863634103279,0.03384329441929853,0.03584306899102937
2022-02-22,YG,122870.KQ,61400.0,61400.0,61400.0,61400.0,60079.0390625,0,0.0,0.0,0.0
2022-02-23,YG,122870.KQ,61400.0,61400.0,61400.0,61400.0,60079.0390625,0,0.0,0.007259495636285533,-0.007259495636285533
2022-02-24,YG,122870.KQ,62900.0,64500.0,59400.0,60900.0,59589.796875,854482,-0.0081433091330079,0.021640408932115635,-0.029783718065123532
2022-02-25,YG,122870.KQ,62600.0,64800.0,61500.0,64800.0,63405.89453125,654014,0.0640394472942227,0.020658415755715802,0.0433810315385069
2022-02-28,YG,122870.KQ,64800.0,64800.0,64800.0,64800.0,63405.89453125,0,0.0,0.0,0.0
2022-03-02,YG,122870.KQ,65900.0,66800.0,64200.0,66200.0,64775.7734375,289639,0.0216049141231631,0.030938400582910867,-0.009333486459747766
2022-03-03,YG,122870.KQ,66400.0,67000.0,63900.0,64700.0,63308.046875,423638,-0.0226585725590163,-0.014100504288699535,-0.008558068270316766
2022-03-04,YG,122870.KQ,64700.0,64700.0,64700.0,64700.0,63308.046875,0,0.0,0.0,0.0
2022-03-07,YG,122870.KQ,64400.0,66400.0,64100.0,65600.0,64188.6796875,317158,0.013910282435956,-0.006362113583428867,0.020272396019384867
2022-03-08,YG,122870.KQ,65000.0,65500.0,62600.0,63800.0,62427.41015625,339405,-0.0274389431255583,-0.009696646022434967,-0.017742297103123333
2022-03-10,YG,122870.KQ,63800.0,63800.0,63800.0,63800.0,62427.41015625,0,0.0,0.0,0.0
2022-03-11,YG,122870.KQ,63800.0,63800.0,63800.0,63800.0,62427.41015625,0,0.0,0.06319031852690674,-0.06319031852690674
2022-03-14,YG,122870.KQ,68100.0,69000.0,66600.0,67200.0,65754.2578125,284092,0.0532914571968179,-0.0015360004297911669,0.054827457626609066
2022-03-15,YG,122870.KQ,67200.0,67200.0,67200.0,67200.0,65754.2578125,0,0.0,0.0,0.0
2022-03-16,YG,122870.KQ,67200.0,67200.0,67200.0,67200.0,65754.2578125,0,0.0,-0.00017683126004546662,0.00017683126004546662
2022-03-17,YG,122870.KQ,67200.0,67200.0,67200.0,67200.0,65754.2578125,0,0.0,0.0,0.0
2022-03-18,YG,122870.KQ,65900.0,66400.0,65100.0,66300.0,64873.625,168939,-0.0133927876581185,-0.013905741976793368,0.0005129543186748672
2022-03-21,YG,122870.KQ,66300.0,66300.0,66300.0,66300.0,64873.625,0,0.0,-0.0113289664743679,0.0113289664743679
2022-03-22,YG,122870.KQ,66000.0,70100.0,66000.0,69400.0,67906.9375,586238,0.0467572530438988,0.03836099981572487,0.00839625322817393
2022-03-23,YG,122870.KQ,69300.0,69300.0,67900.0,68300.0,66830.5859375,220295,-0.015850391758574,0.007856102203693366,-0.023706493962267365
2022-03-24,YG,122870.KQ,68100.0,69800.0,67800.0,69100.0,67613.3828125,245037,0.0117131529526326,0.014590378911948932,-0.002877225959316332
2022-03-25,YG,122870.KQ,69300.0,69300.0,67500.0,68900.0,67417.6875,185424,-0.002894328080621,0.0019625884455459672,-0.004856916526166967
2022-03-28,YG,122870.KQ,69100.0,69400.0,66500.0,67000.0,65558.5546875,276498,-0.0275763361432412,-0.0117223850555895,-0.0158539510876517
2022-03-29,YG,122870.KQ,67400.0,67500.0,66400.0,66800.0,65362.8671875,204914,-0.0029849270004927,0.0036662657274768667,-0.006651192727969567
2022-03-30,YG,122870.KQ,67200.0,70300.0,66700.0,68600.0,67124.140625,411516,0.0269460859550056,0.04662570711204903,-0.01967962115704343
2022-03-31,YG,122870.KQ,68100.0,69200.0,67900.0,68400.0,66928.4453125,230742,-0.0029154237309835,0.011664646947000368,-0.014580070677983867
2022-04-01,YG,122870.KQ,68400.0,72400.0,67800.0,71100.0,69570.359375,660450,0.0394737103209923,0.0402482301062221,-0.0007745197852298061
2022-04-04,YG,122870.KQ,71600.0,72800.0,69100.0,70300.0,68787.5625,404290,-0.011251873384476,-0.0268113571655509,0.0155594837810749
2022-04-05,YG,122870.KQ,70300.0,70300.0,65200.0,65800.0,64384.37890625,1222101,-0.0640113333533224,-0.011157038333806999,-0.052854295019515406
2022-04-06,YG,122870.KQ,64800.0,65800.0,64300.0,64400.0,63014.49609375,491057,-0.0212766331798383,-0.0094943427612382,-0.0117822904186001
2022-04-07,YG,122870.KQ,63900.0,64300.0,61700.0,62300.0,60959.6796875,519929,-0.0326086302934636,-0.021476006135155,-0.0111326241583086
2022-04-08,YG,122870.KQ,62400.0,63700.0,61800.0,62800.0,61448.921875,381148,0.0080256686060036,-0.00014018894422399933,0.008165857550227598
2022-04-11,YG,122870.KQ,63000.0,63900.0,61200.0,61900.0,60568.28125,247985,-0.0143312624229828,-0.011884938422051232,-0.0024463240009315688
2022-04-12,YG,122870.KQ,61400.0,63200.0,61000.0,62800.0,61448.921875,229623,0.0145396337294942,-0.0094529877701923,0.0239926214996865
2022-04-13,YG,122870.KQ,63200.0,63300.0,61600.0,62900.0,61546.7734375,199338,0.0015924048708138,0.03408324969268554,-0.032490844821871735
2022-04-14,YG,122870.KQ,63200.0,63500.0,61400.0,61400.0,60079.0390625,280783,-0.0238474625561072,-0.01014275408157,-0.013704708474537199
2022-04-15,YG,122870.KQ,61400.0,64600.0,60800.0,64000.0,62623.10546875,414395,0.0423453245249714,0.004911476615570801,0.0374338479094006
2022-04-18,YG,122870.KQ,63500.0,63700.0,59900.0,60000.0,58709.15625,481025,-0.0625000818699916,-0.06135043247484423,-0.0011496493951473757
2022-04-19,YG,122870.KQ,60300.0,60600.0,59300.0,60100.0,58807.0078125,256863,0.0016667172337363,0.017246067471226135,-0.015579350237489836
2022-04-20,YG,122870.KQ,60500.0,60500.0,58300.0,59200.0,57926.37109375,288284,-0.0149750302133687,-0.0392386467746072,0.024263616561238502
2022-04-21,YG,122870.KQ,59200.0,60300.0,57900.0,58400.0,57143.5859375,276584,-0.0135134506351711,-0.007989493231922001,-0.0055239574032490985
2022-04-22,YG,122870.KQ,57600.0,58200.0,56000.0,56700.0,55480.15625,403814,-0.029109648269525,-0.023223570560942666,-0.005886077708582335
2022-04-25,YG,122870.KQ,55700.0,57800.0,55100.0,55900.0,54697.3671875,236689,-0.0141093521613865,-0.0062250467804969,-0.007884305380889599
2022-04-26,YG,122870.KQ,56300.0,58100.0,56300.0,57200.0,55969.3984375,210541,0.0232558039885089,0.02670235448817603,-0.0034465504996671267
2022-04-27,YG,122870.KQ,55600.0,58400.0,55300.0,58000.0,56752.18359375,249022,0.0139859490740126,0.002638465483858,0.0113474835901546
2022-04-28,YG,122870.KQ,58500.0,58600.0,56300.0,56500.0,55284.4609375,210989,-0.0258619591936131,-0.011596450415646635,-0.014265508777966467
2022-04-29,YG,122870.KQ,56900.0,57800.0,56100.0,57000.0,55773.703125,142226,0.0088495425152665,-0.007797438112101834,0.016646980627368333
2022-05-02,YG,122870.KQ,56600.0,57100.0,55400.0,56500.0,55284.4609375,181679,-0.0087719150798273,-0.0039786094288234,-0.0047933056510038995
2022-05-03,YG,122870.KQ,56800.0,59100.0,56400.0,57500.0,56262.94140625,232195,0.0176990143732465,0.011149127782387499,0.006549886590859
2022-05-04,YG,122870.KQ,58000.0,58900.0,57500.0,58100.0,56850.03515625,147379,0.0104348214886393,-0.011053823695418635,0.021488645184057936
2022-05-06,YG,122870.KQ,57000.0,59000.0,56900.0,57500.0,56262.94140625,223020,-0.0103270604562758,-0.016081092653031166,0.005754032196755366
2022-05-10,YG,122870.KQ,54300.0,56000.0,52600.0,55300.0,54110.2734375,329539,-0.0382608501252454,-0.055862811916582704,0.0176019617913373
2022-05-11,YG,122870.KQ,55500.0,57200.0,55100.0,55800.0,54599.515625,182174,0.0090415766992029,-0.005871612959975933,0.014913189659178833
2022-05-12,YG,122870.KQ,54500.0,54700.0,52000.0,52000.0,50881.2734375,508865,-0.0681002779042511,-0.05623922687241167,-0.011861051031839438
2022-05-13,YG,122870.KQ,52500.0,54200.0,52400.0,53900.0,52740.39453125,215458,0.0365384151800691,0.021870405700844402,0.0146680094792247
2022-05-16,YG,122870.KQ,54600.0,56100.0,54500.0,55200.0,54012.4296875,229340,0.0241188024389216,0.0173203727779022,0.006798429661019397
2022-05-17,YG,122870.KQ,55200.0,57100.0,55000.0,55800.0,54599.515625,190974,0.0108694598798222,0.048008815426335366,-0.03713935554651317
2022-05-18,YG,122870.KQ,56400.0,56600.0,55500.0,55600.0,54403.82421875,169338,-0.0035841234855277,0.0146224403583214,-0.0182065638438491
2022-05-19,YG,122870.KQ,53700.0,55500.0,53100.0,54700.0,53523.1875,222496,-0.0161870370584443,-0.021910058239903232,0.005723021181458933
2022-05-20,YG,122870.KQ,54800.0,56200.0,54600.0,55700.0,54501.66796875,167263,0.0182814311787764,0.0101902551263376,0.0080911760524388
2022-05-23,YG,122870.KQ,55700.0,55700.0,53300.0,54600.0,53425.3359375,197360,-0.019748607177805,-0.019906524041553467,0.0001579168637484661
2022-05-24,YG,122870.KQ,54000.0,55100.0,53600.0,53900.0,52740.39453125,149864,-0.0128205353177616,-0.015430396394364866,0.002609861076603267
2022-05-25,YG,122870.KQ,54100.0,56000.0,52900.0,55100.0,53914.58203125,172951,0.0222635327330413,0.013748620162926934,0.008514912570114367
2022-05-26,YG,122870.KQ,55100.0,56200.0,54200.0,54400.0,53229.63671875,140437,-0.0127042682460747,-0.014482997269378033,0.001778729023303333
2022-05-27,YG,122870.KQ,55600.0,56600.0,55200.0,55500.0,54305.96875,124258,0.0202205406160673,0.01901255029358673,0.001207990322480569
2022-05-30,YG,122870.KQ,56700.0,57800.0,56100.0,56400.0,55186.609375,182439,0.0162162768710392,0.035240551387127735,-0.019024274516088534
2022-05-31,YG,122870.KQ,56300.0,57300.0,55700.0,56600.0,55382.30859375,139690,0.0035461359370747,0.002359462928708533,0.0011866730083661672
2022-06-02,YG,122870.KQ,56200.0,56300.0,55100.0,55700.0,54501.66796875,96344,-0.0159011180169434,-0.02654973303157643,0.010648615014633031
2022-06-03,YG,122870.KQ,56000.0,57000.0,55400.0,56000.0,54795.21484375,126961,0.0053860163540007,0.0003692453850891667,0.005016770968911533
2022-06-07,YG,122870.KQ,56000.0,56500.0,54700.0,54700.0,53523.1875,111381,-0.0232142048786051,-0.0164785297344259,-0.0067356751441792
2022-06-08,YG,122870.KQ,55200.0,58000.0,54700.0,57000.0,55773.703125,306533,0.0420474887636317,0.033460424320388836,0.008587064443242864
2022-06-09,YG,122870.KQ,57000.0,58300.0,56300.0,57500.0,56262.94140625,259523,0.0087718450423404,0.0240153245484509,-0.0152434795061105
2022-06-10,YG,122870.KQ,56900.0,57900.0,56500.0,57100.0,55871.55078125,130640,-0.0069564550877981,-0.0086275270913179,0.0016710720035198008
2022-06-13,YG,122870.KQ,55900.0,56100.0,53700.0,53800.0,52642.546875,251948,-0.0577933467229555,-0.05980965821476553,0.00201631149181003
2022-06-14,YG,122870.KQ,52600.0,53400.0,51300.0,52700.0,51566.2109375,343711,-0.0204461220323508,-0.024876143046331203,0.004430021013980403
2022-06-15,YG,122870.KQ,52000.0,53000.0,48600.0,48800.0,47750.1171875,806676,-0.0740037648805578,-0.08682273462504786,0.012818969744490052
2022-06-16,YG,122870.KQ,49900.0,51100.0,48800.0,49250.0,48190.43359375,451254,0.009221263364046,0.0233787475228783,-0.014157484158832301
2022-06-17,YG,122870.KQ,47850.0,48700.0,47200.0,48350.0,47309.80078125,334240,-0.0182740172027464,-0.007822037727176934,-0.010451979475569466
2022-06-20,YG,122870.KQ,48550.0,49000.0,45900.0,47000.0,45988.84375,281302,-0.0279214245132379,0.0034838502241822666,-0.031405274737420164
2022-06-21,YG,122870.KQ,47000.0,47650.0,46450.0,47100.0,46086.6875,134930,0.0021275540331453,-0.0008884227291868332,0.0030159767623321333
2022-06-22,YG,122870.KQ,47150.0,47750.0,43000.0,43450.0,42515.21484375,401612,-0.0774946703698329,-0.07500598154209863,-0.002488688827734273
2022-06-23,YG,122870.KQ,43150.0,44550.0,41750.0,41850.0,40949.63671875,292036,-0.0368239495143971,-0.030182504101104932,-0.006641445413292171
2022-06-24,YG,122870.KQ,41900.0,45000.0,41900.0,44700.0,43738.32421875,310944,0.0681004209916009,0.08052314303096612,-0.01242272203936523
2022-06-27,YG,122870.KQ,45100.0,46600.0,43850.0,45950.0,44961.4296875,220503,0.0279641593636015,0.020520935251406067,0.007443224112195432
2022-06-28,YG,122870.KQ,45800.0,46100.0,44900.0,45300.0,44325.4140625,127732,-0.0141458051805861,-0.027424556165578703,0.013278750984992602
2022-06-29,YG,122870.KQ,44300.0,45550.0,43700.0,45050.0,44080.79296875,150449,-0.005518754848067,-0.0163318177025428,0.010813062854475801
2022-06-30,YG,122870.KQ,44950.0,45650.0,43600.0,44150.0,43200.15625,114268,-0.0199777875904888,-0.02040546476423907,0.00042767717375026895
2022-07-01,YG,122870.KQ,44450.0,44850.0,43000.0,43600.0,42661.9921875,127784,-0.0124574563894083,-0.0206664465742427,0.0082089901848344
2022-07-04,YG,122870.KQ,44000.0,46200.0,43650.0,44600.0,43640.4765625,197973,0.0229357403353211,0.030065322127233066,-0.007129581791911966
2022-07-05,YG,122870.KQ,45550.0,46200.0,44750.0,46050.0,45059.27734375,168542,0.0325111202490664,0.024184057853924166,0.008327062395142231
2022-07-06,YG,122870.KQ,45950.0,51400.0,45600.0,48950.0,47896.88671875,894153,0.0629750307212504,0.010177032166003368,0.05279799855524703
2022-07-07,YG,122870.KQ,49650.0,50500.0,48600.0,49000.0,47945.8125,286833,0.0010214814490405,0.02713479841796033,-0.02611331696891983
2022-07-08,YG,122870.KQ,49500.0,50900.0,48800.0,49650.0,48581.828125,298739,0.0132653008018166,0.0340228308898143,-0.020757530087997703
2022-07-11,YG,122870.KQ,50400.0,51900.0,49800.0,50800.0,49707.0859375,356881,0.0231621134059578,-0.010480723137128,0.0336428365430858
2022-07-12,YG,122870.KQ,50200.0,51600.0,50000.0,50600.0,49511.390625,205190,-0.0039369701282843,-0.020512666648415567,0.016575696520131265
2022-07-13,YG,122870.KQ,50700.0,52100.0,50500.0,51500.0,50392.03125,190675,0.0177866267516091,0.028071769836337263,-0.010285143084728162
2022-07-14,YG,122870.KQ,51500.0,53900.0,51100.0,53500.0,52349.0,339744,0.0388348852280091,0.023289002469288833,0.015545882758720264
2022-07-15,YG,122870.KQ,54000.0,54900.0,53200.0,53500.0,52349.0,278363,0.0,-0.01878644635916173,0.01878644635916173
2022-07-18,YG,122870.KQ,54400.0,54400.0,52600.0,53700.0,52544.69921875,185915,0.003738356391717,-0.006647673145229533,0.010386029536946534
2022-07-19,YG,122870.KQ,53200.0,54500.0,53000.0,54300.0,53131.7890625,120611,0.01117315071699,0.0013627767439589,0.0098103739730311
2022-07-20,YG,122870.KQ,55000.0,55300.0,53500.0,54100.0,52936.09375,196721,-0.0036832057785556,0.011500530876230599,-0.015183736654786199
2022-07-21,YG,122870.KQ,53700.0,54400.0,53500.0,54300.0,53131.7890625,94291,0.003696821934467,0.0110652868752395,-0.0073684649407725
2022-07-22,YG,122870.KQ,54100.0,54900.0,54000.0,54100.0,52936.09375,107919,-0.0036832057785556,0.013710584287819932,-0.017393790066375533
2022-07-25,YG,122870.KQ,54000.0,56100.0,53600.0,56100.0,54893.06640625,223921,0.0369685883037034,0.035344064288574534,0.0016245240151288656
2022-07-26,YG,122870.KQ,56100.0,56200.0,54000.0,54200.0,53033.94140625,228652,-0.0338681207247756,-0.020897070098357035,-0.012971050626418568
2022-07-27,YG,122870.KQ,54200.0,54400.0,53400.0,54000.0,52838.2421875,101242,-0.0036900749512639,-0.02752776518895783,0.023837690237693932
2022-07-28,YG,122870.KQ,54700.0,55200.0,53600.0,54500.0,53327.484375,137235,0.0092592441997576,0.0037214560190245664,0.005537788180733033
2022-07-29,YG,122870.KQ,54800.0,55500.0,54600.0,55100.0,53914.58203125,127427,0.011009288420986,0.018292141710252997,-0.007282853289266996
2022-08-01,YG,122870.KQ,55300.0,56100.0,54700.0,54700.0,53523.1875,183207,-0.0072595301030644,-0.0127085492945671,0.005449019191502699
2022-08-02,YG,122870.KQ,54900.0,55200.0,54400.0,54900.0,53718.8828125,92806,0.0036562716392778,-0.008412458839526167,0.012068730478803967
2022-08-03,YG,122870.KQ,54900.0,56200.0,54600.0,55900.0,54697.3671875,171367,0.0182149055187035,0.0425544673112201,-0.024339561792516597
2022-08-04,YG,122870.KQ,56200.0,56900.0,55500.0,55900.0,54697.3671875,152013,0.0,0.003792143826280934,-0.003792143826280934
2022-08-05,YG,122870.KQ,55900.0,56000.0,54600.0,55500.0,54305.96875,131986,-0.0071557089056646,0.0025120710398095,-0.0096677799454741
2022-08-08,YG,122870.KQ,56100.0,56900.0,55300.0,56700.0,55480.15625,194174,0.0216217024947189,0.013950440779178834,0.007671261715540067
2022-08-09,YG,122870.KQ,57100.0,59700.0,56400.0,59500.0,58219.9140625,526270,0.0493826621567958,0.028923581075034666,0.020459081081761133
2022-08-10,YG,122870.KQ,59800.0,60000.0,58000.0,58000.0,56752.18359375,304481,-0.0252101105332166,-0.0393699306790131,0.0141598201457965
2022-08-11,YG,122870.KQ,58900.0,59500.0,58300.0,59500.0,58219.9140625,208744,0.0258620968535145,0.029691146225462633,-0.003829049371948133
2022-08-12,YG,122870.KQ,61200.0,62000.0,60100.0,61900.0,60568.28125,688904,0.0403361500152505,0.004052797752561266,0.036283352262689236
2022-08-16,YG,122870.KQ,62400.0,63300.0,61500.0,62400.0,61057.52734375,291327,0.0080775957919394,0.025048721217631534,-0.016971125425692134
2022-08-17,YG,122870.KQ,62100.0,62300.0,60300.0,60500.0,59198.40625,348042,-0.0304486797063245,-0.0379404609179386,0.007491781211614101
2022-08-18,YG,122870.KQ,60100.0,61600.0,59800.0,61300.0,59981.19140625,276734,0.0132230782184274,0.013140204384509802,8.287383391759884e-05
2022-08-19,YG,122870.KQ,61600.0,62400.0,57200.0,58300.0,57045.73828125,914291,-0.0489395601550877,-0.0161847456829602,-0.0327548144721275
2022-08-22,YG,122870.KQ,59000.0,61400.0,58800.0,59100.0,57828.5234375,635391,0.0137220619775428,-0.012799958652993167,0.026522020630535968
2022-08-23,YG,122870.KQ,58800.0,58900.0,55700.0,56000.0,54795.21484375,523132,-0.0524535024143983,-0.033695779317635295,-0.018757723096763004
2022-08-24,YG,122870.KQ,56500.0,58500.0,55200.0,58200.0,56947.8828125,461449,0.0392856926446658,0.0217087927931738,0.017576899851492
2022-08-25,YG,122870.KQ,58500.0,62000.0,58400.0,61100.0,59785.49609375,621890,0.0498282489375907,0.005433553845940233,0.04439469509165046
2022-08-26,YG,122870.KQ,60900.0,61900.0,59800.0,60400.0,59100.5546875,354672,-0.0114566483679576,0.0023965403814783337,-0.013853188749435934
2022-08-29,YG,122870.KQ,58200.0,58900.0,57200.0,57800.0,56556.4921875,362934,-0.0430463387941446,-0.04104136597926387,-0.002004972814880733
2022-08-30,YG,122870.KQ,58200.0,60200.0,57700.0,60100.0,58807.0078125,309097,0.0397923481099027,0.025623622493088735,0.014168725616813968
2022-08-31,YG,122870.KQ,59300.0,60600.0,59100.0,60600.0,59296.25390625,206670,0.0083195202740107,0.03587339953946806,-0.02755387926545736
2022-09-01,YG,122870.KQ,60100.0,60200.0,58500.0,58500.0,57241.4296875,233642,-0.0346535250270407,-0.0415118296034246,0.0068583045763839015
2022-09-02,YG,122870.KQ,59100.0,59800.0,58300.0,58400.0,57143.5859375,164211,-0.0017093170197558,0.009313890515605867,-0.011023207535361667
2022-09-05,YG,122870.KQ,58400.0,59200.0,56900.0,57400.0,56165.09765625,274222,-0.0171233265325737,-0.0041724927784259,-0.012950833754147802
2022-09-06,YG,122870.KQ,58000.0,58400.0,56100.0,57400.0,56165.09765625,255909,0.0,-0.011385386841340031,0.011385386841340031
2022-09-07,YG,122870.KQ,56900.0,57600.0,55400.0,56300.0,55088.7578125,359308,-0.0191638560007065,-0.003655074788584,-0.015508781212122501
2022-09-08,YG,122870.KQ,56800.0,58300.0,56400.0,57200.0,55969.3984375,332153,0.0159858501075182,0.009559859998360365,0.006425990109157833
2022-09-13,YG,122870.KQ,58300.0,58700.0,56900.0,57000.0,55773.703125,297991,-0.0034964698203524,0.011890461670674701,-0.0153869314910271
2022-09-14,YG,122870.KQ,54900.0,55200.0,52300.0,53800.0,52642.546875,685424,-0.0561403685708739,-0.0304316661726254,-0.0257087023982485
2022-09-15,YG,122870.KQ,54000.0,54300.0,51600.0,52100.0,50979.1171875,603144,-0.0315985792148283,-0.0091708190911138,-0.022427760123714502
2022-09-16,YG,122870.KQ,52900.0,54500.0,51600.0,53400.0,52251.15625,734007,0.0249521594856472,0.0593411947782719,-0.0343890352926247
2022-09-19,YG,122870.KQ,53700.0,54700.0,52000.0,52500.0,51370.51171875,395513,-0.0168540678226618,-0.008528597557111401,-0.008325470265550399
2022-09-20,YG,122870.KQ,53000.0,53500.0,51700.0,51900.0,50783.42578125,304190,-0.0114284619299541,0.022263580695263532,-0.03369204262521763
2022-09-21,YG,122870.KQ,51500.0,52200.0,50100.0,51200.0,50098.484375,396707,-0.0134874990356181,-0.0019661390766253337,-0.011521359958992767
2022-09-22,YG,122870.KQ,50400.0,50500.0,49050.0,50300.0,49217.84375,451736,-0.0175781889609309,-0.025909357074141836,0.008331168113210937
2022-09-23,YG,122870.KQ,49850.0,50800.0,48300.0,48450.0,47407.6484375,346341,-0.0367792486337843,-0.027899449055582268,-0.008879799578202036
2022-09-26,YG,122870.KQ,48550.0,49600.0,46950.0,47500.0,46478.0859375,477675,-0.0196078592935377,-0.03730988129956183,0.01770202200602413
2022-09-27,YG,122870.KQ,47550.0,51200.0,47400.0,49350.0,48288.28515625,695311,0.0389473701904208,0.0170285478690636,0.0219188223213572
2022-09-28,YG,122870.KQ,49250.0,49300.0,45050.0,45200.0,44227.56640625,626910,-0.0840932482249148,-0.06909606475897889,-0.014997183465935912
2022-09-29,YG,122870.KQ,46300.0,47850.0,46050.0,46450.0,45450.67578125,356703,0.027654910147332,0.037646641912260435,-0.009991731764928437
2022-09-30,YG,122870.KQ,46150.0,48800.0,46150.0,48450.0,47407.6484375,436975,0.0430570640064569,0.014440916955265531,0.028616147051191365
2022-10-04,YG,122870.KQ,49100.0,49600.0,48250.0,49200.0,48141.515625,317537,0.0154799322828149,-0.00046591891217560014,0.0159458511949905
2022-10-05,YG,122870.KQ,49650.0,49700.0,45900.0,46000.0,45010.359375,467467,-0.0650406662388913,-0.0398964358768972,-0.025144230361994105
2022-10-06,YG,122870.KQ,46600.0,46750.0,45550.0,46200.0,45206.046875,208225,0.0043476102550004,-0.0012657733422871667,0.005613383597287567
2022-10-07,YG,122870.KQ,45600.0,45850.0,44350.0,45250.0,44276.48828125,322900,-0.0205627047266561,-0.0262351563508659,0.0056724516242098
2022-10-11,YG,122870.KQ,44200.0,44200.0,42150.0,43050.0,42123.82421875,370128,-0.0486186720325695,-0.051582771969720435,0.002964099937150938
2022-10-12,YG,122870.KQ,42900.0,44650.0,42250.0,44300.0,43346.9296875,276483,0.0290359551022334,0.018500998103111597,0.010534956999121804
2022-10-13,YG,122870.KQ,44150.0,44550.0,42350.0,42350.0,41438.87890625,249119,-0.0440181298884526,-0.026817007351085734,-0.017201122537366866
2022-10-14,YG,122870.KQ,43500.0,45400.0,43450.0,45000.0,44031.87109375,338208,0.0625738981348,0.0721727330168081,-0.009598834882008106
2022-10-17,YG,122870.KQ,43850.0,45500.0,43450.0,45350.0,44374.33984375,250054,0.007777746924968,-0.008543763230597199,0.016321510155565197
2022-10-18,YG,122870.KQ,46300.0,46800.0,45000.0,45450.0,44472.1875,201704,0.0022050504096406,0.014883633301410999,-0.012678582891770398
2022-10-19,YG,122870.KQ,45700.0,45900.0,44000.0,44050.0,43102.30859375,249283,-0.0308030475507866,-0.024179555320565566,-0.006623492230221035
2022-10-20,YG,122870.KQ,44000.0,44500.0,43000.0,43500.0,42564.140625,164386,-0.0124858270080697,-0.03916599774090143,0.02668017073283173
2022-10-21,YG,122870.KQ,43450.0,44150.0,42750.0,43550.0,42613.0625,141555,0.0011493683246424,-0.009937681278922535,0.011087049603564934
2022-10-24,YG,122870.KQ,44500.0,44800.0,43300.0,43400.0,42466.29296875,160882,-0.0034442380490723,0.027825466991806866,-0.03126970504087916
2022-10-25,YG,122870.KQ,43500.0,44350.0,43000.0,43400.0,42466.29296875,153898,0.0,0.03680830899556176,-0.03680830899556176
2022-10-26,YG,122870.KQ,43450.0,43600.0,42450.0,42550.0,41634.578125,183332,-0.0195852942558947,-0.01760712499709417,-0.0019781692588005315
2022-10-27,YG,122870.KQ,42350.0,44000.0,42350.0,43450.0,42515.21484375,152138,0.0211515706033109,0.0339307317764785,-0.012779161173167599
2022-10-28,YG,122870.KQ,43300.0,43850.0,42750.0,42850.0,41928.125,137149,-0.0138089351284627,-0.009562553374519401,-0.004246381753943299
2022-10-31,YG,122870.KQ,43150.0,43150.0,41200.0,42750.0,41830.27734375,224604,-0.0023336997838563,0.007995367261401565,-0.010329067045257864
2022-11-01,YG,122870.KQ,42800.0,43400.0,41550.0,42350.0,41438.87890625,183559,-0.0093568214784615,-0.016935745816421533,0.007578924337960032
2022-11-02,YG,122870.KQ,42000.0,42500.0,41350.0,42250.0,41341.03515625,175249,-0.0023611582306886,0.004692581379011699,-0.007053739609700299
2022-11-03,YG,122870.KQ,41500.0,41850.0,40450.0,41150.0,40264.69921875,294038,-0.0260355342683594,-0.028321669768215967,0.0022861354998565675
2022-11-04,YG,122870.KQ,40400.0,41600.0,40000.0,41450.0,40558.2421875,286166,0.0072903305984042,-0.0094194605968183,0.0167097911952225
2022-11-07,YG,122870.KQ,41450.0,41950.0,40850.0,41600.0,40705.015625,101883,0.0036188313295597,0.009269929081521166,-0.005651097751961466
2022-11-08,YG,122870.KQ,41800.0,43100.0,41750.0,42500.0,41585.6484375,241102,0.0216345037332239,0.030386063590741832,-0.00875155985751793
2022-11-09,YG,122870.KQ,42500.0,43150.0,41450.0,41600.0,40705.015625,257226,-0.0211763636155276,-0.0015862495434575995,-0.01959011407207
2022-11-10,YG,122870.KQ,41300.0,42100.0,40900.0,41250.0,40362.55078125,205516,-0.0084133328164027,-0.008626538577783968,0.0002132057613812681
2022-11-11,YG,122870.KQ,42850.0,43350.0,41650.0,42800.0,41879.203125,608431,0.0375757308295428,0.0567485324374975,-0.019172801607954704
2022-11-14,YG,122870.KQ,42950.0,42950.0,40600.0,41000.0,40117.92578125,561015,-0.0420561331717077,-0.011475608407977669,-0.03058052476373003
2022-11-15,YG,122870.KQ,41150.0,42050.0,40900.0,41850.0,40949.63671875,368294,0.020731653526532,0.026017419287840297,-0.0052857657613082955
2022-11-16,YG,122870.KQ,42000.0,43350.0,41450.0,43300.0,42368.4453125,497225,0.034647647877676,0.0356873498077104,-0.0010397019300344007
2022-11-17,YG,122870.KQ,42900.0,44300.0,42200.0,42200.0,41292.109375,427229,-0.0254041877052885,0.0227924753244251,-0.0481966630297136
2022-11-18,YG,122870.KQ,42450.0,42550.0,41100.0,41100.0,40215.77734375,341569,-0.0260662883912067,-0.024826107798831664,-0.0012401805923750349
2022-11-21,YG,122870.KQ,41500.0,42050.0,40050.0,40150.0,39286.2109375,462194,-0.0231144706791168,0.006520060252785467,-0.029634530931902266
2022-11-22,YG,122870.KQ,40250.0,40550.0,39450.0,40300.0,39432.98828125,279911,0.0037361033361935,-0.022995497400930067,0.026731600737123568
2022-11-23,YG,122870.KQ,41150.0,42500.0,40850.0,40950.0,40069.00390625,494697,0.0161290242693177,0.04955793528357083,-0.03342891101425313
2022-11-24,YG,122870.KQ,41250.0,42900.0,41200.0,42900.0,41977.05078125,444716,0.0476190244076015,0.009624412582796766,0.03799461182480473
2022-11-25,YG,122870.KQ,42700.0,43150.0,42300.0,42800.0,41879.203125,190505,-0.0023309797717782,-0.009864210717889234,0.007533230946111034
2022-11-28,YG,122870.KQ,42800.0,43300.0,41800.0,42450.0,41536.73046875,218063,-0.0081776306781147,-0.0081374192489278,-4.021142918689963e-05
2022-11-29,YG,122870.KQ,42250.0,44950.0,42200.0,44900.0,43934.01953125,606107,0.0577149196734103,0.03151087621532744,0.026204043458082867
2022-11-30,YG,122870.KQ,44900.0,45100.0,43700.0,43900.0,42955.53515625,329361,-0.022271678882102,-0.009733934249211533,-0.012537744632890466
2022-12-01,YG,122870.KQ,44600.0,45600.0,44400.0,45300.0,44325.4140625,429540,0.0318906259988867,0.05656607941887637,-0.024675453419989668
2022-12-02,YG,122870.KQ,45300.0,45300.0,44100.0,44950.0,43982.94921875,250807,-0.0077261510353205,-0.004312925130765067,-0.003413225904555433
2022-12-05,YG,122870.KQ,45000.0,46250.0,45000.0,45350.0,44374.33984375,253637,0.0088986898776026,-0.0021849739759413,0.0110836638535439
2022-12-06,YG,122870.KQ,44800.0,44950.0,43500.0,43650.0,42710.9140625,299838,-0.0374862090818076,-0.026436744103848536,-0.011049464977959066
2022-12-07,YG,122870.KQ,43100.0,44600.0,43000.0,44250.0,43298.00390625,208032,0.0137456632955899,-0.0026123165821281334,0.016357979877718032
2022-12-08,YG,122870.KQ,44450.0,44550.0,43600.0,43950.0,43004.4609375,160969,-0.0067795958766502,-0.004523870565499134,-0.002255725311151066
2022-12-09,YG,122870.KQ,44400.0,45750.0,44350.0,45200.0,44227.56640625,343088,0.028441362642066,0.03912248867882953,-0.010681126036763532
2022-12-12,YG,122870.KQ,45500.0,46700.0,44850.0,44900.0,43934.01953125,352061,-0.0066371925668177,0.0032655460146828338,-0.009902738581500533
2022-12-13,YG,122870.KQ,45500.0,45600.0,43700.0,44250.0,43298.00390625,262089,-0.0144766090557137,-0.012360007851578399,-0.0021166012041353016
2022-12-14,YG,122870.KQ,44350.0,45600.0,43950.0,45300.0,44325.4140625,207022,0.023728811112738,0.02518316921989053,-0.0014543581071525327
2022-12-15,YG,122870.KQ,45300.0,45500.0,43950.0,44050.0,43102.30859375,230037,-0.0275937742403351,-0.022340881795378433,-0.005252892444956667
2022-12-16,YG,122870.KQ,43100.0,45600.0,43050.0,45300.0,44325.4140625,283997,0.0283767971752528,0.019805679083575667,0.008571118091677134
2022-12-19,YG,122870.KQ,45300.0,46900.0,45300.0,46850.0,45842.0703125,381536,0.0342164034353176,0.03153143069872353,0.002684972736594071
2022-12-20,YG,122870.KQ,46450.0,46900.0,44050.0,44250.0,43298.00390625,405408,-0.0554963244222479,-0.02599169933952583,-0.029504625082722072
2022-12-21,YG,122870.KQ,44950.0,45250.0,44200.0,44600.0,43640.4765625,225607,0.0079096638494358,0.010707456220525366,-0.0027977923710895657
2022-12-22,YG,122870.KQ,45000.0,48000.0,44350.0,47750.0,46722.703125,804947,0.0706277017411982,0.028086525641236603,0.042541176099961595
2022-12-23,YG,122870.KQ,46950.0,47350.0,46000.0,46050.0,45059.27734375,397595,-0.0356020878500916,-0.016187421677610867,-0.01941466617248073
2022-12-26,YG,122870.KQ,46150.0,46450.0,45100.0,45350.0,44374.33984375,303488,-0.0152008096972954,0.0039731886027724005,-0.0191739983000678
2022-12-27,YG,122870.KQ,45250.0,45850.0,44800.0,45000.0,44031.87109375,308344,-0.007717720448482,0.003356797742679,-0.011074518191160999
2022-12-28,YG,122870.KQ,44900.0,45150.0,42500.0,42800.0,42113.1640625,490511,-0.0435754144348035,-0.014515469593485932,-0.02905994484131757
2022-12-29,YG,122870.KQ,42450.0,44250.0,42450.0,43850.0,43146.3125,314793,0.0245326719209866,0.014417275043058467,0.010115396877928132
2023-01-02,YG,122870.KQ,46550.0,49000.0,45950.0,48050.0,47278.9140625,1483247,0.095781106728414,-0.0171537317075592,0.1129348384359732
2023-01-03,YG,122870.KQ,47500.0,50800.0,47500.0,49500.0,48705.64453125,1176815,0.0301768874569314,0.026599604352686834,0.003577283104244565
2023-01-04,YG,122870.KQ,49800.0,50000.0,48350.0,48800.0,48016.87890625,505379,-0.0141413922683659,-0.032294198133103,0.018152805864737095
2023-01-05,YG,122870.KQ,49250.0,50100.0,48250.0,49100.0,48312.0625,445150,0.0061474964736114,-0.0051344577416140335,0.011281954215225433
2023-01-06,YG,122870.KQ,48700.0,49900.0,46950.0,49600.0,48804.0390625,580137,0.0101833069639698,-0.017732038895969034,0.027915345859938833
2023-01-09,YG,122870.KQ,50000.0,50500.0,48350.0,48800.0,48016.87890625,569291,-0.0161289961112017,0.0349446962533995,-0.0510736923646012
2023-01-10,YG,122870.KQ,48750.0,48850.0,46850.0,47000.0,46245.765625,566170,-0.0368852228964733,-0.022336834365158334,-0.014548388531314967
2023-01-11,YG,122870.KQ,47200.0,48150.0,47000.0,47900.0,47131.3203125,278938,0.0191488815361136,0.0269034297073639,-0.007754548171250299
2023-01-12,YG,122870.KQ,48550.0,49500.0,48050.0,48650.0,47869.28125,429192,0.0156575485814318,0.0032230646974184666,0.012434483884013333
2023-01-13,YG,122870.KQ,48650.0,49150.0,47650.0,49050.0,48262.8671875,371950,0.0082220983315892,-0.017153890420467034,0.025375988752056232
2023-01-16,YG,122870.KQ,49100.0,49500.0,48100.0,48350.0,47574.1015625,327658,-0.0142711294445927,0.0027042087589269,-0.0169753382035196
2023-01-17,YG,122870.KQ,48650.0,49250.0,48000.0,48100.0,47328.109375,192916,-0.0051707164070524,-0.0072003509942482335,0.0020296345871958334
2023-01-18,YG,122870.KQ,48100.0,49650.0,48100.0,49650.0,48853.234375,407679,0.0322245071721714,0.011640289786391934,0.020584217385779466
2023-01-19,YG,122870.KQ,49900.0,52700.0,49500.0,52600.0,51755.89453125,917357,0.0594159259542372,0.039707945446543366,0.01970798050769383
2023-01-20,YG,122870.KQ,52300.0,52900.0,51100.0,51900.0,51067.1328125,502196,-0.0133078893715985,0.0255707438787767,-0.0388786332503752
2023-01-25,YG,122870.KQ,52000.0,52100.0,50200.0,51000.0,50181.57421875,1803,-0.0173410674337533,-0.007751517292156701,-0.009589550141596598
2023-01-26,YG,122870.KQ,51100.0,51900.0,50400.0,50900.0,50083.17578125,3419,-0.0019608479612669,0.012408549597938365,-0.014369397559205264
2023-01-27,YG,122870.KQ,50700.0,51900.0,50600.0,51500.0,50673.55078125,2897,0.0117878906597017,0.017029182769087034,-0.005241292109385334
2023-01-30,YG,122870.KQ,51400.0,51900.0,50600.0,50800.0,49984.78125,2566,-0.0135922886916551,-0.003381060233831234,-0.010211228457823867
2023-01-31,YG,122870.KQ,50100.0,52300.0,50000.0,51900.0,51067.1328125,2078,0.021653622071218,0.03224964317629697,-0.01059602110507897
2023-02-01,YG,122870.KQ,52000.0,52400.0,51300.0,52100.0,51263.921875,2767,0.0038535365441905,-0.0053308791850014,0.0091844157291919
2023-02-02,YG,122870.KQ,52300.0,52900.0,51200.0,51700.0,50870.3359375,2280,-0.0076776400069371,0.006236859296670334,-0.013914499303607435
2023-02-03,YG,122870.KQ,51900.0,53400.0,51600.0,52800.0,51952.69140625,4242,0.0212767509552089,0.011358305223659833,0.009918445731549066
2023-02-06,YG,122870.KQ,52800.0,53200.0,52000.0,52200.0,51362.31640625,888,-0.0113637038624908,-0.0006026150557270664,-0.010761088806763734
2023-02-07,YG,122870.KQ,52400.0,53000.0,51700.0,52400.0,51559.10546875,1163,0.0038313899424531,-0.005311293820155599,0.009142683762608699
2023-02-08,YG,122870.KQ,52700.0,53700.0,52200.0,53300.0,52444.6640625,2656,0.0171756004239975,0.04996206385817534,-0.032786463434177834
2023-02-09,YG,122870.KQ,53300.0,54000.0,52700.0,53400.0,52543.05859375,3169,0.0018761590527633,0.00024287790410713333,0.0016332811486561667
2023-02-10,YG,122870.KQ,54100.0,55000.0,52500.0,52600.0,51755.89453125,2176,-0.014981314060648,0.058292517228193765,-0.07327383128884177
2023-02-13,YG,122870.KQ,52900.0,53800.0,51800.0,52000.0,51165.52734375,2073,-0.0114067623185131,-0.014128651336411202,0.0027218890178981013
2023-02-14,YG,122870.KQ,52000.0,52800.0,51400.0,52300.0,51460.7109375,1787,0.0057691889261073,0.027058047633598602,-0.021288858707491302
2023-02-15,YG,122870.KQ,52400.0,52600.0,50300.0,50600.0,49787.9921875,1529,-0.0325047734383527,0.001801078653009466,-0.034305852091362166
2023-02-16,YG,122870.KQ,51100.0,52900.0,50900.0,52800.0,51952.69140625,1453,0.0434783393272379,0.016749684722232334,0.026728654605005567
2023-02-17,YG,122870.KQ,51800.0,52300.0,50500.0,50800.0,49984.78125,1399,-0.0378788875606405,-0.021727263173728136,-0.016151624386912363
2023-02-20,YG,122870.KQ,51200.0,53400.0,50800.0,53200.0,52346.26953125,2993,0.0472441455618053,-0.0064734091314204685,0.05371755469322577
2023-02-21,YG,122870.KQ,52800.0,54200.0,52000.0,53900.0,53035.03515625,1811,0.0131578741172533,-0.004188103434967667,0.01734597755222097
2023-02-22,YG,122870.KQ,53000.0,55400.0,53000.0,54500.0,53625.40625,5281,0.0111317187216086,0.017471700726083134,-0.0063399820044745345
2023-02-23,YG,122870.KQ,54800.0,55000.0,53700.0,54800.0,53920.58984375,7325,0.0055045474597219,0.015628991446241566,-0.010124443986519667
2023-02-24,YG,122870.KQ,54300.0,54500.0,52700.0,53100.0,52247.875,1152,-0.0310218202100006,-0.023726805670731602,-0.0072950145392689965
2023-02-27,YG,122870.KQ,53100.0,54600.0,52800.0,53900.0,53035.03515625,294718,0.0150658788754567,-0.0025056041013906336,0.01757148297684733
2023-02-28,YG,122870.KQ,54200.0,58100.0,53900.0,58000.0,57069.23828125,1009174,0.0760667568733493,0.0365498844240641,0.039516872449285194
2023-03-02,YG,122870.KQ,58000.0,58900.0,57400.0,57500.0,56577.26171875,420985,-0.0086206961458891,-0.0006160494710719002,-0.0080046466748172
2023-03-03,YG,122870.KQ,57700.0,58700.0,56200.0,57100.0,56183.6796875,364172,-0.0069565408309529,0.003838008794739433,-0.010794549625692334
2023-03-06,YG,122870.KQ,56800.0,58000.0,56000.0,57200.0,56282.078125,373402,0.0017513704699887,0.0067075116429850335,-0.004956141172996333
2023-03-07,YG,122870.KQ,58300.0,60700.0,57600.0,59500.0,58545.16796875,932319,0.0402097775907239,0.049697756596604435,-0.009487979005880533
2023-03-08,YG,122870.KQ,59900.0,62400.0,59800.0,60300.0,59332.33203125,737212,0.0134454147081817,0.00859834092525117,0.00484707378293053
2023-03-09,YG,122870.KQ,60400.0,60400.0,57900.0,58400.0,57462.82421875,425873,-0.0315090903811996,-0.015137695461903333,-0.01637139491929627
2023-03-10,YG,122870.KQ,57500.0,59500.0,57200.0,57500.0,56577.26171875,340292,-0.0154110507452406,-0.0050780497371560665,-0.010333001008084533
2023-03-13,YG,122870.KQ,56300.0,56700.0,53400.0,54600.0,53723.80078125,716318,-0.0504347656782114,-0.09586709657022775,0.04543233089201635
2023-03-14,YG,122870.KQ,55000.0,55000.0,52800.0,53200.0,52346.26953125,424000,-0.0256409864895629,-0.019889073168962268,-0.005751913320600634
2023-03-15,YG,122870.KQ,54200.0,54600.0,52100.0,52800.0,51952.69140625,443552,-0.0075187425679883,-0.004659679085101933,-0.0028590634828863665
2023-03-16,YG,122870.KQ,52200.0,52800.0,51300.0,51900.0,51067.1328125,278293,-0.0170454806051388,-0.008360400361877567,-0.008685080243261232
2023-03-17,YG,122870.KQ,53300.0,55800.0,53000.0,55100.0,54215.77734375,499508,0.0616569671692883,0.0206421891489736,0.041014778020314696
2023-03-20,YG,122870.KQ,55500.0,55500.0,54200.0,54700.0,53822.19921875,231373,-0.0072594758257279,0.00018558112127413373,-0.0074450569470020335
2023-03-21,YG,122870.KQ,55600.0,57700.0,55500.0,56500.0,55593.3125,488702,0.0329067430717882,0.009782302750885,0.023124440320903203
2023-03-22,YG,122870.KQ,57000.0,57000.0,55400.0,55500.0,54609.359375,286518,-0.017699127480486,-0.0108046299594483,-0.0068944975210377
2023-03-23,YG,122870.KQ,54700.0,55900.0,53900.0,55200.0,54314.17578125,329437,-0.0054053663534667,-0.013709442737824734,0.008304076384358034
2023-03-24,YG,122870.KQ,55800.0,57700.0,55000.0,57300.0,56380.47265625,441416,0.0380434176764827,0.015291415398571068,0.02275200227791163
2023-03-27,YG,122870.KQ,57200.0,57600.0,55400.0,56300.0,55396.51953125,348097,-0.01745201979769,-0.06195787377637957,0.04450585397868957
2023-03-28,YG,122870.KQ,56800.0,58100.0,56300.0,58000.0,57069.23828125,441296,0.030195376246632,0.04526799184170186,-0.015072615595069862
2023-03-29,YG,122870.KQ,57500.0,57900.0,56800.0,57600.0,56675.66015625,250845,-0.0068965021586648,0.015509765194699265,-0.022406267353364064
2023-03-30,YG,122870.KQ,57700.0,57900.0,56200.0,57000.0,56085.2890625,290373,-0.0104166602051462,-0.013680544106502733,0.0032638839013565332
2023-03-31,YG,122870.KQ,57000.0,57900.0,56200.0,56700.0,55790.1015625,213198,-0.0052631894197968,-0.0020224081494828665,-0.003240781270313934
2023-04-03,YG,122870.KQ,56500.0,57500.0,55500.0,55800.0,54904.54296875,321418,-0.0158730414347415,-0.0065080175570763,-0.009365023877665201
2023-04-04,YG,122870.KQ,56200.0,57500.0,55600.0,57100.0,56183.6796875,313690,0.0232974659215001,0.0226173675850181,0.000680098336481999
2023-04-05,YG,122870.KQ,57000.0,57400.0,56200.0,56600.0,55691.70703125,199665,-0.0087565047178541,-0.0027937459413356334,-0.005962758776518468
2023-04-06,YG,122870.KQ,56600.0,59400.0,56300.0,57800.0,56872.44921875,661967,0.0212014005395355,0.03425514165338933,-0.013053741113853833
2023-04-07,YG,122870.KQ,58900.0,61500.0,57600.0,61500.0,60513.07421875,688158,0.0640138599622635,0.015156324116888067,0.04885753584537543
2023-04-10,YG,122870.KQ,61700.0,62400.0,59700.0,60500.0,59529.12109375,534574,-0.0162601741475418,-0.0019212887329452671,-0.014338885414596533
2023-04-11,YG,122870.KQ,60300.0,61200.0,59600.0,60600.0,59627.515625,300040,0.0016528806312299,0.010193502789202634,-0.008540622157972733
2023-04-12,YG,122870.KQ,61000.0,61500.0,59800.0,61200.0,60217.88671875,292405,0.0099009842614081,0.005757421011944768,0.004143563249463332
2023-04-13,YG,122870.KQ,61300.0,63700.0,61000.0,63100.0,62087.3984375,776709,0.0310457875661034,0.05684686240216719,-0.025801074836063795
2023-04-14,YG,122870.KQ,63600.0,65900.0,62900.0,63100.0,62087.3984375,735048,0.0,0.049699398030142596,-0.049699398030142596
2023-04-17,YG,122870.KQ,64500.0,66200.0,63500.0,64100.0,63071.3515625,580482,0.0158478717060515,0.012016465561060499,0.0038314061449910026
2023-04-18,YG,122870.KQ,64300.0,65800.0,62700.0,63000.0,61989.00390625,404073,-0.0171606859443539,-0.010489947958304201,-0.006670737986049698
2023-04-19,YG,122870.KQ,62700.0,63400.0,61500.0,61800.0,60808.2578125,290488,-0.0190476700599305,-0.002424890695589233,-0.016622779364341266
2023-04-20,YG,122870.KQ,61500.0,62000.0,59700.0,60300.0,59332.33203125,499710,-0.0242717985080408,-0.003934474641432467,-0.020337323866608335
2023-04-21,YG,122870.KQ,59900.0,60300.0,58100.0,59000.0,58053.19140625,363567,-0.0215589136851436,-0.019487234654636632,-0.0020716790305069684
2023-04-24,YG,122870.KQ,59200.0,60700.0,58600.0,59900.0,58938.74609375,237909,0.0152541947487947,0.0271545145618685,-0.0119003198130738
2023-04-25,YG,122870.KQ,59900.0,60200.0,58100.0,58500.0,57561.21484375,252094,-0.0233722524026699,-0.0033736977462756,-0.019998554656394302
2023-04-26,YG,122870.KQ,59000.0,62200.0,58600.0,61200.0,60217.88671875,472518,0.0461538534621193,0.0292738882426332,0.016879965219486103
2023-04-27,YG,122870.KQ,61200.0,61900.0,60600.0,61500.0,60513.07421875,221506,0.0049019903567637,-0.006581133417098467,0.011483123773862167
2023-04-28,YG,122870.KQ,62100.0,63000.0,60500.0,61000.0,60021.09765625,283354,-0.0081300870737709,0.019047834304658832,-0.027177921378429733
2023-05-02,YG,122870.KQ,61000.0,64700.0,61000.0,64100.0,63071.3515625,485632,0.0508196954963948,0.04799598436283627,0.002823711133558525
2023-05-03,YG,122870.KQ,63700.0,66800.0,63500.0,66200.0,65137.6484375,617903,0.0327612588570014,0.014974143573916432,0.01778711528308497
2023-05-04,YG,122870.KQ,66600.0,66900.0,64300.0,65700.0,64645.671875,291624,-0.0075528757070814,-0.017319529273292732,0.009766653566211331
2023-05-08,YG,122870.KQ,66100.0,66200.0,62600.0,63100.0,62087.3984375,439054,-0.0395737775368275,-0.0326346595545666,-0.006939117982260899
2023-05-09,YG,122870.KQ,63000.0,63500.0,61700.0,62200.0,61201.83984375,180415,-0.014263097118515,-0.007329620970214466,-0.006933476148300534
2023-05-10,YG,122870.KQ,62600.0,65100.0,62200.0,65000.0,63956.90625,409502,0.0450160716292804,0.013081348538561398,0.03193472309071901
2023-05-11,YG,122870.KQ,66000.0,67500.0,62500.0,66700.0,65629.625,928650,0.0261538408918895,0.0013638318754245664,0.024790009016464935
2023-05-12,YG,122870.KQ,72500.0,79500.0,71300.0,78100.0,76846.6875,4473376,0.1709146212552639,0.009409648710703168,0.16150497254456075
2023-05-15,YG,122870.KQ,77700.0,79800.0,77300.0,77700.0,76453.1015625,1034825,-0.0051217033590419,-0.012113418147317666,0.006991714788275765
2023-05-16,YG,122870.KQ,79200.0,86400.0,79000.0,85000.0,83635.9453125,2684371,0.0939509791388655,0.09783053387280582,-0.0038795547339403186
2023-05-17,YG,122870.KQ,83800.0,92900.0,83600.0,91300.0,89834.859375,1907723,0.0741178214622693,0.0337477922007165,0.04037002926155281
2023-05-18,YG,122870.KQ,90600.0,95400.0,90000.0,92600.0,91113.9921875,1062530,0.0142387133613743,-0.012779196759961498,0.027017910121335798
2023-05-19,YG,122870.KQ,93300.0,94200.0,89500.0,92000.0,90523.625,1099330,-0.0064794349728974,-0.027445570210415368,0.020966135237517967
2023-05-22,YG,122870.KQ,92200.0,93300.0,89700.0,90800.0,89342.875,624234,-0.0130435563091955,-0.0210130602313945,0.007969503922199
2023-05-23,YG,122870.KQ,90900.0,94600.0,90200.0,92800.0,91310.7890625,682324,0.0220265361115814,0.013372703214186035,0.008653832897395365
2023-05-24,YG,122870.KQ,93700.0,94000.0,90300.0,92600.0,91113.9921875,521698,-0.0021552422996289,-0.022304472166329567,0.020149229866700667
2023-05-25,YG,122870.KQ,91600.0,93600.0,90800.0,91300.0,89834.859375,392083,-0.0140388186467312,-0.008904653377670133,-0.005134165269061066
2023-05-26,YG,122870.KQ,90900.0,95000.0,90600.0,92000.0,90523.625,658129,0.0076670195711541,0.0117619227424759,-0.004094903171321799
2023-05-30,YG,122870.KQ,92700.0,96500.0,91500.0,95200.0,93672.265625,746238,0.0347825291463967,0.04695779175708433,-0.012175262610687632
2023-05-31,YG,122870.KQ,94300.0,97000.0,92000.0,93900.0,92393.1328125,575340,-0.0136554059407592,-0.0020469149163881,-0.011608491024371101
2023-06-01,YG,122870.KQ,94200.0,96800.0,93400.0,94700.0,93180.296875,521602,0.0085197247732409,-0.0052660757486824,0.0137858005219233
2023-06-02,YG,122870.KQ,94800.0,94800.0,90800.0,92200.0,90720.4140625,527083,-0.0263991733767482,-0.005015662539787533,-0.02138351083696067
2023-06-05,YG,122870.KQ,92300.0,92600.0,90200.0,91100.0,89638.0625,426092,-0.0119306285546088,-0.016968566794920165,0.005037938240311365
2023-06-07,YG,122870.KQ,89100.0,89700.0,84300.0,84600.0,83242.375,1359180,-0.071350130978121,0.0174854795152227,-0.0888356104933437
2023-06-08,YG,122870.KQ,83700.0,84500.0,81200.0,81900.0,80585.703125,1201778,-0.0319148976107421,0.0011750487590423669,-0.03308994636978447
2023-06-09,YG,122870.KQ,82900.0,86000.0,81800.0,83700.0,82356.8203125,953804,0.0219780571344365,0.018568385956250166,0.0034096711781863333
2023-06-12,YG,122870.KQ,84100.0,84600.0,82100.0,83300.0,81963.234375,417504,-0.004779032701925,0.026934788532463835,-0.03171382123438883
2023-06-13,YG,122870.KQ,83000.0,86000.0,82100.0,83600.0,82258.421875,443996,0.0036014623172317,0.013508323880519535,-0.009906861563287836
2023-06-14,YG,122870.KQ,83400.0,85400.0,81100.0,81900.0,80585.703125,675265,-0.020334923912616,0.023533208937400338,-0.04386813285001634
2023-06-15,YG,122870.KQ,82900.0,84800.0,82800.0,83300.0,81963.234375,423994,0.0170939905787412,0.014351353315621233,0.0027426372631199677
2023-06-16,YG,122870.KQ,84200.0,84200.0,82000.0,82600.0,81274.46875,288529,-0.0084033485287896,0.002369233006788534,-0.010772581535578134
2023-06-19,YG,122870.KQ,83100.0,83100.0,80800.0,82000.0,80684.1015625,284053,-0.007263870149874,0.007291221948424166,-0.014555092098298167
2023-06-20,YG,122870.KQ,82100.0,84400.0,81500.0,82200.0,80880.890625,294198,0.0024390066777599,0.015023213596781567,-0.012584206919021668
2023-06-21,YG,122870.KQ,82900.0,84400.0,80400.0,80800.0,79503.3515625,449191,-0.0170316999708483,-0.02348071102810123,0.006449011057252933
2023-06-22,YG,122870.KQ,80000.0,81700.0,79200.0,79300.0,78027.421875,415328,-0.0185643706647979,-0.0020945635108427,-0.016469807153955202
2023-06-23,YG,122870.KQ,80100.0,80100.0,77200.0,78000.0,76748.28125,335204,-0.0163934754508381,-0.022571367496965367,0.006177892046127266
2023-06-26,YG,122870.KQ,77600.0,78700.0,76600.0,77200.0,75961.125,219672,-0.0102563371736744,-0.010526530798228134,0.00027019362455373355
2023-06-27,YG,122870.KQ,76800.0,80400.0,76500.0,78900.0,77633.8515625,438592,0.022020823974105,-0.019788346047346066,0.04180917002145107
2023-06-28,YG,122870.KQ,80000.0,80200.0,78100.0,78500.0,77240.265625,246068,-0.0050697721364905,-0.021421677957651434,0.016351905821160934
2023-06-29,YG,122870.KQ,78900.0,81800.0,76800.0,78400.0,77141.875,370929,-0.0012738255649933,-0.0011113401947630667,-0.00016248537023023338
2023-06-30,YG,122870.KQ,78800.0,79800.0,76800.0,76900.0,75665.9453125,302507,-0.019132665462176,0.017508127871245834,-0.03664079333342184
2023-07-03,YG,122870.KQ,77400.0,77700.0,75600.0,77300.0,76059.515625,224155,0.0052014193554914,-0.003642505958845134,0.008843925314336533
2023-07-04,YG,122870.KQ,77600.0,82200.0,76400.0,80700.0,79404.9609375,710499,0.0439845729362018,0.030136468459808902,0.0138481044763929
2023-07-05,YG,122870.KQ,80800.0,83600.0,79300.0,82000.0,80684.1015625,491130,0.0161090769379865,-0.010255247006021666,0.026364323944008165
2023-07-06,YG,122870.KQ,82400.0,83000.0,78000.0,78600.0,77338.6640625,463302,-0.0414634040066559,-0.0139095133308454,-0.027553890675810502
2023-07-07,YG,122870.KQ,78000.0,79400.0,77300.0,78300.0,77043.4765625,279985,-0.003816816641175,-0.0002736119272084327,-0.003543204713966567
2023-07-10,YG,122870.KQ,77600.0,78700.0,72300.0,75300.0,74091.6171875,583826,-0.0383142026645871,-0.025549746922344168,-0.012764455742242931
2023-07-11,YG,122870.KQ,76000.0,79500.0,75000.0,78900.0,77633.8515625,279476,0.0478088413974802,0.052711592568084935,-0.0049027511706047355
2023-07-12,YG,122870.KQ,79700.0,80500.0,72000.0,74300.0,73107.6640625,1432722,-0.0583017254574332,0.009036221429034,-0.0673379468864672
2023-07-13,YG,122870.KQ,75500.0,76800.0,74100.0,74300.0,73107.6640625,673096,0.0,-0.016848513421391865,0.016848513421391865
2023-07-14,YG,122870.KQ,74500.0,74900.0,71400.0,71700.0,70549.390625,612207,-0.0349932318356243,-0.024374133598747266,-0.010619098236877032
2023-07-17,YG,122870.KQ,72700.0,75000.0,72100.0,73200.0,72025.3125,422888,0.0209204057175369,-0.0014091853794780996,0.022329591097015
2023-07-18,YG,122870.KQ,73700.0,74700.0,72600.0,73100.0,71926.921875,247733,-0.001366056204199,0.005948122646132766,-0.007314178850331766
2023-07-19,YG,122870.KQ,73400.0,73800.0,69500.0,73200.0,72025.3125,314807,0.0013679248664497,0.0093072537332511,-0.0079393288668014
2023-07-20,YG,122870.KQ,73400.0,73900.0,71800.0,73700.0,72517.2890625,244565,0.0068306064274279,0.032078045108967,-0.0252474386815391
2023-07-21,YG,122870.KQ,72500.0,73000.0,71100.0,72000.0,70844.5703125,351317,-0.0230664820986116,-0.0286282365078462,0.0055617544092346
2023-07-24,YG,122870.KQ,72500.0,73200.0,71500.0,72400.0,71238.1484375,245451,0.0055555157334414,-0.007214211315747833,0.012769727049189234
2023-07-25,YG,122870.KQ,73200.0,79300.0,73200.0,76900.0,75665.9453125,889436,0.06215485624089,0.0664443823196163,-0.004289526078726305
2023-07-26,YG,122870.KQ,77000.0,77000.0,72500.0,72500.0,71336.546875,509034,-0.0572172649085345,-0.06361194542736447,0.006394680518829965
2023-07-27,YG,122870.KQ,72500.0,77100.0,72500.0,75300.0,74091.6171875,408037,0.0386207411655008,0.0343326166559595,0.004288124509541302
2023-07-28,YG,122870.KQ,75900.0,77500.0,73700.0,77200.0,75961.125,332425,0.0252323796330282,0.010089757983161899,0.0151426216498663
2023-07-31,YG,122870.KQ,78200.0,78200.0,75500.0,76100.0,74878.7734375,415981,-0.0142487563539902,0.0153855605030975,-0.0296343168570877
2023-08-01,YG,122870.KQ,76000.0,76000.0,69100.0,71800.0,70647.78125,1206663,-0.056504560548545,-0.016702572599395397,-0.0398019879491496
2023-08-02,YG,122870.KQ,71500.0,73400.0,70900.0,70900.0,69762.234375,455412,-0.012534673549992,-0.007641311694251034,-0.004893361855740966
2023-08-03,YG,122870.KQ,70300.0,73300.0,68000.0,72400.0,71238.1484375,802175,0.0211563473521556,-0.028103611875105766,0.04925995922726137
2023-08-04,YG,122870.KQ,73100.0,78100.0,72800.0,77600.0,76354.7109375,650986,0.0718233504410765,0.05830166902670053,0.013521681414375972
2023-08-07,YG,122870.KQ,77600.0,81700.0,77300.0,80500.0,79208.171875,741030,0.0373711183300227,0.007535593278585467,0.02983552505143723
2023-08-08,YG,122870.KQ,81000.0,83800.0,79900.0,81300.0,79995.328125,977451,0.0099378161541492,0.001428051608994033,0.008509764545155167
2023-08-09,YG,122870.KQ,82300.0,83500.0,80400.0,81700.0,80388.921875,544550,0.00492020920753,-0.023667594924284534,0.028587804131814533
2023-08-10,YG,122870.KQ,82700.0,82700.0,79200.0,79200.0,77929.03125,387420,-0.030599870823308,-0.003979864818178234,-0.026620006005129766
2023-08-11,YG,122870.KQ,80000.0,82900.0,77800.0,81700.0,80388.921875,412595,0.0315657796015524,0.005091184392548634,0.026474595209003766
2023-08-14,YG,122870.KQ,80500.0,82400.0,77900.0,81500.0,80192.1171875,574554,-0.0024481568219812,-0.030932561861291164,0.028484405039309962
2023-08-16,YG,122870.KQ,80000.0,81600.0,77000.0,77000.0,75764.3359375,430240,-0.055214669537247,-0.04088301529016344,-0.014331654247083561
2023-08-17,YG,122870.KQ,79000.0,80800.0,75900.0,76200.0,74977.1796875,618535,-0.0103895353963023,0.013522317589134034,-0.023911852985436334
2023-08-18,YG,122870.KQ,74900.0,74900.0,70700.0,71800.0,70647.78125,574780,-0.0577428819748175,-0.03431151111261264,-0.023431370862204863
2023-08-21,YG,122870.KQ,71900.0,74200.0,71600.0,72600.0,71434.9453125,288764,0.0111420917765907,0.006285053870083733,0.0048570379065069665
2023-08-22,YG,122870.KQ,72000.0,73200.0,71600.0,72100.0,70942.96875,200415,-0.006887057312745,-0.008738937105992732,0.0018518797932477321
2023-08-23,YG,122870.KQ,72400.0,75000.0,72300.0,72800.0,71631.7421875,223267,0.0097088330194807,0.004369861907577367,0.0053389711119033335
2023-08-24,YG,122870.KQ,72400.0,74400.0,72000.0,73600.0,72418.8984375,269362,0.0109889306885706,0.0033771616793572337,0.007611769009213367
2023-08-25,YG,122870.KQ,72400.0,75500.0,72300.0,73700.0,72517.2890625,188099,0.0013586318919904,0.0077529355340297335,-0.006394303642039334
2023-08-28,YG,122870.KQ,74100.0,75400.0,72800.0,75400.0,74190.0078125,265108,0.0230664820986115,0.03812961933330217,-0.015063137234690667
2023-08-29,YG,122870.KQ,75800.0,79700.0,74200.0,78900.0,77633.8515625,465420,0.0464192396192166,0.016999168536823466,0.029420071082393136
2023-08-30,YG,122870.KQ,78800.0,82400.0,78500.0,81700.0,80388.921875,494442,0.0354880024248442,-0.015319182114040734,0.050807184538884935
2023-08-31,YG,122870.KQ,81900.0,83000.0,80500.0,81500.0,80192.1171875,405293,-0.0024481568219812,-0.004281909349887834,0.0018337525279066343
2023-09-01,YG,122870.KQ,81600.0,82200.0,78400.0,78700.0,77437.0546875,300326,-0.0343557770592125,-0.035888482932390435,0.001532705873177935
2023-09-04,YG,122870.KQ,77700.0,79200.0,77000.0,77900.0,76649.890625,175310,-0.0101652118055965,0.0066684251299927,-0.0168336369355892
2023-09-05,YG,122870.KQ,78000.0,79000.0,77200.0,77900.0,76649.890625,148493,0.0,-8.43803725205333e-05,8.43803725205333e-05
2023-09-06,YG,122870.KQ,77500.0,78700.0,76400.0,77000.0,75764.3359375,155154,-0.0115532413716343,0.0087527393446918,-0.0203059807163261
2023-09-07,YG,122870.KQ,76800.0,78200.0,75500.0,75800.0,74583.59375,150325,-0.015584406210252,-0.021496936463323835,0.005912530253071835
2023-09-08,YG,122870.KQ,75800.0,77200.0,75000.0,76500.0,75272.359375,121406,0.0092348141242524,0.009294084223168833,-5.927009891643423e-05
2023-09-11,YG,122870.KQ,76600.0,81000.0,74100.0,79900.0,78617.8046875,455028,0.0444445390084466,-0.00217673851474,0.0466212775231866
2023-09-12,YG,122870.KQ,80300.0,83100.0,79400.0,80400.0,79109.78125,403446,0.0062578262577488,0.014298491313209033,-0.008040665055460233
2023-09-13,YG,122870.KQ,80200.0,81800.0,77200.0,77200.0,75961.125,346141,-0.0398010991845587,-0.0056083394708453345,-0.03419275971371337
2023-09-14,YG,122870.KQ,78000.0,81700.0,77200.0,81700.0,80388.921875,387146,0.0582903014535396,0.023816936176745934,0.03447336527679366
2023-09-15,YG,122870.KQ,79900.0,80000.0,73500.0,79300.0,78027.421875,1835685,-0.0293759381880004,-0.0160713725576512,-0.0133045656303492
2023-09-18,YG,122870.KQ,78100.0,80700.0,76800.0,78000.0,76748.28125,543539,-0.0163934754508381,-0.014692449794713134,-0.001701025656124967
2023-09-19,YG,122870.KQ,78000.0,81500.0,77500.0,80300.0,79011.3828125,523095,0.0294873256526511,0.007281873000604733,0.02220545265204637
2023-09-20,YG,122870.KQ,80400.0,81300.0,78400.0,79800.0,78519.3984375,268589,-0.0062267531270464,-0.006656736747762967,0.0004299836207165668
2023-09-21,YG,122870.KQ,77600.0,78100.0,67500.0,69200.0,68089.5078125,1176763,-0.1328320240927725,-0.04342501808307947,-0.08940700600969304
2023-09-22,YG,122870.KQ,68000.0,68500.0,64300.0,66400.0,65334.4375,1150903,-0.0404624794775535,0.011062555389796334,-0.051525034867349835
2023-09-25,YG,122870.KQ,64300.0,68800.0,63400.0,65500.0,64448.8828125,1006574,-0.0135541794095954,0.046031128975244966,-0.059585308384840364
2023-09-26,YG,122870.KQ,65200.0,66700.0,64200.0,64600.0,63563.32421875,368240,-0.0137404801309952,-0.005343197988767267,-0.008397282142227933
2023-09-27,YG,122870.KQ,63600.0,64200.0,62500.0,62800.0,61792.2109375,511829,-0.0278637611078175,-0.012858054520853368,-0.01500570658696413
2023-10-04,YG,122870.KQ,61500.0,61900.0,59300.0,60000.0,59037.14453125,621783,-0.0445859820267092,-0.0498761918344256,0.005290209807716398
2023-10-05,YG,122870.KQ,60900.0,62000.0,59600.0,60300.0,59332.33203125,316221,0.0050000301055168,0.024751837195996763,-0.019751807090479963
2023-10-06,YG,122870.KQ,60200.0,61900.0,59700.0,60100.0,59135.5390625,228023,-0.0033167914021372,0.0008793879702374,-0.0041961793723746
2023-10-10,YG,122870.KQ,60100.0,61000.0,58200.0,58600.0,57659.61328125,355581,-0.0249583550712221,-0.043579033955660595,0.018620678884438496
2023-10-11,YG,122870.KQ,59600.0,60600.0,58800.0,58900.0,57954.796875,223739,0.005119416814507,0.025685156460193665,-0.020565739645686663
2023-10-12,YG,122870.KQ,59000.0,61200.0,59000.0,60500.0,59529.12109375,240138,0.027164692202193,0.05861007370379826,-0.031445381501605266
2023-10-13,YG,122870.KQ,60000.0,60800.0,58500.0,59200.0,58249.98046875,189459,-0.0214876450634224,-0.0085916565576004,-0.012895988505822
2023-10-16,YG,122870.KQ,58700.0,59100.0,57200.0,58000.0,57069.23828125,245718,-0.0202702589425493,-0.021156792731684564,0.0008865337891352659
2023-10-17,YG,122870.KQ,58400.0,59300.0,56900.0,57200.0,56282.078125,195870,-0.0137930727648877,-0.015103010055507732,0.0013099372906200321
2023-10-18,YG,122870.KQ,57200.0,57800.0,56200.0,56600.0,55691.70703125,201670,-0.0104895041799774,-0.0048655064241007,-0.005623997755876699
2023-10-19,YG,122870.KQ,55800.0,56300.0,54500.0,54800.0,53920.58984375,224697,-0.0318021709499078,-0.043301148487818165,0.011498977537910363
2023-10-20,YG,122870.KQ,53000.0,54600.0,52900.0,53700.0,52838.24609375,258291,-0.0200729211816189,-0.013078295556748734,-0.006994625624870167
2023-10-23,YG,122870.KQ,52700.0,55200.0,52700.0,54300.0,53428.6171875,176031,0.0111731773364034,0.009248931898313566,0.0019242454380898333
2023-10-24,YG,122870.KQ,54800.0,55100.0,53500.0,55000.0,54117.3828125,159214,0.0128913241864911,0.018211551176430366,-0.005320226989939267
2023-10-25,YG,122870.KQ,55300.0,55900.0,54000.0,54500.0,53625.40625,123173,-0.0090909156528234,-0.0092623733830562,0.00017145773023280117
2023-10-26,YG,122870.KQ,52600.0,52900.0,50100.0,50200.0,49394.4140625,547685,-0.0788990234922463,-0.07345288936260316,-0.005446134129643135
2023-10-27,YG,122870.KQ,50600.0,53500.0,50600.0,52600.0,51755.89453125,333341,0.0478086543503069,0.0199198663901103,0.0278887879601966
2023-10-30,YG,122870.KQ,52100.0,54200.0,52000.0,53800.0,52936.64453125,226108,0.0228138265350059,0.0117934255327101,0.0110204010022958
2023-10-31,YG,122870.KQ,54300.0,56400.0,53900.0,54900.0,54018.98828125,266463,0.0204460210801813,-0.0131697284700218,0.0336157495502031
2023-11-01,YG,122870.KQ,54900.0,59100.0,53900.0,58500.0,57561.21484375,377701,0.0655737301864556,0.0360642964971582,0.0295094336892974
2023-11-02,YG,122870.KQ,58800.0,60700.0,58700.0,60000.0,59037.14453125,400013,0.0256410447817407,0.014796899704322066,0.010844145077418635
2023-11-03,YG,122870.KQ,60000.0,60800.0,58500.0,60200.0,59233.9375,332388,0.0033333754590016,-0.0310952201944025,0.0344285956534041
2023-11-06,YG,122870.KQ,59300.0,65000.0,57700.0,64500.0,63464.9296875,1020693,0.0714285149033018,0.04682078663550337,0.02460772826779844
2023-11-07,YG,122870.KQ,63100.0,64400.0,61800.0,63300.0,62284.1875,336571,-0.0186046402842318,-0.03732350044775077,0.01871886016351897
2023-11-08,YG,122870.KQ,63800.0,63900.0,61600.0,61900.0,60906.65234375,343539,-0.0221169322671183,-0.007721784164201367,-0.014395148102916932
2023-11-09,YG,122870.KQ,61800.0,62600.0,59800.0,60900.0,59922.69921875,266908,-0.0161551010790526,-0.0136928026572661,-0.0024622984217864997
2023-11-10,YG,122870.KQ,62400.0,66200.0,60200.0,64300.0,63268.140625,758962,0.0558292842256211,-0.0057345239243769665,0.06156380814999807
2023-11-13,YG,122870.KQ,64800.0,65700.0,59700.0,60000.0,59037.14453125,470609,-0.0668740388440963,-0.05693573118854157,-0.009938307655554736
2023-11-14,YG,122870.KQ,59800.0,60100.0,58400.0,58800.0,57856.40234375,375743,-0.0199999880901251,0.006365961785258334,-0.026365949875383436
2023-11-15,YG,122870.KQ,60000.0,61300.0,57900.0,59800.0,58840.3515625,471785,0.0170067473760973,0.01882174160692573,-0.001814994230828433
2023-11-16,YG,122870.KQ,59500.0,59600.0,57500.0,57700.0,56774.0546875,273817,-0.0351170042348436,-0.012472768073970167,-0.022644236160873438
2023-11-17,YG,122870.KQ,57700.0,57700.0,51600.0,52500.0,51657.5,1014122,-0.0901213541231628,-0.07447872353898777,-0.015642630584175032
2023-11-20,YG,122870.KQ,52500.0,57300.0,52500.0,54100.0,53231.82421875,984278,0.0304761983981027,0.0120782437018006,0.0183979546963021
2023-11-21,YG,122870.KQ,54100.0,54700.0,53100.0,53900.0,53035.03515625,411961,-0.0036968310853169,0.028470339272515865,-0.032167170357832765
2023-11-22,YG,122870.KQ,54400.0,55000.0,53500.0,54700.0,53822.19921875,318910,0.0148423407315727,0.0006076901761828333,0.014234650555389868
2023-11-23,YG,122870.KQ,55100.0,56000.0,54500.0,55200.0,54314.17578125,447092,0.0091407740605407,0.0357774500023057,-0.026636675941764998
2023-11-24,YG,122870.KQ,55300.0,55800.0,54200.0,55300.0,54412.56640625,347902,0.001811509124179,-0.011778200015785834,0.013589709139964833
2023-11-27,YG,122870.KQ,55100.0,56200.0,53500.0,53800.0,52936.64453125,448727,-0.0271246510223504,-0.01371130587013003,-0.013413345152220368
2023-11-28,YG,122870.KQ,53700.0,54700.0,52700.0,53300.0,52444.6640625,328932,-0.0092937599862334,-0.0056252828475052,-0.003668477138728199
2023-11-29,YG,122870.KQ,53400.0,53500.0,51800.0,52200.0,51362.31640625,354735,-0.0206378985469356,-0.0037669771537238,-0.0168709213932118
2023-11-30,YG,122870.KQ,52200.0,52500.0,51500.0,51900.0,51067.1328125,251604,-0.0057470849136797,0.0070804867262126,-0.0128275716398923
2023-12-01,YG,122870.KQ,51500.0,51900.0,50000.0,50600.0,49787.9921875,443860,-0.0250482170145823,-0.014074740305288366,-0.010973476709293932
2023-12-04,YG,122870.KQ,50800.0,50800.0,48500.0,48900.0,48115.26953125,447764,-0.033596909269821,-0.0229859799654895,-0.010610929304331499
2023-12-05,YG,122870.KQ,48600.0,49550.0,47900.0,48000.0,47229.71484375,294903,-0.0184048576704916,0.0018462984544167667,-0.020251156124908368
2023-12-06,YG,122870.KQ,48000.0,61900.0,48000.0,60300.0,59332.33203125,5608557,0.2562500584121474,0.05221251473274067,0.2040375436794067
2023-12-07,YG,122870.KQ,59000.0,61000.0,58000.0,58300.0,57364.4296875,1312766,-0.0331674531638755,-0.013377098672445034,-0.01979035449143047
2023-12-08,YG,122870.KQ,58800.0,60100.0,57300.0,59300.0,58348.3828125,694077,0.0171526698750463,0.03155778533708293,-0.014405115462036627
2023-12-11,YG,122870.KQ,59300.0,59400.0,56000.0,56600.0,55691.70703125,678640,-0.0455312667325693,-0.003982334314326633,-0.041548932418242666
2023-12-12,YG,122870.KQ,56200.0,56500.0,53300.0,53500.0,52641.453125,801784,-0.0547703431776372,-0.021844121275118967,-0.03292622190251823
2023-12-13,YG,122870.KQ,52800.0,53200.0,52000.0,52300.0,51460.7109375,578489,-0.0224298935041983,0.0060257228779384345,-0.028455616382136735
2023-12-14,YG,122870.KQ,52700.0,53400.0,51700.0,51900.0,51067.1328125,548541,-0.0076481284037838,-0.0094710834623067,0.0018229550585228994
2023-12-15,YG,122870.KQ,52200.0,52600.0,51700.0,52200.0,51362.31640625,282150,0.0057803048162858,0.021106903172415366,-0.015326598356129567
2023-12-18,YG,122870.KQ,52800.0,53900.0,52600.0,53300.0,52444.6640625,440670,0.0210727967891708,0.0191962074041725,0.0018765893849982986
2023-12-19,YG,122870.KQ,53400.0,55000.0,52900.0,53900.0,53035.03515625,560937,0.0112570287998496,0.034570269347461,-0.0233132405476114
2023-12-20,YG,122870.KQ,54400.0,54900.0,53500.0,53600.0,52739.84765625,423946,-0.0055658961878751,-0.0092791395803983,0.0037132433925231995
2023-12-21,YG,122870.KQ,53100.0,54000.0,52600.0,53000.0,52149.4765625,315596,-0.0111940234943025,-0.004823838738379301,-0.0063701847559232
2023-12-22,YG,122870.KQ,53000.0,53300.0,51800.0,52000.0,51165.52734375,294465,-0.0188678637564225,-0.011794259385822932,-0.007073604370599567
2023-12-26,YG,122870.KQ,50200.0,50900.0,48400.0,49850.0,49050.02734375,520615,-0.041346197524502,-0.010927771479464934,-0.030418426045037063
2023-12-27,YG,122870.KQ,49950.0,51000.0,49400.0,50600.0,50089.43359375,249174,0.0211907374223399,0.0332868597189975,-0.012096122296657602
2023-12-28,YG,122870.KQ,50600.0,51100.0,50300.0,50900.0,50386.40234375,178661,0.0059287703751766,0.0008612904651949006,0.005067479909981699
2024-01-02,YG,122870.KQ,48300.0,48800.0,47200.0,47550.0,47070.20703125,949594,-0.0658152826605081,0.01609257841162817,-0.08190786107213627
2024-01-03,YG,122870.KQ,47350.0,47400.0,46450.0,46500.0,46030.8046875,405424,-0.0220819581919394,-0.0171803203301365,-0.0049016378618029
2024-01-04,YG,122870.KQ,46200.0,47000.0,46150.0,46300.0,45832.8203125,231872,-0.0043011278282902,0.0100067483454599,-0.0143078761737501
2024-01-05,YG,122870.KQ,46400.0,47050.0,45450.0,45800.0,45337.8671875,375407,-0.0107990981489963,0.0367486973818753,-0.0475477955308716
2024-01-08,YG,122870.KQ,45400.0,45550.0,44550.0,44650.0,44199.47265625,418510,-0.0251091328699261,-0.006540818616392833,-0.018568314253533266
2024-01-09,YG,122870.KQ,44850.0,45400.0,44500.0,44800.0,44347.95703125,263340,0.003359415080691,-0.0017492427807318325,0.005108657861422832
2024-01-10,YG,122870.KQ,44800.0,45600.0,44050.0,44800.0,44347.95703125,309900,0.0,-0.006781138410064767,0.006781138410064767
2024-01-11,YG,122870.KQ,44850.0,45750.0,44650.0,45550.0,45090.390625,295492,0.016741100232122,0.0101175641337182,0.0066235360984038
2024-01-12,YG,122870.KQ,45550.0,45700.0,42700.0,43100.0,42665.109375,675288,-0.0537870977914155,-0.049168834514430465,-0.0046182632769850365
2024-01-15,YG,122870.KQ,43200.0,43400.0,42800.0,42900.0,42467.12890625,48529,-0.0046403366040825,-0.05464768214640856,0.05000734554232606
2024-01-16,YG,122870.KQ,42600.0,43000.0,41750.0,41850.0,41427.72265625,256756,-0.0244755479536792,-0.054797494172421635,0.030321946218742436
2024-01-17,YG,122870.KQ,41900.0,42650.0,40800.0,40800.0,40388.31640625,288528,-0.0250896304058169,-0.0044687343541579,-0.020620896051659
2024-01-18,YG,122870.KQ,40700.0,44050.0,40100.0,43000.0,42566.1171875,657055,0.05392155393021,-0.009260524020793767,0.06318207795100377
2024-01-19,YG,122870.KQ,43000.0,43500.0,41850.0,42550.0,42120.65625,341751,-0.010465153200086,0.005971893241374066,-0.016437046441460067
2024-01-22,YG,122870.KQ,43050.0,45500.0,42350.0,44950.0,44496.44140625,592386,0.0564042768505061,-0.0006574528020009003,0.057061729652507
2024-01-23,YG,122870.KQ,45000.0,45750.0,44350.0,45100.0,44644.9296875,347572,0.0033370821701068,0.0087486687112649,-0.0054115865411581004
2024-01-24,YG,122870.KQ,45550.0,46400.0,44800.0,45150.0,44694.421875,317081,0.0011085735344735,0.009582635378708633,-0.008474061844235133
2024-01-25,YG,122870.KQ,46750.0,47100.0,45050.0,45900.0,45436.85546875,526945,0.016611325588379,-0.024183052268445967,0.040794377856824965
2024-01-26,YG,122870.KQ,45900.0,46950.0,45200.0,46150.0,45684.33203125,277238,0.0054466040826748,0.0069575845096655,-0.0015109804269907
2024-01-29,YG,122870.KQ,46500.0,46550.0,44300.0,44550.0,44100.48046875,209131,-0.0346694696426026,-0.0557895255687858,0.021120055926183205
2024-01-30,YG,122870.KQ,44650.0,45250.0,44300.0,44900.0,44446.94921875,135942,0.0078563486455778,-0.0025774263336968335,0.010433774979274633
2024-01-31,YG,122870.KQ,44500.0,45050.0,43950.0,44400.0,43951.9921875,129577,-0.0111359056121944,-0.017827094987968767,0.006691189375774367
2024-02-01,YG,122870.KQ,44400.0,44550.0,42600.0,43050.0,42615.61328125,355507,-0.0304054228201757,-0.009774414671134102,-0.020631008149041598
2024-02-02,YG,122870.KQ,43150.0,43900.0,43000.0,43400.0,42962.08203125,190852,0.0081300894982647,0.022910565221645435,-0.014780475723380735
2024-02-05,YG,122870.KQ,43400.0,43450.0,42150.0,42250.0,41823.6875,233853,-0.0264976574091997,-0.019696302259881202,-0.006801355149318497
2024-02-06,YG,122870.KQ,42000.0,42450.0,41500.0,41650.0,41229.73828125,152446,-0.0142012637874171,-0.018351822458147368,0.004150558670730267
2024-02-07,YG,122870.KQ,41600.0,41900.0,41350.0,41550.0,41130.75,177167,-0.0024008952124495,0.005572217773531867,-0.007973112985981367
2024-02-08,YG,122870.KQ,41700.0,42200.0,41300.0,42200.0,41774.19140625,191057,0.0156438043617002,0.0065742970022376,0.0090695073594626
2024-02-13,YG,122870.KQ,42500.0,42800.0,41950.0,42500.0,42071.1640625,135774,0.0071089983133836,0.009920909718574,-0.002811911405190399
2024-02-14,YG,122870.KQ,42050.0,43900.0,41850.0,43200.0,42764.1015625,209307,0.0164706044018794,0.0447680647987202,-0.028297460396840796
2024-02-15,YG,122870.KQ,43400.0,43950.0,42950.0,43450.0,43011.578125,156606,0.0057870165268949,0.0109636762559154,-0.0051766597290205
2024-02-16,YG,122870.KQ,43700.0,43950.0,43350.0,43500.0,43061.0703125,125359,0.0011506712763751,-0.016785007123597366,0.017935678399972465
2024-02-19,YG,122870.KQ,43700.0,43750.0,42950.0,43400.0,42962.08203125,113728,-0.0022987882217424,-0.0066830483834797,0.0043842601617373
2024-02-20,YG,122870.KQ,43350.0,43650.0,42750.0,43100.0,42665.109375,120404,-0.0069124363207999,-0.0021616859521778335,-0.004750750368622067
2024-02-21,YG,122870.KQ,42700.0,43700.0,42700.0,43250.0,42813.59375,122673,0.003480229564043,0.020344461699494734,-0.016864232135451733
2024-02-22,YG,122870.KQ,43250.0,43400.0,42800.0,42900.0,42467.12890625,91765,-0.0080924027488349,0.0053281101398798,-0.013420512888714702
2024-02-23,YG,122870.KQ,43000.0,43100.0,42300.0,42550.0,42120.65625,122631,-0.0081586079674674,-0.006081056101188667,-0.0020775518662787323
2024-02-26,YG,122870.KQ,42550.0,42800.0,42050.0,42100.0,41675.19921875,117682,-0.0105757381510408,0.009103609214206132,-0.019679347365246933
2024-02-27,YG,122870.KQ,42000.0,42300.0,40300.0,40900.0,40487.30859375,313849,-0.0285035380098569,-0.04913719195269767,0.02063365394284077
2024-02-28,YG,122870.KQ,40550.0,42250.0,40550.0,41850.0,41427.72265625,121013,0.0232273790272434,0.0090986283676375,0.014128750659605902
2024-02-29,YG,122870.KQ,41350.0,41800.0,40850.0,40900.0,40487.30859375,165508,-0.022700114855532,-0.013815675161639868,-0.008884439693892132
2024-03-04,YG,122870.KQ,40950.0,41600.0,40300.0,40400.0,39992.3515625,179325,-0.012224992187463,-0.03327061976087887,0.021045627573415868
2024-03-05,YG,122870.KQ,40300.0,40400.0,39900.0,40100.0,39695.3828125,143620,-0.0074256386133207,-0.017582598439450436,0.010156959826129736
2024-03-06,YG,122870.KQ,39950.0,40250.0,39850.0,40000.0,39596.390625,95136,-0.0024937960157126,-0.015346796613769033,0.012853000598056434
2024-03-07,YG,122870.KQ,39850.0,40050.0,39200.0,39500.0,39101.43359375,166328,-0.0125000542584176,-0.021833422835908802,0.009333368577491202
2024-03-08,YG,122870.KQ,39500.0,40850.0,39500.0,40500.0,40091.34375,140917,0.025316467077264,0.03194900672894837,-0.0066325396516843695
2024-03-11,YG,122870.KQ,40900.0,44800.0,40650.0,43800.0,43358.046875,855341,0.0814815074638151,0.04587448135782953,0.035607026105985574
2024-03-12,YG,122870.KQ,43750.0,43950.0,43050.0,43850.0,43407.54296875,198504,0.0011415664984333,0.0025887927997845996,-0.0014472263013512996
2024-03-13,YG,122870.KQ,43850.0,44350.0,43350.0,43450.0,43011.578125,170479,-0.0091220284924917,-0.009506765435268199,0.00038473694277649934
2024-03-14,YG,122870.KQ,43550.0,44300.0,43350.0,43850.0,43407.54296875,201237,0.0092060059409875,-0.009921028324220668,0.01912703426520817
2024-03-15,YG,122870.KQ,44150.0,44150.0,42600.0,43050.0,42615.61328125,180804,-0.0182440569849836,-0.008285069860183767,-0.009958987124799833
2024-03-18,YG,122870.KQ,43500.0,45600.0,43250.0,45200.0,44743.91796875,367135,0.0499418997786993,-0.0028026729525887,0.052744572731288
2024-03-19,YG,122870.KQ,44800.0,45700.0,44300.0,44600.0,44149.9765625,196857,-0.0132742377783013,-0.009181280182975532,-0.004092957595325767
2024-03-20,YG,122870.KQ,44900.0,45200.0,44150.0,44250.0,43803.50390625,145820,-0.0078476294491237,0.0010920000209639668,-0.008939629470087668
2024-03-21,YG,122870.KQ,44200.0,46000.0,44200.0,45550.0,45090.390625,308921,0.0293786250868022,0.010321788511561833,0.019056836575240366
2024-03-22,YG,122870.KQ,45750.0,45750.0,44400.0,44950.0,44496.44140625,212726,-0.013172412359202,-0.0007622075005762333,-0.012410204858625765
2024-03-25,YG,122870.KQ,45000.0,46150.0,44450.0,45600.0,45139.88671875,226522,0.014460601615877,0.03309623666145603,-0.01863563504557903
2024-03-26,YG,122870.KQ,45600.0,46700.0,45150.0,46200.0,45733.828125,301204,0.0131577956752666,0.04893056412278954,-0.03577276844752294
2024-03-27,YG,122870.KQ,46400.0,47350.0,46050.0,46250.0,45783.32421875,447158,0.0010822643933221,0.03604967007983853,-0.034967405686516434
2024-03-28,YG,122870.KQ,46350.0,46800.0,45550.0,46000.0,45535.84765625,198640,-0.0054053864965674,-0.010768227254097465,0.005362840757530065
2024-03-29,YG,122870.KQ,46100.0,47200.0,45700.0,47100.0,46624.74609375,368267,0.0239129936862072,0.015987555848634535,0.007925437837572664
2024-04-01,YG,122870.KQ,47650.0,47950.0,44600.0,45200.0,44743.91796875,635460,-0.0403396968901054,-0.0266972570551461,-0.013642439834959299
2024-04-02,YG,122870.KQ,44500.0,44800.0,43150.0,43600.0,43160.06640625,423095,-0.03539814201354,-0.01617729199598737,-0.019220850017552634
2024-04-03,YG,122870.KQ,43000.0,44050.0,42900.0,43300.0,42863.08984375,146744,-0.0068808180160027,0.007877810699072235,-0.014758628715074936
2024-04-04,YG,122870.KQ,43350.0,43600.0,42450.0,42600.0,42170.15234375,196896,-0.0161662983822674,-0.0209314907526411,0.004765192370373698
2024-04-05,YG,122870.KQ,42000.0,44100.0,41900.0,43700.0,43259.05859375,189845,0.0258217291017537,0.0075509799006183995,0.018270749201135302
2024-04-08,YG,122870.KQ,44300.0,44900.0,43350.0,43450.0,43011.578125,184762,-0.005720893537562,-0.019595200040612968,0.013874306503050968
2024-04-09,YG,122870.KQ,43650.0,44600.0,42500.0,42950.0,42516.625,167041,-0.0115074393123072,-0.0168967127774456,0.005389273465138398
2024-04-11,YG,122870.KQ,42400.0,43350.0,42200.0,42600.0,42170.15234375,178731,-0.0081491100540083,-0.005004984672494067,-0.0031441253815142336
2024-04-12,YG,122870.KQ,43150.0,44750.0,43050.0,43950.0,43506.53515625,247246,0.03169025337178,-0.020926830484685133,0.05261708385646513
2024-04-15,YG,122870.KQ,43500.0,44250.0,42800.0,43150.0,42714.60546875,149229,-0.0182025455407067,0.0011806528891985001,-0.0193831984299052
2024-04-16,YG,122870.KQ,42400.0,42800.0,41400.0,42250.0,41823.6875,202351,-0.0208574551719035,0.0106229470008263,-0.0314804021727298
2024-04-17,YG,122870.KQ,42250.0,42800.0,41800.0,41800.0,41378.23046875,129016,-0.0106508310930258,-0.014571108595614933,0.003920277502589133
2024-04-18,YG,122870.KQ,41850.0,43750.0,41850.0,43700.0,43259.05859375,135653,0.0454545325813402,0.0294657004067799,0.015988832174560298
2024-04-19,YG,122870.KQ,43350.0,44450.0,43000.0,43850.0,43407.54296875,197324,0.003432445823531,0.014778730018191133,-0.011346284194660133
2024-04-22,YG,122870.KQ,43850.0,44850.0,43150.0,43800.0,43358.046875,182896,-0.0011402648103264,0.0011965491544915035,-0.0023368139648179036
2024-04-23,YG,122870.KQ,43800.0,44400.0,43500.0,43800.0,43358.046875,124647,0.0,0.019143084129287002,-0.019143084129287002
2024-04-24,YG,122870.KQ,44150.0,44450.0,43250.0,43250.0,42813.59375,156699,-0.0125571413899164,-0.0035310698851830336,-0.009026071504733366
2024-04-25,YG,122870.KQ,43050.0,43200.0,42200.0,42350.0,41922.67578125,142157,-0.0208092311510289,-0.01632577945993807,-0.00448345169109083
2024-04-26,YG,122870.KQ,42650.0,42750.0,41950.0,42000.0,41576.2109375,123029,-0.0082643781031018,-0.022069560341288267,0.013805182238186466
2024-04-29,YG,122870.KQ,42000.0,42850.0,41950.0,42500.0,42071.1640625,180482,0.0119047194017762,0.008318272854634533,0.003586446547141667
2024-04-30,YG,122870.KQ,42550.0,42750.0,42350.0,42400.0,41972.171875,91568,-0.0023529700141631,-0.014362248111037201,0.0120092780968741
2024-05-02,YG,122870.KQ,42200.0,43050.0,42200.0,42650.0,42219.6484375,105628,0.0058962057821794,0.011365112883053566,-0.005468907100874166
2024-05-03,YG,122870.KQ,42650.0,44100.0,42550.0,44100.0,43655.01953125,182742,0.0339977036017924,0.03382228846080513,0.00017541514098726868
2024-05-07,YG,122870.KQ,44600.0,44600.0,43800.0,44450.0,44001.484375,131665,0.0079364262682779,0.0028918857340008,0.0050445405342771
2024-05-08,YG,122870.KQ,44000.0,44650.0,43600.0,43650.0,43209.5625,113440,-0.0179976172678834,-0.0109389247084824,-0.007058692559401
2024-05-09,YG,122870.KQ,43650.0,44000.0,43100.0,43250.0,42813.59375,109384,-0.0091639148163095,-0.016267561796145236,0.007103646979835737
2024-05-10,YG,122870.KQ,43500.0,43950.0,42100.0,42200.0,41774.19140625,214730,-0.0242773907235946,0.0065049769164733,-0.0307823676400679
2024-05-13,YG,122870.KQ,42500.0,42650.0,40300.0,40550.0,40140.83984375,304218,-0.0390995374779564,-0.07588352647922607,0.03678398900126967
2024-05-14,YG,122870.KQ,40550.0,41450.0,40500.0,41350.0,40932.765625,91088,0.0197286799262945,0.01182592888972847,0.00790275103656603
2024-05-16,YG,122870.KQ,41350.0,43000.0,41350.0,42800.0,42368.13671875,155635,0.0350665554069802,0.007857242037375067,0.02720931336960513
2024-05-17,YG,122870.KQ,43150.0,43650.0,42850.0,43150.0,42714.60546875,135857,0.0081775781715383,0.0121715679296069,-0.003993989758068599
2024-05-20,YG,122870.KQ,43350.0,43550.0,42850.0,43050.0,42615.61328125,85795,-0.0023175255024284,-0.0259395857031392,0.023622060200710802
2024-05-21,YG,122870.KQ,42850.0,43250.0,42150.0,42150.0,41724.6953125,82165,-0.0209059051402173,-0.010966991432711,-0.009938913707506299
2024-05-22,YG,122870.KQ,42000.0,42500.0,41500.0,41700.0,41279.234375,99161,-0.0106761938982103,-0.005647489681668067,-0.005028704216542233
2024-05-23,YG,122870.KQ,41350.0,43800.0,41100.0,43400.0,42962.08203125,174000,0.0407674144574052,0.07510696973615313,-0.034339555278747935
2024-05-24,YG,122870.KQ,43000.0,43450.0,42800.0,43100.0,42665.109375,93116,-0.0069124363207999,-0.0007280054124507666,-0.006184430908349133
2024-05-27,YG,122870.KQ,43950.0,45150.0,43900.0,44300.0,43853.0,326855,0.0278422027366478,0.027603519893981802,0.00023868284266599996
2024-05-28,YG,122870.KQ,44200.0,44250.0,42750.0,42950.0,42516.625,172312,-0.0304739698538298,-0.0328446666730965,0.002370696819266698
2024-05-29,YG,122870.KQ,43000.0,43000.0,42200.0,42250.0,41823.6875,100355,-0.0162980363563665,-0.0211373611785646,0.0048393248221981
2024-05-30,YG,122870.KQ,42100.0,43500.0,41950.0,42850.0,42417.6328125,102648,0.0142011703893876,0.022883132027594937,-0.008681961638207338
2024-05-31,YG,122870.KQ,42500.0,43750.0,42400.0,43650.0,43209.5625,129283,0.0186698227833832,-0.0026691545736680666,0.02133897735705127
2024-06-03,YG,122870.KQ,43600.0,43750.0,43000.0,43200.0,42764.1015625,94950,-0.0103093137659053,-0.0033913790210970004,-0.006917934744808299
2024-06-04,YG,122870.KQ,43000.0,43250.0,42200.0,42550.0,42120.65625,101159,-0.0150463891205477,-0.028678643678497335,0.013632254557949634
2024-06-05,YG,122870.KQ,42400.0,42700.0,41900.0,42000.0,41576.2109375,122743,-0.0129258506626425,0.011014348757192033,-0.023940199419834534
2024-06-07,YG,122870.KQ,42000.0,42200.0,41300.0,41650.0,41229.73828125,117750,-0.0083334351167988,-0.012028474106851567,0.0036950389900527666
2024-06-10,YG,122870.KQ,41400.0,41700.0,41000.0,41200.0,40784.28125,122921,-0.0108042653147905,0.015394585687811565,-0.026198851002602067
2024-06-11,YG,122870.KQ,41050.0,41700.0,41050.0,41300.0,40883.2734375,102813,0.0024272142223911,-0.008087671382614533,0.010514885605005634
2024-06-12,YG,122870.KQ,41300.0,41850.0,41050.0,41400.0,40982.26171875,77945,0.0024212415720901,-0.012679525972170133,0.015100767544260233
2024-06-13,YG,122870.KQ,41550.0,41550.0,40950.0,40950.0,40536.8046875,169243,-0.0108695082352225,0.0023101055961625,-0.013179613831384999
2024-06-14,YG,122870.KQ,41050.0,41200.0,40650.0,40700.0,40289.32421875,117923,-0.0061050808187235,-0.009512058910427766,0.0034069780917042663
2024-06-17,YG,122870.KQ,40800.0,41000.0,40500.0,40800.0,40388.31640625,72075,0.0024570327107629,0.003160512713435634,-0.0007034800026727338
2024-06-18,YG,122870.KQ,40800.0,40850.0,40150.0,40400.0,39992.3515625,93836,-0.0098039452738546,-0.0006114215432257668,-0.009192523730628833
2024-06-19,YG,122870.KQ,40400.0,40550.0,39800.0,40000.0,39596.390625,129679,-0.0099009166010454,-0.005150314941724934,-0.004750601659320466
2024-06-20,YG,122870.KQ,40000.0,40550.0,40000.0,40200.0,39794.37109375,70241,0.004999962512366,-0.0003878253972654331,0.0053877879096314325
2024-06-21,YG,122870.KQ,39950.0,40050.0,39650.0,39900.0,39497.3984375,98614,-0.00746267997427,-0.006377078540551,-0.0010856014337189994
2024-06-24,YG,122870.KQ,40000.0,40050.0,38850.0,38850.0,38457.9921875,170004,-0.0263158154997155,-0.01665563423326673,-0.00966018126644877
2024-06-25,YG,122870.KQ,38300.0,39200.0,38250.0,39000.0,38606.4765625,68508,0.0038609497416315,-0.0034563545448792667,0.007317304286510767
2024-06-26,YG,122870.KQ,39250.0,40050.0,39050.0,39450.0,39051.9375,90749,0.0115385027892624,0.003252331312212467,0.008286171477049933
2024-06-27,YG,122870.KQ,39150.0,40000.0,39150.0,39350.0,38952.94921875,63043,-0.0025347854059737,-0.0008948572504567336,-0.0016399281555169662
2024-06-28,YG,122870.KQ,39350.0,40850.0,39350.0,40300.0,39893.36328125,107670,0.0241423071002626,0.03358933224082857,-0.009447025140565973
2024-07-01,YG,122870.KQ,40050.0,40700.0,39700.0,40300.0,39893.36328125,105397,0.0,-0.0017141200985482002,0.0017141200985482002
2024-07-02,YG,122870.KQ,40050.0,40300.0,39600.0,39650.0,39249.921875,71725,-0.0161290338373756,-0.018736770096812964,0.0026077362594373633
2024-07-03,YG,122870.KQ,39300.0,39750.0,38400.0,38600.0,38210.515625,155964,-0.0264817406085601,-0.0107844906932099,-0.0156972499153502
2024-07-04,YG,122870.KQ,38600.0,38800.0,37150.0,38350.0,37963.0390625,265479,-0.0064766611612558,0.006344138250739866,-0.012820799411995668
2024-07-05,YG,122870.KQ,38050.0,38500.0,38050.0,38150.0,37765.05859375,62380,-0.0052150848203711,-0.004317383592279534,-0.0008977012280915663
2024-07-08,YG,122870.KQ,38300.0,39050.0,37800.0,38900.0,38507.48828125,80224,0.0196591694848546,0.0092815931813742,0.010377576303480402
2024-07-09,YG,122870.KQ,38750.0,39250.0,38500.0,38950.0,38556.98046875,64009,0.0012852613792548,-0.0098845533946416,0.0111698147738964
2024-07-10,YG,122870.KQ,38600.0,39200.0,38550.0,39000.0,38606.4765625,45544,0.0012837129139331,-0.0043098269187264,0.0055935398326595
2024-07-11,YG,122870.KQ,39000.0,39150.0,38000.0,38200.0,37814.5546875,103845,-0.020512669000445,-0.011821881703197432,-0.008690787297247567
2024-07-12,YG,122870.KQ,38200.0,39350.0,38050.0,38300.0,37913.54296875,124874,0.0026177296564255,0.0154700429254189,-0.0128523132689934
2024-07-15,YG,122870.KQ,38350.0,38500.0,37700.0,37900.0,37517.578125,92148,-0.0104438892476066,-0.0158424318406378,0.0053985425930312
2024-07-16,YG,122870.KQ,37900.0,37900.0,36600.0,36750.0,36379.18359375,190705,-0.0303429642355146,-0.0029207816473886,-0.027422182588126003
2024-07-17,YG,122870.KQ,36600.0,36700.0,35250.0,35550.0,35191.29296875,221321,-0.0326530314221806,-0.020880618151303265,-0.011772413270877337
2024-07-18,YG,122870.KQ,35400.0,35600.0,34650.0,35300.0,34943.8125,184734,-0.0070324346698418,0.013953554338625032,-0.02098598900846683
2024-07-19,YG,122870.KQ,35000.0,35450.0,34000.0,35250.0,34894.31640625,139876,-0.0014164480120765,0.0022836179212993002,-0.0037000659333758
2024-07-22,YG,122870.KQ,36650.0,37850.0,35800.0,35800.0,35438.76953125,322319,0.0156029170671039,-0.027702997939618033,0.04330591500672193
2024-07-23,YG,122870.KQ,35550.0,36850.0,35500.0,35700.0,35339.77734375,107850,-0.002793330265395,0.006135623234431933,-0.008928953499826933
2024-07-24,YG,122870.KQ,35450.0,35850.0,34950.0,35000.0,34646.83984375,68189,-0.0196078626432701,-0.018879502385978335,-0.0007283602572917651
2024-07-25,YG,122870.KQ,34500.0,36050.0,34400.0,35800.0,35438.76953125,96838,0.0228571982631442,-0.031190572630874564,0.054047770894018764
2024-07-26,YG,122870.KQ,36100.0,36500.0,35500.0,36400.0,36032.71484375,62062,0.0167597611417138,0.0017879046715847,0.014971856470129098
2024-07-29,YG,122870.KQ,36400.0,38300.0,36400.0,37450.0,37072.12109375,159699,0.0288461819906498,0.013909748869535601,0.0149364331211142
2024-07-30,YG,122870.KQ,37600.0,38350.0,37350.0,37800.0,37418.5859375,173183,0.0093456978863939,0.0014218885856756662,0.007923809300718234
2024-07-31,YG,122870.KQ,37800.0,38500.0,37400.0,38450.0,38062.03125,125727,0.0171958746269766,0.02437779313724593,-0.007181918510269333
2024-08-01,YG,122870.KQ,38450.0,38650.0,38100.0,38250.0,37864.046875,63330,-0.0052016239937273,-0.0027422166838882,-0.0024594073098391
2024-08-02,YG,122870.KQ,38000.0,38600.0,37150.0,37150.0,36775.14453125,158472,-0.0287582134932585,0.003896531508443834,-0.03265474500170233
2024-08-05,YG,122870.KQ,36350.0,36600.0,31300.0,33500.0,33161.97265625,274918,-0.0982503786471777,-0.08438437384263049,-0.013866004804547208
2024-08-06,YG,122870.KQ,34200.0,35500.0,33500.0,34200.0,33854.91015625,169774,0.020895545243428,0.0181237912602234,0.002771753983204603
2024-08-07,YG,122870.KQ,33750.0,36900.0,33700.0,36050.0,35686.24609375,142842,0.0540936581738915,0.07643323860586233,-0.022339580431970832
2024-08-08,YG,122870.KQ,35350.0,37000.0,35200.0,36400.0,36032.71484375,111502,0.0097087474286257,0.0054194602730663,0.0042892871555594
2024-08-09,YG,122870.KQ,36500.0,36950.0,34300.0,35400.0,35042.8046875,135748,-0.0274725387898908,-0.0332084236810082,0.005735884891117402
2024-08-12,YG,122870.KQ,34650.0,35650.0,34150.0,35600.0,35240.7890625,63929,0.005649786789772,-0.0012702360023080666,0.006920022792080066
2024-08-13,YG,122870.KQ,35400.0,35650.0,34850.0,34900.0,34547.84765625,62142,-0.0196630502518277,-0.02046590863556357,0.0008028583837358695
2024-08-14,YG,122870.KQ,34900.0,35250.0,34500.0,34700.0,34349.8671875,110752,-0.0057306165848564,-0.05094618519321916,0.04521556860836276
2024-08-16,YG,122870.KQ,35250.0,35300.0,34950.0,34950.0,34597.34375,49834,0.0072045857164204,0.0103396362915784,-0.0031350505751579997
2024-08-19,YG,122870.KQ,35000.0,35800.0,34700.0,35150.0,34795.32421875,53654,0.0057224181769734,0.005950019604632167,-0.00022760142765876692
2024-08-20,YG,122870.KQ,35100.0,35450.0,35000.0,35150.0,34795.32421875,47048,0.0,0.004973296370008667,-0.004973296370008667
2024-08-21,YG,122870.KQ,35050.0,35700.0,35050.0,35300.0,34943.8125,36903,0.0042674780184972,0.0019502752770618667,0.0023172027414353332
2024-08-22,YG,122870.KQ,35550.0,36200.0,35200.0,35850.0,35488.265625,66340,0.0155808163462416,0.031368225320918465,-0.015787408974676863
2024-08-23,YG,122870.KQ,35850.0,35850.0,35000.0,35500.0,35141.796875,43471,-0.0097629101873022,-0.009281025660892167,-0.000481884526410032
2024-08-26,YG,122870.KQ,35500.0,35600.0,34900.0,34900.0,34547.84765625,65180,-0.0169015039516245,0.0019635546845675664,-0.018865058636192065
2024-08-27,YG,122870.KQ,34750.0,35050.0,34200.0,34550.0,34201.3828125,41684,-0.0100285507565425,-0.009026236489671635,-0.0010023142668708646
2024-08-28,YG,122870.KQ,34700.0,35450.0,34400.0,34700.0,34349.8671875,64054,0.0043414728525459,0.0109287467960852,-0.006587273943539301
2024-08-29,YG,122870.KQ,34200.0,34700.0,33600.0,33650.0,33310.46484375,107288,-0.0302592827528672,-0.010011501337777033,-0.02024778141509017
2024-08-30,YG,122870.KQ,33700.0,34450.0,33550.0,34150.0,33805.41796875,54600,0.0148587876909458,-0.002349646115473033,0.017208433806418833
2024-09-02,YG,122870.KQ,34200.0,34350.0,33500.0,33800.0,33458.94921875,55261,-0.0102489118850794,-0.008801348978919267,-0.0014475629061601325
2024-09-03,YG,122870.KQ,33800.0,34900.0,33650.0,33650.0,33310.46484375,70402,-0.0044378074765357,-0.011730020418515398,0.007292212941979698
2024-09-04,YG,122870.KQ,33200.0,33250.0,31200.0,31300.0,30984.173828125,323157,-0.0698366422245073,-0.0684645622045239,-0.0013720800199834016
2024-09-05,YG,122870.KQ,31500.0,32600.0,31350.0,31800.0,31479.12890625,133889,0.0159744481447401,0.010911621043308934,0.005062827101431166
2024-09-06,YG,122870.KQ,31600.0,32000.0,30800.0,30800.0,30489.21875,92687,-0.0314465549284452,-0.036939360459964536,0.005492805531519339
2024-09-09,YG,122870.KQ,30100.0,30750.0,29950.0,30500.0,30192.24609375,75353,-0.0097402514208403,9.496582666636653e-05,-0.009835217247506666
2024-09-10,YG,122870.KQ,30600.0,30850.0,30050.0,30200.0,29895.2734375,50102,-0.0098360570898855,-0.008159715842822334,-0.0016763412470631664
2024-09-11,YG,122870.KQ,30200.0,31700.0,30200.0,31000.0,30687.203125,80503,0.0264901302594082,0.03505475605783103,-0.00856462579842283
2024-09-12,YG,122870.KQ,31050.0,32300.0,31050.0,32000.0,31677.111328125,100154,0.0322580131885186,0.0021369504044401327,0.030121062784078466
2024-09-13,YG,122870.KQ,32000.0,32550.0,31700.0,32300.0,31974.083984375,58848,0.0093749917148009,-0.015084343274579833,0.024459334989380733
2024-09-19,YG,122870.KQ,32300.0,32900.0,32000.0,32900.0,32568.03125,78301,0.0185758962137976,-0.004549327343064467,0.023125223556862067
2024-09-20,YG,122870.KQ,32700.0,33050.0,32000.0,32000.0,31677.111328125,105547,-0.0273556579160737,-0.0082083396596299,-0.0191473182564438
2024-09-23,YG,122870.KQ,31900.0,33050.0,31850.0,32600.0,32271.056640625,60910,0.0187499834296018,0.0058879589874367986,0.012862024442165002
2024-09-24,YG,122870.KQ,32650.0,34600.0,32650.0,34350.0,34003.3984375,184909,0.0536809753757554,0.04897539362738037,0.004705581748375029
2024-09-25,YG,122870.KQ,34450.0,35050.0,34050.0,34150.0,33805.41796875,91635,-0.0058223729935081,-0.0123297162882523,0.0065073432947442
2024-09-26,YG,122870.KQ,34250.0,35350.0,34250.0,35300.0,34943.8125,95020,0.0336749136574008,0.0608336437702853,-0.0271587301128845
2024-09-27,YG,122870.KQ,35050.0,38200.0,34850.0,37850.0,37468.08203125,361811,0.0722379543231008,0.022490893524283833,0.04974706079881697
2024-09-30,YG,122870.KQ,37450.0,37950.0,37050.0,37250.0,36874.140625,95292,-0.0158519298040029,-0.016250762598815867,0.0003988327948129672
2024-10-02,YG,122870.KQ,36400.0,37550.0,36400.0,37000.0,36626.66015625,71664,-0.0067114911576329,0.0010723631005671666,-0.007783854258200066
2024-10-04,YG,122870.KQ,36750.0,38100.0,36750.0,37800.0,37418.5859375,83269,0.0216215668551713,0.014474183133647464,0.007147383721523836
2024-10-07,YG,122870.KQ,37750.0,38100.0,37300.0,37650.0,37270.1015625,55547,-0.0039681984575262,-0.006226685340592599,0.002258486883066399
2024-10-08,YG,122870.KQ,37600.0,38850.0,37500.0,37700.0,37319.59765625,124732,0.0013280375334367,0.0209979418112401,-0.0196699042778034
2024-10-10,YG,122870.KQ,37600.0,37850.0,37050.0,37200.0,36824.64453125,90624,-0.0132625525483688,-0.0032417888147525335,-0.010020763733616267
2024-10-11,YG,122870.KQ,37400.0,37950.0,37050.0,37250.0,36874.140625,72840,0.0013441024178251,-0.0196089823104016,0.0209530847282267
2024-10-14,YG,122870.KQ,37300.0,38700.0,37000.0,38300.0,37913.54296875,103478,0.0281878391233694,0.0,0.0281878391233694
2024-10-15,YG,122870.KQ,38250.0,38750.0,37700.0,38400.0,38012.53515625,65495,0.0026109980695181,0.035649460460372435,-0.03303846239085433
2024-10-16,YG,122870.KQ,38000.0,38400.0,37650.0,37850.0,37468.08203125,44709,-0.0143229890551112,-0.0249453583272463,0.0106223692721351
2024-10-17,YG,122870.KQ,38000.0,39050.0,38000.0,38800.0,38408.49609375,133175,0.0250990713032936,0.033638548492002034,-0.008539477188708434
2024-10-18,YG,122870.KQ,39000.0,39000.0,37250.0,37600.0,37220.60546875,87525,-0.0309278088394951,-0.010108974002061233,-0.020818834837433867
2024-10-21,YG,122870.KQ,39050.0,40600.0,37250.0,38150.0,37765.05859375,714130,0.0146277342386897,0.016163695603173298,-0.0015359613644835984
2024-10-22,YG,122870.KQ,38500.0,41400.0,37900.0,40500.0,40091.34375,807941,0.0615988758623293,0.015676985015570435,0.045921890846758864
2024-10-23,YG,122870.KQ,41000.0,43100.0,39550.0,41700.0,41279.234375,945226,0.029629603647296,0.014582134198198702,0.015047469449097297
2024-10-24,YG,122870.KQ,42000.0,43100.0,40950.0,41650.0,41229.73828125,592217,-0.0011990555178508,-0.018919958135391934,0.017720902617541133
2024-10-25,YG,122870.KQ,41800.0,42100.0,39700.0,39900.0,39497.3984375,326457,-0.0420167557681978,-0.0016282742013776,-0.0403884815668202
2024-10-28,YG,122870.KQ,40300.0,41150.0,38450.0,40400.0,39992.3515625,313008,0.0125312842004823,0.0030672867294374664,0.009463997471044833
2024-10-29,YG,122870.KQ,39900.0,40650.0,39400.0,40550.0,40140.83984375,160838,0.0037129169815868,-4.428239908923354e-05,0.0037571993806760334
2024-10-30,YG,122870.KQ,40600.0,40700.0,38250.0,38450.0,38062.03125,232159,-0.0517878699559315,-0.014557820406613067,-0.03723004954931843
2024-10-31,YG,122870.KQ,38250.0,38450.0,37600.0,38200.0,37814.5546875,151504,-0.0065019273636375,-0.011545978901991966,0.005044051538354466
2024-11-01,YG,122870.KQ,37800.0,43300.0,37650.0,41600.0,41180.2421875,981569,0.0890050809222555,-0.0036975609268765663,0.09270264184913206
2024-11-04,YG,122870.KQ,41350.0,42750.0,41000.0,42100.0,41675.19921875,522276,0.0120192841265085,0.07849416799557025,-0.06647488386906175
2024-11-05,YG,122870.KQ,42400.0,44000.0,41950.0,43100.0,42665.109375,630097,0.0237529795851494,0.036782226248853335,-0.013029246663703933
2024-11-06,YG,122870.KQ,43100.0,44750.0,42500.0,43750.0,43308.55078125,502990,0.0150812084083635,-0.0065841203922140335,0.021665328800577532
2024-11-07,YG,122870.KQ,43200.0,44600.0,42500.0,43750.0,43308.55078125,365454,0.0,-0.0044554592206269335,0.0044554592206269335
2024-11-08,YG,122870.KQ,43900.0,45100.0,43650.0,44200.0,43754.0078125,313625,0.0102856600651448,-0.016801826046316533,0.027087486111461334
2024-11-11,YG,122870.KQ,44300.0,45250.0,43050.0,43300.0,42863.08984375,375852,-0.0203619739834547,0.0002441782443389001,-0.020606152227793603
2024-11-12,YG,122870.KQ,44350.0,44800.0,42500.0,43150.0,42714.60546875,286457,-0.003464154720093,-0.04334208985613474,0.03987793513604174
2024-11-13,YG,122870.KQ,43100.0,44600.0,42850.0,43850.0,43407.54296875,325293,0.0162224956170309,0.022384089977634598,-0.006161594360603699
2024-11-14,YG,122870.KQ,45250.0,45600.0,43550.0,45000.0,44545.9375,337234,0.026225730677029,0.031494443551152364,-0.005268712874123362
2024-11-15,YG,122870.KQ,45000.0,45650.0,43250.0,45400.0,44941.8984375,312987,0.0088888226339383,0.03847631377657856,-0.02958749114264026
2024-11-18,YG,122870.KQ,45850.0,46350.0,44550.0,45500.0,45040.89453125,241374,0.0022027572753222,0.014036795346958569,-0.011834038071636369
2024-11-19,YG,122870.KQ,45500.0,48000.0,45500.0,47900.0,47416.67578125,542714,0.0527472039515477,0.045775926224296166,0.006971277727251535
2024-11-20,YG,122870.KQ,47900.0,49200.0,47150.0,48100.0,47614.65625,306264,0.0041753342149786,-0.00012736617709006715,0.004302700392068667
2024-11-21,YG,122870.KQ,48650.0,49150.0,46950.0,47300.0,46822.73046875,244736,-0.0166319751862117,-0.005977219341325733,-0.010654755844885965
2024-11-22,YG,122870.KQ,47800.0,49450.0,46900.0,48900.0,48406.5859375,347160,0.0338266361848991,0.012016273432343202,0.0218103627525559
2024-11-25,YG,122870.KQ,49600.0,51400.0,47400.0,47600.0,47119.703125,661874,-0.0265848703761416,0.017035106690280067,-0.043619977066421664
2024-11-26,YG,122870.KQ,47750.0,48800.0,47200.0,48300.0,47812.640625,240720,0.0147058969824525,0.0123348550573045,0.0023710419251480007
2024-11-27,YG,122870.KQ,48300.0,49950.0,48150.0,49100.0,48604.56640625,352429,0.0165631048797569,0.028380008034310133,-0.011816903154553231
2024-11-28,YG,122870.KQ,49400.0,49600.0,46750.0,47200.0,46723.73828125,328875,-0.0386965312946017,-0.022423119503280898,-0.016273411791320806
2024-11-29,YG,122870.KQ,46600.0,48200.0,45900.0,47750.0,47268.19140625,244108,0.0116526019755247,0.0029326936364504987,0.008719908339074201
2024-12-02,YG,122870.KQ,48300.0,50200.0,47500.0,49250.0,48753.0546875,489552,0.031413583576495,-0.006953347912771565,0.038366931489266565
2024-12-03,YG,122870.KQ,49400.0,50200.0,46400.0,48600.0,48109.61328125,320359,-0.0131979710886706,-0.0013421642894659326,-0.011855806799204668
2024-12-04,YG,122870.KQ,47600.0,49000.0,46700.0,47950.0,47466.171875,265486,-0.0133744871838488,-0.009159239957221833,-0.004215247226626967
2024-12-05,YG,122870.KQ,48000.0,48500.0,45300.0,45600.0,45139.88671875,427401,-0.0490093273663645,-0.03254580104200867,-0.016463526324355833
2024-12-06,YG,122870.KQ,45800.0,46000.0,43900.0,45000.0,44545.9375,294483,-0.0131579687483639,-0.0033353529984383665,-0.009822615749925533
2024-12-09,YG,122870.KQ,43450.0,44100.0,42500.0,43200.0,42764.1015625,338792,-0.0399999649238497,-0.0496345020214256,0.009634537097575904
2024-12-10,YG,122870.KQ,43850.0,45350.0,43650.0,44300.0,43853.0,227544,0.0254629092559928,0.04834776666402546,-0.02288485740803266
2024-12-11,YG,122870.KQ,44300.0,45600.0,44100.0,44950.0,44496.44140625,140041,0.0146726884420678,0.004353714066398967,0.010318974375668834
2024-12-12,YG,122870.KQ,45850.0,46050.0,45000.0,45500.0,45040.89453125,204576,0.0122358801691391,0.007120608919929133,0.005115271249209966
2024-12-13,YG,122870.KQ,45850.0,48900.0,43500.0,48250.0,47763.14453125,385884,0.0604395189822721,0.0411988174979475,0.0192407014843246
2024-12-16,YG,122870.KQ,48600.0,49000.0,46900.0,46950.0,46476.26171875,172554,-0.0269430085713479,-0.013639142526321799,-0.013303866045026102
2024-12-17,YG,122870.KQ,47050.0,47350.0,45500.0,45500.0,45040.89453125,180582,-0.0308838777995117,-0.035288022857828935,0.004404145058317235
2024-12-18,YG,122870.KQ,45500.0,46500.0,45450.0,46350.0,45882.3125,106029,0.0186812002183085,0.021270473289968766,-0.002589273071660264
2024-12-19,YG,122870.KQ,45050.0,47600.0,45050.0,46800.0,46327.77734375,158100,0.0097088577161406,0.004773383562376,0.0049354741537646
2024-12-20,YG,122870.KQ,46500.0,47050.0,45450.0,46350.0,45882.3125,160010,-0.0096155021736672,-0.0315064237551636,0.021890921581496397
2024-12-23,YG,122870.KQ,46800.0,47050.0,45500.0,45850.0,45387.36328125,135012,-0.0107873642757216,0.015454823464529801,-0.026242187740251402
2024-12-24,YG,122870.KQ,46050.0,46050.0,44550.0,44850.0,44397.453125,158370,-0.0218102591709472,-0.025633474385172366,0.0038232152142251667
2024-12-26,YG,122870.KQ,44850.0,46450.0,44850.0,45750.0,45288.37109375,100768,0.0200668710937459,0.015525912612000634,0.004540958481745266
2024-12-27,YG,122870.KQ,45600.0,45750.0,44650.0,45150.0,44940.0,125355,-0.0076922857973594,-0.0207872647184021,0.0130949789210427
2024-12-30,YG,122870.KQ,44900.0,46300.0,43900.0,45800.0,45586.9765625,117238,0.0143964522140631,0.013288850930308432,0.001107601283754667
2025-01-02,YG,122870.KQ,45350.0,46400.0,44050.0,44700.0,44492.09375,210600,-0.0240174474172225,-0.024047342146703468,2.9894729480967747e-05
2025-01-03,YG,122870.KQ,44600.0,46250.0,44600.0,45950.0,45736.27734375,148003,0.0279641502317475,0.0140953757641347,0.0138687744676128
2025-01-06,YG,122870.KQ,45500.0,46100.0,44600.0,45500.0,45288.37109375,180365,-0.0097932380161501,-0.008904924796101034,-0.0008883132200490657
2025-01-07,YG,122870.KQ,45600.0,47450.0,45400.0,46450.0,46233.953125,258544,0.0208791353809696,0.0274541769588804,-0.006575041577910799
2025-01-08,YG,122870.KQ,46750.0,46800.0,45550.0,45550.0,45338.13671875,130267,-0.0193757259697875,-0.0110139824807514,-0.0083617434890361
2025-01-09,YG,122870.KQ,45450.0,45900.0,44400.0,44400.0,44193.48828125,215267,-0.0252469227970416,-0.015431876656910032,-0.009815046140131569
2025-01-10,YG,122870.KQ,44450.0,46650.0,43950.0,46250.0,46034.8828125,224976,0.0416666482521419,0.0341946964135188,0.007471951838623099
2025-01-13,YG,122870.KQ,46300.0,48000.0,46150.0,47350.0,47129.765625,271635,0.0237837645196026,0.008953048131363701,0.014830716388238898
2025-01-14,YG,122870.KQ,47350.0,49100.0,47200.0,48950.0,48722.32421875,305270,0.0337909296307898,0.055255586459267,-0.021464656828477202
2025-01-15,YG,122870.KQ,48950.0,49250.0,48450.0,49050.0,48821.859375,109735,0.0020429065699558,0.0059747108550720004,-0.0039318042851162
2025-01-16,YG,122870.KQ,49100.0,49950.0,48600.0,49300.0,49070.6953125,168934,0.0050968140231755,-0.0023046316702965,0.007401445693472
2025-01-17,YG,122870.KQ,49100.0,50200.0,48650.0,48850.0,48622.7890625,175367,-0.0091277746758543,0.011092023590919433,-0.020219798266773732
2025-01-20,YG,122870.KQ,48650.0,49100.0,47800.0,47950.0,47726.9765625,172838,-0.0184237168881554,-0.012316568845813365,-0.006107148042342034
2025-01-21,YG,122870.KQ,47900.0,49000.0,47700.0,48300.0,48075.34765625,130308,0.0072992491634955,-0.003435613574702333,0.010734862738197834
2025-01-22,YG,122870.KQ,48300.0,48800.0,47450.0,48400.0,48174.8828125,147488,0.0020703990943902,0.007711214019005467,-0.005640814924615267
2025-01-23,YG,122870.KQ,48600.0,50000.0,48600.0,49100.0,48871.625,204517,0.0144627687048408,-0.0002079570422301331,0.014670725747070932
2025-01-24,YG,122870.KQ,49200.0,50500.0,48700.0,49750.0,49518.6015625,219508,0.0132382862755229,0.022680154946103034,-0.009441868670580134
2025-01-31,YG,122870.KQ,50600.0,51200.0,49650.0,49850.0,49618.13671875,247209,0.0020100558802003,0.0032830284089095333,-0.0012729725287092333
2025-02-03,YG,122870.KQ,49500.0,51200.0,49300.0,50500.0,50265.11328125,173535,0.0130391144304198,0.0026213922878112333,0.010417722142608566
2025-02-04,YG,122870.KQ,50500.0,52000.0,49900.0,51700.0,51459.53515625,313011,0.0237624427168166,0.04054724419899137,-0.016784801482174767
2025-02-05,YG,122870.KQ,51900.0,52400.0,51400.0,51700.0,51459.53515625,141220,0.0,0.009358926358935434,-0.009358926358935434
2025-02-06,YG,122870.KQ,52900.0,53700.0,51700.0,52500.0,52255.8125,229500,0.0154738541911079,-0.0065741126676726,0.0220479668587805
2025-02-07,YG,122870.KQ,53000.0,53400.0,51900.0,52400.0,52156.27734375,211831,-0.0019047671730297,-0.0033618096927859665,0.0014570425197562664
2025-02-10,YG,122870.KQ,53800.0,54700.0,52500.0,52700.0,52454.8828125,392294,0.0057252067048796,0.027578383993906597,-0.021853177289026998
2025-02-11,YG,122870.KQ,52700.0,53900.0,52600.0,53800.0,53549.765625,189290,0.0208728483183091,0.040559639430011264,-0.019686791111702164
2025-02-12,YG,122870.KQ,53800.0,53800.0,52800.0,53800.0,53549.765625,116921,0.0,0.001596397032466567,-0.001596397032466567
2025-02-13,YG,122870.KQ,53900.0,54000.0,52400.0,53400.0,53151.625,188204,-0.0074349648472434,-0.012362839522466565,0.004927874675223165
2025-02-14,YG,122870.KQ,53000.0,53800.0,51300.0,51700.0,51459.53515625,214818,-0.0318351479141042,-0.005636628225218934,-0.026198519688885268
2025-02-17,YG,122870.KQ,51500.0,51700.0,50100.0,51500.0,51260.46484375,223957,-0.0038684825250665,-0.0301785412571788,0.0263100587321123
2025-02-18,YG,122870.KQ,51000.0,52400.0,51000.0,51900.0,51658.6015625,105002,0.0077669353948228,0.013328300385916765,-0.005561364991093965
2025-02-19,YG,122870.KQ,51200.0,53400.0,51200.0,53200.0,52952.55859375,249508,0.0250482396370037,0.029251663944675765,-0.004203424307672066
2025-02-20,YG,122870.KQ,57400.0,62000.0,56300.0,60200.0,59920.0,2713656,0.1315789376619918,0.027441872435053364,0.10413706522693844
2025-02-21,YG,122870.KQ,61100.0,61200.0,55500.0,57900.0,57630.6953125,946337,-0.0382060194843124,-0.011078126299354799,-0.027127893184957605
2025-02-24,YG,122870.KQ,56800.0,58400.0,56700.0,57600.0,57332.08984375,279395,-0.005181361549272,-0.0006212531764002669,-0.004560108372871733
2025-02-25,YG,122870.KQ,58500.0,60000.0,57700.0,59000.0,58725.578125,396710,0.0243055553189801,0.023486926468925265,0.0008186288500548339
2025-02-26,YG,122870.KQ,58700.0,59700.0,58500.0,59100.0,58825.11328125,208306,0.0016949199893465,-0.0055219197656724665,0.007216839755018967
2025-02-27,YG,122870.KQ,59100.0,62800.0,58500.0,61800.0,61512.5546875,659875,0.0456852737945614,0.02519899992356403,0.02048627387099737
2025-02-28,YG,122870.KQ,62200.0,64700.0,61200.0,63000.0,62706.9765625,866473,0.0194175299833989,-0.014711571247291734,0.034129101230690635
2025-03-04,YG,122870.KQ,63000.0,66000.0,62100.0,66000.0,65693.0234375,503997,0.0476190535517815,-0.012289959456607867,0.05990901300838936
2025-03-05,YG,122870.KQ,65200.0,65400.0,62400.0,64000.0,63702.32421875,285761,-0.0303030537275231,-0.0172919268202954,-0.0130111269072277
2025-03-06,YG,122870.KQ,64500.0,64500.0,61400.0,62600.0,62308.8359375,190874,-0.0218749990418692,-0.0105451374394065,-0.011329861602462701
2025-03-07,YG,122870.KQ,61900.0,63400.0,61800.0,62500.0,62209.30078125,212148,-0.0015974484959058,0.0080962841085064,-0.009693732604412201
2025-03-10,YG,122870.KQ,62500.0,63800.0,59900.0,61700.0,61413.0234375,284242,-0.0127999725724292,-0.054518548041973,0.0417185754695438
2025-03-11,YG,122870.KQ,59700.0,62700.0,59700.0,61300.0,61014.8828125,203928,-0.0064829999031913,-0.011019782753111435,0.004536782849920135
2025-03-12,YG,122870.KQ,62300.0,63200.0,61400.0,62400.0,62109.765625,202533,0.0179445204519133,-0.0169047820694407,0.034849302521354
2025-03-13,YG,122870.KQ,62900.0,63100.0,61200.0,61800.0,61512.5546875,207969,-0.0096154112238288,0.002433927661859433,-0.012049338885688233
2025-03-14,YG,122870.KQ,61700.0,62700.0,60300.0,61300.0,61014.8828125,159587,-0.0080905739897864,-0.014236150991763933,0.006145577001977532
2025-03-17,YG,122870.KQ,61100.0,62700.0,60600.0,62600.0,62308.8359375,216836,0.0212071721743094,0.016902429116797,0.004304743057512401
2025-03-18,YG,122870.KQ,62500.0,63100.0,60600.0,62100.0,61811.16015625,189174,-0.0079872424795289,-0.04494762544878326,0.03696038296925436
2025-03-19,YG,122870.KQ,62100.0,64100.0,62100.0,63100.0,62806.51171875,180432,0.0161031043582402,0.029377062947902835,-0.013273958589662634
2025-03-20,YG,122870.KQ,63300.0,63500.0,60300.0,60800.0,60517.20703125,148622,-0.0364501167928509,-0.03334331060725863,-0.0031068061855922674
2025-03-21,YG,122870.KQ,61400.0,61900.0,59700.0,61500.0,61213.953125,177446,0.0115131898501232,0.024602655572991267,-0.013089465722868067
2025-03-24,YG,122870.KQ,62700.0,65100.0,62400.0,64000.0,63702.32421875,263470,0.0406503904210973,0.013219254118345266,0.027431136302752034
2025-03-25,YG,122870.KQ,63400.0,67000.0,63000.0,66400.0,66091.1640625,333240,0.0375000421577533,0.018210223093146034,0.019289819064607267
2025-03-26,YG,122870.KQ,67600.0,67700.0,64100.0,65700.0,65394.41796875,191353,-0.0105421973365624,0.007368383769019433,-0.017910581105581833
2025-03-27,YG,122870.KQ,65300.0,67000.0,64900.0,65400.0,65095.8125,158497,-0.0045662225924648,0.016089912993237934,-0.020656135585702735
2025-03-28,YG,122870.KQ,66200.0,66200.0,62000.0,63500.0,63204.6484375,151381,-0.0290520079536605,-0.020542159953229232,-0.008509848000431267
2025-03-31,YG,122870.KQ,61100.0,64200.0,61000.0,62900.0,62607.44140625,173604,-0.0094487833729595,-0.017414676433854866,0.007965893060895365
2025-04-01,YG,122870.KQ,62600.0,63500.0,61400.0,61900.0,61612.08984375,180294,-0.0158982948375308,0.006262608824337833,-0.022160903661868632
2025-04-02,YG,122870.KQ,62500.0,62500.0,60600.0,61500.0,61213.953125,119544,-0.0064619901671845,-0.010060876651654999,0.0035988864844704992
2025-04-03,YG,122870.KQ,60500.0,62750.0,60300.0,61200.0,60915.34765625,140741,-0.0048780621656674,0.020340442857022,-0.025218505022689398
2025-04-04,YG,122870.KQ,61900.0,63400.0,60400.0,63300.0,63005.578125,351657,0.0343136918555457,0.04781761975394227,-0.013503927898396571
2025-04-07,YG,122870.KQ,62000.0,62400.0,58900.0,59100.0,58825.11328125,183948,-0.0663507100189789,-0.055861293571155525,-0.01048941644782337
2025-04-08,YG,122870.KQ,60400.0,60700.0,58000.0,59100.0,58825.11328125,182446,0.0,0.0017999656043220997,-0.0017999656043220997
2025-04-09,YG,122870.KQ,59600.0,59600.0,56000.0,58000.0,57730.23046875,188707,-0.0186125066562172,-0.045067322850417764,0.026454816194200564
2025-04-10,YG,122870.KQ,60200.0,60400.0,56100.0,58000.0,57730.23046875,358699,0.0,0.035179889214869066,-0.035179889214869066
2025-04-11,YG,122870.KQ,57600.0,61000.0,57600.0,60700.0,60417.671875,265212,0.0465517179548544,-0.008994249485256433,0.05554596744011084
2025-04-14,YG,122870.KQ,60600.0,62800.0,59600.0,62300.0,62010.23046875,184805,0.0263591519554891,-0.008116886538124033,0.03447603849361313
2025-04-15,YG,122870.KQ,61800.0,62900.0,61500.0,62200.0,61910.6953125,140457,-0.0016051408855859,0.013273688993868632,-0.014878829879454531
2025-04-16,YG,122870.KQ,61600.0,63500.0,61400.0,61900.0,61612.08984375,142430,-0.0048231645153193,-0.000816722175038966,-0.004006442340280334
2025-04-17,YG,122870.KQ,62000.0,63100.0,61400.0,62600.0,62308.8359375,100185,0.0113085937438084,0.03350848570759323,-0.02219989196378483
2025-04-18,YG,122870.KQ,62600.0,67200.0,62600.0,66800.0,66489.296875,334800,0.0670925860610409,0.020135800142110232,0.04695678591893067
2025-04-21,YG,122870.KQ,66200.0,67000.0,63700.0,64100.0,63801.859375,206627,-0.0404190994086218,-0.012961028977460034,-0.027458070431161767
2025-04-22,YG,122870.KQ,64100.0,64700.0,63400.0,64000.0,63702.32421875,65316,-0.0015600667006423,0.0026183345691188,-0.004178401269761101
2025-04-23,YG,122870.KQ,64300.0,64300.0,61500.0,62600.0,62308.8359375,224433,-0.0218749990418692,-0.0011045775748598332,-0.02077042146700937
2025-04-24,YG,122870.KQ,62300.0,62900.0,61900.0,62400.0,62109.765625,108565,-0.0031948969918115,-0.007141353307668233,0.003946456315856733
2025-04-25,YG,122870.KQ,62500.0,64800.0,62100.0,63500.0,63204.6484375,129374,0.0176281910176665,0.0245606105825993,-0.006932419564932797
2025-04-28,YG,122870.KQ,63700.0,65300.0,62400.0,64400.0,64100.46484375,162773,0.0141732677642503,0.0386265870128829,-0.024453319248632602
2025-04-29,YG,122870.KQ,65100.0,67500.0,64600.0,67000.0,66688.3671875,260510,0.0403725987020253,0.028434012747477404,0.011938585954547897
2025-04-30,YG,122870.KQ,67400.0,68400.0,66500.0,67100.0,66787.90625,215800,0.0014926000845114,0.029425402823591965,-0.027932802739080564
2025-05-02,YG,122870.KQ,68400.0,68900.0,66900.0,67700.0,67385.1171875,158766,0.0089419023747281,0.014271261341016967,-0.005329358966288866
2025-05-07,YG,122870.KQ,67500.0,68400.0,66500.0,68000.0,67683.71875,142839,0.0044312687276202,-0.012761721411355365,0.017192990138975565
2025-05-08,YG,122870.KQ,68200.0,68900.0,67200.0,67500.0,67186.046875,197815,-0.0073529038325779,-0.003966124200150466,-0.0033867796324274337
2025-05-09,YG,122870.KQ,67500.0,78000.0,66500.0,74400.0,74053.953125,1217719,0.1022222108524673,0.014721958441933067,0.08750025241053423
2025-05-12,YG,122870.KQ,73500.0,74100.0,70300.0,71100.0,70769.296875,411968,-0.0443549076233058,-0.0329981330191308,-0.011356774604175002
2025-05-13,YG,122870.KQ,70700.0,73700.0,70600.0,72500.0,72162.7890625,204384,0.0196906320824599,0.008191141647668133,0.011499490434791766
2025-05-14,YG,122870.KQ,72400.0,77200.0,72400.0,76400.0,76044.6484375,345379,0.0537930895608529,0.024961930463798368,0.028831159097054533
2025-05-15,YG,122870.KQ,76000.0,76800.0,75000.0,75300.0,74949.765625,139318,-0.0143978943291436,0.011368886816137668,-0.02576678114528127
2025-05-16,YG,122870.KQ,75600.0,75900.0,73500.0,74500.0,74153.484375,114027,-0.0106241993335118,-0.001895082607371433,-0.008729116726140367
2025-05-19,YG,122870.KQ,74300.0,75100.0,72000.0,72900.0,72560.9296875,131618,-0.0214764646721969,-0.014919058843995199,-0.0065574058282017005
2025-05-20,YG,122870.KQ,73900.0,75300.0,73000.0,74000.0,73655.8125,139597,0.0150891508311064,0.028798965133066696,-0.013709814301960296
2025-05-21,YG,122870.KQ,74600.0,75000.0,73200.0,74800.0,74452.09375,99053,0.0108108406244245,0.010646463226460132,0.00016437739796436833
2025-05-22,YG,122870.KQ,74000.0,75300.0,73300.0,74800.0,74452.09375,107969,0.0,0.008101323947293534,-0.008101323947293534
2025-05-23,YG,122870.KQ,75300.0,79100.0,74700.0,78900.0,78533.0234375,375303,0.0548128263686338,0.022440871987121566,0.03237195438151223
2025-05-26,YG,122870.KQ,80000.0,81100.0,79000.0,80600.0,80225.1171875,241927,0.0215462702941349,0.006309638238305833,0.015236632055829067
2025-05-27,YG,122870.KQ,80300.0,82100.0,80000.0,81000.0,80623.25,173006,0.0049626953061283,-0.014896782452797833,0.019859477758926134
2025-05-28,YG,122870.KQ,82800.0,85300.0,79000.0,79600.0,79229.765625,392411,-0.0172839022862512,-0.013411375314030102,-0.003872526972221098
2025-05-29,YG,122870.KQ,79600.0,84100.0,77900.0,82900.0,82514.4140625,391886,0.0414572529855314,0.021304254818937232,0.020152998166594167
2025-05-30,YG,122870.KQ,82000.0,83400.0,80600.0,81000.0,80623.25,99735,-0.0229191964093394,-0.0342669038886571,0.011347707479317702
2025-06-02,YG,122870.KQ,83000.0,87400.0,81700.0,86000.0,85600.0,349111,0.0617284716257406,0.021939032790609065,0.03978943883513153
2025-06-04,YG,122870.KQ,87500.0,87800.0,84800.0,86000.0,85600.0,231628,0.0,0.005544673438980634,-0.005544673438980634
2025-06-05,YG,122870.KQ,86600.0,88000.0,86500.0,87400.0,86993.484375,173632,0.0162790230724299,0.024451524309060266,-0.008172501236630367
2025-06-09,YG,122870.KQ,87800.0,89200.0,86500.0,87300.0,86893.953125,219344,-0.0011441230422608,0.039795405295847304,-0.04093952833810811
2025-06-10,YG,122870.KQ,87400.0,91200.0,86600.0,90300.0,89880.0,332761,0.0343642654938769,0.02007187545276527,0.014292390041111633
2025-06-11,YG,122870.KQ,90000.0,90000.0,88000.0,88200.0,87789.765625,190082,-0.0232558341677792,-0.02575829001757113,0.002502455849791932
2025-06-12,YG,122870.KQ,87900.0,88600.0,87300.0,88100.0,87690.2265625,179249,-0.00113383447138,-0.0063380702745160665,0.005204235803136066
2025-06-13,YG,122870.KQ,88000.0,88700.0,84500.0,85500.0,85102.3203125,280081,-0.0295119120048743,-0.025257847853953668,-0.004254064150920632
2025-06-16,YG,122870.KQ,85000.0,87400.0,85000.0,87200.0,86794.4140625,147374,0.0198830507063325,0.011879437059215467,0.008003613647117032
2025-06-17,YG,122870.KQ,87300.0,87700.0,86100.0,87600.0,87192.5546875,172450,0.0045871687631107,-0.0045535776501923995,0.009140746413303098
2025-06-18,YG,122870.KQ,86700.0,89300.0,85000.0,85600.0,85201.859375,231852,-0.0228310240436777,0.0069270456601134,-0.0297580697037911
2025-06-19,YG,122870.KQ,87400.0,90400.0,86000.0,89500.0,89083.71875,342746,0.0455607354519662,-0.004579176292386334,0.05013991174435253
2025-06-20,YG,122870.KQ,89300.0,94200.0,88500.0,93700.0,93264.1875,344488,0.0469274162401309,0.017442685915464433,0.029484730324666468
2025-06-23,YG,122870.KQ,93400.0,94000.0,92100.0,93000.0,92567.4375,202493,-0.0074707132359889,-0.020547679578173567,0.013076966342184668
2025-06-24,YG,122870.KQ,94300.0,95300.0,92100.0,93000.0,92567.4375,207491,0.0,0.021147028828270197,-0.021147028828270197
2025-06-25,YG,122870.KQ,93500.0,93700.0,90000.0,91700.0,91273.484375,160723,-0.0139784913566393,-0.013219089252690901,-0.0007594021039483995
2025-06-26,YG,122870.KQ,92200.0,93000.0,89400.0,91500.0,91074.4140625,131642,-0.0021810311490039,-0.011058060976403267,0.008877029827399368
2025-06-27,YG,122870.KQ,92000.0,93500.0,90100.0,92200.0,91771.1640625,136131,0.0076503374429821,0.010949940951206034,-0.003299603508223934
2025-06-30,YG,122870.KQ,92500.0,96200.0,92000.0,95200.0,94757.203125,187422,0.0325378793328412,0.015017427911438066,0.017520451421403134
2025-07-01,YG,122870.KQ,95200.0,96600.0,93400.0,95200.0,94757.203125,151026,0.0,0.01305606884140107,-0.01305606884140107
2025-07-02,YG,122870.KQ,95300.0,96900.0,90900.0,91800.0,91373.0234375,193001,-0.0357142209340616,-0.008988386645460367,-0.02672583428860123
2025-07-03,YG,122870.KQ,93000.0,93100.0,85800.0,86500.0,86097.671875,439292,-0.0577342345042176,-0.0478112927908681,-0.009922941713349502
2025-07-04,YG,122870.KQ,86400.0,87400.0,84100.0,84800.0,84405.578125,242198,-0.0196531882122974,-0.0313796972724237,0.0117265090601263
2025-07-07,YG,122870.KQ,86400.0,87000.0,81700.0,82700.0,82315.34375,331817,-0.0247641734282594,-0.0020458441722790996,-0.022718329255980302
2025-07-08,YG,122870.KQ,84800.0,86500.0,84400.0,86000.0,85600.0,215584,0.0399033290801267,0.016781021919452566,0.023122307160674132
2025-07-09,YG,122870.KQ,86300.0,88200.0,84000.0,86600.0,86197.2109375,195267,0.0069767632885513,-0.0045460558486172,0.011522819137168499
2025-07-10,YG,122870.KQ,87000.0,87900.0,84700.0,87200.0,86794.4140625,250625,0.0069283346700512,-0.00465989990767,0.0115882345777212
2025-07-11,YG,122870.KQ,87700.0,89300.0,86500.0,86500.0,86097.671875,199057,-0.0080275003296672,0.020038763188587667,-0.028066263518254867
2025-07-14,YG,122870.KQ,89200.0,90300.0,86400.0,86800.0,86396.2734375,194632,0.0034681723210068,-0.0034503606262335,0.0069185329472403
2025-07-15,YG,122870.KQ,86400.0,88600.0,85750.0,86800.0,86396.2734375,163251,0.0,0.001337551943559,-0.001337551943559
2025-07-16,YG,122870.KQ,86400.0,87000.0,84500.0,84800.0,84405.578125,176926,-0.0230414488182767,-0.024198760882241304,0.001157312063964605
2025-07-17,YG,122870.KQ,84700.0,86000.0,83000.0,85100.0,84704.1875,170931,0.0035377919520647,0.011850438069324301,-0.008312646117259601
2025-07-18,YG,122870.KQ,85200.0,85300.0,83800.0,84900.0,84505.1171875,119102,-0.0023501826577345,-0.0015685877406536666,-0.0007815949170808332
2025-07-21,YG,122870.KQ,86000.0,91800.0,85600.0,91200.0,90775.8125,522932,0.0742049182487563,0.038041002378105634,0.03616391587065067
2025-07-22,YG,122870.KQ,90300.0,91400.0,87500.0,87800.0,87391.625,282598,-0.0372807183631652,-0.012416505223179233,-0.024864213139985963
2025-07-23,YG,122870.KQ,88300.0,88300.0,84200.0,84800.0,84405.578125,197236,-0.0341685702148232,-0.026395920122834968,-0.0077726500919882355
2025-07-24,YG,122870.KQ,85100.0,85500.0,82500.0,83500.0,83111.625,171666,-0.0153301849681513,-0.021853270040502203,0.006523085072350903
2025-07-25,YG,122870.KQ,83600.0,84600.0,82300.0,83100.0,82713.484375,109564,-0.0047904324455213,-0.02654717531051067,0.021756742864989367
2025-07-28,YG,122870.KQ,82900.0,83200.0,80500.0,81300.0,80921.859375,157223,-0.021660615721099,-0.0207253389533942,-0.0009352767677048013
2025-07-29,YG,122870.KQ,80900.0,81900.0,79200.0,81200.0,80822.3203125,228351,-0.0012300639563745,0.010083064104347367,-0.011313128060721867
2025-07-30,YG,122870.KQ,81300.0,81400.0,79900.0,80300.0,79926.5078125,153045,-0.0110837265811762,-0.006343064219960133,-0.004740662361216066
2025-07-31,YG,122870.KQ,79900.0,86200.0,79900.0,85100.0,84704.1875,347240,0.0597759093729952,0.05474631100526226,0.0050295983677329376
2025-08-01,YG,122870.KQ,83700.0,85100.0,79000.0,79400.0,79030.6953125,228557,-0.0669800673963137,-0.0336893698005721,-0.033290697595741596
2025-08-04,YG,122870.KQ,79600.0,85700.0,79000.0,84800.0,84405.578125,285348,0.0680100661046554,0.03357829272845877,0.034431773376196635
2025-08-05,YG,122870.KQ,85000.0,86900.0,84400.0,86300.0,85898.6015625,222600,0.0176886820831783,0.012031355106506466,0.005657326976671833
2025-08-06,YG,122870.KQ,87100.0,89000.0,85700.0,88800.0,88386.9765625,271315,0.0289687486726946,0.0145558902790736,0.014412858393621001
2025-08-07,YG,122870.KQ,89600.0,90300.0,88200.0,89200.0,88785.1171875,194148,0.0045045168472128,0.0217946792303097,-0.0172901623830969
2025-08-08,YG,122870.KQ,90200.0,95700.0,88900.0,93200.0,92766.5078125,556790,0.0448429956632476,0.0418273917361582,0.003015603927089397
2025-08-11,YG,122870.KQ,94500.0,104700.0,92800.0,104300.0,103814.8828125,949468,0.11909874868127,0.02837408928416463,0.09072465939710538
2025-08-12,YG,122870.KQ,102800.0,104900.0,101800.0,102100.0,101625.1171875,249090,-0.0210929836423833,-0.012095632909785633,-0.008997350732597666
2025-08-13,YG,122870.KQ,102000.0,103000.0,97100.0,99800.0,99335.8125,410858,-0.0225269574181764,-0.037305530308446695,0.014778572890270295
2025-08-14,YG,122870.KQ,100000.0,101600.0,98100.0,99100.0,98639.0703125,238753,-0.0070140080396483,0.03246917906685474,-0.03948318710650304
2025-08-18,YG,122870.KQ,98700.0,100300.0,97000.0,97800.0,97345.1171875,156633,-0.0131180588067244,-0.0053784621187352,-0.007739596687989199
2025-08-19,YG,122870.KQ,97800.0,101600.0,96700.0,99000.0,98539.53125,260545,0.0122698918755153,0.007611893512160566,0.004657998363354734
2025-08-20,YG,122870.KQ,99400.0,105100.0,96700.0,104700.0,104213.0234375,409318,0.0575757984184646,0.007025866823189067,0.05054993159527554
2025-08-21,YG,122870.KQ,104600.0,109800.0,103600.0,107400.0,106900.4609375,424033,0.0257879237292424,0.0031445622465900336,0.022643361482652367
2025-08-22,YG,122870.KQ,105300.0,106100.0,101300.0,102000.0,101525.578125,315445,-0.0502793230764688,-0.02871447023826643,-0.021564852838202368
2025-08-25,YG,122870.KQ,102700.0,105400.0,100500.0,103700.0,103217.671875,220512,0.0166666743617718,0.0108123188690069,0.005854355492764899
2025-08-26,YG,122870.KQ,104800.0,109300.0,104000.0,104400.0,103914.4140625,302895,0.0067502218839403,0.003017660648102733,0.003732561235837567
2025-08-27,YG,122870.KQ,105200.0,105200.0,102600.0,103500.0,103018.6015625,142844,-0.0086206760446265,-0.010451988396736667,0.0018313123521101673
2025-08-28,YG,122870.KQ,100000.0,102300.0,98700.0,101400.0,100928.3671875,186032,-0.020289873317023,-0.0263799633232368,0.0060900900062138
2025-08-29,YG,122870.KQ,100900.0,103800.0,100900.0,101600.0,101127.4375,170257,0.0019723920840826,-0.006921579800415834,0.008893971884498433
2025-09-01,YG,122870.KQ,102800.0,104500.0,101400.0,102000.0,101525.578125,106446,0.0039370188234029,0.0065631496252262006,-0.0026261308018233004
2025-09-02,YG,122870.KQ,102200.0,103000.0,101000.0,102300.0,101824.1796875,100784,0.0029411461428208,-0.006294324870523967,0.009235471013344767
2025-09-03,YG,122870.KQ,102300.0,102500.0,97500.0,100100.0,99634.4140625,232320,-0.0215053598440019,-0.010370417009824833,-0.011134942834177068
2025-09-04,YG,122870.KQ,100300.0,101200.0,99500.0,100000.0,99534.8828125,84390,-0.0009989645740031,0.0057255285813182,-0.0067244931553213
2025-09-05,YG,122870.KQ,100600.0,102300.0,98800.0,99500.0,99037.203125,146114,-0.0050000529807977,0.0233269497847601,-0.0283270027655578
2025-09-08,YG,122870.KQ,100700.0,101200.0,99200.0,101200.0,100729.296875,93378,0.017085435539454,0.0099182214221079,0.007167214117346098
2025-09-09,YG,122870.KQ,101900.0,101900.0,98800.0,99200.0,98738.6015625,160680,-0.0197628234710141,-0.0142656675772087,-0.005497155893805401
2025-09-10,YG,122870.KQ,100200.0,100800.0,98700.0,100400.0,99933.0234375,139859,0.0120968076932297,0.019978981361525597,-0.007882173668295897
2025-09-11,YG,122870.KQ,100100.0,100300.0,97700.0,98000.0,97544.1796875,258291,-0.0239044478774729,-0.012688056283531368,-0.01121639159394153
2025-09-12,YG,122870.KQ,98500.0,99000.0,97000.0,98200.0,97743.25,197097,0.0020408220473815,0.0138137576923408,-0.0117729356449593
2025-09-15,YG,122870.KQ,97300.0,98200.0,96400.0,97600.0,97146.046875,143692,-0.0061099167973236,-0.013041146470195266,0.006931229672871666
2025-09-16,YG,122870.KQ,97400.0,99200.0,97100.0,98300.0,97842.7890625,120943,0.0071721105481163,0.005465324850789832,0.001706785697326468
2025-09-17,YG,122870.KQ,99400.0,101500.0,97500.0,97800.0,97345.1171875,195392,-0.0050864440779799,0.0036515246200302,-0.0087379686980101
2025-09-18,YG,122870.KQ,98800.0,99800.0,98000.0,98300.0,97842.7890625,123136,0.0051124482601567,0.007832063173362134,-0.0027196149132054336
2025-09-22,YG,122870.KQ,98600.0,99900.0,97800.0,99100.0,98639.0703125,140728,0.0081383744027507,-0.0028294286489479667,0.010967803051698666
2025-09-23,YG,122870.KQ,99300.0,99300.0,96600.0,97400.0,96946.9765625,112009,-0.0171543967784697,-0.024394446152744498,0.007240049374274797
2025-09-24,YG,122870.KQ,98100.0,98400.0,95200.0,97800.0,97345.1171875,177095,0.0041067874328533,-0.017846190348561133,0.02195297778141443
2025-09-25,YG,122870.KQ,96300.0,97700.0,94400.0,94900.0,94458.6015625,194317,-0.0296523925225768,-0.0209587981346257,-0.0086935943879511
2025-09-26,YG,122870.KQ,94800.0,103000.0,94500.0,100700.0,100231.625,459571,0.061116969148439,0.0038975583417614006,0.0572194108066776
2025-09-29,YG,122870.KQ,100100.0,101100.0,98800.0,100400.0,99933.0234375,127617,-0.0029791152493038,0.0046965793161412,-0.007675694565445
2025-09-30,YG,122870.KQ,99900.0,100000.0,95100.0,97700.0,97245.578125,245450,-0.0268924647734768,-0.018160000799151168,-0.008732463974325633
2025-10-01,YG,122870.KQ,98000.0,101300.0,97100.0,99000.0,98539.53125,164391,0.0133060356054106,-0.004145249850542767,0.017451285455953366
2025-10-02,YG,122870.KQ,98500.0,99200.0,97000.0,97800.0,97345.1171875,235633,-0.0121211664734807,-0.0050214558237237665,-0.0070997106497569335
2025-10-10,YG,122870.KQ,99000.0,99900.0,96000.0,99600.0,99136.7421875,147499,0.0184048779411203,0.010004115892691267,0.008400762048429032
2025-10-13,YG,122870.KQ,99000.0,105900.0,98900.0,105500.0,105009.296875,273265,0.0592369141644082,0.0314738523495389,0.027763061814869296
2025-10-14,YG,122870.KQ,105000.0,105300.0,99200.0,99600.0,99136.7421875,266195,-0.0559241406452851,-0.04967954321872343,-0.0062445974265616724
2025-10-15,YG,122870.KQ,101400.0,103100.0,95300.0,95800.0,95354.4140625,432344,-0.0381526368684416,0.0038222475442812333,-0.04197488441272283
2025-10-16,YG,122870.KQ,96700.0,96800.0,91600.0,93000.0,92567.4375,374115,-0.0292275568981345,-0.013049014335004069,-0.01617854256313043
2025-10-17,YG,122870.KQ,92100.0,93500.0,89700.0,90000.0,89581.390625,321548,-0.0322580699611566,-0.016688549506245865,-0.015569520454910734
2025-10-20,YG,122870.KQ,90800.0,93300.0,89500.0,92000.0,91572.09375,163200,0.0222222842390709,0.018083883232131198,0.004138401006939702
2025-10-21,YG,122870.KQ,92000.0,93700.0,90900.0,93400.0,92965.578125,191701,0.0152173475338932,0.02138868185988967,-0.00617133432599647
2025-10-22,YG,122870.KQ,92700.0,92700.0,91100.0,91700.0,91273.484375,146998,-0.0182012932542068,-0.0016869349152974333,-0.016514358338909366
2025-10-23,YG,122870.KQ,91700.0,93700.0,91100.0,91600.0,91173.953125,109829,-0.0010904727772972,0.016161891719417534,-0.017252364496714735
2025-10-24,YG,122870.KQ,92000.0,92000.0,90000.0,90500.0,90079.0703125,154083,-0.0120087237086112,-0.0064378805697997005,-0.005570843138811499
2025-10-27,YG,122870.KQ,90500.0,95600.0,90200.0,93900.0,93463.25,252428,0.0375689899524904,0.0463657794737608,-0.008796789521270394
2025-10-28,YG,122870.KQ,94000.0,96500.0,93400.0,94900.0,94458.6015625,154434,0.0106496570844689,0.0038521551727738,0.0067975019116951006
2025-10-29,YG,122870.KQ,95100.0,95300.0,90500.0,91300.0,90875.34375,350311,-0.0379346904699735,-0.011821262964472034,-0.02611342750550146
2025-10-30,YG,122870.KQ,92400.0,93600.0,90600.0,91500.0,91074.4140625,273278,0.0021905866243283,0.02853496698269763,-0.02634438035836933
2025-10-31,YG,122870.KQ,91700.0,92900.0,90700.0,91500.0,91074.4140625,263851,0.0,0.015996793861917002,-0.015996793861917002
2025-11-03,YG,122870.KQ,95100.0,95300.0,90100.0,90100.0,89680.9296875,393345,-0.0153005033229609,0.022543659434053166,-0.03784416275701406
2025-11-04,YG,122870.KQ,89300.0,89500.0,86700.0,88000.0,87590.6953125,312372,-0.0233074565828385,-0.022940954682176898,-0.00036650190066160257
2025-11-05,YG,122870.KQ,86100.0,86300.0,81300.0,83800.0,83410.2265625,381949,-0.047727315499497,-0.035517488465151334,-0.012209827034345665
2025-11-06,YG,122870.KQ,83500.0,84200.0,78800.0,79500.0,79130.234375,450047,-0.0513125591895253,-0.0516269239756762,0.00031436478615089886
2025-11-07,YG,122870.KQ,77900.0,78900.0,70400.0,72000.0,71665.1171875,891149,-0.094339631955627,-0.03518116949904266,-0.05915846245658434
2025-11-10,YG,122870.KQ,70600.0,71400.0,66300.0,67100.0,66787.90625,858545,-0.0680555775097608,0.0031026997924131668,-0.07115827730217396
2025-11-11,YG,122870.KQ,68200.0,68300.0,63200.0,63600.0,63304.18359375,646734,-0.0521609802111441,-0.03850178119063503,-0.01365919902050907
2025-11-12,YG,122870.KQ,64000.0,64600.0,63100.0,63300.0,63005.578125,300279,-0.004716994230054,0.0078851726747635,-0.0126021669048175
2025-11-13,YG,122870.KQ,64000.0,64200.0,62800.0,63500.0,63204.6484375,358252,0.0031595664768768,0.017706559659414634,-0.014546993182537833
2025-11-14,YG,122870.KQ,62700.0,64200.0,61900.0,62100.0,61811.16015625,282272,-0.0220472436078487,-0.012771186793453399,-0.0092760568143953
2025-11-17,YG,122870.KQ,62400.0,62900.0,61100.0,62700.0,62408.37109375,138207,0.0096618626149442,0.0012103320797993329,0.008451530535144866
2025-11-18,YG,122870.KQ,63200.0,64400.0,61500.0,61600.0,61313.48828125,241685,-0.0175438453738083,0.001149397994479466,-0.018693243368287767
2025-11-19,YG,122870.KQ,62000.0,62100.0,60500.0,61100.0,60815.8125,131031,-0.0081169053531438,-0.0280751285822896,0.0199582232291458
2025-11-20,YG,122870.KQ,61600.0,63100.0,61500.0,62500.0,62209.30078125,150570,0.0229132560096931,0.030339558683819,-0.0074263026741259
2025-11-21,YG,122870.KQ,60700.0,61400.0,60100.0,60700.0,60417.671875,133661,-0.0288000167780377,-0.02354738168615837,-0.0052526350918793326
2025-11-24,YG,122870.KQ,61000.0,61700.0,60000.0,60500.0,60218.6015625,107637,-0.0032949020761982,-0.013695874216142134,0.010400972139943935
2025-11-25,YG,122870.KQ,60600.0,60900.0,58400.0,58700.0,58426.9765625,149413,-0.0297520193679771,-0.034475703276608795,0.0047236839086316935
2025-11-26,YG,122870.KQ,59000.0,60900.0,58800.0,60800.0,60517.20703125,165691,0.0357750921188615,0.021736031023803237,0.014039061095058262
2025-11-27,YG,122870.KQ,60800.0,62900.0,60700.0,62200.0,61910.6953125,241781,0.0230263151524892,0.029524185324207464,-0.006497870171718264
2025-11-28,YG,122870.KQ,63400.0,65600.0,63300.0,64900.0,64598.13671875,385892,0.0434083544480463,0.035454487423995235,0.007953867024051063
2025-12-01,YG,122870.KQ,65500.0,65800.0,63200.0,63700.0,63403.71875,183024,-0.0184899755537888,-0.009035124584104368,-0.00945485096968443
2025-12-02,YG,122870.KQ,64200.0,64900.0,62300.0,62800.0,62507.90625,181862,-0.0141287059759408,0.0067616009343919,-0.020890306910332702
2025-12-03,YG,122870.KQ,63400.0,63400.0,62400.0,62900.0,62607.44140625,83697,0.001592361066325,-0.0072262061818464006,0.008818567248171401
2025-12-04,YG,122870.KQ,63000.0,63200.0,61400.0,62100.0,61811.16015625,139779,-0.0127186358700246,-0.009684618076940866,-0.003034017793083734
2025-12-05,YG,122870.KQ,61800.0,62300.0,61300.0,62100.0,61811.16015625,77103,0.0,-0.0008308052593024329,0.0008308052593024329
2025-12-08,YG,122870.KQ,61900.0,61900.0,61100.0,61500.0,61213.953125,87555,-0.0096617994184277,-0.012710904904774068,0.0030491054863463693
2025-12-09,YG,122870.KQ,61900.0,62500.0,61500.0,61800.0,61512.5546875,53666,0.0048779983526019,0.0019858015008086664,0.0028921968517932333
2025-12-10,YG,122870.KQ,61400.0,63500.0,61300.0,62200.0,61910.6953125,122358,0.0064725099944662,0.016873322248690134,-0.010400812254223934
2025-12-11,YG,122870.KQ,62500.0,62700.0,61200.0,61600.0,61313.48828125,129032,-0.0096462659357247,-0.011627541384612269,0.001981275448887569
2025-12-12,YG,122870.KQ,61800.0,63600.0,61600.0,63600.0,63304.18359375,244496,0.0324674939936302,0.013836370537154067,0.018631123456476134
2025-12-15,YG,122870.KQ,62700.0,64400.0,61500.0,63000.0,62706.9765625,278582,-0.0094339267540757,0.019834485027566465,-0.029268411781642165
2025-12-16,YG,122870.KQ,62800.0,64800.0,62100.0,63600.0,63304.18359375,185812,0.0095237733341324,0.0002867333493922671,0.009237039984740132
2025-12-17,YG,122870.KQ,63900.0,65150.0,63000.0,64700.0,64399.06640625,211047,0.0172955838041657,0.04213170151009757,-0.02483611770593187
2025-12-18,YG,122870.KQ,64500.0,64500.0,63100.0,63400.0,63105.11328125,185334,-0.0200927311094438,-0.0024993339482554666,-0.017593397161188334
2025-12-19,YG,122870.KQ,63600.0,65100.0,63000.0,63300.0,63005.578125,281653,-0.0015772914598281,0.006979148275594233,-0.008556439735422333
2025-12-22,YG,122870.KQ,63900.0,64100.0,62800.0,63500.0,63204.6484375,126912,0.0031595664768768,-0.0011798357116724327,0.004339402188549233
2025-12-23,YG,122870.KQ,63800.0,66600.0,63600.0,66200.0,65892.09375,351553,0.0425197414895437,0.0524706023291295,-0.009950860839585803
2025-12-24,YG,122870.KQ,65500.0,66600.0,64900.0,66100.0,65792.5546875,157323,-0.0015106374199863,0.0015914974083635,-0.0031021348283498
2025-12-26,YG,122870.KQ,66000.0,66100.0,63900.0,64500.0,64200.0,157495,-0.0242056976669211,-0.025487380198028865,0.0012816825311077647
2025-12-29,YG,122870.KQ,64000.0,65500.0,63600.0,64700.0,64700.0,104175,0.0077881619937694,0.0200010460723876,-0.0122128840786182
2025-12-30,YG,122870.KQ,64900.0,69900.0,64800.0,69400.0,69400.0,582438,0.0726429675425037,0.035678229774116894,0.0369647377683868
2026-01-02,YG,122870.KQ,72400.0,72400.0,68100.0,70400.0,70400.0,656394,0.0144092219020173,0.032239553921049366,-0.017830332019032065
2026-01-05,YG,122870.KQ,71900.0,72000.0,64600.0,65100.0,65100.0,826418,-0.0752840909090909,-0.06257015817400627,-0.01271393273508463
2026-01-06,YG,122870.KQ,65900.0,65900.0,64000.0,65100.0,65100.0,209459,0.0,-0.01279948541942,0.01279948541942
2026-01-07,YG,122870.KQ,64400.0,65400.0,62400.0,64300.0,64300.0,395608,-0.0122887864823348,-0.018005537657288,0.0057167511749532
2026-01-08,YG,122870.KQ,64500.0,68800.0,63200.0,68200.0,68200.0,450791,0.0606531881804044,0.020654872843408636,0.03999831533699577
2026-01-09,YG,122870.KQ,67400.0,69200.0,66200.0,67200.0,67200.0,254229,-0.0146627565982404,-0.024156569262990497,0.009493812664750096
2026-01-12,YG,122870.KQ,67400.0,69000.0,65800.0,68200.0,68200.0,218100,0.0148809523809523,0.007298929084588,0.0075820232963643005
2026-01-13,YG,122870.KQ,67700.0,68300.0,66800.0,67700.0,67700.0,169111,-0.0073313782991202,-0.0090949722720881,0.0017635939729678998
2026-01-14,YG,122870.KQ,68700.0,68800.0,66100.0,67000.0,67000.0,182943,-0.0103397341211225,-0.004515876799991367,-0.005823857321131134
2026-01-15,YG,122870.KQ,67900.0,70900.0,67100.0,69400.0,69400.0,423696,0.0358208955223879,0.0086268025954823,0.027194092926905604
2020-12-29,HYBE,352820.KS,154657.71875,158610.625,153175.375,156634.171875,155795.390625,111993,0.012779569590483,0.010881265278331331,0.001898304312151669
2020-12-30,HYBE,352820.KS,156634.171875,159104.75,155645.953125,158116.515625,157269.796875,118894,0.0094637347362149,0.003114229685840967,0.0063495050503739325
2021-01-04,HYBE,352820.KS,158116.515625,158610.625,154163.609375,156140.0625,155303.921875,154747,-0.0125000161446288,-0.014466518523268834,0.0019665023786400344
2021-01-05,HYBE,352820.KS,155151.828125,157128.28125,153669.484375,156634.171875,155795.390625,170974,0.0031645611010104,-0.011722600234556499,0.014887161335566898
2021-01-06,HYBE,352820.KS,158116.515625,159104.75,155645.953125,156634.171875,155795.390625,149959,0.0,-0.0100801656840343,0.0100801656840343
2021-01-07,HYBE,352820.KS,156634.171875,157622.40625,155151.828125,155151.828125,154321.0,141526,-0.009463634444416,0.0018447029618201668,-0.011308337406236168
2021-01-08,HYBE,352820.KS,156140.0625,160092.96875,153175.375,158610.625,157761.265625,288730,0.0222929194665664,0.0347292803422091,-0.012436360875642701
2021-01-11,HYBE,352820.KS,160092.96875,160587.09375,152187.140625,152681.265625,151863.640625,256956,-0.037383225702681,-0.03227285138533337,-0.005110374317347635
2021-01-12,HYBE,352820.KS,152681.265625,155151.828125,148234.234375,151693.03125,150880.71875,204916,-0.0064723976783037,0.015340575014995266,-0.021812972693298967
2021-01-13,HYBE,352820.KS,151693.03125,177881.078125,151198.921875,166516.453125,165624.75,2104030,0.0977197840264132,0.03336873164200933,0.06435105238440386
2021-01-14,HYBE,352820.KS,164540.0,168492.90625,161575.3125,164045.890625,163167.421875,345554,-0.0148367205082573,0.0031693275700800335,-0.018006048078337333
2021-01-15,HYBE,352820.KS,159104.75,160587.09375,155151.828125,155151.828125,154321.0,697825,-0.0542168392032148,-0.028623262805132933,-0.02559357639808187
2021-01-18,HYBE,352820.KS,154163.609375,166516.453125,152681.265625,163551.765625,162675.9375,638199,0.0541399906688007,-0.0085855293675782,0.0627255200363789
2021-01-19,HYBE,352820.KS,166022.34375,172445.828125,165034.109375,171457.59375,170539.421875,465209,0.048338337530712,0.026908356304495132,0.021429981226216865
2021-01-20,HYBE,352820.KS,171951.71875,174916.390625,167010.5625,173928.171875,172996.78125,429048,0.0144093333258814,0.05725039224914436,-0.04284105892326296
2021-01-21,HYBE,352820.KS,175904.625,175904.625,170963.484375,170963.484375,170047.96875,245379,-0.0170454760989953,-0.0048529858871251995,-0.012192490211870098
2021-01-22,HYBE,352820.KS,170963.484375,195669.1875,169481.140625,190233.9375,189215.21875,2278635,0.1127167242331437,0.0246553486855229,0.08806137554762081
2021-01-25,HYBE,352820.KS,199622.09375,214445.53125,195175.078125,201104.4375,200027.5,1907101,0.057142767486825,0.0043260173366981335,0.052816750150126865
2021-01-26,HYBE,352820.KS,201104.4375,216421.984375,192210.390625,208022.046875,206908.078125,917164,0.0343981608778793,-0.0186022808825778,0.0530004417604571
2021-01-27,HYBE,352820.KS,205551.46875,218892.546875,204069.125,205057.359375,203959.265625,1015151,-0.0142517997688738,-0.02428494056809477,0.01003314079922097
2021-01-28,HYBE,352820.KS,210492.609375,222351.34375,206045.578125,217410.203125,216245.953125,1673528,0.0602408890929737,-0.04027928132425603,0.10052017041722973
2021-01-29,HYBE,352820.KS,219386.671875,219386.671875,198139.765625,202092.671875,201010.453125,782336,-0.0704544976672613,-0.04072790429658366,-0.029726593370677644
2021-02-01,HYBE,352820.KS,202092.671875,214939.640625,196657.421875,214939.640625,213788.625,615332,0.0635696884233865,0.017490090862619732,0.04607959756076677
2021-02-02,HYBE,352820.KS,216421.984375,239645.34375,210986.71875,229763.0625,228532.671875,1379274,0.0689655348828779,0.023104532476782333,0.04586100240609557
2021-02-03,HYBE,352820.KS,228774.828125,238163.0,222845.46875,229763.0625,228532.671875,551769,0.0,0.012121517459304565,-0.012121517459304565
2021-02-04,HYBE,352820.KS,231245.40625,244092.375,225810.15625,238657.109375,237379.078125,871763,0.0387095909631629,-0.014989667202955465,0.05369925816611836
2021-02-05,HYBE,352820.KS,240633.578125,246562.9375,234704.203125,240139.453125,238853.5,405279,0.0062112545328176,-0.0052029720750572,0.0114142266078748
2021-02-08,HYBE,352820.KS,244092.375,248539.40625,240139.453125,242610.03125,241310.84375,330985,0.0102880793038411,0.0010081098303888335,0.009279969473452266
2021-02-09,HYBE,352820.KS,239151.234375,239645.34375,227292.484375,228280.71875,227058.265625,590826,-0.0590631481930657,-0.022211089255395566,-0.03685205893767013
2021-02-10,HYBE,352820.KS,229268.953125,238163.0,227786.609375,228774.828125,227549.71875,393744,0.0021644361796178,0.018428016372343467,-0.01626358019272567
2021-02-15,HYBE,352820.KS,230257.171875,234210.09375,223339.578125,223833.6875,222635.046875,310029,-0.0215982331333908,0.0029106298727718002,-0.0245088630061626
2021-02-16,HYBE,352820.KS,225316.03125,253480.546875,224821.921875,245080.59375,243768.171875,946405,0.0949227235183027,0.03830947153974157,0.05661325197856114
2021-02-17,HYBE,352820.KS,244586.484375,251998.203125,239151.234375,246068.828125,244751.109375,398411,0.0040322634921512,0.006600129225980834,-0.0025678657338296332
2021-02-18,HYBE,352820.KS,251998.203125,255951.109375,236680.65625,238657.109375,237379.078125,441614,-0.0301205223086642,-0.020215135384032,-0.0099053869246322
2021-02-19,HYBE,352820.KS,239645.34375,243104.140625,226304.265625,231739.515625,230498.53125,346774,-0.0289854814895558,-0.010733324400970233,-0.018252157088585567
2021-02-22,HYBE,352820.KS,233221.859375,233715.96875,223833.6875,224327.8125,223126.515625,228284,-0.0319829180039514,-0.023705886479180066,-0.008277031524771335
2021-02-23,HYBE,352820.KS,224821.921875,231739.515625,218398.4375,225810.15625,224600.9375,211536,0.0066080083349573,0.012537543086097233,-0.005929534751139933
2021-02-24,HYBE,352820.KS,231739.515625,236680.65625,207527.921875,208516.15625,207399.546875,579571,-0.0765864595956995,-0.0137734004568526,-0.0628130591388469
2021-02-25,HYBE,352820.KS,212469.0625,213951.40625,202586.78125,209504.390625,208382.484375,390458,0.0047393425627511,0.03504355259473473,-0.030304210031983633
2021-02-26,HYBE,352820.KS,200116.21875,206539.703125,198139.765625,204069.125,202976.3125,277379,-0.025943504278753,-0.0169804725468687,-0.0089630317318843
2021-03-02,HYBE,352820.KS,210492.609375,213951.40625,203575.015625,204563.25,203467.796875,178600,0.0024213878405145,0.014994848391945868,-0.012573460551431367
2021-03-03,HYBE,352820.KS,207527.921875,211974.953125,205551.46875,209998.5,208873.953125,735612,0.0265700829960884,0.0321123575058294,-0.005542274509740999
2021-03-04,HYBE,352820.KS,207033.8125,214445.53125,206539.703125,210492.609375,209365.40625,238241,0.0023528693628251,0.005724622324567801,-0.003371752961742701
2021-03-05,HYBE,352820.KS,207033.8125,207527.921875,202092.671875,205057.359375,203959.265625,168520,-0.0258215563011618,0.0185210775379689,-0.0443426338391307
2021-03-08,HYBE,352820.KS,207033.8125,212963.1875,203575.015625,205551.46875,204450.71875,286465,0.0024095650839592,-0.0297372663720388,0.032146831455998004
2021-03-09,HYBE,352820.KS,207033.8125,208516.15625,194680.953125,197645.640625,196587.234375,307049,-0.0384615149463738,-0.0314448938802145,-0.007016621066159301
2021-03-10,HYBE,352820.KS,201104.4375,201598.5625,190233.9375,190728.046875,189706.6875,217853,-0.0349999678100919,-0.025945171987152765,-0.009054795822939138
2021-03-11,HYBE,352820.KS,192210.390625,210986.71875,190728.046875,209010.265625,207891.0,451362,0.0958548838717137,0.036870376293982036,0.05898450757773167
2021-03-12,HYBE,352820.KS,212469.0625,225810.15625,211974.953125,225316.03125,224109.453125,467094,0.0780142147808227,-0.010979316099763601,0.0889935308805863
2021-03-15,HYBE,352820.KS,217410.203125,223833.6875,211480.84375,215433.75,214280.078125,359746,-0.0438597072231377,0.00045971216830436684,-0.044319419391442065
2021-03-16,HYBE,352820.KS,218398.4375,220374.890625,213457.296875,216421.984375,215263.03125,183607,0.0045872352371767,0.008243053423752467,-0.003655818186575767
2021-03-17,HYBE,352820.KS,217410.203125,231245.40625,217410.203125,228280.71875,227058.265625,392099,0.0547945195536216,0.0017253862983500669,0.05306913325527153
2021-03-18,HYBE,352820.KS,229268.953125,232727.75,227292.484375,231245.40625,230007.078125,258333,0.0129870299673218,-0.009692337359210367,0.022679367326532168
2021-03-19,HYBE,352820.KS,225810.15625,228774.828125,220374.890625,223339.578125,222143.578125,213584,-0.0341880783152529,0.0009347947726049336,-0.03512287308785783
2021-03-22,HYBE,352820.KS,224821.921875,231739.515625,223833.6875,227292.484375,226075.328125,205224,0.0176991386975302,-0.0015313880304883998,0.0192305267280186
2021-03-23,HYBE,352820.KS,229268.953125,231739.515625,217410.203125,219386.671875,218211.84375,185111,-0.0347825852569466,-0.007217742423340834,-0.027564842833605767
2021-03-24,HYBE,352820.KS,218398.4375,222845.46875,213457.296875,216421.984375,215263.03125,146528,-0.0135135309308801,0.0011762986307498,-0.0146898295616299
2021-03-25,HYBE,352820.KS,216421.984375,232727.75,215927.875,232727.75,231481.484375,310402,0.0753424916058362,0.0021994534263788997,0.0731430381794573
2021-03-26,HYBE,352820.KS,234210.09375,240139.453125,226304.265625,239151.234375,237870.5625,401241,0.0276008171549897,-0.015071533218654667,0.04267235037364437
2021-03-29,HYBE,352820.KS,240633.578125,240633.578125,231245.40625,233715.96875,232464.421875,227895,-0.0227272368980083,-0.0129563913318011,-0.009770845566207201
2021-03-30,HYBE,352820.KS,235198.3125,245574.71875,234210.09375,239645.34375,238362.03125,363671,0.0253699440431844,0.007935877122689033,0.017434066920495365
2021-03-31,HYBE,352820.KS,242115.921875,248045.28125,238163.0,240139.453125,238853.5,280230,0.0020618583732596,-0.0035055672700596003,0.005567425643319201
2021-04-01,HYBE,352820.KS,243104.140625,244092.375,231245.40625,236186.546875,234921.75,285261,-0.0164609268861456,0.0011324311412411324,-0.01759335802738673
2021-04-02,HYBE,352820.KS,237174.78125,240633.578125,231245.40625,240139.453125,238853.5,593838,0.0167364239369065,-0.0004927924227543665,0.017229216359660866
2021-04-05,HYBE,352820.KS,251998.203125,261880.484375,240633.578125,245080.59375,243768.171875,1697326,0.0205760931910146,0.001246781169523633,0.019329312021490967
2021-04-06,HYBE,352820.KS,250021.734375,261386.359375,248539.40625,255951.109375,254580.46875,933883,0.0443548343158775,0.0018882330209116667,0.042466601294965836
2021-04-07,HYBE,352820.KS,258915.796875,276209.78125,253480.546875,272751.0,271290.40625,1044384,0.0656371542642153,0.015666936942067767,0.04997021732214754
2021-04-08,HYBE,352820.KS,274727.4375,281645.03125,261880.484375,263856.9375,262443.96875,641095,-0.0326087369704028,-0.0042763608704521,-0.0283323760999507
2021-04-09,HYBE,352820.KS,264845.15625,268798.0625,253974.65625,254962.875,253597.53125,516295,-0.0337079093192154,-0.013979487253667933,-0.019728422065547466
2021-04-12,HYBE,352820.KS,252986.421875,259409.90625,247057.0625,249527.625,248191.390625,464004,-0.0213177967401841,-0.002059621123377067,-0.019258175616807035
2021-04-13,HYBE,352820.KS,252492.3125,255457.0,248539.40625,249527.625,248191.390625,324515,0.0,0.0025770492298498996,-0.0025770492298498996
2021-04-14,HYBE,352820.KS,238657.109375,244092.375,229268.953125,232727.75,231481.484375,1031845,-0.0673266957726487,-0.0044667328163227995,-0.0628599629563259
2021-04-15,HYBE,352820.KS,224821.921875,251998.203125,224821.921875,247057.0625,245734.0625,1271745,0.0615711367303608,0.0025297314272350662,0.05904140530312573
2021-04-16,HYBE,352820.KS,253500.0,255500.0,242500.0,249000.0,247666.59375,440679,0.0078643197867613,0.011121544197197,-0.0032572244104357006
2021-04-19,HYBE,352820.KS,250000.0,254000.0,240500.0,241500.0,240206.75,347666,-0.0301205085314417,-0.009747983975972532,-0.020372524555469167
2021-04-20,HYBE,352820.KS,241000.0,247500.0,239500.0,242000.0,240704.078125,215412,0.0020704169429044,0.003309501369414767,-0.001239084426510367
2021-04-21,HYBE,352820.KS,242000.0,246500.0,241000.0,242000.0,240704.078125,231381,0.0,-0.016376679422661602,0.016376679422661602
2021-04-22,HYBE,352820.KS,246000.0,256000.0,245500.0,255000.0,253634.453125,446672,0.0537189693698714,0.0033287745526442004,0.0503901948172272
2021-04-23,HYBE,352820.KS,256000.0,261500.0,251500.0,258500.0,257115.71875,285699,0.0137255234141409,-0.011436285141863234,0.025161808556004132
2021-04-26,HYBE,352820.KS,260000.0,262500.0,255500.0,259000.0,257613.046875,216884,0.0019342579575367,0.008308081334229833,-0.006373823376693133
2021-04-27,HYBE,352820.KS,260000.0,264500.0,255000.0,256000.0,254629.125,234760,-0.011582960999828,0.0038325720218586666,-0.015415533021686667
2021-04-28,HYBE,352820.KS,257000.0,258500.0,242000.0,244000.0,242693.375,412618,-0.0468750383523487,-0.015995120519483333,-0.030879917832865367
2021-04-29,HYBE,352820.KS,247000.0,247500.0,242000.0,243500.0,242196.046875,176278,-0.0020492035474803,-0.0064651574592272,0.0044159539117469
2021-04-30,HYBE,352820.KS,244500.0,249000.0,240000.0,243000.0,241698.734375,183616,-0.0020533468915645,-0.010627346762965,0.0085739998714005
2021-05-03,HYBE,352820.KS,243000.0,245000.0,234000.0,236500.0,235233.53125,195301,-0.0267490152222689,-0.023011779414401436,-0.0037372358078674624
2021-05-04,HYBE,352820.KS,237000.0,240500.0,234000.0,239500.0,238217.453125,196353,0.0126849342402157,-0.0026737576765217667,0.015358691916737466
2021-05-06,HYBE,352820.KS,240000.0,251000.0,237000.0,251000.0,249655.875,264248,0.0480167247401386,-0.004112006430179999,0.0521287311703186
2021-05-07,HYBE,352820.KS,253500.0,256000.0,249000.0,252500.0,251147.84375,193831,0.0059761011031684,0.055512556531521366,-0.049536455428352964
2021-05-10,HYBE,352820.KS,255500.0,262000.0,253500.0,258500.0,257115.71875,257309,0.0237623979202488,0.0158314692275957,0.007930928692653098
2021-05-11,HYBE,352820.KS,258000.0,261000.0,253500.0,259000.0,257613.046875,195611,0.0019342579575367,-0.022209676818597868,0.02414393477613457
2021-05-12,HYBE,352820.KS,259000.0,264000.0,244500.0,246000.0,244682.65625,382142,-0.0501930736111907,0.02898315211174717,-0.07917622572293787
2021-05-13,HYBE,352820.KS,242000.0,246000.0,238000.0,240500.0,239212.109375,248997,-0.0223577222793043,-0.004623437186789166,-0.017734285092515133
2021-05-14,HYBE,352820.KS,245000.0,245000.0,241000.0,242500.0,241201.40625,149565,0.0083160375124717,0.05224344989474716,-0.04392741238227546
2021-05-17,HYBE,352820.KS,242500.0,248500.0,242500.0,248500.0,247169.28125,143607,0.0247422894119218,0.04855261952704623,-0.023810330115124432
2021-05-18,HYBE,352820.KS,250000.0,260500.0,249000.0,260500.0,259105.0,395521,0.0482896527013305,0.03634407110455893,0.011945581596771573
2021-05-20,HYBE,352820.KS,261000.0,266000.0,255000.0,266000.0,264575.5625,342100,0.0211133034870032,0.012532797524064566,0.008580505962938636
2021-05-21,HYBE,352820.KS,268000.0,272000.0,257500.0,261500.0,260099.65625,357864,-0.0169173078862867,-0.004245591138434833,-0.012671716747851867
2021-05-24,HYBE,352820.KS,263000.0,272000.0,261000.0,263500.0,262088.921875,543930,0.0076480901731295,0.0075804374524152006,6.765272071429951e-05
2021-05-25,HYBE,352820.KS,265000.0,266000.0,255000.0,260500.0,259105.0,307669,-0.011385150710121,0.04340476279085614,-0.05478991350097714
2021-05-26,HYBE,352820.KS,261500.0,264000.0,256500.0,259000.0,257613.046875,257975,-0.0057581024102197,-0.003944145708215367,-0.0018139567020043334
2021-05-27,HYBE,352820.KS,259500.0,260000.0,252000.0,253000.0,251645.171875,1175231,-0.0231660433056239,0.0083654894423524,-0.0315315327479763
2021-05-28,HYBE,352820.KS,255000.0,263000.0,254500.0,261000.0,259602.34375,285689,0.0316206021983707,-0.011707853512554933,0.04332845571092563
2021-05-31,HYBE,352820.KS,263500.0,267000.0,261500.0,265000.0,263580.90625,225074,0.0153256031610846,0.0296925256726488,-0.014366922511564198
2021-06-01,HYBE,352820.KS,266000.0,266500.0,258000.0,261000.0,259602.34375,183347,-0.0150942743031107,0.004997557232667067,-0.020091831535777767
2021-06-02,HYBE,352820.KS,263000.0,266500.0,261500.0,263500.0,262088.921875,204841,0.0095784116933652,-0.005738494888456967,0.015316906581822168
2021-06-03,HYBE,352820.KS,264000.0,274000.0,262500.0,269500.0,268056.78125,410640,0.0227703610374125,0.020752516359253435,0.002017844678159065
2021-06-04,HYBE,352820.KS,268500.0,269000.0,260000.0,266000.0,264575.5625,284503,-0.0129868706688426,-0.032701719868442204,0.019714849199599604
2021-06-07,HYBE,352820.KS,267000.0,268000.0,261000.0,265500.0,264078.25,153686,-0.001879661505019,0.02432943114845693,-0.02620909265347593
2021-06-08,HYBE,352820.KS,265000.0,267000.0,263500.0,265000.0,263580.90625,153360,-0.0018833196221196,-0.03210523508881686,0.03022191546669726
2021-06-09,HYBE,352820.KS,265000.0,265000.0,261000.0,262000.0,260596.984375,166528,-0.011320705727333,0.005828752727353966,-0.017149458454686965
2021-06-10,HYBE,352820.KS,262000.0,279000.0,261500.0,272500.0,271040.75,946188,0.0400763103611796,-0.00014818854920266647,0.04022449891038227
2021-06-11,HYBE,352820.KS,272500.0,277500.0,271500.0,275500.0,274024.71875,324529,0.0110092993396748,0.04530894600263543,-0.03429964666296063
2021-06-14,HYBE,352820.KS,277000.0,286000.0,276500.0,282000.0,280489.875,502504,0.0235933323077264,0.007965567997435434,0.01562776431029097
2021-06-15,HYBE,352820.KS,285000.0,293000.0,279500.0,289000.0,287452.40625,461455,0.0248227542972807,0.04244973766852883,-0.017626983371248132
2021-06-16,HYBE,352820.KS,290500.0,298000.0,287000.0,292000.0,290436.3125,478261,0.0103805227756725,-0.0035482632568808003,0.0139287860325533
2021-06-17,HYBE,352820.KS,292000.0,301000.0,289000.0,297000.0,295409.53125,567305,0.0171232677732058,0.033807105660966834,-0.016683837887761035
2021-06-18,HYBE,352820.KS,298500.0,326500.0,297500.0,313000.0,311323.875,1630734,0.0538721404237021,0.02318128487952867,0.03069085554417343
2021-06-21,HYBE,352820.KS,313000.0,321000.0,299500.0,308000.0,306350.65625,556480,-0.0159744213321255,-0.02051341933449623,0.004538998002370731
2021-06-22,HYBE,352820.KS,311000.0,324500.0,311000.0,324500.0,322762.3125,607966,0.0535714741103969,-0.006378828240275768,0.05995030235067267
2021-06-23,HYBE,352820.KS,334500.0,337000.0,318500.0,321500.0,319778.34375,687701,-0.0092450965755179,0.0362207068554419,-0.0454658034309598
2021-06-24,HYBE,352820.KS,326000.0,329500.0,317500.0,322000.0,320275.65625,375522,0.0015551787971883,-0.0076704706389125335,0.009225649436100833
2021-06-25,HYBE,352820.KS,326000.0,326500.0,312000.0,314000.0,312318.5,354850,-0.0248447114063168,-0.04923555344262293,0.02439084203630613
2021-06-28,HYBE,352820.KS,310500.0,317000.0,307500.0,312000.0,310329.21875,331362,-0.0063693993471408,0.00015094638576799933,-0.006520345732908799
2021-06-29,HYBE,352820.KS,288500.0,294500.0,286500.0,289000.0,287452.40625,4827044,-0.0737178812621878,0.023134632325022966,-0.09685251358721077
2021-06-30,HYBE,352820.KS,290500.0,298500.0,289000.0,292500.0,290933.65625,1002404,0.0121107004996587,0.009328047195708634,0.002782653303950066
2021-07-01,HYBE,352820.KS,293500.0,304500.0,292500.0,302000.0,300382.78125,734474,0.0324786245833323,0.006048027516507533,0.026430597066824765
2021-07-02,HYBE,352820.KS,302000.0,305500.0,296500.0,303000.0,301377.40625,654721,0.0033111917928885,0.0033968091880087997,-8.561739512029983e-05
2021-07-05,HYBE,352820.KS,306000.0,315000.0,303000.0,306500.0,304858.65625,438374,0.0115511313316971,0.01592638814722973,-0.004375256815532632
2021-07-06,HYBE,352820.KS,307500.0,308500.0,300500.0,302000.0,300382.78125,321244,-0.0146818038728397,-0.010120952684233268,-0.004560851188606432
2021-07-07,HYBE,352820.KS,303000.0,304000.0,297000.0,297500.0,295906.875,371676,-0.0149006751697755,-0.0205641067113012,0.005663431541525701
2021-07-08,HYBE,352820.KS,298500.0,301500.0,290000.0,294000.0,292425.625,374006,-0.0117646810335176,-0.012656223048623167,0.0008915420151055682
2021-07-09,HYBE,352820.KS,291500.0,310000.0,289000.0,308000.0,306350.65625,667038,0.0476190527078466,-0.0028447845043372,0.0504638372121838
2021-07-12,HYBE,352820.KS,310000.0,314500.0,302500.0,307000.0,305356.0,387814,-0.0032467900091204,0.022296098734243566,-0.025542888743363967
2021-07-13,HYBE,352820.KS,306500.0,315000.0,306000.0,309000.0,307345.25,407290,0.0065145273058331,0.04739781606177194,-0.040883288755938836
2021-07-14,HYBE,352820.KS,312000.0,323000.0,309000.0,319000.0,317291.75,530995,0.0323626280217441,0.0174518248740433,0.014910803147700796
2021-07-15,HYBE,352820.KS,320000.0,322000.0,315500.0,319500.0,317789.0625,238471,0.001567366627087,-0.006567748579993566,0.008135115207080566
2021-07-16,HYBE,352820.KS,319000.0,319000.0,314500.0,317500.0,315799.75,227008,-0.0062598520048184,0.004697359812318734,-0.010957211817137134
2021-07-19,HYBE,352820.KS,317000.0,317500.0,310500.0,315000.0,313313.15625,209873,-0.0078739573099725,-0.013924201399263566,0.006050244089291066
2021-07-20,HYBE,352820.KS,311500.0,318500.0,299000.0,306000.0,304361.375,484428,-0.0285713544785114,-0.02366223759845677,-0.004909116880054631
2021-07-21,HYBE,352820.KS,311000.0,312000.0,296500.0,298500.0,296901.53125,388660,-0.0245098240537255,0.0162931912551102,-0.0408030153088357
2021-07-22,HYBE,352820.KS,301500.0,306500.0,298500.0,301500.0,299885.4375,254160,0.010050154465143,0.0108168042051068,-0.0007666497399638015
2021-07-23,HYBE,352820.KS,300500.0,306500.0,299000.0,303000.0,301377.40625,196806,0.0049751290440702,0.0178682429008548,-0.0128931138567846
2021-07-26,HYBE,352820.KS,305000.0,307000.0,298500.0,299000.0,297398.8125,170632,-0.0132013670152156,0.007336683144815267,-0.020538050160030866
2021-07-27,HYBE,352820.KS,301000.0,302000.0,296500.0,298500.0,296901.53125,129698,-0.0016721023390098,-0.03347807180822556,0.03180596946921576
2021-07-28,HYBE,352820.KS,299000.0,303500.0,297500.0,299000.0,297398.8125,153207,0.001674902948147,-0.011891928844365065,0.013566831792512064
2021-07-29,HYBE,352820.KS,299500.0,302000.0,295000.0,297000.0,295409.53125,160168,-0.0066889347448217,0.006100732355614434,-0.012789667100436133
2021-07-30,HYBE,352820.KS,296500.0,297000.0,289500.0,289500.0,287949.71875,231902,-0.025252443509302,-0.028922447075343898,0.003670003566041899
2021-08-02,HYBE,352820.KS,292500.0,299000.0,291000.0,294500.0,292922.9375,197854,0.0172711359871748,0.0142616513519499,0.0030094846352249002
2021-08-03,HYBE,352820.KS,295000.0,301000.0,289000.0,291500.0,289939.0,210664,-0.0101867662719311,0.0036727418488154335,-0.013859508120746534
2021-08-04,HYBE,352820.KS,291500.0,297500.0,290000.0,295500.0,293917.5625,131349,0.0137220674003841,0.0737834623631845,-0.060061394962800406
2021-08-05,HYBE,352820.KS,297000.0,300500.0,295500.0,298500.0,296901.53125,166125,0.0101524003010198,-0.011191151322713233,0.021343551623733033
2021-08-06,HYBE,352820.KS,303500.0,310500.0,298000.0,310000.0,308339.9375,326148,0.0385259254199281,0.03637239497845873,0.0021535304414693687
2021-08-09,HYBE,352820.KS,307500.0,311500.0,304000.0,308000.0,306350.65625,189206,-0.0064515847870014,0.011896368723017301,-0.0183479535100187
2021-08-10,HYBE,352820.KS,308000.0,316000.0,306500.0,313500.0,311821.21875,258863,0.0178571920392287,-0.024158221633279065,0.042015413672507766
2021-08-11,HYBE,352820.KS,312500.0,313000.0,299000.0,301000.0,299388.125,239660,-0.0398725070726124,-0.0035922820455326332,-0.03628022502707976
2021-08-12,HYBE,352820.KS,304000.0,305500.0,299500.0,303500.0,301874.75,158960,0.008305690147196,0.04500513288186194,-0.03669944273466594
2021-08-13,HYBE,352820.KS,301000.0,303000.0,296500.0,299000.0,297398.8125,162223,-0.0148271344324094,-0.015829457588160033,0.0010023231557506323
2021-08-17,HYBE,352820.KS,299500.0,303500.0,289000.0,291500.0,289939.0,222761,-0.0250835315625209,-0.027501038133879937,0.0024175065713590363
2021-08-18,HYBE,352820.KS,289500.0,295000.0,282000.0,293000.0,291430.96875,174415,0.0051458022204671,0.014797349809324964,-0.009651547588857865
2021-08-19,HYBE,352820.KS,290500.0,294000.0,285000.0,285000.0,283473.8125,158306,-0.0273037429211098,-0.03218288552617073,0.004879142605060935
2021-08-20,HYBE,352820.KS,284000.0,290500.0,267500.0,274000.0,272532.71875,374222,-0.0385964885204342,-0.044357657389600534,0.005761168869166333
2021-08-23,HYBE,352820.KS,274500.0,284500.0,274500.0,283500.0,281981.84375,140378,0.0346715251047264,0.05678060913534957,-0.022109084030623165
2021-08-24,HYBE,352820.KS,286000.0,292000.0,286000.0,288500.0,286955.09375,132347,0.0176367738215414,0.051648776749542526,-0.03401200292800113
2021-08-25,HYBE,352820.KS,288500.0,290000.0,283500.0,285500.0,283971.125,100549,-0.0103987307247442,0.009871001158222033,-0.020269731882966234
2021-08-26,HYBE,352820.KS,287500.0,289500.0,285000.0,287000.0,285463.09375,92775,0.0052539452734852,0.019575485343610033,-0.014321540070124834
2021-08-27,HYBE,352820.KS,286500.0,288000.0,283000.0,284500.0,282976.46875,90563,-0.0087108458306617,-0.017986921968419268,0.009276076137757569
2021-08-30,HYBE,352820.KS,289500.0,291500.0,286000.0,286000.0,284468.4375,107789,0.005272412779022,-0.0278218840917223,0.033094296870744305
2021-08-31,HYBE,352820.KS,286500.0,290500.0,280500.0,289500.0,287949.71875,185294,0.0122378471249555,0.0041729511331412665,0.008064895991814234
2021-09-01,HYBE,352820.KS,288500.0,291000.0,285000.0,286000.0,284468.4375,98641,-0.0120898928643249,-0.004756561778199934,-0.007333331086124966
2021-09-02,HYBE,352820.KS,287000.0,287000.0,280500.0,280500.0,278997.875,125291,-0.0192308241577767,-0.025325861902261732,0.006095037744485034
2021-09-03,HYBE,352820.KS,284500.0,284500.0,279500.0,281000.0,279495.25,115176,0.0017827196712518,-0.020198028424443567,0.021980748095695366
2021-09-06,HYBE,352820.KS,280500.0,288000.0,279500.0,286500.0,284965.78125,129959,0.0195728952459837,0.001998858713711567,0.01757403653227213
2021-09-07,HYBE,352820.KS,286500.0,288000.0,284500.0,286000.0,284468.4375,92619,-0.0017452753373349,0.024312417539615234,-0.026057692876950134
2021-09-08,HYBE,352820.KS,286000.0,287000.0,278500.0,280000.0,278500.59375,131121,-0.0209789310984632,-0.046641821401234,0.0256628903027708
2021-09-09,HYBE,352820.KS,280000.0,283500.0,276000.0,278000.0,276511.3125,133423,-0.0071428258849088,-0.0040260023548246,-0.0031168235300842
2021-09-10,HYBE,352820.KS,276500.0,279500.0,251000.0,269500.0,268056.78125,743729,-0.0305757155957226,-0.006771983632273,-0.0238037319634496
2021-09-13,HYBE,352820.KS,265500.0,273500.0,260500.0,264000.0,262586.28125,195104,-0.0204079895852289,-0.015319790181451999,-0.005088199403776902
2021-09-14,HYBE,352820.KS,267000.0,285000.0,267000.0,283500.0,281981.84375,402730,0.0738635788879393,0.016626482848391032,0.05723709603954827
2021-09-15,HYBE,352820.KS,282000.0,286500.0,279500.0,279500.0,278003.25,135386,-0.0141093968926855,0.0057150898511432666,-0.019824486743828765
2021-09-16,HYBE,352820.KS,283000.0,283000.0,274500.0,276500.0,275019.34375,113301,-0.0107333502396105,-0.0025924604610145334,-0.008140889778595967
2021-09-17,HYBE,352820.KS,276000.0,278000.0,270000.0,276500.0,275019.34375,224161,0.0,0.004291895487032667,-0.004291895487032667
2021-09-23,HYBE,352820.KS,276000.0,279500.0,270500.0,270500.0,269051.46875,145097,-0.0216998372500842,-0.014231193263350298,-0.007468643986733902
2021-09-24,HYBE,352820.KS,271000.0,275500.0,267500.0,268000.0,266564.875,121739,-0.0092420746169964,-0.010427124088231467,0.0011850494712350671
2021-09-27,HYBE,352820.KS,268000.0,283000.0,268000.0,278000.0,276511.3125,199399,0.0373133838432389,0.005906710924519933,0.031406672918718966
2021-09-28,HYBE,352820.KS,287500.0,294500.0,281500.0,283500.0,281981.84375,416036,0.0197841137150582,0.022782037585099068,-0.0029979238700408688
2021-09-29,HYBE,352820.KS,276500.0,289000.0,276500.0,287000.0,285463.09375,227365,0.0123456530168886,0.0077517002280543005,0.004593952788834299
2021-09-30,HYBE,352820.KS,290000.0,302500.0,289000.0,298500.0,296901.53125,493052,0.0400697594555512,0.07495837685206784,-0.03488861739651664
2021-10-01,HYBE,352820.KS,299500.0,302000.0,287000.0,291500.0,289939.0,325950,-0.0234506410953379,-0.0021776166778127667,-0.02127302441752513
2021-10-05,HYBE,352820.KS,288000.0,300000.0,288000.0,293000.0,291430.96875,362265,0.0051458022204671,0.07097781526255446,-0.06583201304208737
2021-10-06,HYBE,352820.KS,297000.0,297500.0,283000.0,283000.0,281484.53125,234461,-0.0341296518440098,-0.008498243824047567,-0.025631408019962235
2021-10-07,HYBE,352820.KS,286000.0,296500.0,285000.0,291500.0,289939.0,256879,0.0300352872410285,-0.000610498340238601,0.030645785581267102
2021-10-08,HYBE,352820.KS,291500.0,295000.0,280500.0,281000.0,279495.25,243559,-0.0360205077619775,-0.016515859857582166,-0.019504647904395336
2021-10-12,HYBE,352820.KS,281000.0,282000.0,272000.0,275500.0,274024.71875,162190,-0.0195728952459836,-0.039513519270852,0.019940624024868396
2021-10-13,HYBE,352820.KS,272500.0,279500.0,272500.0,274500.0,273030.03125,105066,-0.0036299188793529,0.0030123442217006003,-0.0066422631010535005
2021-10-14,HYBE,352820.KS,274500.0,288500.0,273500.0,288500.0,286955.09375,258404,0.0510019444976348,0.0366115383472734,0.014390406150361405
2021-10-15,HYBE,352820.KS,290000.0,308500.0,290000.0,306500.0,304858.65625,757313,0.0623915131320089,-0.002494129606690166,0.06488564273869907
2021-10-18,HYBE,352820.KS,307500.0,310500.0,303500.0,305000.0,303366.71875,332715,-0.0048938662865998,-0.010607026345271832,0.005713160058672033
2021-10-19,HYBE,352820.KS,309000.0,324500.0,306500.0,322000.0,320275.65625,506796,0.0557376154169844,0.027807929267101534,0.02792968614988287
2021-10-20,HYBE,352820.KS,326000.0,338000.0,315000.0,319500.0,317789.0625,769351,-0.0077639174301121,0.0716338059647534,-0.07939772339486549
2021-10-21,HYBE,352820.KS,321500.0,335500.0,315000.0,330500.0,328730.15625,534501,0.0344287926838262,-0.008998705695032033,0.04342749837885823
2021-10-22,HYBE,352820.KS,331000.0,334000.0,316000.0,325000.0,323259.59375,486408,-0.0166414987976936,-0.012089035937800035,-0.0045524628598935645
2021-10-25,HYBE,352820.KS,324500.0,329500.0,319000.0,326000.0,324254.28125,248602,0.0030770548476568,-0.0019477524628322338,0.005024807310489034
2021-10-26,HYBE,352820.KS,328000.0,347000.0,325500.0,342000.0,340168.59375,716852,0.04907972976841,0.08224968878353604,-0.033169959015126045
2021-10-27,HYBE,352820.KS,343000.0,349500.0,337000.0,348500.0,346633.75,429359,0.0190057411788915,0.009781277840252501,0.009224463338638998
2021-10-28,HYBE,352820.KS,346000.0,349000.0,330500.0,333500.0,331714.09375,454192,-0.0430415568305163,-0.04346036367961146,0.00041880684909515603
2021-10-29,HYBE,352820.KS,337500.0,342000.0,330500.0,335000.0,333206.03125,248223,0.0044976608715467,0.011252889132545,-0.0067552282609983
2021-11-01,HYBE,352820.KS,340000.0,350000.0,338000.0,348500.0,346633.75,416317,0.0402985465167806,0.016573311263234202,0.0237252352535464
2021-11-02,HYBE,352820.KS,352500.0,358500.0,345000.0,348000.0,346136.4375,319505,-0.0014346915151799,0.009609562716890433,-0.011044254232070333
2021-11-03,HYBE,352820.KS,349000.0,356000.0,341000.0,346500.0,344644.46875,264872,-0.0043103487190654,-0.024740965654640668,0.02043061693557527
2021-11-04,HYBE,352820.KS,354000.0,372500.0,340000.0,356500.0,354590.9375,941627,0.0288600852527101,-0.010477784131596201,0.0393378693843063
2021-11-05,HYBE,352820.KS,360500.0,388000.0,357000.0,383500.0,381446.34375,809898,0.075736301777312,-0.007357296422812368,0.08309359820012437
2021-11-08,HYBE,352820.KS,383500.0,397500.0,380500.0,392500.0,390398.15625,428618,0.023468077874321,0.029455178384783936,-0.0059871005104629345
2021-11-09,HYBE,352820.KS,390000.0,394500.0,383000.0,389000.0,386916.875,323922,-0.0089172584303156,0.022693811436857298,-0.031611069867172895
2021-11-10,HYBE,352820.KS,390500.0,396500.0,377000.0,385000.0,382938.3125,351257,-0.0102827319175469,-0.042078429490879365,0.03179569757333246
2021-11-11,HYBE,352820.KS,379000.0,390500.0,378000.0,389000.0,386916.875,278757,0.0103895650294849,0.022095578944843864,-0.011706013915358963
2021-11-12,HYBE,352820.KS,393000.0,401500.0,389000.0,396500.0,394376.71875,311455,0.0192802233037781,-0.015964360093467866,0.03524458339724597
2021-11-15,HYBE,352820.KS,398500.0,413500.0,396500.0,407000.0,404820.5,266892,0.0264817387879847,0.021573938994031438,0.004907799793953262
2021-11-16,HYBE,352820.KS,410000.0,418000.0,404500.0,414000.0,411783.0,318155,0.0171989807828407,-0.008978767612286132,0.026177748395126835
2021-11-17,HYBE,352820.KS,418000.0,421500.0,408500.0,414000.0,411783.0,298647,0.0,0.0286664517141391,-0.0286664517141391
2021-11-18,HYBE,352820.KS,414000.0,419000.0,395000.0,412500.0,410291.03125,379310,-0.0036231917053399,-0.03299284728261393,0.029369655577274032
2021-11-19,HYBE,352820.KS,413000.0,416000.0,400000.0,400500.0,398355.28125,329932,-0.0290909356795744,-0.03380011087230977,0.004709175192735369
2021-11-22,HYBE,352820.KS,395000.0,397500.0,370000.0,392500.0,390398.15625,566563,-0.0199749454181485,-0.031768539484888995,0.011793594066740496
2021-11-23,HYBE,352820.KS,390500.0,406000.0,382000.0,392500.0,390398.15625,289318,0.0,-0.022252357176827966,0.022252357176827966
2021-11-24,HYBE,352820.KS,390000.0,394000.0,374000.0,386000.0,383932.9375,317948,-0.0165605770583092,0.019960154871567565,-0.03652073192987677
2021-11-25,HYBE,352820.KS,382500.0,394000.0,382000.0,385500.0,383435.625,236016,-0.0012953108509998,-0.015160912081534401,0.013865601230534602
2021-11-26,HYBE,352820.KS,388500.0,393500.0,366000.0,372000.0,370007.90625,362043,-0.0350194866478564,-0.05146709911889854,0.016447612471042136
2021-11-29,HYBE,352820.KS,360500.0,386500.0,360000.0,369000.0,367023.96875,371140,-0.0080645236212435,-0.011473594765672598,0.0034090711444290985
2021-11-30,HYBE,352820.KS,377500.0,380000.0,357500.0,364500.0,362548.0625,532093,-0.0121951333730162,-0.02834834972063623,0.016153216347620028
2021-12-01,HYBE,352820.KS,365000.0,369500.0,342500.0,352500.0,350612.34375,409117,-0.03292175571894,-0.0017551277116701336,-0.031166628007269867
2021-12-02,HYBE,352820.KS,344000.0,346000.0,328500.0,330000.0,328232.84375,508738,-0.0638297549956126,-0.0366698906808018,-0.027159864314810794
2021-12-03,HYBE,352820.KS,333500.0,358500.0,330000.0,354500.0,352601.625,545016,0.0742423609154743,0.0767899237112174,-0.0025475627957430996
2021-12-06,HYBE,352820.KS,347500.0,349500.0,334000.0,335000.0,333206.03125,365913,-0.0550071025622754,-0.017830057059739633,-0.03717704550253577
2021-12-07,HYBE,352820.KS,340000.0,344500.0,336000.0,339500.0,337681.96875,215082,0.0134329426247443,0.030881366233772068,-0.01744842360902777
2021-12-08,HYBE,352820.KS,344000.0,348500.0,337500.0,341000.0,339173.9375,392299,0.0044182659664144,8.574919209689928e-05,0.0043325167743175005
2021-12-09,HYBE,352820.KS,345500.0,361000.0,344500.0,354500.0,352601.625,541135,0.0395893847238777,0.014545029461538067,0.025044355262339633
2021-12-10,HYBE,352820.KS,350000.0,356500.0,345000.0,352000.0,350115.0,196627,-0.0070522221784996,-0.009485354217488534,0.002433132038988934
2021-12-13,HYBE,352820.KS,351500.0,353000.0,336500.0,337500.0,335692.6875,271751,-0.0411930722762521,-0.010034026053912867,-0.031159046222339233
2021-12-14,HYBE,352820.KS,332000.0,339000.0,329000.0,331500.0,329724.78125,207992,-0.0177778857634484,-0.013766338770525065,-0.004011546992923333
2021-12-15,HYBE,352820.KS,328500.0,336000.0,328500.0,332500.0,330719.4375,118317,0.0030166257028945,-0.011427116544091167,0.014443742246985667
2021-12-16,HYBE,352820.KS,338000.0,338000.0,330500.0,333000.0,331216.75,108315,0.0015037292750597,0.016902248962804733,-0.015398519687745034
2021-12-17,HYBE,352820.KS,329500.0,334500.0,328500.0,331000.0,329227.5,108623,-0.0060058858738273,-0.012735201081992298,0.006729315208164998
2021-12-20,HYBE,352820.KS,331000.0,338000.0,324500.0,325000.0,323259.59375,141983,-0.0181269980484619,-0.0200323473413203,0.0019053492928584013
2021-12-21,HYBE,352820.KS,325500.0,338500.0,323000.0,337000.0,335195.34375,186791,0.0369231114273773,0.02863444507435953,0.008288666353017771
2021-12-22,HYBE,352820.KS,340000.0,345000.0,334500.0,341000.0,339173.9375,196987,0.0118694779751098,0.017416487751185466,-0.005547009776075666
2021-12-23,HYBE,352820.KS,346000.0,347500.0,339500.0,341000.0,339173.9375,153526,0.0,-0.017473477494863266,0.017473477494863266
2021-12-24,HYBE,352820.KS,341000.0,345000.0,339500.0,340500.0,338676.59375,125893,-0.0014663383444667,0.0055752573212865,-0.0070415956657532
2021-12-27,HYBE,352820.KS,338000.0,343000.0,335500.0,341000.0,339173.9375,153394,0.0014684916500817,0.018976941384689066,-0.017508449734607367
2021-12-28,HYBE,352820.KS,341500.0,362000.0,341500.0,358000.0,356082.90625,485820,0.0498533845926767,0.04880092259444504,0.0010524619982316616
2021-12-29,HYBE,352820.KS,364000.0,364000.0,346500.0,349500.0,347628.4375,334231,-0.0237429783952174,-0.02376835958845397,2.538119323657051e-05
2021-12-30,HYBE,352820.KS,350000.0,356000.0,345500.0,349000.0,347131.09375,143001,-0.001430676251853,-0.0010618978757331,-0.0003687783761198999
2022-01-04,HYBE,352820.KS,350500.0,351500.0,336000.0,337500.0,335692.6875,223248,-0.0329512580576772,-0.03853205056329997,0.005580792505622767
2022-01-05,HYBE,352820.KS,332500.0,336000.0,310500.0,314000.0,312318.5,500313,-0.0696297189970812,-0.034260707926973936,-0.035369011070107266
2022-01-06,HYBE,352820.KS,308000.0,308500.0,296500.0,298500.0,296901.53125,459978,-0.0493629700129835,-0.050870799039605764,0.0015078290266222621
2022-01-07,HYBE,352820.KS,302500.0,307500.0,300500.0,302500.0,300880.09375,223108,0.0134002761226916,0.017673988105865568,-0.004273711983173967
2022-01-10,HYBE,352820.KS,302000.0,302000.0,289000.0,295500.0,293917.5625,275890,-0.0231405513180448,-0.010360778185030567,-0.012779773133014235
2022-01-11,HYBE,352820.KS,294000.0,300500.0,288000.0,289000.0,287452.40625,209051,-0.0219964951907221,0.011755952536099132,-0.03375244772682123
2022-01-12,HYBE,352820.KS,295500.0,302500.0,293000.0,297000.0,295409.53125,223419,0.027681539019992,0.015010666685251734,0.012670872334740265
2022-01-13,HYBE,352820.KS,298500.0,299000.0,288000.0,291500.0,289939.0,179105,-0.0185184656258445,0.0005886116737969001,-0.0191070772996414
2022-01-14,HYBE,352820.KS,284500.0,285000.0,276500.0,284000.0,282479.15625,282689,-0.0257290111023352,-0.020504107441374434,-0.005224903660960765
2022-01-17,HYBE,352820.KS,281000.0,286500.0,278000.0,280000.0,278500.59375,142574,-0.0140844462749629,0.0035684026825031335,-0.017652848957466032
2022-01-18,HYBE,352820.KS,280000.0,284500.0,276500.0,277500.0,276014.0,151095,-0.0089285043041312,-0.0011803340066656332,-0.0077481702974655665
2022-01-19,HYBE,352820.KS,273000.0,276500.0,267000.0,274500.0,273030.03125,268812,-0.0108109325976218,-0.0302347708128075,0.0194238382151857
2022-01-20,HYBE,352820.KS,275500.0,289000.0,275000.0,288000.0,286457.71875,263490,0.0491802584445553,0.05583465859665376,-0.006654400152098464
2022-01-21,HYBE,352820.KS,286000.0,293500.0,281000.0,285000.0,283473.8125,249274,-0.0104165678028181,-0.0047788656304654994,-0.005637702172352601
2022-01-24,HYBE,352820.KS,283500.0,285000.0,275000.0,277000.0,275516.625,192988,-0.0280702736870976,-0.053590680249752366,0.025520406562654765
2022-01-25,HYBE,352820.KS,280000.0,281500.0,269000.0,271000.0,269548.78125,180016,-0.0216605576886693,-0.009338625853957732,-0.012321931834711567
2022-01-26,HYBE,352820.KS,271500.0,272500.0,251000.0,251500.0,250153.203125,430078,-0.0719557255464311,0.0,-0.0719557255464311
2022-01-27,HYBE,352820.KS,250000.0,255000.0,241500.0,241500.0,240206.75,309387,-0.0397614461887574,-0.0933579857179198,0.0535965395291624
2022-01-28,HYBE,352820.KS,244500.0,244500.0,229500.0,237000.0,235730.859375,408005,-0.0186334922936178,0.06752130147334917,-0.08615479376696697
2022-02-03,HYBE,352820.KS,244500.0,247000.0,237500.0,238000.0,236725.5,207469,0.0042193908240826,0.038909655920572266,-0.03469026509648967
2022-02-04,HYBE,352820.KS,235000.0,264500.0,235000.0,260000.0,258607.6875,353247,0.092436968133978,0.06699521267299784,0.025441755460980167
2022-02-07,HYBE,352820.KS,262500.0,262500.0,246000.0,249500.0,248163.921875,330953,-0.0403845907519667,0.0037828823102356336,-0.04416747306220234
2022-02-08,HYBE,352820.KS,249500.0,249500.0,249500.0,249500.0,248163.921875,0,0.0,0.0,0.0
2022-02-09,HYBE,352820.KS,264000.0,265000.0,255500.0,258000.0,256618.390625,178164,0.0340680816378236,0.0,0.0340680816378236
2022-02-10,HYBE,352820.KS,261000.0,265000.0,253000.0,255000.0,253634.453125,204104,-0.0116279175967574,-0.0066767261028259665,-0.004951191493931434
2022-02-11,HYBE,352820.KS,250000.0,258000.0,245500.0,252000.0,250650.515625,184851,-0.0117647167537188,-0.011523895607322766,-0.00024082114639603462
2022-02-14,HYBE,352820.KS,247500.0,256000.0,243000.0,254000.0,252639.8125,167918,0.0079365361369381,-0.0021859829530905,0.0101225190900286
2022-02-15,HYBE,352820.KS,254000.0,254500.0,237000.0,239000.0,237720.125,299085,-0.0590551716784543,-0.010885626761732367,-0.048169544916721936
2022-02-16,HYBE,352820.KS,245000.0,258500.0,241500.0,256500.0,255126.4375,309210,0.0732218717283612,0.05384155539594887,0.01938031633241233
2022-02-17,HYBE,352820.KS,260000.0,268500.0,254000.0,260000.0,258607.6875,468439,0.0136451950417721,-0.009837246100196467,0.02348244114196857
2022-02-18,HYBE,352820.KS,255500.0,265000.0,255000.0,262500.0,261094.3125,234132,0.009615433415915,0.008097501363481066,0.0015179320524339335
2022-02-21,HYBE,352820.KS,259000.0,276500.0,257500.0,275500.0,274024.71875,478340,0.0495238909120243,0.04056411858539973,0.008959772326624565
2022-02-22,HYBE,352820.KS,275500.0,275500.0,275500.0,275500.0,274024.71875,0,0.0,0.0,0.0
2022-02-23,HYBE,352820.KS,282500.0,289500.0,280500.0,281500.0,279992.5625,536597,0.0217784869088566,0.0,0.0217784869088566
2022-02-24,HYBE,352820.KS,279500.0,289000.0,277000.0,283000.0,281484.53125,461796,0.0053286013624023,0.017149772100312235,-0.011821170737909935
2022-02-25,HYBE,352820.KS,289500.0,292000.0,282000.0,286500.0,284965.78125,305530,0.012367464686392,0.037882409958326035,-0.025514945271934035
2022-02-28,HYBE,352820.KS,286500.0,286500.0,286500.0,286500.0,284965.78125,0,0.0,0.0,0.0
2022-03-02,HYBE,352820.KS,286500.0,289500.0,282000.0,286500.0,284965.78125,166979,0.0,0.038140038623965235,-0.038140038623965235
2022-03-03,HYBE,352820.KS,287500.0,288000.0,277000.0,278500.0,277008.59375,330762,-0.0279233087744635,-0.0123455922168838,-0.015577716557579701
2022-03-04,HYBE,352820.KS,278500.0,278500.0,278500.0,278500.0,277008.59375,0,0.0,0.0,0.0
2022-03-07,HYBE,352820.KS,270500.0,280500.0,270000.0,276500.0,275019.34375,177007,-0.0071811851505058,0.0006683756120583993,-0.0078495607625642
2022-03-08,HYBE,352820.KS,273000.0,276500.0,270000.0,274000.0,272532.71875,178639,-0.0090416367303254,-0.015829081487512598,0.0067874447571871985
2022-03-10,HYBE,352820.KS,274000.0,274000.0,274000.0,274000.0,272532.71875,0,0.0,0.0,0.0
2022-03-11,HYBE,352820.KS,287000.0,289500.0,282000.0,284000.0,282479.15625,224499,0.0364963060054601,0.05102488319175338,-0.01452857718629328
2022-03-14,HYBE,352820.KS,286500.0,289500.0,280000.0,285000.0,283473.8125,206924,0.0035211668825565,0.015054096341629302,-0.011532929459072801
2022-03-15,HYBE,352820.KS,285000.0,285000.0,285000.0,285000.0,283473.8125,0,0.0,0.0,0.0
2022-03-16,HYBE,352820.KS,285000.0,285000.0,285000.0,285000.0,283473.8125,0,0.0,-0.00017683126004546662,0.00017683126004546662
2022-03-17,HYBE,352820.KS,285000.0,285000.0,285000.0,285000.0,283473.8125,0,0.0,0.0,0.0
2022-03-18,HYBE,352820.KS,281500.0,287000.0,281000.0,285500.0,283971.125,211348,0.0017543507656461,-0.018954788118048235,0.020709138883694335
2022-03-21,HYBE,352820.KS,285500.0,285500.0,285500.0,285500.0,283971.125,0,0.0,-0.0113289664743679,0.0113289664743679
2022-03-22,HYBE,352820.KS,283000.0,289000.0,282000.0,289000.0,287452.40625,158891,0.0122592790023985,0.04986032449622497,-0.037601045493826465
2022-03-23,HYBE,352820.KS,294500.0,306000.0,292000.0,297500.0,295906.875,402162,0.0294117167439784,-0.007231267297157434,0.036642984041135834
2022-03-24,HYBE,352820.KS,297500.0,301000.0,293500.0,300000.0,298393.5,157070,0.0084034039425411,0.015693628581979435,-0.007290224639438335
2022-03-25,HYBE,352820.KS,301000.0,303000.0,297500.0,301000.0,299388.125,149546,0.0033332663077445,-0.00011327635057586649,0.0034465426583203665
2022-03-28,HYBE,352820.KS,301000.0,301000.0,301000.0,301000.0,299388.125,0,0.0,-0.020914497103336566,0.020914497103336566
2022-03-29,HYBE,352820.KS,298500.0,303000.0,297000.0,299000.0,297398.8125,111160,-0.0066445938695798,0.004886154683839234,-0.011530748553419033
2022-03-30,HYBE,352820.KS,302500.0,312000.0,299500.0,309500.0,307842.625,297512,0.035117196374145,0.04390200363900257,-0.008784807264857565
2022-03-31,HYBE,352820.KS,310000.0,313500.0,307500.0,309500.0,307842.625,151625,0.0,0.010692839036672534,-0.010692839036672534
2022-04-01,HYBE,352820.KS,307500.0,329500.0,304000.0,323000.0,321270.3125,715079,0.0436186752890377,0.03886657511687363,0.00475210017216407
2022-04-04,HYBE,352820.KS,333000.0,334500.0,308500.0,313500.0,311821.21875,561925,-0.0294116617139966,-0.020758094389044034,-0.008653567324952566
2022-04-05,HYBE,352820.KS,313500.0,317500.0,306500.0,311500.0,309831.90625,182959,-0.0063796572535204,-0.030367597033741003,0.023987939780220603
2022-04-06,HYBE,352820.KS,308000.0,311000.0,299000.0,300000.0,298393.5,266799,-0.0369181030722203,-0.004280519463777533,-0.032637583608442766
2022-04-07,HYBE,352820.KS,295000.0,303500.0,289500.0,290000.0,288447.03125,270975,-0.0333333961698227,-0.021234417509701967,-0.012098978660120732
2022-04-08,HYBE,352820.KS,293500.0,296500.0,282000.0,283500.0,281981.84375,274873,-0.0224137772262129,0.010006292999848168,-0.03242007022606107
2022-04-11,HYBE,352820.KS,286500.0,295000.0,281000.0,282000.0,280489.875,258351,-0.0052910099819147,-0.014898355902407267,0.009607345920492567
2022-04-12,HYBE,352820.KS,279000.0,285000.0,276500.0,283500.0,281981.84375,181292,0.0053191536771157,-0.006379494419399467,0.011698648096515166
2022-04-13,HYBE,352820.KS,287000.0,302500.0,286000.0,301500.0,299885.4375,320345,0.0634920089602399,0.013450048329543501,0.0500419606306964
2022-04-14,HYBE,352820.KS,299000.0,299500.0,292000.0,297000.0,295409.53125,194491,-0.0149253871322111,-0.0131167792228687,-0.0018086079093424003
2022-04-15,HYBE,352820.KS,294000.0,300000.0,287500.0,294000.0,292425.625,126475,-0.0101009139325121,0.022393556101398635,-0.03249447003391073
2022-04-18,HYBE,352820.KS,293500.0,293500.0,279000.0,279500.0,278003.25,267792,-0.0493198056770846,-0.0657438578724799,0.0164240521953953
2022-04-19,HYBE,352820.KS,280500.0,283500.0,279000.0,280000.0,278500.59375,121423,0.0017889853805665,0.017205311422282734,-0.015416326041716234
2022-04-20,HYBE,352820.KS,281500.0,281500.0,263500.0,264000.0,262586.28125,469129,-0.0571428314953098,-0.025182713013960165,-0.031960118481349636
2022-04-21,HYBE,352820.KS,263000.0,267000.0,257500.0,261000.0,259602.34375,235355,-0.0113636458302217,-0.0087060948335718,-0.0026575509966499013
2022-04-22,HYBE,352820.KS,260000.0,260000.0,253500.0,254500.0,253137.140625,222681,-0.0249042556072839,-0.02462536811502303,-0.00027888749226086945
2022-04-25,HYBE,352820.KS,248500.0,257000.0,246500.0,250500.0,249158.578125,168202,-0.0157170239427405,-0.005689156186712233,-0.010027867756028267
2022-04-26,HYBE,352820.KS,253000.0,264000.0,253000.0,260500.0,259105.0,252790,0.0399200458994832,0.02114760718451793,0.018772438714965266
2022-04-27,HYBE,352820.KS,253500.0,264000.0,251000.0,260500.0,259105.0,256788,0.0,0.007300448508528867,-0.007300448508528867
2022-04-28,HYBE,352820.KS,263000.0,263500.0,256000.0,259000.0,257613.046875,149230,-0.0057581024102197,-0.0182977360101111,0.012539633599891402
2022-04-29,HYBE,352820.KS,259500.0,260500.0,251000.0,251500.0,250153.203125,224108,-0.02895755413203,0.004804927436997,-0.033762481569027
2022-05-02,HYBE,352820.KS,247500.0,253500.0,244500.0,252500.0,251147.84375,146391,0.003976125880359,-0.008227956415552165,0.012204082295911165
2022-05-03,HYBE,352820.KS,253500.0,257000.0,251500.0,253500.0,252142.5,154984,0.0039604411296085,0.015728652196933497,-0.011768211067324997
2022-05-04,HYBE,352820.KS,255000.0,256000.0,245000.0,247000.0,245677.296875,273895,-0.0256410685425899,0.0009714729816577665,-0.026612541524247666
2022-05-06,HYBE,352820.KS,245000.0,249000.0,240000.0,241000.0,239709.4375,198883,-0.0242914565200399,-0.0114262939651098,-0.0128651625549301
2022-05-10,HYBE,352820.KS,229500.0,233000.0,219000.0,230500.0,229265.65625,350101,-0.0435685025959814,-0.05409359442633737,0.010525091830355972
2022-05-11,HYBE,352820.KS,230000.0,234000.0,226000.0,228000.0,226779.046875,172713,-0.0108459741230867,0.0007575706474539333,-0.011603544770540633
2022-05-12,HYBE,352820.KS,221500.0,225000.0,211500.0,213000.0,211859.375,405107,-0.0657894637118908,-0.0570094982698651,-0.008779965442025701
2022-05-13,HYBE,352820.KS,213000.0,218000.0,211500.0,215000.0,213848.65625,246632,0.0093896305037244,0.0309200005929593,-0.021530370089234897
2022-05-16,HYBE,352820.KS,216500.0,222000.0,213000.0,215500.0,214345.96875,185060,0.0023255348372104,0.024584795311805935,-0.022259260474595536
2022-05-17,HYBE,352820.KS,215000.0,222000.0,215000.0,219000.0,217827.25,131418,0.01624141228455,0.04621816462475944,-0.02997675234020944
2022-05-18,HYBE,352820.KS,222500.0,226500.0,219500.0,220000.0,218821.890625,206231,0.0045661900657516,0.011905669174561631,-0.007339479108810032
2022-05-19,HYBE,352820.KS,212000.0,221500.0,212000.0,218500.0,217329.9375,145862,-0.0068181164175973,-0.025033031786852233,0.018214915369254934
2022-05-20,HYBE,352820.KS,219000.0,221000.0,213000.0,221000.0,219816.515625,277547,0.0114414891643725,0.012470235797805568,-0.001028746633433067
2022-05-23,HYBE,352820.KS,220500.0,221500.0,217500.0,221000.0,219816.515625,131124,0.0,-0.0264893931008218,0.0264893931008218
2022-05-24,HYBE,352820.KS,221000.0,221000.0,215000.0,215500.0,214345.96875,114706,-0.0248868783105113,-0.0114082820634483,-0.013478596247063
2022-05-25,HYBE,352820.KS,216500.0,221000.0,216000.0,219500.0,218324.578125,124760,0.018561624453224,0.0149825895895327,0.003579034863691299
2022-05-26,HYBE,352820.KS,220000.0,221500.0,213500.0,214500.0,213351.328125,133881,-0.022779157723381,-0.0111247007769426,-0.011654456946438399
2022-05-27,HYBE,352820.KS,219500.0,226500.0,215500.0,218500.0,217329.9375,253460,0.0186481584622195,0.019536677678202666,-0.0008885192159831662
2022-05-30,HYBE,352820.KS,222500.0,228000.0,220500.0,228000.0,226779.046875,214345,0.0434781764707405,0.026153251520560635,0.017324924950179867
2022-05-31,HYBE,352820.KS,228000.0,233000.0,225500.0,231000.0,229762.984375,242955,0.0131579065223108,-0.0008444605997035,0.0140023671220143
2022-06-02,HYBE,352820.KS,232000.0,232500.0,224500.0,227000.0,225784.40625,137833,-0.0173160099561837,-0.026078102385163,0.008762092428979303
2022-06-03,HYBE,352820.KS,229000.0,232000.0,227500.0,228000.0,226779.046875,137854,0.0044052671374421,0.0006961617906086999,0.0037091053468334004
2022-06-07,HYBE,352820.KS,229500.0,230000.0,220000.0,221500.0,220313.859375,146529,-0.0285087515318979,-0.014713680849994965,-0.013795070681902935
2022-06-08,HYBE,352820.KS,221500.0,226000.0,220000.0,222000.0,220811.171875,102544,0.002257291036573,0.04672382356274173,-0.04446653252616873
2022-06-09,HYBE,352820.KS,222000.0,228000.0,221000.0,227500.0,226281.71875,196150,0.0247747739779073,0.018681014903261933,0.006093759074645367
2022-06-10,HYBE,352820.KS,223500.0,225500.0,220000.0,223500.0,222303.140625,160657,-0.0175824107531885,-0.0050855418695211,-0.012496868883667401
2022-06-13,HYBE,352820.KS,216000.0,217500.0,198500.0,199000.0,197934.34375,454935,-0.1096196698188235,-0.04253421718280953,-0.06708545263601397
2022-06-14,HYBE,352820.KS,192000.0,196000.0,184500.0,193000.0,191966.46875,499366,-0.0301507807434251,-0.021641256809306435,-0.008509523934118666
2022-06-15,HYBE,352820.KS,168000.0,168500.0,139000.0,145000.0,144223.515625,4212828,-0.2487046484517885,-0.028589106767970968,-0.22011554168381753
2022-06-16,HYBE,352820.KS,148000.0,158000.0,139000.0,148000.0,147207.453125,2713956,0.0206896738515141,0.019555944027055603,0.001133729824458498
2022-06-17,HYBE,352820.KS,141000.0,153000.0,140500.0,148500.0,147704.765625,879832,0.003378310604815,-0.0150394803296974,0.0184177909345124
2022-06-20,HYBE,352820.KS,151500.0,152000.0,145500.0,149500.0,148699.40625,489287,0.0067339778834574,-0.008067950574716166,0.014801928458173566
2022-06-21,HYBE,352820.KS,150000.0,151500.0,139500.0,149500.0,148699.40625,506620,0.0,-0.00017923805147173323,0.00017923805147173323
2022-06-22,HYBE,352820.KS,152000.0,152500.0,139500.0,139500.0,138752.984375,481524,-0.0668894525259746,-0.07854105415671807,0.011651601630743469
2022-06-23,HYBE,352820.KS,138000.0,146000.0,138000.0,139500.0,138752.984375,558128,0.0,-0.0424571539392373,0.0424571539392373
2022-06-24,HYBE,352820.KS,141000.0,149500.0,140500.0,148000.0,147207.453125,406847,0.0609317975255261,0.0829126841863244,-0.021980886660798303
2022-06-27,HYBE,352820.KS,150000.0,154000.0,144000.0,152000.0,151186.03125,395216,0.0270270155521379,0.020833316521893932,0.0061936990302439675
2022-06-28,HYBE,352820.KS,151000.0,151000.0,142500.0,147000.0,146212.8125,538781,-0.0328946974061137,-0.02117492542373617,-0.01171977198237753
2022-06-29,HYBE,352820.KS,144000.0,150000.0,143500.0,148500.0,147704.765625,233353,0.0102039834915288,-0.021572730482408067,0.03177671397393687
2022-06-30,HYBE,352820.KS,147500.0,152000.0,144000.0,145500.0,144720.84375,248262,-0.020201933650372,-0.020330749410944666,0.00012881576057266475
2022-07-01,HYBE,352820.KS,146500.0,148000.0,139000.0,140000.0,139250.296875,253927,-0.0378006839460538,-0.012218704055360866,-0.025581979890692934
2022-07-04,HYBE,352820.KS,142500.0,146500.0,139500.0,142000.0,141239.578125,256569,0.0142856517698177,0.03294868498240087,-0.01866303321258317
2022-07-05,HYBE,352820.KS,142500.0,150500.0,142000.0,150000.0,149196.75,290363,0.0563381169827463,0.0162417256093642,0.0400963913733821
2022-07-06,HYBE,352820.KS,149000.0,156000.0,147000.0,149500.0,148699.40625,363099,-0.0033334757627092,0.03227986766065657,-0.035613343423365765
2022-07-07,HYBE,352820.KS,151000.0,164500.0,150500.0,158500.0,157651.234375,406439,0.0602008330144223,0.0074083478961664,0.0527924851182559
2022-07-08,HYBE,352820.KS,160500.0,170500.0,158500.0,164500.0,163619.09375,427550,0.0378548217440812,0.025826323909059434,0.01202849783502177
2022-07-11,HYBE,352820.KS,166000.0,168500.0,158500.0,159500.0,158645.875,217806,-0.0303951002051067,0.007371681399893501,-0.0377667816050002
2022-07-12,HYBE,352820.KS,158000.0,160000.0,152500.0,156000.0,155164.609375,188670,-0.0219436252282008,-0.014510448281776734,-0.0074331769464240655
2022-07-13,HYBE,352820.KS,156000.0,161000.0,155000.0,158500.0,157651.234375,131005,0.0160257226826148,0.028658737859335367,-0.012633015176720566
2022-07-14,HYBE,352820.KS,156500.0,165000.0,156500.0,163500.0,162624.453125,231449,0.0315457013052644,0.025718730443537063,0.005826970861727336
2022-07-15,HYBE,352820.KS,163500.0,164500.0,156000.0,156500.0,155661.9375,179481,-0.0428134606524907,-0.0045152928083315,-0.038298167844159195
2022-07-18,HYBE,352820.KS,158500.0,159000.0,150000.0,154500.0,153672.625,191737,-0.0127796976701514,-0.0011416551246067332,-0.011638042545544666
2022-07-19,HYBE,352820.KS,153000.0,154000.0,150500.0,152500.0,151683.359375,160410,-0.0129448275188895,0.0094021028225854,-0.022346930341474898
2022-07-20,HYBE,352820.KS,155500.0,158000.0,151000.0,153000.0,152180.6875,184814,0.0032787256759687,0.009179887058055834,-0.005901161382087134
2022-07-21,HYBE,352820.KS,152500.0,158500.0,152000.0,157000.0,156159.25,174637,0.0261436754253066,0.0035830023782929665,0.022560673047013632
2022-07-22,HYBE,352820.KS,158500.0,170000.0,157000.0,167000.0,166105.703125,521238,0.0636942936457494,-0.0087485821869484,0.0724428758326978
2022-07-25,HYBE,352820.KS,167000.0,178500.0,164500.0,176500.0,175554.84375,468714,0.0568863106276924,0.028704823513911532,0.028181487113780868
2022-07-26,HYBE,352820.KS,177000.0,178000.0,171000.0,172000.0,171078.9375,335739,-0.0254957718875245,-0.023687853044107404,-0.0018079188434170952
2022-07-27,HYBE,352820.KS,171000.0,173000.0,167000.0,167500.0,166603.015625,220878,-0.0261629043318087,-0.020036822062109567,-0.0061260822696991325
2022-07-28,HYBE,352820.KS,169000.0,173000.0,164000.0,169500.0,168592.3125,336241,0.0119403413409853,0.0028277569719486664,0.009112584369036633
2022-07-29,HYBE,352820.KS,172500.0,179500.0,170500.0,175500.0,174560.1875,340984,0.0353982628952906,0.010162483552151465,0.025235779343139135
2022-08-01,HYBE,352820.KS,176000.0,188000.0,172500.0,173500.0,172570.90625,512705,-0.0113959619228755,-0.0113297386879634,-6.622323491209912e-05
2022-08-02,HYBE,352820.KS,174000.0,174000.0,161000.0,165500.0,164613.75,522875,-0.0461094886902466,0.008176127936981968,-0.05428561662722857
2022-08-03,HYBE,352820.KS,166000.0,173500.0,164000.0,170500.0,169586.96875,330579,0.0302114419360473,0.03855562183877217,-0.008344179902724867
2022-08-04,HYBE,352820.KS,173500.0,178000.0,171500.0,173500.0,172570.90625,320473,0.0175953230486642,-0.0020729638566071335,0.019668286905271334
2022-08-05,HYBE,352820.KS,174000.0,176000.0,171000.0,175000.0,174062.859375,135121,0.0086454499047401,-0.0027549818969920662,0.011400431801732166
2022-08-08,HYBE,352820.KS,175500.0,179000.0,174000.0,177500.0,176549.484375,153497,0.0142857873812289,0.016395745817008835,-0.002109958435779935
2022-08-09,HYBE,352820.KS,177000.0,186000.0,176000.0,184000.0,183014.6875,304548,0.0366197791394711,0.0331778754141429,0.0034419037253281964
2022-08-10,HYBE,352820.KS,184500.0,186000.0,176000.0,177000.0,176052.15625,238348,-0.0380435654925236,-0.0350921123592441,-0.0029514531332794983
2022-08-11,HYBE,352820.KS,181000.0,181500.0,177500.0,180500.0,179533.40625,166745,0.0197739696812149,0.0317205219495625,-0.0119465522683476
2022-08-12,HYBE,352820.KS,181500.0,185000.0,180000.0,183000.0,182020.03125,203145,0.0138504863910251,0.012881352293969734,0.0009691340970553654
2022-08-16,HYBE,352820.KS,184500.0,190500.0,183000.0,187000.0,185998.609375,278176,0.0218579136465233,0.02045528193277023,0.0014026317137530685
2022-08-17,HYBE,352820.KS,187000.0,190000.0,183500.0,186000.0,185003.953125,231715,-0.0053476542289336,-0.04630746941040224,0.040959815181468635
2022-08-18,HYBE,352820.KS,183500.0,189500.0,180000.0,188000.0,186993.25,234636,0.0107527263142097,0.013963655019249033,-0.0032109287050393325
2022-08-19,HYBE,352820.KS,188500.0,196000.0,185000.0,186500.0,185501.28125,372611,-0.0079787305156736,-0.0298383555627649,0.021859625047091304
2022-08-22,HYBE,352820.KS,183000.0,187000.0,181000.0,184000.0,183014.6875,169332,-0.0134047254727519,-0.003757696169561599,-0.0096470293031903
2022-08-23,HYBE,352820.KS,182000.0,182500.0,172000.0,172500.0,171576.25,358340,-0.0625001067195768,-0.03034691121590913,-0.03215319550366767
2022-08-24,HYBE,352820.KS,173000.0,176500.0,169000.0,176000.0,175057.5,197180,0.0202898128383153,0.028040752728623965,-0.007750939890308665
2022-08-25,HYBE,352820.KS,176000.0,178500.0,172500.0,173500.0,172570.90625,199435,-0.0142044399697242,0.026777783481711864,-0.04098222345143607
2022-08-26,HYBE,352820.KS,174500.0,177500.0,172500.0,175500.0,174560.1875,152990,0.0115273269013154,-0.0052647847082793325,0.016792111609594734
2022-08-29,HYBE,352820.KS,167000.0,171500.0,164500.0,164500.0,163619.09375,320328,-0.0626780591078364,-0.034497459208033265,-0.028180599899803135
2022-08-30,HYBE,352820.KS,165000.0,170500.0,165000.0,170000.0,169089.640625,184450,0.0334346484240932,0.0277428557216919,0.005691792702401301
2022-08-31,HYBE,352820.KS,168000.0,183000.0,167000.0,181500.0,180528.0625,492139,0.0676470884480004,0.0160975434814715,0.051549544966528894
2022-09-01,HYBE,352820.KS,178500.0,178500.0,165500.0,166500.0,165608.375,427882,-0.082644699629455,-0.025514771402619835,-0.05712992822683517
2022-09-02,HYBE,352820.KS,168000.0,174000.0,167000.0,168500.0,167597.671875,240091,0.012012054794934,0.004740099910709266,0.007271954884224734
2022-09-05,HYBE,352820.KS,167000.0,175000.0,167000.0,167500.0,166603.015625,189623,-0.0059347856021642,-0.007902006421895735,0.001967220819731535
2022-09-06,HYBE,352820.KS,168000.0,170000.0,160000.0,160500.0,159640.515625,303572,-0.0417909602289049,0.0025449332349616,-0.044335893463866495
2022-09-07,HYBE,352820.KS,158500.0,161000.0,155000.0,158000.0,157153.90625,240922,-0.01557630508311,-0.0048509250944495,-0.0107253799886605
2022-09-08,HYBE,352820.KS,158000.0,161000.0,157500.0,158000.0,157153.90625,163232,0.0,0.014888476700866432,-0.014888476700866432
2022-09-13,HYBE,352820.KS,161000.0,165000.0,160500.0,162000.0,161132.46875,198394,0.0253163449444961,0.0022861900823918668,0.023030154862104232
2022-09-14,HYBE,352820.KS,154500.0,160000.0,153500.0,158500.0,157651.234375,172820,-0.0216047976053863,-0.041943523161121266,0.020338725555734967
2022-09-15,HYBE,352820.KS,158500.0,159000.0,154500.0,155500.0,154667.296875,143820,-0.018927460427631,-0.013394525353512902,-0.005532935074118098
2022-09-16,HYBE,352820.KS,155500.0,158000.0,153500.0,154000.0,153175.328125,121151,-0.0096463103716475,0.0708740180640368,-0.0805203284356843
2022-09-19,HYBE,352820.KS,158000.0,164000.0,156500.0,157500.0,156656.578125,293981,0.0227272240419755,-0.0217223615119905,0.044449585553966
2022-09-20,HYBE,352820.KS,158500.0,161500.0,157000.0,157500.0,156656.578125,118153,0.0,0.01845409338527883,-0.01845409338527883
2022-09-21,HYBE,352820.KS,156500.0,159500.0,153500.0,155500.0,154667.296875,131771,-0.0126983576036794,-0.0022291862206049004,-0.0104691713830745
2022-09-22,HYBE,352820.KS,152000.0,153000.0,146000.0,149000.0,148202.09375,199068,-0.041800711951571,-0.017835182743928465,-0.023965529207642534
2022-09-23,HYBE,352820.KS,147000.0,149000.0,143000.0,144000.0,143228.859375,145258,-0.033557112785392,-0.0289734943383797,-0.0045836184470123
2022-09-26,HYBE,352820.KS,141000.0,145500.0,138500.0,141000.0,140244.9375,206341,-0.0208332446967794,-0.03690141949848127,0.01606817480170187
2022-09-27,HYBE,352820.KS,140500.0,142000.0,137000.0,140000.0,139250.296875,222288,-0.0070921677654139,0.0323750605210085,-0.0394672282864224
2022-09-28,HYBE,352820.KS,138000.0,139000.0,129000.0,130000.0,129303.84375,323802,-0.0714285954731469,-0.07331761567623486,0.0018890202030879683
2022-09-29,HYBE,352820.KS,131500.0,137000.0,130500.0,132000.0,131293.140625,219709,0.0153846692975823,0.041736722195510334,-0.026352052897928035
2022-09-30,HYBE,352820.KS,130000.0,136000.0,129500.0,135000.0,134277.078125,173772,0.0227272916604435,0.021217507737270002,0.0015097839231734966
2022-10-04,HYBE,352820.KS,137000.0,138000.0,134000.0,134500.0,133779.75,136336,-0.0037037455085001,0.005928640351596066,-0.009632385860096166
2022-10-05,HYBE,352820.KS,137000.0,137500.0,127000.0,130000.0,129303.84375,299002,-0.0334572777270102,-0.05042423204752424,0.01696695432051404
2022-10-06,HYBE,352820.KS,129500.0,133000.0,129000.0,131000.0,130298.4921875,152272,0.0076923346487911,-0.0023806814735507333,0.010073016122341833
2022-10-07,HYBE,352820.KS,129500.0,130000.0,121000.0,123000.0,122341.328125,378378,-0.0610687347866589,-0.012733146330864966,-0.04833558845579393
2022-10-11,HYBE,352820.KS,119000.0,120500.0,114500.0,118500.0,117865.4296875,326980,-0.0365853347033051,-0.05559388441280857,0.01900854970950347
2022-10-12,HYBE,352820.KS,116500.0,118500.0,111000.0,114500.0,113886.84375,421362,-0.0337553254423161,0.039431424951294765,-0.07318675039361086
2022-10-13,HYBE,352820.KS,113000.0,114000.0,107000.0,109500.0,108913.625,396283,-0.0436680707467582,-0.026933693731650537,-0.016734377015107663
2022-10-14,HYBE,352820.KS,111500.0,119000.0,111500.0,118000.0,117368.1015625,457209,0.0776255180423937,0.06715552638094353,0.01046999166145017
2022-10-17,HYBE,352820.KS,113500.0,117000.0,109500.0,115000.0,114384.171875,425995,-0.0254236853776749,0.002523380870283767,-0.027947066247958667
2022-10-18,HYBE,352820.KS,116500.0,124000.0,115500.0,120500.0,119854.71875,560834,0.0478260827990979,-0.00032337749507476674,0.048149460294172663
2022-10-19,HYBE,352820.KS,121500.0,125000.0,118000.0,118500.0,117865.4296875,237888,-0.016597503070775,-0.028914736813902765,0.012317233743127765
2022-10-20,HYBE,352820.KS,118500.0,119000.0,111500.0,113000.0,112394.8828125,310488,-0.0464134979145642,-0.027856774105403267,-0.018556723809160933
2022-10-21,HYBE,352820.KS,111000.0,113000.0,108500.0,112500.0,111897.5625,216920,-0.0044247593845498,-0.008079638709191801,0.0036548793246420005
2022-10-24,HYBE,352820.KS,114500.0,116500.0,112500.0,113000.0,112394.8828125,172825,0.0044444248953143,0.025195912677011333,-0.020751487781697033
2022-10-25,HYBE,352820.KS,114500.0,119000.0,113500.0,118000.0,117368.1015625,179569,0.0442477328642838,0.022059064707467168,0.022188668156816634
2022-10-26,HYBE,352820.KS,118000.0,119500.0,115000.0,115000.0,114384.171875,120404,-0.0254236853776749,-0.015660994623167435,-0.009762690754507464
2022-10-27,HYBE,352820.KS,117000.0,121000.0,116500.0,119000.0,118362.75,147272,0.0347825932537924,0.029387057559651333,0.005395535694141064
2022-10-28,HYBE,352820.KS,119000.0,123500.0,118000.0,119000.0,118362.75,159529,0.0,-0.014165531750673635,0.014165531750673635
2022-10-31,HYBE,352820.KS,121500.0,123000.0,118500.0,121000.0,120352.0390625,147619,0.0168067154784761,0.0016152288406240999,0.015191486637852
2022-11-01,HYBE,352820.KS,121000.0,124000.0,120000.0,122000.0,121346.6875,141844,0.0082644917796819,-0.022809516902469334,0.03107400868215123
2022-11-02,HYBE,352820.KS,121000.0,129000.0,119500.0,127000.0,126319.90625,202996,0.0409835558964062,-0.009755656663353233,0.05073921255975943
2022-11-03,HYBE,352820.KS,123500.0,129000.0,120500.0,124500.0,123833.296875,276169,-0.0196850159948562,-0.030438509192717036,0.010753493197860835
2022-11-04,HYBE,352820.KS,122500.0,124000.0,119500.0,122500.0,121844.0078125,163152,-0.016064250187153,-0.0016346003349659002,-0.0144296498521871
2022-11-07,HYBE,352820.KS,121500.0,125500.0,121500.0,123500.0,122838.6484375,74092,0.0081632297136073,0.007755129620171966,0.00040810009343533304
2022-11-08,HYBE,352820.KS,125500.0,129500.0,123500.0,129500.0,128806.5234375,174799,0.0485830402394604,0.021403218088663,0.027179822150797398
2022-11-09,HYBE,352820.KS,131000.0,133000.0,129500.0,130500.0,129801.171875,167942,0.0077220346528692,-0.011219048966256534,0.018941083619125734
2022-11-10,HYBE,352820.KS,126000.0,130000.0,126000.0,126500.0,125822.5859375,161369,-0.030651386886795,-0.0012138538876532,-0.0294375329991418
2022-11-11,HYBE,352820.KS,133500.0,144000.0,133000.0,141000.0,140244.9375,412850,0.1146245044563305,0.031065607895234933,0.08355889656109557
2022-11-14,HYBE,352820.KS,139500.0,141000.0,135000.0,135500.0,134774.390625,186311,-0.0390070898281087,-0.012491956189177334,-0.02651513363893137
2022-11-15,HYBE,352820.KS,134500.0,139000.0,134500.0,138000.0,137261.0,105371,0.018450162256113,0.026777916377979966,-0.008327754121866964
2022-11-16,HYBE,352820.KS,140000.0,142500.0,138000.0,140500.0,139747.625,163231,0.0181160344161852,0.041197887628207336,-0.023081853212022135
2022-11-17,HYBE,352820.KS,140000.0,147000.0,140000.0,143000.0,142234.21875,209807,0.0177934598172957,0.008393259483563701,0.009400200333732
2022-11-18,HYBE,352820.KS,143000.0,146000.0,137000.0,137000.0,136266.359375,146362,-0.0419579720509415,-0.0195288799122534,-0.022429092138688097
2022-11-21,HYBE,352820.KS,139500.0,143000.0,135500.0,137500.0,136763.671875,169182,0.0036495618014671,-0.0024012839074091658,0.006050845708876266
2022-11-22,HYBE,352820.KS,136500.0,138500.0,131500.0,132000.0,131293.140625,109850,-0.0399998857518244,-0.008416834371590767,-0.03158305138023364
2022-11-23,HYBE,352820.KS,135000.0,143500.0,134500.0,141000.0,140244.9375,201975,0.0681817559728283,0.032207024715733966,0.035974731257094335
2022-11-24,HYBE,352820.KS,142000.0,144000.0,139000.0,143000.0,142234.21875,134981,0.0141843355308279,0.020769308875054633,-0.006584973344226733
2022-11-25,HYBE,352820.KS,142000.0,144000.0,138500.0,139000.0,138255.65625,138106,-0.0279719081312843,-0.0013172345980538667,-0.026654673533230432
2022-11-28,HYBE,352820.KS,139000.0,140000.0,135500.0,138000.0,137261.0,113583,-0.0071943259102644,-0.0084651875048779,0.0012708615946135007
2022-11-29,HYBE,352820.KS,137000.0,146000.0,137000.0,144000.0,143228.859375,168762,0.0434781866298512,0.0362564538965138,0.007221732733337399
2022-11-30,HYBE,352820.KS,143500.0,144500.0,140500.0,143000.0,142234.21875,125388,-0.0069444148989264,-0.014843022243603399,0.007898607344676999
2022-12-01,HYBE,352820.KS,147000.0,156000.0,145500.0,153500.0,152678.0,393983,0.0734266433336738,0.04272074030728066,0.030705903026393137
2022-12-02,HYBE,352820.KS,153500.0,154000.0,150000.0,151000.0,150191.390625,152969,-0.0162866252832759,-0.0014594337147799334,-0.014827191568495966
2022-12-05,HYBE,352820.KS,151500.0,155500.0,150500.0,152000.0,151186.03125,172743,0.0066224876197027,-0.0014262398899746672,0.008048727509677368
2022-12-06,HYBE,352820.KS,150500.0,150500.0,145000.0,145000.0,144223.515625,166530,-0.0460526383782562,-0.023581267671699,-0.022471370706557196
2022-12-07,HYBE,352820.KS,144500.0,149000.0,143000.0,145000.0,144223.515625,113589,0.0,0.0019695711830685,-0.0019695711830685
2022-12-08,HYBE,352820.KS,145500.0,147500.0,141500.0,145000.0,144223.515625,128477,0.0,-0.006783735857715867,0.006783735857715867
2022-12-09,HYBE,352820.KS,147500.0,158500.0,147000.0,156500.0,155661.9375,404438,0.0793103803178767,0.022166149453559297,0.0571442308643174
2022-12-12,HYBE,352820.KS,155000.0,162500.0,154000.0,157000.0,156159.25,249465,0.0031948240397561,-1.1792854175099628e-05,0.0032066168939311997
2022-12-13,HYBE,352820.KS,157500.0,159000.0,154500.0,155500.0,154667.296875,180480,-0.0095540489916543,-0.014000861206264868,0.0044468122146105685
2022-12-14,HYBE,352820.KS,156500.0,164500.0,156500.0,163000.0,162127.140625,262419,0.0482315518582376,0.017015588971390664,0.031215962886846933
2022-12-15,HYBE,352820.KS,161500.0,165000.0,155500.0,157500.0,156656.578125,237924,-0.0337424226376348,-0.020291332329611864,-0.013451090308022936
2022-12-16,HYBE,352820.KS,153500.0,166500.0,153000.0,164000.0,163121.78125,319185,0.0412699115631216,0.0155079742876194,0.025761937275502196
2022-12-19,HYBE,352820.KS,164500.0,169000.0,162000.0,167000.0,166105.703125,202717,0.0182926023252949,0.03683936440206443,-0.01854676207676953
2022-12-20,HYBE,352820.KS,167000.0,168500.0,161000.0,162500.0,161629.796875,166667,-0.0269461322868109,-0.03550843005133817,0.008562297764527271
2022-12-21,HYBE,352820.KS,165000.0,169000.0,160500.0,169000.0,168095.0,229363,0.0400000696035027,1.0654302503066565e-05,0.03998941530099963
2022-12-22,HYBE,352820.KS,169500.0,177000.0,169000.0,175000.0,174062.859375,341749,0.0355028964276153,0.03979479407909756,-0.00429189765148226
2022-12-23,HYBE,352820.KS,173000.0,179500.0,172500.0,175000.0,174062.859375,283230,0.0,-0.028054784294308067,0.028054784294308067
2022-12-26,HYBE,352820.KS,173500.0,174500.0,169000.0,171500.0,170581.625,190601,-0.0199998689410246,0.005572875017348801,-0.0255727439583734
2022-12-27,HYBE,352820.KS,173000.0,175000.0,168000.0,170500.0,169586.96875,202232,-0.0058309694845503,0.002727880754701767,-0.008558850239252068
2022-12-28,HYBE,352820.KS,170000.0,171500.0,166500.0,170000.0,169089.640625,174958,-0.0029325845533163,-0.028063079553981667,0.025130495000665366
2022-12-29,HYBE,352820.KS,168000.0,175500.0,168000.0,173500.0,172570.90625,194427,0.0205882844870468,0.01573207085437173,0.00485621363267507
2023-01-02,HYBE,352820.KS,174500.0,176000.0,166500.0,169500.0,168592.3125,183432,-0.0230548348876159,0.022458248831117435,-0.04551308371873333
2023-01-03,HYBE,352820.KS,170000.0,182000.0,170000.0,176500.0,175554.84375,522683,0.0412980351639697,0.0228925551170074,0.018405480046962304
2023-01-04,HYBE,352820.KS,176500.0,177000.0,169000.0,171500.0,170581.625,251334,-0.0283285760948991,-0.027565136857591932,-0.0007634392373071681
2023-01-05,HYBE,352820.KS,172000.0,177000.0,171000.0,172000.0,171078.9375,173260,0.0029153931438981,-0.004057089965042933,0.006972483108941033
2023-01-06,HYBE,352820.KS,170000.0,172000.0,160500.0,168000.0,167100.34375,509214,-0.0232558946655838,-0.006585638352784501,-0.016670256312799298
2023-01-09,HYBE,352820.KS,170500.0,176500.0,170500.0,173500.0,172570.90625,204808,0.0327381881881976,0.0186556348202664,0.014082553367931197
2023-01-10,HYBE,352820.KS,173500.0,175000.0,169500.0,170500.0,169586.96875,179809,-0.0172910808944656,-0.028868215032494232,0.011577134138028633
2023-01-11,HYBE,352820.KS,172000.0,176000.0,167000.0,174500.0,173565.546875,200157,0.02346040001968,0.025466256879508434,-0.0020058568598284345
2023-01-12,HYBE,352820.KS,174500.0,177000.0,171500.0,173000.0,172073.5625,167481,-0.0085960860427819,0.011307609572156367,-0.019903695614938266
2023-01-13,HYBE,352820.KS,174000.0,177500.0,173000.0,174500.0,173565.546875,145611,0.0086706194334762,-0.017303397454429367,0.025974016887905568
2023-01-16,HYBE,352820.KS,173500.0,179000.0,173000.0,178500.0,177544.109375,223077,0.0229225360195783,-0.0096936797291301,0.032616215748708405
2023-01-17,HYBE,352820.KS,178500.0,180500.0,176000.0,177000.0,176052.15625,167937,-0.0084032814732747,-0.006122829305507466,-0.002280452167767233
2023-01-18,HYBE,352820.KS,177500.0,182000.0,176000.0,179000.0,178041.453125,221721,0.0112994746407713,0.018615300630191966,-0.007315825989420667
2023-01-19,HYBE,352820.KS,179500.0,189000.0,179500.0,188000.0,186993.25,399272,0.0502792845030033,0.04275349259695466,0.007525791906048636
2023-01-20,HYBE,352820.KS,187500.0,191000.0,186000.0,187000.0,185998.609375,181112,-0.0053191258240604,0.022907822696264,-0.0282269485203244
2023-01-25,HYBE,352820.KS,188000.0,188500.0,185000.0,186600.0,185600.75,1464,-0.0021390448903725,-0.012818858139950299,0.0106798132495778
2023-01-26,HYBE,352820.KS,187000.0,194200.0,186200.0,191200.0,190176.109375,867,0.0246516211545482,0.0035377265593333333,0.021113894595214865
2023-01-27,HYBE,352820.KS,192200.0,194800.0,189000.0,194000.0,192961.125,944,0.0146444032016048,0.016077011921786,-0.0014326087201811995
2023-01-30,HYBE,352820.KS,194900.0,196000.0,187700.0,188900.0,187888.4375,987,-0.0262886501102229,0.0008510602390246995,-0.0271397103492476
2023-01-31,HYBE,352820.KS,186100.0,193500.0,185700.0,188900.0,187888.4375,451,0.0,0.03946751720003631,-0.03946751720003631
2023-02-01,HYBE,352820.KS,189500.0,191500.0,188500.0,189500.0,188485.234375,532,0.0031763363565147,-0.005105145789109466,0.008281482145624165
2023-02-02,HYBE,352820.KS,189700.0,192000.0,187300.0,187800.0,186794.328125,1421,-0.0089710276542717,0.006667988512448534,-0.015639016166720233
2023-02-03,HYBE,352820.KS,187900.0,197200.0,187100.0,187900.0,186893.796875,2439,0.0005325041236445,0.018273054167514634,-0.017740550043870134
2023-02-06,HYBE,352820.KS,195400.0,195500.0,188800.0,188900.0,187888.4375,1333,0.0053219563283057,-0.006164501785992566,0.011486458114298267
2023-02-07,HYBE,352820.KS,188800.0,190600.0,184300.0,189400.0,188385.75,662,0.0026468499425356,-0.004916447153516433,0.007563297096052033
2023-02-08,HYBE,352820.KS,189600.0,200000.0,189600.0,197600.0,196541.84375,814,0.0432946427742013,0.0412557164081074,0.0020389263660939017
2023-02-09,HYBE,352820.KS,198000.0,205500.0,196800.0,197600.0,196541.84375,2276,0.0,0.0008682642550282334,-0.0008682642550282334
2023-02-10,HYBE,352820.KS,212500.0,218500.0,193800.0,198300.0,197238.09375,10226,0.0035425026381945,0.05211791166191293,-0.04857540902371843
2023-02-13,HYBE,352820.KS,204000.0,204500.0,188800.0,189000.0,187987.890625,7194,-0.046898664193767,-0.0022980173779932334,-0.04460064681577377
2023-02-14,HYBE,352820.KS,191300.0,203000.0,189900.0,202000.0,200918.28125,14374,0.0687831039648914,0.006053409287337233,0.06272969467755417
2023-02-15,HYBE,352820.KS,199900.0,201500.0,192500.0,197200.0,196143.984375,4188,-0.0237623816274806,-0.0011130519506145676,-0.022649329676866035
2023-02-16,HYBE,352820.KS,194100.0,196200.0,189800.0,190500.0,189479.859375,6876,-0.0339756787404661,0.04256769074480033,-0.07654336948526644
2023-02-17,HYBE,352820.KS,189400.0,189400.0,179900.0,182000.0,181025.390625,7182,-0.0446193530958228,-0.01948044132866737,-0.025138911767155433
2023-02-20,HYBE,352820.KS,181000.0,188100.0,181000.0,184500.0,183511.984375,3002,0.0137361601122079,0.004695919351778664,0.009040240760429235
2023-02-21,HYBE,352820.KS,183800.0,184500.0,180900.0,182100.0,181124.84375,2994,-0.0130080911779688,0.004533884996773033,-0.017541976174741833
2023-02-22,HYBE,352820.KS,183900.0,192900.0,183800.0,187700.0,186694.859375,3345,0.0307523557214939,0.010931488392788034,0.019820867328705867
2023-02-23,HYBE,352820.KS,192000.0,192100.0,187600.0,187700.0,186694.859375,2509,0.0,0.017463840599482198,-0.017463840599482198
2023-02-24,HYBE,352820.KS,187600.0,188200.0,182700.0,183200.0,182218.96875,1863,-0.0239743645860629,-0.026075957545377504,0.002101592959314603
2023-02-27,HYBE,352820.KS,181000.0,185200.0,178100.0,182400.0,181423.25,293030,-0.004366827204975,0.0039719645920866,-0.008338791797061599
2023-02-28,HYBE,352820.KS,184000.0,190000.0,183000.0,185100.0,184108.765625,350642,0.0148024887934705,0.05697130711735703,-0.04216881832388653
2023-03-02,HYBE,352820.KS,185100.0,189900.0,182500.0,187000.0,185998.609375,208411,0.0102648222293191,-0.006911222262807967,0.017176044492127066
2023-03-03,HYBE,352820.KS,185200.0,188900.0,185200.0,187400.0,186396.46875,124515,0.0021390448903726,0.0008061468876309333,0.0013328980027416666
2023-03-06,HYBE,352820.KS,194200.0,195900.0,189400.0,191800.0,190772.890625,354913,0.0234791029269432,-0.0005350658426664668,0.024014168769609667
2023-03-07,HYBE,352820.KS,186900.0,191000.0,184000.0,188500.0,187490.578125,308012,-0.0172053402831328,0.06883612922122334,-0.08604146950435615
2023-03-08,HYBE,352820.KS,188500.0,189900.0,175400.0,177200.0,176251.078125,475591,-0.0599470123373699,0.033062483273768366,-0.09300949561113826
2023-03-09,HYBE,352820.KS,177800.0,179500.0,174800.0,176500.0,175554.84375,216070,-0.0039502417937337,-0.024323978324391968,0.020373736530658267
2023-03-10,HYBE,352820.KS,174100.0,189800.0,173900.0,183700.0,182716.28125,505221,0.0407931638172187,-0.0238127879246425,0.0646059517418612
2023-03-13,HYBE,352820.KS,185600.0,196600.0,182600.0,189600.0,188584.6875,849993,0.0321175880433479,-0.12338454781074754,0.15550213585409545
2023-03-14,HYBE,352820.KS,187700.0,189300.0,173000.0,173700.0,172769.828125,431611,-0.0838607820425505,-0.00048247465129973413,-0.08337830739125077
2023-03-15,HYBE,352820.KS,176400.0,176400.0,170300.0,173500.0,172570.90625,244634,-0.0011513692938102,-0.0067821368431613,0.005630767549351099
2023-03-16,HYBE,352820.KS,172000.0,178000.0,171000.0,176500.0,175554.84375,236020,0.0172910808944657,-0.01980592086174573,0.03709700175621143
2023-03-17,HYBE,352820.KS,176600.0,183100.0,176500.0,179400.0,178439.3125,201551,0.0164305848154644,0.03571764993358157,-0.01928706511811717
2023-03-20,HYBE,352820.KS,179300.0,188000.0,179300.0,184000.0,183014.6875,231416,0.0256410705460434,-0.0107812676693163,0.0364223382153597
2023-03-21,HYBE,352820.KS,186500.0,191300.0,186100.0,189600.0,188584.6875,287767,0.0304347157929605,0.010606311843827569,0.019828403949132933
2023-03-22,HYBE,352820.KS,189200.0,191200.0,188100.0,190300.0,189280.921875,126708,0.0036918924024518,-0.017934969920427566,0.021626862322879366
2023-03-23,HYBE,352820.KS,190000.0,191000.0,185400.0,188400.0,187391.109375,180348,-0.0099841678774579,-0.012183175563161001,0.0021990076857031013
2023-03-24,HYBE,352820.KS,187000.0,190600.0,184800.0,187500.0,186495.9375,159391,-0.0047770242568371,0.029564896043011,-0.0343419202998481
2023-03-27,HYBE,352820.KS,186400.0,188600.0,177900.0,182100.0,181124.84375,237102,-0.0288000576420063,-0.0581751944949408,0.029375136852934504
2023-03-28,HYBE,352820.KS,181400.0,187800.0,178900.0,187300.0,186297.0,195777,0.0285557527223538,0.04581453301646127,-0.01725878029410747
2023-03-29,HYBE,352820.KS,186000.0,191300.0,186000.0,190100.0,189082.015625,169791,0.0149493315780715,0.008227820615787166,0.006721510962284334
2023-03-30,HYBE,352820.KS,189900.0,192000.0,187000.0,188000.0,186993.25,129308,-0.0110468762356679,-0.013470472096328831,0.0024235958606609303
2023-03-31,HYBE,352820.KS,189000.0,191300.0,185300.0,188900.0,187888.4375,137451,0.0047872717330705,-0.0053725618671052995,0.0101598336001758
2023-04-03,HYBE,352820.KS,188000.0,189500.0,183700.0,184000.0,183014.6875,141199,-0.0259395951387375,-0.0031524996557443005,-0.0227870954829932
2023-04-04,HYBE,352820.KS,184900.0,190900.0,184500.0,190300.0,189280.921875,191538,0.0342389698914191,0.0189701995950451,0.015268770296374
2023-04-05,HYBE,352820.KS,190200.0,191300.0,188200.0,190700.0,189678.78125,114403,0.0021019518029543,-0.006413231448271768,0.008515183251226069
2023-04-06,HYBE,352820.KS,190300.0,212500.0,190300.0,205000.0,203902.203125,862698,0.0749868898422183,0.01632664521916173,0.058660244623056565
2023-04-07,HYBE,352820.KS,206000.0,219000.0,200500.0,217000.0,215837.953125,493700,0.058536640688884,0.016982063874681232,0.04155457681420277
2023-04-10,HYBE,352820.KS,218500.0,223000.0,215000.0,222000.0,220811.171875,265446,0.0230414469651674,-0.015021829103848333,0.03806327606901573
2023-04-11,HYBE,352820.KS,222500.0,227000.0,216000.0,224500.0,223297.796875,223899,0.0112613187950818,0.006990690067918667,0.004270628727163133
2023-04-12,HYBE,352820.KS,223500.0,237000.0,222500.0,235500.0,234238.890625,321808,0.0489977684648841,-0.007274840389213899,0.056272608854098
2023-04-13,HYBE,352820.KS,238000.0,249500.0,231500.0,245000.0,243688.015625,511910,0.0403396932712056,0.0537488938337998,-0.013409200562594197
2023-04-14,HYBE,352820.KS,246000.0,263000.0,245500.0,259000.0,257613.046875,625603,0.0571428644707279,0.030651776539899967,0.026491087930827936
2023-04-17,HYBE,352820.KS,265000.0,270000.0,254500.0,260000.0,258607.6875,347729,0.0038609869999426,0.01601209379643013,-0.012151106796487532
2023-04-18,HYBE,352820.KS,262000.0,270000.0,256500.0,258500.0,257115.71875,246929,-0.0057692358816673,-0.014287097979199734,0.008517862097532435
2023-04-19,HYBE,352820.KS,260500.0,261500.0,249500.0,251500.0,250153.203125,241084,-0.0270793075540037,0.0002523218024351667,-0.027331629356438868
2023-04-20,HYBE,352820.KS,250500.0,267000.0,242500.0,257000.0,255623.75,436176,0.0218687860345581,-0.019314669488965434,0.04118345552352354
2023-04-21,HYBE,352820.KS,255500.0,258500.0,243500.0,250000.0,248661.234375,231363,-0.0272373581288906,-0.0175944198400543,-0.009642938288836299
2023-04-24,HYBE,352820.KS,250000.0,262000.0,247500.0,259000.0,257613.046875,270654,0.0360000324236304,0.020239235336923265,0.015760797086707138
2023-04-25,HYBE,352820.KS,261000.0,265000.0,257000.0,260500.0,259105.0,193822,0.0057914501734219,-0.0130949319383062,0.0188863821117281
2023-04-26,HYBE,352820.KS,260000.0,270000.0,259500.0,265000.0,263580.90625,265975,0.0172744881418729,0.038900343349382,-0.0216258552075091
2023-04-27,HYBE,352820.KS,265000.0,269000.0,259500.0,264000.0,262586.28125,175062,-0.0037735092960664,-0.0036893001994884335,-8.420909657796656e-05
2023-04-28,HYBE,352820.KS,264000.0,277000.0,263000.0,270000.0,268554.15625,248614,0.0227272916604435,0.008762041393254033,0.013965250267189465
2023-05-02,HYBE,352820.KS,270500.0,285000.0,269000.0,284500.0,282976.46875,447119,0.0537035535081205,0.0470346983589277,0.006668855149192798
2023-05-03,HYBE,352820.KS,285500.0,303000.0,285000.0,294500.0,292922.9375,573639,0.035149455337883,0.014178078080289236,0.020971377257593765
2023-05-04,HYBE,352820.KS,295000.0,298000.0,284000.0,292500.0,290933.65625,258060,-0.0067911419535043,-0.0175734405244851,0.0107822985709808
2023-05-08,HYBE,352820.KS,290000.0,294500.0,276000.0,279000.0,277505.96875,309476,-0.0461537784011539,-0.03044132593312447,-0.015712452468029433
2023-05-09,HYBE,352820.KS,278000.0,283000.0,273000.0,277500.0,276014.0,182461,-0.0053763483240394,-0.010291870568373001,0.004915522244333601
2023-05-10,HYBE,352820.KS,277500.0,282500.0,271000.0,279500.0,278003.25,171679,0.0072070619606252,0.025684351761446466,-0.018477289800821264
2023-05-11,HYBE,352820.KS,281000.0,282000.0,269000.0,277500.0,276014.0,210118,-0.007155491887235,0.0124669428017994,-0.0196224346890344
2023-05-12,HYBE,352820.KS,280500.0,287500.0,277500.0,282000.0,280489.875,243863,0.016216115849196,0.06097581717939247,-0.044759701330196466
2023-05-15,HYBE,352820.KS,280000.0,289500.0,276500.0,278500.0,277008.59375,160301,-0.0124114328547509,-0.009683508315414667,-0.0027279245393362333
2023-05-16,HYBE,352820.KS,279000.0,288000.0,276500.0,284000.0,282479.15625,297601,0.0197487104134292,0.12256462344795127,-0.10281591303452207
2023-05-17,HYBE,352820.KS,285000.0,295000.0,282500.0,292000.0,290436.3125,372362,0.0281690031775574,0.049064064962287136,-0.020895061784729736
2023-05-18,HYBE,352820.KS,292500.0,294000.0,284500.0,286000.0,284468.4375,159742,-0.0205479643665424,-0.0011836375173225999,-0.0193643268492198
2023-05-19,HYBE,352820.KS,286000.0,288500.0,276500.0,281000.0,279495.25,205231,-0.0174823876550451,-0.023777919316366133,0.006295531661321033
2023-05-22,HYBE,352820.KS,281000.0,281000.0,261000.0,269000.0,267559.5,483751,-0.0427046613493431,-0.011126025218011967,-0.031578636131331134
2023-05-23,HYBE,352820.KS,271000.0,273500.0,267500.0,273000.0,271538.0625,236713,0.014869823347704,0.0157582741354785,-0.0008884507877744991
2023-05-24,HYBE,352820.KS,278000.0,278500.0,263500.0,267500.0,266067.5,309525,-0.0201465770567615,-0.016307360580618702,-0.0038392164761427983
2023-05-25,HYBE,352820.KS,263000.0,272000.0,262500.0,267000.0,265570.1875,183552,-0.0018691215574995,-0.012961219074080701,0.011092097516581202
2023-05-26,HYBE,352820.KS,264500.0,272000.0,263000.0,270000.0,268554.15625,192873,0.0112360833047195,0.010572234831287433,0.0006638484734320677
2023-05-30,HYBE,352820.KS,270500.0,278500.0,265500.0,276000.0,274522.0,198316,0.0222221239594015,0.051144593486082725,-0.028922469526681226
2023-05-31,HYBE,352820.KS,272500.0,279000.0,270000.0,274000.0,272532.71875,250839,-0.0072463454659371,-0.004183268407995467,-0.0030630770579416332
2023-06-01,HYBE,352820.KS,274000.0,283000.0,272500.0,277500.0,276014.0,273680,0.0127738103005292,-0.0066841042577785005,0.019457914558307702
2023-06-02,HYBE,352820.KS,276000.0,278000.0,263500.0,270000.0,268554.15625,448545,-0.0270270484468179,-0.0048063708497643,-0.022220677597053602
2023-06-05,HYBE,352820.KS,270000.0,271000.0,264000.0,265000.0,263580.90625,165535,-0.0185186111786345,-0.0147725725869116,-0.0037460385917229
2023-06-07,HYBE,352820.KS,265000.0,272000.0,265000.0,269000.0,267559.5,174858,0.0150943928625331,-0.011329361764995332,0.026423754627528433
2023-06-08,HYBE,352820.KS,267500.0,271000.0,265000.0,268000.0,266564.875,151260,-0.0037173974387005,-0.0082241179649715,0.0045067205262709995
2023-06-09,HYBE,352820.KS,270500.0,286500.0,269000.0,280500.0,278997.875,430504,0.0466415539556739,0.010347220349171031,0.036294333606502874
2023-06-12,HYBE,352820.KS,284500.0,295000.0,281000.0,294000.0,292425.625,402574,0.0481285027708544,0.0092989433748707,0.0388295593959837
2023-06-13,HYBE,352820.KS,294500.0,296500.0,289000.0,294000.0,292425.625,209505,0.0,0.014708811319596768,-0.014708811319596768
2023-06-14,HYBE,352820.KS,295000.0,307500.0,288500.0,292000.0,290436.3125,448757,-0.0068027981473921,0.01902250034899237,-0.02582529849638447
2023-06-15,HYBE,352820.KS,296000.0,302500.0,295500.0,300500.0,298890.8125,329373,0.0291096520515148,0.0103461328246967,0.0187635192268181
2023-06-16,HYBE,352820.KS,302500.0,303000.0,295000.0,297500.0,295906.875,213190,-0.0099833697631639,0.0028959067515799673,-0.012879276514743868
2023-06-19,HYBE,352820.KS,298500.0,306500.0,295000.0,300500.0,298890.8125,221540,0.0100840424880292,0.0015085844024564333,0.008575458085572767
2023-06-20,HYBE,352820.KS,299500.0,303500.0,298000.0,300500.0,298890.8125,221852,0.0,0.015836215822701533,-0.015836215822701533
2023-06-21,HYBE,352820.KS,300500.0,303500.0,294500.0,296500.0,294912.21875,233629,-0.0133111945352953,-0.0247208795066189,0.011409684971323601
2023-06-22,HYBE,352820.KS,295000.0,312500.0,291000.0,307000.0,305356.0,560667,0.0354131859787514,-0.0200870823920258,0.0555002683707772
2023-06-23,HYBE,352820.KS,307000.0,308500.0,297500.0,301000.0,299388.125,246155,-0.0195439912757567,-0.021521195555325834,0.001977204279569135
2023-06-26,HYBE,352820.KS,299000.0,303500.0,296000.0,298000.0,296404.1875,125709,-0.0099667864248123,-0.010623047714515499,0.0006562612897031989
2023-06-27,HYBE,352820.KS,298500.0,298500.0,285500.0,292000.0,290436.3125,289388,-0.0201342465851633,-0.005736655860923301,-0.01439759072424
2023-06-28,HYBE,352820.KS,294500.0,294500.0,284000.0,285000.0,283473.8125,166864,-0.0239725533631405,-0.015120750882101434,-0.008851802481039067
2023-06-29,HYBE,352820.KS,284000.0,291000.0,278000.0,279500.0,278003.25,187764,-0.019298299379947,0.004896817743554833,-0.024195117123501832
2023-06-30,HYBE,352820.KS,280500.0,284500.0,276000.0,281500.0,279992.5625,206049,0.0071557167047506,0.008745333815603634,-0.001589617110853034
2023-07-03,HYBE,352820.KS,282500.0,284500.0,273000.0,279500.0,278003.25,263649,-0.0071048762232747,0.0004595925674102332,-0.007564468790684934
2023-07-04,HYBE,352820.KS,280500.0,291000.0,276500.0,286000.0,284468.4375,325615,0.0232557982685455,0.03704606001569433,-0.013790261747148834
2023-07-05,HYBE,352820.KS,284500.0,285000.0,276000.0,280500.0,278997.875,225458,-0.0192308241577767,0.0015247200258994003,-0.0207555441836761
2023-07-06,HYBE,352820.KS,280500.0,284500.0,276000.0,279500.0,278003.25,214205,-0.0035649913104176,-0.02654231756292483,0.02297732625250723
2023-07-07,HYBE,352820.KS,280000.0,289500.0,280000.0,286000.0,284468.4375,277604,0.0232557982685455,-0.009297816897115266,0.032553615165660764
2023-07-10,HYBE,352820.KS,286000.0,288000.0,264000.0,267000.0,265570.1875,564140,-0.0664335564468378,-0.016176628994927267,-0.05025692745191053
2023-07-11,HYBE,352820.KS,267000.0,273500.0,266500.0,270000.0,268554.15625,254572,0.0112360833047195,0.0649025119323385,-0.053666428627618994
2023-07-12,HYBE,352820.KS,272000.0,272500.0,261500.0,263000.0,261591.609375,302058,-0.0259260440137015,-0.0017556723855432336,-0.024170371628158268
2023-07-13,HYBE,352820.KS,264500.0,264500.0,250500.0,259000.0,257613.046875,727720,-0.015209060066971,-0.011778826732401534,-0.0034302333345694654
2023-07-14,HYBE,352820.KS,261500.0,263500.0,254000.0,256500.0,255126.4375,285821,-0.0096524978263486,-0.032821044935172496,0.023168547108823895
2023-07-17,HYBE,352820.KS,259500.0,270500.0,258500.0,264500.0,263083.59375,413339,0.0311890697333161,-0.004832073384737834,0.03602114311805393
2023-07-18,HYBE,352820.KS,268500.0,270000.0,263000.0,264500.0,263083.59375,221247,0.0,0.005492770578066433,-0.005492770578066433
2023-07-19,HYBE,352820.KS,266500.0,266500.0,255000.0,263500.0,262088.921875,209078,-0.0037808206160707,0.011023502227424568,-0.014804322843495268
2023-07-20,HYBE,352820.KS,264000.0,272500.0,260500.0,269000.0,267559.5,250901,0.0208729849619859,0.027397252264114335,-0.006524267302128434
2023-07-21,HYBE,352820.KS,267500.0,268000.0,255000.0,256500.0,255126.4375,458757,-0.0464684023553639,-0.0208275964222621,-0.025640805933101796
2023-07-24,HYBE,352820.KS,256500.0,265000.0,256000.0,262000.0,260596.984375,311457,0.0214424930971726,-0.012509870436991566,0.033952363534164164
2023-07-25,HYBE,352820.KS,264000.0,278500.0,262000.0,271000.0,269548.78125,516976,0.0343511146012278,0.0757122961995037,-0.041361181598275905
2023-07-26,HYBE,352820.KS,274500.0,274500.0,257000.0,257000.0,255623.75,403873,-0.0516605238778091,-0.06546419243760626,0.013803668559797158
2023-07-27,HYBE,352820.KS,258000.0,266500.0,258000.0,261500.0,260099.65625,264353,0.0175097433239281,0.04136961593648373,-0.02385987261255563
2023-07-28,HYBE,352820.KS,259000.0,264500.0,254000.0,258500.0,257115.71875,183611,-0.0114722854425148,0.022324646341676233,-0.033796931784191034
2023-07-31,HYBE,352820.KS,259500.0,264000.0,258000.0,262500.0,261094.3125,183430,0.0154739421196901,0.0054779943452040675,0.009995947774486032
2023-08-01,HYBE,352820.KS,261000.0,261500.0,250500.0,254000.0,252639.8125,379829,-0.032381019406541,-0.0247437529800634,-0.0076372664264776
2023-08-02,HYBE,352820.KS,251500.0,258500.0,248000.0,252000.0,250650.515625,243418,-0.007874043506108,-0.009194855042212367,0.0013208115361043674
2023-08-03,HYBE,352820.KS,253500.0,256500.0,246000.0,248000.0,246671.953125,222403,-0.01587294759829,-0.015760513558290567,-0.00011243403999943238
2023-08-04,HYBE,352820.KS,249000.0,272000.0,249000.0,272000.0,270543.40625,634142,0.0967740872952152,0.049984756741987636,0.04678933055322756
2023-08-07,HYBE,352820.KS,268000.0,277500.0,267500.0,274500.0,273030.03125,343927,0.0091912238204845,0.016928891448431533,-0.007737667627947033
2023-08-08,HYBE,352820.KS,277500.0,290500.0,259000.0,272000.0,270543.40625,1056691,-0.0091075146152077,0.007776495198779667,-0.016884009813987366
2023-08-09,HYBE,352820.KS,266000.0,266500.0,254000.0,259500.0,258110.359375,546016,-0.0459558303317547,-0.006708915077856301,-0.0392469152538984
2023-08-10,HYBE,352820.KS,260500.0,263500.0,252500.0,256500.0,255126.4375,398236,-0.0115606436030906,-0.010326273891584033,-0.001234369711506568
2023-08-11,HYBE,352820.KS,256500.0,257500.0,251000.0,255000.0,253634.453125,211734,-0.0058480194746575,0.017562450751285267,-0.023410470225942767
2023-08-14,HYBE,352820.KS,250000.0,255000.0,249000.0,252000.0,250650.515625,203072,-0.0117647167537188,-0.027827041884045303,0.016062325130326502
2023-08-16,HYBE,352820.KS,251500.0,253000.0,241000.0,241000.0,239709.4375,303977,-0.0436507305708838,-0.044737661612284506,0.0010869310414007086
2023-08-17,HYBE,352820.KS,240500.0,243000.0,233000.0,239500.0,238217.453125,262180,-0.0062241369825082,0.012133851451202667,-0.018357988433710865
2023-08-18,HYBE,352820.KS,236500.0,241500.0,235500.0,236500.0,235233.53125,180055,-0.0125260422183853,-0.04938379103142337,0.03685774881303806
2023-08-21,HYBE,352820.KS,236500.0,241500.0,236500.0,238500.0,237222.828125,141955,0.008456689250164,0.007180188045559299,0.0012765012046047014
2023-08-22,HYBE,352820.KS,240000.0,240500.0,236000.0,236000.0,234736.203125,143326,-0.0104822331798932,-0.007540545150276666,-0.0029416880296165336
2023-08-23,HYBE,352820.KS,240500.0,244000.0,232500.0,234000.0,232746.90625,190278,-0.0084746061686133,0.0104310083036087,-0.018905614472222
2023-08-24,HYBE,352820.KS,232500.0,236000.0,231500.0,232500.0,231254.96875,159208,-0.0064101281689968,0.009176847965213035,-0.015586976134209835
2023-08-25,HYBE,352820.KS,229500.0,238500.0,229000.0,237000.0,235730.859375,144973,0.0193547868363368,0.0017542172192475999,0.017600569617089203
2023-08-28,HYBE,352820.KS,237000.0,245000.0,234500.0,244500.0,243190.6875,158483,0.0316455306054475,0.03526993649769017,-0.003624405892242666
2023-08-29,HYBE,352820.KS,247000.0,251500.0,240000.0,251000.0,249655.875,226439,0.0265848481554211,0.023610632358088635,0.002974215797332466
2023-08-30,HYBE,352820.KS,252000.0,253500.0,245500.0,245500.0,244185.328125,172686,-0.0219123498495679,0.003814268644096633,-0.025726618493664533
2023-08-31,HYBE,352820.KS,246000.0,254500.0,245500.0,252500.0,251147.84375,240370,0.0285132431111334,-0.014602375994259368,0.04311561910539277
2023-09-01,HYBE,352820.KS,252000.0,255000.0,249000.0,249000.0,247666.59375,167391,-0.0138613573105781,-0.04271995618193523,0.028858598871357128
2023-09-04,HYBE,352820.KS,249000.0,255000.0,245000.0,250500.0,249158.578125,109059,0.006024164795136,0.001271966263081867,0.0047521985320541325
2023-09-05,HYBE,352820.KS,251000.0,252500.0,248000.0,251000.0,249655.875,84174,0.0019959050928219,-0.0007496820701278333,0.0027455871629497334
2023-09-06,HYBE,352820.KS,251000.0,252500.0,247000.0,249500.0,248163.921875,78857,-0.0059760385170186,0.006893671726486567,-0.012869710243505167
2023-09-07,HYBE,352820.KS,247000.0,252000.0,243000.0,245500.0,244185.328125,130515,-0.0160321198985725,-0.021347698567217004,0.005315578668644506
2023-09-08,HYBE,352820.KS,245500.0,248000.0,241000.0,245500.0,244185.328125,135475,0.0,0.012372355597919632,-0.012372355597919632
2023-09-11,HYBE,352820.KS,244500.0,246000.0,238500.0,244500.0,243190.6875,124617,-0.0040733021620809,0.013995875208769168,-0.018069177370850068
2023-09-12,HYBE,352820.KS,245000.0,253000.0,242000.0,247500.0,246174.609375,164520,0.0122698854371221,0.012294471586751267,-2.4586149629166748e-05
2023-09-13,HYBE,352820.KS,246500.0,248000.0,240000.0,242000.0,240704.078125,157118,-0.0222221587510135,-0.011467986282027068,-0.010754172468986432
2023-09-14,HYBE,352820.KS,244000.0,247000.0,240500.0,246000.0,244682.65625,143362,0.0165289186456321,0.0377373971127151,-0.021208478467083
2023-09-15,HYBE,352820.KS,244500.0,246500.0,240000.0,244500.0,243190.6875,137119,-0.0060975664269216,-0.023830829811344132,0.01773326338442253
2023-09-18,HYBE,352820.KS,243500.0,247000.0,241000.0,241500.0,240206.75,145548,-0.0122699496871153,-0.016066958382620733,0.0037970086955054338
2023-09-19,HYBE,352820.KS,240500.0,245500.0,239500.0,245000.0,243688.015625,116313,0.0144927885040699,0.012280052050131801,0.002212736453938099
2023-09-20,HYBE,352820.KS,243000.0,246000.0,237000.0,243000.0,241698.734375,203324,-0.0081632297136072,-0.006011244552242699,-0.002151985161364501
2023-09-21,HYBE,352820.KS,243000.0,243000.0,230000.0,230500.0,229265.65625,362626,-0.0514403939977188,-0.07055556144809737,0.01911516745037857
2023-09-22,HYBE,352820.KS,227000.0,235000.0,223000.0,230500.0,229265.65625,173553,0.0,-0.0024249377693881663,0.0024249377693881663
2023-09-25,HYBE,352820.KS,226500.0,244000.0,226500.0,242500.0,241201.40625,304537,0.0520607848346235,0.024159474227172,0.0279013106074515
2023-09-26,HYBE,352820.KS,240000.0,246000.0,238500.0,242500.0,241201.40625,152583,0.0,-0.009923358032432333,0.009923358032432333
2023-09-27,HYBE,352820.KS,239500.0,240500.0,236000.0,238000.0,236725.5,131388,-0.0185567170589412,-0.015960402537145466,-0.002596314521795734
2023-10-04,HYBE,352820.KS,236500.0,237000.0,221000.0,222500.0,221308.5,268790,-0.0651260637320441,-0.0430294979326473,-0.022096565799396804
2023-10-05,HYBE,352820.KS,225500.0,233000.0,224000.0,227000.0,225784.40625,152422,0.0202247371881332,0.019676934835124633,0.0005478023530085668
2023-10-06,HYBE,352820.KS,227000.0,235500.0,227000.0,229000.0,227773.6875,118723,0.008810534274884,-0.003163053922103,0.011973588196987
2023-10-10,HYBE,352820.KS,232500.0,235000.0,222500.0,223500.0,222303.140625,170957,-0.0240174663502341,-0.04389266352932327,0.01987519717908917
2023-10-11,HYBE,352820.KS,227000.0,231500.0,226000.0,228500.0,227276.359375,189698,0.0223713382366885,0.019934515986133165,0.002436822250555335
2023-10-12,HYBE,352820.KS,231500.0,246500.0,230000.0,246000.0,244682.65625,308148,0.0765864823022797,0.042136143670436034,0.034450338631843665
2023-10-13,HYBE,352820.KS,244000.0,247500.0,242000.0,244500.0,243190.6875,126861,-0.0060975664269216,-0.013721682769767332,0.007624116342845732
2023-10-16,HYBE,352820.KS,243000.0,243000.0,238000.0,240000.0,238714.78125,106675,-0.0184049245306731,-0.021778570868976634,0.0033736463383035355
2023-10-17,HYBE,352820.KS,243000.0,245000.0,237000.0,237500.0,236228.1875,122953,-0.0104165889392322,-0.016228504664059566,0.005811915724827366
2023-10-18,HYBE,352820.KS,236500.0,240000.0,233500.0,234000.0,232746.90625,86725,-0.0147369426436462,-0.0034496936028777666,-0.011287249040768433
2023-10-19,HYBE,352820.KS,230000.0,233500.0,227000.0,227500.0,226281.71875,117136,-0.0277777591297199,-0.04464261909454747,0.016864859964827568
2023-10-20,HYBE,352820.KS,224000.0,228000.0,222000.0,224500.0,223297.796875,130309,-0.0131867562765717,-0.015373683858431136,0.0021869275818594356
2023-10-23,HYBE,352820.KS,224500.0,234500.0,224500.0,229000.0,227773.6875,141201,0.0200444907546739,0.006291827425556733,0.01375266332911717
2023-10-24,HYBE,352820.KS,232500.0,235500.0,226000.0,231500.0,230260.296875,105953,0.0109170176866895,0.0188696533430309,-0.0079526356563414
2023-10-25,HYBE,352820.KS,233000.0,235500.0,227000.0,228500.0,227276.359375,140886,-0.0129589753009824,-0.0079730201670032,-0.0049859551339791995
2023-10-26,HYBE,352820.KS,221500.0,222000.0,202000.0,204000.0,202907.5625,894408,-0.10722099272451,-0.0640122329518486,-0.04320875977266139
2023-10-27,HYBE,352820.KS,210000.0,218500.0,209000.0,212000.0,210864.734375,312497,0.0392157481808987,0.0227841684465797,0.016431579734319
2023-10-30,HYBE,352820.KS,210000.0,222000.0,210000.0,219500.0,218324.578125,144405,0.035377389074142,0.007605571352998067,0.027771817721143933
2023-10-31,HYBE,352820.KS,223500.0,225500.0,216000.0,219500.0,218324.578125,130896,0.0,-0.006354388109961366,0.006354388109961366
2023-11-01,HYBE,352820.KS,220000.0,231000.0,214000.0,230500.0,229265.65625,259672,0.0501138177797635,0.04121760063272223,0.008896217147041273
2023-11-02,HYBE,352820.KS,235000.0,243000.0,220500.0,227500.0,226281.71875,606694,-0.0130151962086558,0.027682313367787564,-0.040697509576443365
2023-11-03,HYBE,352820.KS,231500.0,231500.0,213000.0,216000.0,214843.3125,448385,-0.0505494050212573,-0.013134293367649532,-0.037415111653607766
2023-11-06,HYBE,352820.KS,222500.0,227500.0,217000.0,227500.0,226281.71875,351886,0.0532406902355873,0.05288339485807487,0.00035729537751243157
2023-11-07,HYBE,352820.KS,212000.0,220000.0,208000.0,215500.0,214345.96875,3694893,-0.0527473013106587,-0.025942613438941803,-0.026804687871716894
2023-11-08,HYBE,352820.KS,219000.0,223500.0,214500.0,216500.0,215340.625,459041,0.0046404243373483,-0.016640903032356897,0.021281327369705196
2023-11-09,HYBE,352820.KS,216000.0,217000.0,206500.0,212000.0,210864.734375,540242,-0.0207851659434906,-0.012149447702453431,-0.008635718241037168
2023-11-10,HYBE,352820.KS,209500.0,214000.0,209000.0,212000.0,210864.734375,332496,0.0,0.0128752374841634,-0.0128752374841634
2023-11-13,HYBE,352820.KS,214000.0,217000.0,202500.0,202500.0,201415.59375,404476,-0.0448113841937919,-0.0642899494053097,0.0194785652115178
2023-11-14,HYBE,352820.KS,204500.0,207500.0,201500.0,204500.0,203404.890625,210013,0.0098765782626997,-0.003592893665683267,0.013469471928382966
2023-11-15,HYBE,352820.KS,209500.0,211500.0,206000.0,211000.0,209870.09375,291330,0.031784895167144,0.013895692343243499,0.017889202823900503
2023-11-16,HYBE,352820.KS,212500.0,212500.0,205500.0,205500.0,204399.546875,199322,-0.0260663478881206,-0.015489653522877836,-0.010576694365242766
2023-11-17,HYBE,352820.KS,205500.0,207500.0,188400.0,190300.0,189280.921875,855001,-0.0739660397057815,-0.07986382834478153,0.0058977886390000345
2023-11-20,HYBE,352820.KS,190400.0,195500.0,190300.0,193400.0,192364.328125,380926,0.0162901058355804,0.016806941222641366,-0.0005168353870609668
2023-11-21,HYBE,352820.KS,193400.0,201000.0,193400.0,199200.0,198133.28125,287774,0.02998972408882,0.017241487547803566,0.012748236541016433
2023-11-22,HYBE,352820.KS,199200.0,202500.0,197100.0,200000.0,198929.0,171638,0.0040160781923153,0.0042164443559353,-0.00020036616361999993
2023-11-23,HYBE,352820.KS,199000.0,212000.0,199000.0,212000.0,210864.734375,433361,0.0599999717235797,0.018824384114626034,0.041175587608953665
2023-11-24,HYBE,352820.KS,210000.0,212500.0,207000.0,210500.0,209372.765625,162201,-0.0070754778148284,-0.008815871036116701,0.0017403932212883009
2023-11-27,HYBE,352820.KS,212500.0,213000.0,207000.0,212000.0,210864.734375,166300,0.0071258969405418,-0.025128155191094098,0.0322540521316359
2023-11-28,HYBE,352820.KS,213000.0,214000.0,210000.0,213000.0,211859.375,162997,0.004716960510007,-0.010295523012918667,0.015012483522925668
2023-11-29,HYBE,352820.KS,213000.0,215500.0,211500.0,215000.0,213848.65625,152859,0.0093896305037244,-0.013776153503943801,0.0231657840076682
2023-11-30,HYBE,352820.KS,213500.0,215500.0,207500.0,215500.0,214345.96875,323582,0.0023255348372104,0.0043896134759159,-0.0020640786387055
2023-12-01,HYBE,352820.KS,214500.0,221000.0,211000.0,211500.0,210367.40625,228602,-0.0185614057647165,-0.0162370107219103,-0.002324395042806203
2023-12-04,HYBE,352820.KS,210500.0,212500.0,208000.0,209000.0,207880.78125,139142,-0.0118203910212445,-0.030244819381681665,0.018424428360437166
2023-12-05,HYBE,352820.KS,208000.0,216500.0,207500.0,213000.0,211859.375,209643,0.0191388243111099,-0.010668262206117066,0.029807086517226966
2023-12-06,HYBE,352820.KS,215500.0,231000.0,213500.0,228500.0,227276.359375,624115,0.0727698945349952,0.11337256935845806,-0.04060267482346286
2023-12-07,HYBE,352820.KS,226000.0,230500.0,221500.0,228500.0,227276.359375,211541,0.0,-0.024432916393736865,0.024432916393736865
2023-12-08,HYBE,352820.KS,227000.0,239500.0,225000.0,237500.0,236228.1875,318590,0.0393874142898853,0.024146203865469933,0.015241210424415366
2023-12-11,HYBE,352820.KS,237500.0,240000.0,235000.0,238000.0,236725.5,164080,0.0021052208259439,-0.0198611635004977,0.0219663843264416
2023-12-12,HYBE,352820.KS,236000.0,238000.0,229500.0,234000.0,232746.90625,189470,-0.0168067814831947,-0.034498641839933133,0.017691860356738434
2023-12-13,HYBE,352820.KS,233500.0,236000.0,227000.0,233500.0,232249.59375,185773,-0.0021367093896655,-0.000738671826905833,-0.001398037562759667
2023-12-14,HYBE,352820.KS,236500.0,245500.0,232500.0,233000.0,231752.265625,489385,-0.0021413519695338,-0.011306675607056699,0.009165323637522899
2023-12-15,HYBE,352820.KS,235000.0,241500.0,232000.0,238500.0,237222.828125,209700,0.023605216912321,0.015165265807070302,0.008439951105250696
2023-12-18,HYBE,352820.KS,237500.0,242000.0,236500.0,241500.0,240206.75,156864,0.0125785612564557,0.022027619248410863,-0.009449057991955162
2023-12-19,HYBE,352820.KS,242000.0,248500.0,238000.0,239000.0,237720.125,193061,-0.0103520196663915,0.0417732855028747,-0.0521253051692662
2023-12-20,HYBE,352820.KS,241000.0,241000.0,231000.0,234500.0,233244.25,187141,-0.0188283385767191,-0.004858325450783634,-0.013970013125935467
2023-12-21,HYBE,352820.KS,231500.0,234000.0,229000.0,230500.0,229265.65625,149421,-0.0170576284302828,-0.002869303759719201,-0.0141883246705636
2023-12-22,HYBE,352820.KS,232000.0,235500.0,229500.0,230000.0,228768.34375,123871,-0.0021691539331897,-0.0173604959935672,0.015191342060377502
2023-12-26,HYBE,352820.KS,230500.0,231000.0,223500.0,226500.0,225287.09375,138055,-0.0152173589358339,-0.019637384342354302,0.004420025406520402
2023-12-27,HYBE,352820.KS,227500.0,233500.0,225500.0,231500.0,230974.125,117174,0.0252434844594819,0.03193594403995017,-0.0066924595804682685
2023-12-28,HYBE,352820.KS,233500.0,234500.0,230000.0,233500.0,232969.59375,100687,0.008639360577727,-4.2239602321899584e-05,0.0086816001800489
2024-01-02,HYBE,352820.KS,233000.0,245000.0,232500.0,241500.0,240951.421875,234689,0.0342612441242666,-0.0172662638499634,0.05152750797423
2024-01-03,HYBE,352820.KS,238000.0,243000.0,236500.0,239500.0,238955.953125,145077,-0.0082816226377581,-0.02178043218153027,0.013498809543772168
2024-01-04,HYBE,352820.KS,238000.0,244500.0,237000.0,240500.0,239953.6875,162942,0.0041753903259236,0.007181242294055301,-0.003005851968131701
2024-01-05,HYBE,352820.KS,242500.0,257000.0,242500.0,252000.0,251427.5625,377790,0.0478170396943784,0.01720998476741707,0.030607054926961332
2024-01-08,HYBE,352820.KS,251000.0,255000.0,248500.0,251000.0,250429.828125,169979,-0.0039682776425914,-0.013587770358837731,0.00961949271624633
2024-01-09,HYBE,352820.KS,252500.0,253500.0,245500.0,248000.0,247436.65625,200102,-0.0119521380396666,0.0033546082593873673,-0.015306746299053967
2024-01-10,HYBE,352820.KS,248000.0,253500.0,244000.0,250500.0,249930.984375,173379,0.0100806734248777,-0.010141362885024001,0.0202220363099017
2024-01-11,HYBE,352820.KS,252500.0,261000.0,250500.0,256000.0,255418.484375,333502,0.0219560612451574,0.008379243796039734,0.013576817449117666
2024-01-12,HYBE,352820.KS,257000.0,260000.0,244500.0,247000.0,246438.921875,196430,-0.0351562750909459,-0.05537910874792034,0.020222833656974443
2024-01-15,HYBE,352820.KS,247000.0,249500.0,244000.0,233500.0,232969.59375,30001,-0.054655847471334,-0.03797584519065807,-0.016680002280675933
2024-01-16,HYBE,352820.KS,233500.0,236000.0,227000.0,228500.0,227980.9375,244762,-0.0214133362629002,-0.0558182314026813,0.0344048951397811
2024-01-17,HYBE,352820.KS,230000.0,232500.0,219000.0,223500.0,222992.3125,274411,-0.0218817636891242,-0.005538023259722133,-0.01634374042940207
2024-01-18,HYBE,352820.KS,222000.0,225500.0,217500.0,219500.0,219001.390625,209769,-0.01789712761959,0.014679036495806236,-0.03257616411539624
2024-01-19,HYBE,352820.KS,221500.0,225000.0,217500.0,220000.0,219500.25,178099,0.0022778822252056,0.0017242147662768666,0.0005536674589287334
2024-01-22,HYBE,352820.KS,221500.0,222000.0,212500.0,216000.0,215509.34375,187377,-0.0181817845309971,0.024204567658500167,-0.04238635218949727
2024-01-23,HYBE,352820.KS,216500.0,224000.0,216500.0,219000.0,218502.53125,168118,0.0138888989587022,0.005231396448399767,0.008657502510302433
2024-01-24,HYBE,352820.KS,220000.0,224000.0,217000.0,222000.0,221495.703125,109494,0.0136985684233348,0.0053859704157548675,0.008312598007579934
2024-01-25,HYBE,352820.KS,221500.0,222500.0,209500.0,216000.0,215509.34375,265472,-0.0270269774561794,-0.009636951253593167,-0.017390026202586235
2024-01-26,HYBE,352820.KS,216000.0,221500.0,215000.0,216500.0,216008.203125,98877,0.0023147923255648,0.0080015217620355,-0.0056867294364707
2024-01-29,HYBE,352820.KS,216500.0,218000.0,204000.0,204500.0,204035.46875,333725,-0.0554272208267553,-0.04887027517406823,-0.006556945652687073
2024-01-30,HYBE,352820.KS,207000.0,208000.0,203500.0,204500.0,204035.46875,132470,0.0,4.1356548162433476e-05,-4.1356548162433476e-05
2024-01-31,HYBE,352820.KS,201500.0,206000.0,200000.0,201500.0,201042.28125,141866,-0.0146699371356235,-0.01664908448015907,0.0019791473445355708
2024-02-01,HYBE,352820.KS,200500.0,203000.0,195800.0,199000.0,198547.953125,270877,-0.0124069827973064,-0.0157738946787572,0.0033669118814507997
2024-02-02,HYBE,352820.KS,201000.0,209000.0,200000.0,205500.0,205033.203125,261080,0.0326633938951619,0.014732797089346368,0.017930596805815532
2024-02-05,HYBE,352820.KS,204000.0,204500.0,198300.0,199000.0,198547.953125,208730,-0.0316302428150928,-0.01798544045791683,-0.01364480235717597
2024-02-06,HYBE,352820.KS,199000.0,201500.0,196300.0,196500.0,196053.640625,169121,-0.0125627711630431,-0.018897986666272033,0.006335215503228932
2024-02-07,HYBE,352820.KS,197400.0,199600.0,195500.0,197400.0,196951.59375,155965,0.004580140017484,0.0032452060302207,0.0013349339872633001
2024-02-08,HYBE,352820.KS,197700.0,202000.0,197000.0,200000.0,199545.6875,182164,0.0131712249726336,0.007398490131926466,0.005772734840707133
2024-02-13,HYBE,352820.KS,203000.0,206000.0,200000.0,205500.0,205033.203125,181950,0.0275000461986931,0.0031238937568041666,0.024376152441888933
2024-02-14,HYBE,352820.KS,203000.0,223000.0,200500.0,218500.0,218003.671875,403422,0.0632603332158472,0.029171488527397604,0.034088844688449596
2024-02-15,HYBE,352820.KS,220500.0,223000.0,215000.0,217500.0,217005.9375,163423,-0.0045766861008289,0.01441824379849,-0.0189949298993189
2024-02-16,HYBE,352820.KS,221000.0,221500.0,206500.0,208500.0,208026.375,270500,-0.0413793401390226,-0.0026083366517981334,-0.03877100348722447
2024-02-19,HYBE,352820.KS,208500.0,211000.0,202500.0,204000.0,203536.59375,252342,-0.0215827500238852,-0.0002550611160987666,-0.021327688907786434
2024-02-20,HYBE,352820.KS,203500.0,206500.0,199900.0,204000.0,203536.59375,151584,0.0,-0.004465831392444467,0.004465831392444467
2024-02-21,HYBE,352820.KS,204500.0,213500.0,204500.0,210000.0,209522.984375,270699,0.0294118640520877,0.011700583536813166,0.017711280515274534
2024-02-22,HYBE,352820.KS,212000.0,221500.0,210000.0,217500.0,217005.9375,348458,0.0357142351103931,-0.009274102479862866,0.044988337590255965
2024-02-23,HYBE,352820.KS,217500.0,221000.0,215000.0,215500.0,215010.46875,161378,-0.0091954569215415,-0.005735439783163966,-0.0034600171383775344
2024-02-26,HYBE,352820.KS,217500.0,219000.0,212000.0,217500.0,217005.9375,143790,0.0092807981006739,0.0024847637969679,0.006796034303705999
2024-02-27,HYBE,352820.KS,212000.0,212500.0,200500.0,202000.0,201541.140625,558864,-0.0712643951274374,-0.03488357291350417,-0.03638082221393323
2024-02-28,HYBE,352820.KS,202500.0,205000.0,200500.0,202000.0,201541.140625,165340,0.0,0.0168410880433853,-0.0168410880433853
2024-02-29,HYBE,352820.KS,201000.0,201500.0,199000.0,199100.0,198647.71875,242405,-0.0143564825823016,-0.016596885919383336,0.002240403337081736
2024-03-04,HYBE,352820.KS,199200.0,202000.0,192300.0,192700.0,192262.265625,365721,-0.0321446083810111,-0.026630747696362835,-0.0055138606846482675
2024-03-05,HYBE,352820.KS,192700.0,193000.0,188000.0,188600.0,188171.578125,359160,-0.0212766009320763,-0.012965610999865235,-0.008310989932211067
2024-03-06,HYBE,352820.KS,188600.0,190600.0,186500.0,187500.0,187074.09375,203755,-0.0058323599447678,-0.014233941970750633,0.008401582025982832
2024-03-07,HYBE,352820.KS,187500.0,188400.0,183000.0,185900.0,185477.703125,241817,-0.0085334671038597,-0.02315561855409477,0.01462215145023507
2024-03-08,HYBE,352820.KS,187800.0,198000.0,187800.0,194600.0,194157.953125,421668,0.0467994257732966,0.0247880204969375,0.0220114052763591
2024-03-11,HYBE,352820.KS,194600.0,203500.0,193000.0,203000.0,202538.875,343779,0.0431654832578725,0.05864648942647707,-0.015481006168604573
2024-03-12,HYBE,352820.KS,203500.0,205000.0,199800.0,204500.0,204035.46875,178941,0.0073891678819684,0.0005062590052728999,0.0068829088766955
2024-03-13,HYBE,352820.KS,204500.0,205000.0,200000.0,201500.0,201042.28125,126807,-0.0146699371356235,-0.007657462554224267,-0.007012474581399233
2024-03-14,HYBE,352820.KS,201000.0,204000.0,199500.0,200000.0,199545.6875,200653,-0.0074441741343899,-0.004370968299094867,-0.0030732058352950327
2024-03-15,HYBE,352820.KS,199000.0,200000.0,196600.0,199000.0,198547.953125,111570,-0.0050000297550905,-0.012699745603481466,0.007699715848390966
2024-03-18,HYBE,352820.KS,200000.0,200500.0,197000.0,197400.0,196951.59375,99544,-0.0080401703964935,0.016524683772475564,-0.024564854168969065
2024-03-19,HYBE,352820.KS,197300.0,197300.0,191200.0,192700.0,192262.265625,190105,-0.0238095464764422,-0.005669510616928566,-0.018140035859513633
2024-03-20,HYBE,352820.KS,193400.0,195900.0,191300.0,193300.0,192860.90625,105360,0.003113666756469,-0.0025617653809002668,0.005675432137369266
2024-03-21,HYBE,352820.KS,195200.0,199200.0,194500.0,195200.0,194756.59375,182750,0.0098292989328934,0.016838230562864768,-0.007008931629971368
2024-03-22,HYBE,352820.KS,194000.0,196600.0,192000.0,195800.0,195355.234375,162868,0.0030737887404646,-0.0061776078671317665,0.009251396607596366
2024-03-25,HYBE,352820.KS,195800.0,208500.0,195800.0,207000.0,206529.78125,367548,0.0572011643852325,0.018849382405004198,0.0383517819802283
2024-03-26,HYBE,352820.KS,207000.0,213000.0,204000.0,209500.0,209024.109375,313066,0.0120773290413775,0.049290719667419235,-0.03721339062604173
2024-03-27,HYBE,352820.KS,212500.0,228500.0,211500.0,224000.0,223491.15625,880275,0.069212335927457,0.0133396462351269,0.0558726896923301
2024-03-28,HYBE,352820.KS,226500.0,232000.0,222500.0,229000.0,228479.8125,480913,0.0223214928666779,-0.020010520375179235,0.04233201324185713
2024-03-29,HYBE,352820.KS,230500.0,233000.0,224000.0,230000.0,229477.546875,233449,0.0043668382080801,0.022502941008010233,-0.018136102799930134
2024-04-01,HYBE,352820.KS,233500.0,236000.0,223500.0,226500.0,225985.484375,249106,-0.0152174474041339,-0.0350713402171366,0.019853892813002698
2024-04-02,HYBE,352820.KS,223500.0,226000.0,216000.0,222500.0,221994.578125,271762,-0.0176600114871868,-0.022090002171438434,0.004429990684251633
2024-04-03,HYBE,352820.KS,220500.0,228500.0,220000.0,224000.0,223491.15625,184075,0.0067415075523029,0.003337035509637034,0.0034044720426658665
2024-04-04,HYBE,352820.KS,225000.0,225500.0,220500.0,221000.0,220497.984375,173764,-0.0133927978414134,-0.021855990932925767,0.008463193091512366
2024-04-05,HYBE,352820.KS,220000.0,228000.0,218500.0,224000.0,223491.15625,204395,0.0135745997111227,0.011633356364162068,0.0019412433469606326
2024-04-08,HYBE,352820.KS,224500.0,226500.0,217000.0,217000.0,216507.0625,187961,-0.0312499781520997,-0.011085505169100401,-0.020164472982999296
2024-04-09,HYBE,352820.KS,218500.0,224500.0,216000.0,216500.0,216008.203125,109649,-0.0023041251829833,-0.0199644841538869,0.0176603589709036
2024-04-11,HYBE,352820.KS,213500.0,217000.0,207500.0,216500.0,216008.203125,206335,0.0,-0.007721354690496833,0.007721354690496833
2024-04-12,HYBE,352820.KS,214500.0,220000.0,211500.0,213000.0,212516.15625,169941,-0.0161662697271696,-0.0049746561183686006,-0.011191613608800999
2024-04-15,HYBE,352820.KS,210500.0,215500.0,208000.0,214500.0,214012.75,104498,0.0070422586988607,-0.0072342818573239666,0.014276540556184667
2024-04-16,HYBE,352820.KS,214500.0,223000.0,212000.0,223000.0,222493.4375,241597,0.0396270198854975,-0.009538544684974032,0.04916556457047153
2024-04-17,HYBE,352820.KS,220500.0,225000.0,219000.0,219000.0,218502.53125,168906,-0.0179371863495974,-0.012142323510091068,-0.005794862839506332
2024-04-18,HYBE,352820.KS,220000.0,230500.0,220000.0,228500.0,227980.9375,260678,0.0433789311079204,0.0301575675645865,0.013221363543333899
2024-04-19,HYBE,352820.KS,227500.0,232000.0,221500.0,230500.0,229976.390625,234688,0.0087527191829359,0.013005305565056169,-0.004252586382120269
2024-04-22,HYBE,352820.KS,233500.0,238500.0,206000.0,212500.0,212017.28125,1044009,-0.07809110024813,0.026846827633759368,-0.10493792788188937
2024-04-23,HYBE,352820.KS,209000.0,212500.0,202500.0,210000.0,209522.984375,1096822,-0.0117645923025437,0.02306461489680157,-0.03482920719934527
2024-04-24,HYBE,352820.KS,210500.0,214500.0,209000.0,211000.0,210520.703125,584355,0.0047618582418351,-0.009304069762433533,0.014065928004268632
2024-04-25,HYBE,352820.KS,212500.0,217000.0,207000.0,212000.0,211518.4375,625138,0.0047393646334517,-0.024841978054764933,0.029581342688216633
2024-04-26,HYBE,352820.KS,206000.0,207500.0,199800.0,201500.0,201042.28125,1122644,-0.0495283360345359,-0.0083149076974769,-0.041213428337059
2024-04-29,HYBE,352820.KS,201500.0,206500.0,201000.0,205000.0,204534.328125,502131,0.0173697137402533,0.006496608075142167,0.010873105665111134
2024-04-30,HYBE,352820.KS,203500.0,205000.0,202000.0,202000.0,201541.140625,280426,-0.0146341571482843,-0.010268519066330134,-0.0043656380819541655
2024-05-02,HYBE,352820.KS,202500.0,205500.0,200000.0,200000.0,199545.6875,385603,-0.0099009716766109,0.016630838702650332,-0.026531810379261233
2024-05-03,HYBE,352820.KS,201500.0,205500.0,200000.0,203500.0,203037.734375,360938,0.0174999866885121,0.03932152743189857,-0.021821540743386467
2024-05-07,HYBE,352820.KS,204000.0,204500.0,201000.0,204500.0,204035.46875,270690,0.0049140342216251,0.003899349749551733,0.0010146844720733666
2024-05-08,HYBE,352820.KS,204500.0,205500.0,202500.0,203000.0,202538.875,200974,-0.0073349685678117,-0.014493140941839634,0.007158172374027934
2024-05-09,HYBE,352820.KS,202500.0,203000.0,199700.0,199900.0,199445.90625,300714,-0.0152709881004325,-0.014231870701437568,-0.0010391173989949317
2024-05-10,HYBE,352820.KS,199800.0,202500.0,196500.0,200500.0,200044.546875,1348983,0.0030015187388685,-0.002587992904347733,0.005589511643216233
2024-05-13,HYBE,352820.KS,201000.0,201000.0,192000.0,192800.0,192362.03125,499201,-0.0384040242286659,-0.07611536422898957,0.03771134000032367
2024-05-14,HYBE,352820.KS,191500.0,195600.0,191500.0,193500.0,193060.453125,181446,0.0036307678311646,0.0171918995881051,-0.0135611317569405
2024-05-16,HYBE,352820.KS,194200.0,197400.0,192700.0,194000.0,193559.328125,261386,0.0025840351657986,0.0186847487844356,-0.016100713618637002
2024-05-17,HYBE,352820.KS,193500.0,196600.0,193200.0,193900.0,193459.546875,187827,-0.0005155073174027,0.015069263092587234,-0.015584770409989934
2024-05-20,HYBE,352820.KS,193800.0,193900.0,191000.0,191200.0,190765.671875,209543,-0.0139247457337455,-0.022070512292700167,0.008145766558954666
2024-05-21,HYBE,352820.KS,190300.0,191200.0,187900.0,188000.0,187572.9375,264225,-0.016736419837066,-0.012356819867094767,-0.0043795999699712315
2024-05-22,HYBE,352820.KS,187500.0,189500.0,186600.0,186800.0,186375.671875,210132,-0.0063829337054552,-0.007078576412586433,0.0006956427071312336
2024-05-23,HYBE,352820.KS,186500.0,201500.0,185700.0,198100.0,197650.0,662370,0.0604924881642361,0.06853194516720951,-0.008039457002973406
2024-05-24,HYBE,352820.KS,198100.0,203000.0,196900.0,200500.0,200044.546875,361727,0.0121150866430559,-0.007070513067069367,0.01918559971012527
2024-05-27,HYBE,352820.KS,204500.0,208500.0,202000.0,203500.0,203037.734375,422906,0.0149626048135684,0.03189671920167494,-0.01693411438810654
2024-05-28,HYBE,352820.KS,203000.0,203500.0,197100.0,200000.0,199545.6875,304764,-0.0171990043414805,-0.03726965517721293,0.02007065083573243
2024-05-29,HYBE,352820.KS,198600.0,201500.0,198000.0,199300.0,198847.265625,173129,-0.0035000599799983,-0.02540335330402067,0.02190329332402237
2024-05-30,HYBE,352820.KS,198000.0,206500.0,197300.0,204000.0,203536.59375,388278,0.0235825627788288,0.019756001231114532,0.003826561547714269
2024-05-31,HYBE,352820.KS,198600.0,207000.0,193000.0,200000.0,199545.6875,988802,-0.019607807011362,0.010090055357913666,-0.029697862369275664
2024-06-03,HYBE,352820.KS,201000.0,204000.0,199600.0,200500.0,200044.546875,289503,0.0024999757261103,-0.0076611421851022,0.0101611179112125
2024-06-04,HYBE,352820.KS,201000.0,202500.0,198800.0,200000.0,199545.6875,225339,-0.0024937414330604,-0.032862859574326435,0.030369118141266034
2024-06-05,HYBE,352820.KS,200500.0,201000.0,198500.0,198500.0,198049.09375,214389,-0.0075000054812008,0.009205733696711467,-0.016705739177912265
2024-06-07,HYBE,352820.KS,198500.0,199800.0,196500.0,197000.0,196552.5,188602,-0.0075566806273255,-0.012287392270009334,0.0047307116426838335
2024-06-10,HYBE,352820.KS,197000.0,204000.0,197000.0,202500.0,202040.015625,293388,0.0279188289388332,0.002486887603270333,0.025431941335562865
2024-06-11,HYBE,352820.KS,202500.0,203500.0,198000.0,198000.0,197550.234375,259363,-0.0222222376894551,0.00012881258800086717,-0.022351050277455965
2024-06-12,HYBE,352820.KS,200500.0,201500.0,198300.0,199100.0,198647.71875,200055,0.0055554698705986,-0.013724268738339632,0.01927973860893823
2024-06-13,HYBE,352820.KS,201000.0,201000.0,198500.0,199700.0,199246.359375,309593,0.0030135791579535,-0.0023175902015628337,0.0053311693595163336
2024-06-14,HYBE,352820.KS,199300.0,201000.0,198200.0,200500.0,200044.546875,207259,0.0040060330462436,-0.012882430198750133,0.016888463244993733
2024-06-17,HYBE,352820.KS,201500.0,203500.0,199100.0,202500.0,202040.015625,204260,0.0099751219474475,0.0006544829678740999,0.0093206389795734
2024-06-18,HYBE,352820.KS,203000.0,203000.0,199800.0,199900.0,199445.90625,216279,-0.0128395821341393,0.0004004574102024668,-0.013240039544341768
2024-06-19,HYBE,352820.KS,200500.0,201000.0,199500.0,200500.0,200044.546875,160180,0.0030015187388685,-0.009451126721696233,0.012452645460564734
2024-06-20,HYBE,352820.KS,200500.0,205000.0,199900.0,202500.0,202040.015625,260509,0.0099751219474475,-0.0020462118756259333,0.012021333823073434
2024-06-21,HYBE,352820.KS,202500.0,202500.0,200000.0,200000.0,199545.6875,125219,-0.0123457133839746,-0.0047494007373161335,-0.007596312646658466
2024-06-24,HYBE,352820.KS,200500.0,202000.0,198100.0,198100.0,197650.0,174289,-0.0095000173832371,-0.022260900272092866,0.012760882888855766
2024-06-25,HYBE,352820.KS,196200.0,199300.0,196000.0,198700.0,198248.640625,118914,0.0030287914242348,-0.0031789684390803666,0.006207759863315166
2024-06-26,HYBE,352820.KS,198300.0,198800.0,197300.0,197900.0,197450.453125,132736,-0.0040261940635942,0.008440563596498,-0.0124667576600922
2024-06-27,HYBE,352820.KS,197700.0,198800.0,197500.0,198500.0,198049.09375,147771,0.0030318523737244,-0.002750403177022767,0.005782255550747167
2024-06-28,HYBE,352820.KS,198500.0,205000.0,198500.0,202500.0,202040.015625,287559,0.0201511746377278,0.034919709728340166,-0.014768535090612368
2024-07-01,HYBE,352820.KS,204500.0,204500.0,199200.0,200500.0,200044.546875,146521,-0.0098766016416457,0.0015780804486670334,-0.011454682090312734
2024-07-02,HYBE,352820.KS,200000.0,200000.0,196700.0,197200.0,196752.046875,196568,-0.0164588340518841,-0.0186268366919768,0.0021680026400927
2024-07-03,HYBE,352820.KS,197800.0,198500.0,196900.0,197000.0,196552.5,165916,-0.0010142048236315,-0.0192736692881861,0.0182594644645546
2024-07-04,HYBE,352820.KS,197100.0,201000.0,197100.0,201000.0,200543.421875,191958,0.0203046100914514,-0.0025829521668292,0.0228875622582806
2024-07-05,HYBE,352820.KS,199700.0,201000.0,197100.0,197400.0,196951.59375,245901,-0.0179104759030132,-8.558656473216675e-05,-0.017824889338281035
2024-07-08,HYBE,352820.KS,196100.0,196900.0,193300.0,196300.0,195854.09375,189248,-0.0055724352319438,0.017692128086973666,-0.023264563318917464
2024-07-09,HYBE,352820.KS,196900.0,196900.0,194100.0,194300.0,193858.640625,188231,-0.010188467786367,-0.006059977006101,-0.0041284907802660005
2024-07-10,HYBE,352820.KS,193100.0,194100.0,190200.0,190500.0,190067.265625,268683,-0.0195574207462541,0.0026372176346693334,-0.022194638380923434
2024-07-11,HYBE,352820.KS,191000.0,191300.0,188100.0,190100.0,189668.171875,297369,-0.0020997500473721,-0.01795952135422173,0.01585977130684963
2024-07-12,HYBE,352820.KS,189700.0,193000.0,189200.0,189700.0,189269.09375,194203,-0.0021040858940898,0.017043981442257335,-0.019148067336347135
2024-07-15,HYBE,352820.KS,190500.0,191700.0,188000.0,188200.0,187772.484375,153404,-0.0079073098800632,-0.0166879582964856,0.008780648416422399
2024-07-16,HYBE,352820.KS,188300.0,188300.0,185900.0,186300.0,185876.8125,148849,-0.010095578600399,-0.009669910192427134,-0.00042566840797186693
2024-07-17,HYBE,352820.KS,185600.0,186500.0,182400.0,182500.0,182085.4375,262322,-0.0203972456220165,-0.024965880084691302,0.004568634462674803
2024-07-18,HYBE,352820.KS,182500.0,185300.0,180700.0,185000.0,184579.765625,153728,0.0136986689284255,0.007043186472535933,0.006655482455889567
2024-07-19,HYBE,352820.KS,183500.0,184600.0,178700.0,182500.0,182085.4375,142688,-0.0135135512636178,0.006315985671813067,-0.019829536935430866
2024-07-22,HYBE,352820.KS,182900.0,183900.0,178800.0,179600.0,179192.03125,125247,-0.0158903770105174,-0.0172052332470776,0.0013148562365601982
2024-07-23,HYBE,352820.KS,179700.0,182800.0,179600.0,180200.0,179790.671875,95784,0.0033407770469704,0.0040909207969768,-0.0007501437500064003
2024-07-24,HYBE,352820.KS,179200.0,182000.0,177200.0,177300.0,176897.25,119703,-0.0160932813967771,-0.020051029468142665,0.003957748071365563
2024-07-25,HYBE,352820.KS,176400.0,176400.0,170000.0,170300.0,169913.140625,260980,-0.0394811642069053,-0.0104111184741914,-0.0290700457327139
2024-07-26,HYBE,352820.KS,170300.0,172900.0,168100.0,171700.0,171309.984375,106209,0.0082209283217409,0.0046341822782423325,0.0035867460434985676
2024-07-29,HYBE,352820.KS,171700.0,176900.0,171700.0,174500.0,174103.609375,104500,0.0163074266231015,0.0180893339920517,-0.0017819073689501995
2024-07-30,HYBE,352820.KS,173200.0,176400.0,171200.0,172000.0,171609.28125,85248,-0.0143266881941975,0.0093126839458728,-0.0236393721400703
2024-07-31,HYBE,352820.KS,172900.0,176800.0,171000.0,176000.0,175600.203125,101213,0.0232558626545731,0.0223577971280471,0.0008980655265259999
2024-08-01,HYBE,352820.KS,174300.0,176800.0,174300.0,175300.0,174901.796875,70054,-0.0039772519482955,-0.0031503406990321336,-0.0008269112492633661
2024-08-02,HYBE,352820.KS,174500.0,184000.0,174500.0,180800.0,180389.3125,359084,0.0313748384696233,-0.0161478191458501,0.047522657615473404
2024-08-05,HYBE,352820.KS,179000.0,180400.0,160000.0,170100.0,169713.59375,314374,-0.0591815479644892,-0.09740731740352666,0.038225769439037466
2024-08-06,HYBE,352820.KS,170300.0,176500.0,167000.0,171400.0,171010.65625,288864,0.0076426553191175,0.02254142123499357,-0.014898765915876069
2024-08-07,HYBE,352820.KS,169100.0,189100.0,168500.0,181500.0,181087.703125,581910,0.0589264265512694,0.07482231581340304,-0.015895889262133638
2024-08-08,HYBE,352820.KS,178800.0,184900.0,174100.0,183800.0,183382.484375,336637,0.0126722091583213,0.0044316396965011,0.0082405694618202
2024-08-09,HYBE,352820.KS,183800.0,183800.0,171600.0,172200.0,171808.828125,371507,-0.0631121139483145,-0.02132856529486697,-0.04178354865344752
2024-08-12,HYBE,352820.KS,172300.0,173500.0,170000.0,172100.0,171709.0625,189214,-0.0005806781065255,0.0008065856297911001,-0.0013872637363166
2024-08-13,HYBE,352820.KS,172100.0,173700.0,170600.0,170900.0,170511.796875,119427,-0.0069726408587199,-0.02469604509993283,0.01772340424121293
2024-08-14,HYBE,352820.KS,171000.0,171300.0,162300.0,163100.0,162729.5,387330,-0.0456408120589163,-0.03764278670186586,-0.007998025357050437
2024-08-16,HYBE,352820.KS,164700.0,168600.0,163500.0,166400.0,166022.015625,189894,0.0202330593100821,0.0059968117603578334,0.014236247549724267
2024-08-19,HYBE,352820.KS,166600.0,172200.0,166400.0,168400.0,168017.46875,141875,0.0120192079194316,0.003851089690479434,0.008168118228952167
2024-08-20,HYBE,352820.KS,168400.0,170700.0,167200.0,169000.0,168616.109375,72264,0.0035629665739742,0.0037856408453506,-0.00022267427137640005
2024-08-21,HYBE,352820.KS,169000.0,171100.0,168200.0,169800.0,169414.28125,64300,0.0047336632185295,0.0017948802103844334,0.0029387830081450666
2024-08-22,HYBE,352820.KS,170300.0,177400.0,170200.0,177400.0,176997.015625,177988,0.0447585310934346,0.02164232040518747,0.023116210688247128
2024-08-23,HYBE,352820.KS,176500.0,177000.0,174200.0,176600.0,176198.828125,77977,-0.0045096099342776,-0.0110321257452337,0.0065225158109561
2024-08-26,HYBE,352820.KS,176700.0,179300.0,175400.0,177300.0,176897.25,86393,0.0039638281504603,-0.004991556016127367,0.008955384166587668
2024-08-27,HYBE,352820.KS,178300.0,178400.0,175000.0,176800.0,176398.375,81862,-0.0028201399399934,-0.011429040095188,0.0086089001551946
2024-08-28,HYBE,352820.KS,183800.0,186400.0,179100.0,182000.0,181586.578125,393308,0.0294118532837959,0.002571953319001867,0.026839899964794033
2024-08-29,HYBE,352820.KS,181000.0,188000.0,180100.0,187500.0,187074.09375,253883,0.0302198305715222,-0.030171205779240165,0.060391036350762366
2024-08-30,HYBE,352820.KS,187500.0,188400.0,184400.0,184400.0,183981.125,242584,-0.0165333889262794,0.008114412756935368,-0.024647801683214766
2024-09-02,HYBE,352820.KS,184400.0,185000.0,179800.0,179800.0,179391.578125,152114,-0.0249457485108866,-0.003902403436983533,-0.02104334507390307
2024-09-03,HYBE,352820.KS,178900.0,181200.0,178100.0,180400.0,179990.21875,104328,0.0033370609214602,-0.014321643217847367,0.017658704139307566
2024-09-04,HYBE,352820.KS,176500.0,179000.0,170600.0,171200.0,170811.109375,270458,-0.0509978233192185,-0.07474416850628683,0.023746345187068335
2024-09-05,HYBE,352820.KS,171300.0,174900.0,170800.0,171800.0,171409.75,80106,0.0035046937356149,0.015068205846350666,-0.011563512110735766
2024-09-06,HYBE,352820.KS,171300.0,173300.0,165500.0,165600.0,165223.828125,134534,-0.0360885064881081,-0.03539204327341023,-0.0006964632146978719
2024-09-09,HYBE,352820.KS,161500.0,166300.0,160100.0,165000.0,164625.203125,121498,-0.003623115423443,-0.0019440795057994002,-0.0016790359176435997
2024-09-10,HYBE,352820.KS,165700.0,169900.0,163000.0,166000.0,165622.921875,79619,0.0060605468121575,-0.013458583810170002,0.0195191306223275
2024-09-11,HYBE,352820.KS,166500.0,175900.0,166500.0,173900.0,173504.984375,144121,0.0475904084456908,0.028021329995736834,0.019569078449953963
2024-09-12,HYBE,352820.KS,169500.0,171200.0,163200.0,169000.0,168616.109375,324402,-0.0281771444066043,0.022282002936147766,-0.050459147342752066
2024-09-13,HYBE,352820.KS,169000.0,171200.0,163600.0,164000.0,163627.46875,198333,-0.0295857889468041,-0.002097416387378167,-0.027488372559425933
2024-09-19,HYBE,352820.KS,165500.0,166500.0,160200.0,161600.0,161232.90625,217954,-0.0146342329823518,0.0065207157223186665,-0.021154948704670468
2024-09-20,HYBE,352820.KS,162500.0,163000.0,159600.0,160000.0,159636.546875,213370,-0.0099009526785106,-0.014026574738817599,0.004125622060307
2024-09-23,HYBE,352820.KS,160900.0,160900.0,157700.0,158000.0,157641.09375,169540,-0.012499976753835,0.01630461238191573,-0.028804589135750732
2024-09-24,HYBE,352820.KS,158800.0,163300.0,157700.0,162900.0,162529.953125,201866,0.0310125948678912,0.056531520463335094,-0.025518925595443893
2024-09-25,HYBE,352820.KS,164200.0,164700.0,159600.0,159700.0,159337.234375,182649,-0.0196438791042073,-0.0077225475846859,-0.011921331519521398
2024-09-26,HYBE,352820.KS,161000.0,172000.0,161000.0,169900.0,169514.046875,359860,0.0638696444049535,0.05076873352110106,0.013100910883852443
2024-09-27,HYBE,352820.KS,169900.0,174000.0,167500.0,172900.0,172507.25,205833,0.0176575521626665,0.040684360911095264,-0.023026808748428766
2024-09-30,HYBE,352820.KS,173900.0,175000.0,168700.0,168800.0,168416.5625,97366,-0.0237131337958259,-0.0136303612682082,-0.0100827725276177
2024-10-02,HYBE,352820.KS,165500.0,171600.0,165500.0,170100.0,169713.59375,101129,0.0077013283654925,-0.003731910073807967,0.011433238439300468
2024-10-04,HYBE,352820.KS,169200.0,174000.0,169100.0,173500.0,173105.890625,103045,0.019988362747165,0.0150185845029829,0.004969778244182099
2024-10-07,HYBE,352820.KS,172800.0,175600.0,169000.0,173500.0,173105.890625,117563,0.0,-0.007549418159768,0.007549418159768
2024-10-08,HYBE,352820.KS,172200.0,179600.0,172100.0,178800.0,178393.84375,207172,0.0305475053789781,0.011258119196059633,0.01928938618291847
2024-10-10,HYBE,352820.KS,179900.0,182000.0,178000.0,178600.0,178194.3125,171193,-0.0011184873076652,-0.007289810561653734,0.006171323253988534
2024-10-11,HYBE,352820.KS,180100.0,180700.0,175500.0,176100.0,175699.984375,83682,-0.0139977987512929,-0.014495015254028935,0.0004972165027360351
2024-10-14,HYBE,352820.KS,176400.0,185500.0,175300.0,176100.0,175699.984375,170212,0.0,0.009395946374456466,-0.009395946374456466
2024-10-15,HYBE,352820.KS,183100.0,186100.0,181400.0,184500.0,184080.890625,137031,0.0477000967291634,0.020619760907157333,0.027080335822006068
2024-10-16,HYBE,352820.KS,182700.0,182800.0,178300.0,179500.0,179092.25,135350,-0.0271002634117117,-0.020686266875046135,-0.006413996536665564
2024-10-17,HYBE,352820.KS,179500.0,192800.0,179200.0,192100.0,191663.640625,442042,0.0701950565979265,0.018606553393791067,0.05158850320413544
2024-10-18,HYBE,352820.KS,190500.0,194000.0,187500.0,188800.0,188371.125,149104,-0.0171786136080028,-0.014692039079225333,-0.0024865745287774663
2024-10-21,HYBE,352820.KS,190600.0,195000.0,189900.0,194300.0,193858.640625,230091,0.029131405490093,0.0113291385193722,0.0178022669707208
2024-10-22,HYBE,352820.KS,193600.0,196500.0,192500.0,196000.0,195554.78125,204164,0.0087493681970101,0.03329348757067683,-0.02454411937366673
2024-10-23,HYBE,352820.KS,196000.0,197300.0,191400.0,193800.0,193359.78125,115404,-0.0112244762616868,0.0282001608345263,-0.0394246370962131
2024-10-24,HYBE,352820.KS,193800.0,195000.0,191000.0,193900.0,193459.546875,84633,0.0005159585119256,-0.019491629478650734,0.020007587990576333
2024-10-25,HYBE,352820.KS,193000.0,194800.0,187900.0,192700.0,192262.265625,139134,-0.0061887938297178,-0.013570928180870932,0.007382134351153132
2024-10-28,HYBE,352820.KS,192700.0,195500.0,189100.0,195400.0,194956.140625,116144,0.0140114597695124,0.0025738948730941,0.011437564896418301
2024-10-29,HYBE,352820.KS,195300.0,196500.0,193700.0,196500.0,196053.640625,94994,0.0056294713081699,-0.0006831338412836002,0.0063126051494535
2024-10-30,HYBE,352820.KS,196500.0,197700.0,191000.0,192300.0,191863.171875,107772,-0.0213740930116941,-0.0246957460546922,0.003321653042998099
2024-10-31,HYBE,352820.KS,190900.0,191900.0,185100.0,185500.0,185078.609375,179988,-0.035361463243296,-0.0019261336087724671,-0.03343532963452353
2024-11-01,HYBE,352820.KS,183500.0,190400.0,180400.0,186700.0,186275.90625,117131,0.0064691261677576,0.0238144239912894,-0.0173452978235318
2024-11-04,HYBE,352820.KS,186600.0,198900.0,186000.0,197300.0,196851.8125,313787,0.0567754921337284,0.06357543199316364,-0.006799939859435236
2024-11-05,HYBE,352820.KS,195400.0,204000.0,195400.0,202500.0,202040.015625,431004,0.0263558819149811,0.035914592138909435,-0.009558710223928336
2024-11-06,HYBE,352820.KS,203000.0,204500.0,199800.0,202000.0,201541.140625,197575,-0.0024691890784939,-0.0007339878965948997,-0.0017352011818990002
2024-11-07,HYBE,352820.KS,200000.0,201500.0,194800.0,199300.0,198847.265625,225619,-0.0133663776618808,0.0,-0.0133663776618808
2024-11-08,HYBE,352820.KS,200000.0,200500.0,197200.0,198600.0,198148.875,114661,-0.0035121962718717,-0.012202540600644365,0.008690344328772664
2024-11-11,HYBE,352820.KS,198700.0,205000.0,198500.0,200000.0,199545.6875,187695,0.0070493082537057,-0.008892915834714568,0.01594222408842027
2024-11-12,HYBE,352820.KS,199800.0,199900.0,194000.0,194200.0,193758.875,170663,-0.0289999376709155,-0.03483016220586057,0.005830224534945069
2024-11-13,HYBE,352820.KS,193000.0,204000.0,192800.0,198600.0,198148.875,262756,0.0226570266781327,0.020239246290600667,0.002417780387532032
2024-11-14,HYBE,352820.KS,198500.0,202500.0,193700.0,198400.0,197949.328125,275736,-0.0010070553012223,0.040572038877236136,-0.04157909417845843
2024-11-15,HYBE,352820.KS,198400.0,207000.0,197500.0,205000.0,204534.328125,254872,0.0332660891672325,0.0303505582654805,0.002915530901751999
2024-11-18,HYBE,352820.KS,206500.0,211500.0,204500.0,211500.0,211019.5625,261661,0.0317073150236013,0.004201942764198867,0.027505372259402434
2024-11-19,HYBE,352820.KS,210500.0,217500.0,210000.0,216000.0,215509.34375,302783,0.021276611498993,0.056266123708481074,-0.03498951220948807
2024-11-20,HYBE,352820.KS,216000.0,219500.0,213500.0,217500.0,217005.9375,195564,0.0069444494793511,-0.001050404598547567,0.007994854077898666
2024-11-21,HYBE,352820.KS,217000.0,217500.0,208500.0,214000.0,213513.890625,204473,-0.0160919416087405,-0.0061572305338161324,-0.009934711074924368
2024-11-22,HYBE,352820.KS,214000.0,219000.0,209500.0,214000.0,213513.890625,131800,0.0,0.02329181882730957,-0.02329181882730957
2024-11-25,HYBE,352820.KS,219500.0,222000.0,209000.0,214000.0,213513.890625,274875,0.0,0.0081734832315662,-0.0081734832315662
2024-11-26,HYBE,352820.KS,211000.0,213000.0,207500.0,211000.0,210520.703125,171103,-0.0140187015057349,0.021909721220033634,-0.03592842272576853
2024-11-27,HYBE,352820.KS,211000.0,216000.0,209000.0,211500.0,211019.5625,234977,0.0023696452063615,0.03311116125877527,-0.03074151605241377
2024-11-28,HYBE,352820.KS,213000.0,213500.0,201000.0,203500.0,203037.734375,302565,-0.0378250624275652,-0.022713609125626404,-0.015111453301938794
2024-11-29,HYBE,352820.KS,190000.0,198700.0,189300.0,195200.0,194756.59375,724065,-0.0407862146930046,0.020412299192626934,-0.061198513885631536
2024-12-02,HYBE,352820.KS,193100.0,196700.0,188000.0,189800.0,189368.859375,473421,-0.0276639382074836,0.012739159348554635,-0.040403097556038235
2024-12-03,HYBE,352820.KS,195400.0,201000.0,190800.0,199300.0,198847.265625,447881,0.0500526130921572,-0.022425692349741868,0.07247830544189907
2024-12-04,HYBE,352820.KS,197000.0,203500.0,195500.0,196800.0,196352.953125,333186,-0.0125438612000023,-0.009436115285170667,-0.0031077459148316326
2024-12-05,HYBE,352820.KS,196700.0,197900.0,189600.0,190400.0,189967.484375,228649,-0.0325203601390958,-0.03804212345109823,0.00552176331200243
2024-12-06,HYBE,352820.KS,189500.0,191100.0,184400.0,189000.0,188570.671875,214282,-0.0073529030749422,-0.005270374889578933,-0.0020825281853632674
2024-12-09,HYBE,352820.KS,184000.0,189200.0,181100.0,185300.0,184879.078125,243780,-0.019576712079846,-0.056442252969426836,0.036865540889580835
2024-12-10,HYBE,352820.KS,187100.0,199500.0,187100.0,197400.0,196951.59375,270878,0.065299523058188,0.03506889539662707,0.030230627661560927
2024-12-11,HYBE,352820.KS,197400.0,199800.0,192900.0,194200.0,193758.875,194664,-0.0162106774015379,0.014648169347600867,-0.030858846749138767
2024-12-12,HYBE,352820.KS,194600.0,197100.0,192300.0,197100.0,196652.265625,255642,0.0149329450070352,0.006221587307297101,0.0087113576997381
2024-12-13,HYBE,352820.KS,196100.0,208000.0,195600.0,205500.0,205033.203125,227419,0.0426180571750023,0.047139304767037433,-0.004521247592035135
2024-12-16,HYBE,352820.KS,207500.0,208500.0,203000.0,205000.0,204534.328125,96609,-0.0024331424978805,-0.021809097884144268,0.019375955386263768
2024-12-17,HYBE,352820.KS,204500.0,209000.0,201000.0,202500.0,202040.015625,131571,-0.0121950800282073,-0.0415176221149304,0.0293225420867231
2024-12-18,HYBE,352820.KS,202000.0,205500.0,201000.0,204000.0,203536.59375,85500,0.0074073352269867,0.025028428287076035,-0.017621093060089334
2024-12-19,HYBE,352820.KS,199300.0,207500.0,198700.0,204000.0,203536.59375,148772,0.0,0.008009669467756199,-0.008009669467756199
2024-12-20,HYBE,352820.KS,202500.0,204000.0,196000.0,196700.0,196253.171875,176518,-0.0357843360783863,-0.022783479120257234,-0.013000856958129064
2024-12-23,HYBE,352820.KS,198000.0,201500.0,195400.0,199900.0,199445.90625,104578,0.0162684472535992,0.006436219621422867,0.009832227632176331
2024-12-24,HYBE,352820.KS,201000.0,202000.0,193400.0,195500.0,195055.90625,122941,-0.0220109807342812,-0.025566567197394367,0.0035555864631131653
2024-12-26,HYBE,352820.KS,195800.0,200500.0,194900.0,195500.0,195055.90625,118157,0.0,0.022214869643249268,-0.022214869643249268
2024-12-27,HYBE,352820.KS,195100.0,195500.0,190000.0,191700.0,191264.546875,152084,-0.0194372959419166,-0.01687226133688303,-0.002565034605033569
2024-12-30,HYBE,352820.KS,190300.0,195500.0,190000.0,193400.0,192960.671875,95293,0.0088679529359327,0.015131684023018566,-0.006263731087085866
2025-01-02,HYBE,352820.KS,194100.0,198300.0,190100.0,196300.0,195854.09375,144969,0.0149948787329801,-0.03705145086343767,0.052046329596417765
2025-01-03,HYBE,352820.KS,195100.0,203000.0,195100.0,201000.0,200543.421875,141133,0.0239429671099229,0.015435770138076232,0.008507196971846667
2025-01-06,HYBE,352820.KS,201000.0,205500.0,199600.0,203500.0,203037.734375,136852,0.0124377677247111,-0.016315260043054766,0.028753027767765865
2025-01-07,HYBE,352820.KS,204000.0,208000.0,203500.0,204500.0,204035.46875,121434,0.0049140342216251,0.032775877345328566,-0.02786184312370347
2025-01-08,HYBE,352820.KS,204000.0,208500.0,202500.0,205500.0,205033.203125,135886,0.0048900045718154,-0.019102559327952368,0.02399256389976777
2025-01-09,HYBE,352820.KS,205000.0,206500.0,201500.0,201500.0,201042.28125,146258,-0.019464758947198,-0.0173592646068579,-0.0021054943403400993
2025-01-10,HYBE,352820.KS,202000.0,216000.0,201500.0,215500.0,215010.46875,327543,0.0694788549610132,0.024923960843895032,0.044554894117118174
2025-01-13,HYBE,352820.KS,214500.0,218500.0,214000.0,214000.0,213513.890625,182397,-0.0069604895691852,0.0192011328276263,-0.0261616223968115
2025-01-14,HYBE,352820.KS,216000.0,221500.0,214000.0,219500.0,219001.390625,222826,0.0257009039736801,0.057952261678303564,-0.032251357704623465
2025-01-15,HYBE,352820.KS,221000.0,224500.0,218000.0,222000.0,221495.703125,175778,0.011389482472607,0.0028591855541882667,0.008530296918418733
2025-01-16,HYBE,352820.KS,224500.0,225500.0,221000.0,222500.0,221994.578125,137240,0.0022523010286952,-0.0013564606721364,0.0036087617008315996
2025-01-17,HYBE,352820.KS,222000.0,226500.0,220500.0,223500.0,222992.3125,142659,0.0044944087528038,0.006551295781366734,-0.0020568870285629336
2025-01-20,HYBE,352820.KS,224000.0,225500.0,219000.0,220500.0,219999.125,126869,-0.0134228281972724,-0.013983531742774368,0.0005607035455019692
2025-01-21,HYBE,352820.KS,220500.0,226000.0,217000.0,218000.0,217504.796875,182290,-0.0113379002075576,0.002776769548982033,-0.014114669756539633
2025-01-22,HYBE,352820.KS,218500.0,221500.0,215000.0,220000.0,219500.25,148873,0.009174294791056,0.005343248786783533,0.0038310460042724663
2025-01-23,HYBE,352820.KS,220500.0,224000.0,217000.0,217000.0,216507.0625,112256,-0.0136363739904624,0.009158423856204266,-0.022794797846666666
2025-01-24,HYBE,352820.KS,217000.0,225500.0,217000.0,221500.0,220996.84375,165415,0.0207373431524895,0.020180469320447498,0.0005568738320420007
2025-01-31,HYBE,352820.KS,222500.0,228500.0,221500.0,225000.0,224488.90625,213053,0.0158014134534443,-0.0013140907821718,0.0171155042356161
2025-02-03,HYBE,352820.KS,221500.0,228000.0,221500.0,226500.0,225985.484375,154897,0.006666601704288,0.004745563196521833,0.0019210385077661667
2025-02-04,HYBE,352820.KS,227500.0,234500.0,225500.0,233000.0,232470.71875,194480,0.0286975705228855,0.038902201596968396,-0.010204631074082895
2025-02-05,HYBE,352820.KS,235500.0,237500.0,231500.0,236000.0,235463.90625,177305,0.0128755462885581,0.005067077596082734,0.007808468692475365
2025-02-06,HYBE,352820.KS,237500.0,242000.0,233500.0,237000.0,236461.640625,182579,0.0042373134417497,-0.0028285990845531993,0.007065912526302899
2025-02-07,HYBE,352820.KS,237000.0,238000.0,233500.0,234500.0,233967.328125,103131,-0.0105484868218252,-0.0004805698098541333,-0.010067917011971066
2025-02-10,HYBE,352820.KS,240000.0,245500.0,236500.0,238000.0,237459.359375,235775,0.0149252943903959,0.0245116880987345,-0.0095863937083386
2025-02-11,HYBE,352820.KS,240000.0,247000.0,239000.0,245500.0,244942.328125,240798,0.0315126292334628,0.0370130457916267,-0.005500416558163905
2025-02-12,HYBE,352820.KS,246500.0,250500.0,243000.0,250000.0,249432.109375,196507,0.0183299525417621,-0.0045135871481208,0.0228435396898829
2025-02-13,HYBE,352820.KS,250000.0,254500.0,245500.0,247500.0,246937.78125,194126,-0.0100000281890331,-0.011507818408536666,0.0015077902195035665
2025-02-14,HYBE,352820.KS,247500.0,249500.0,244500.0,248000.0,247436.65625,171668,0.002020245737508,-0.016921759442423,0.018942005179931
2025-02-17,HYBE,352820.KS,248000.0,248000.0,238000.0,240000.0,239454.8125,208854,-0.032258129700619,-0.020715325531994636,-0.011542804168624361
2025-02-18,HYBE,352820.KS,241500.0,245500.0,238500.0,243000.0,242448.015625,125070,0.0125000750402541,0.011750587170773,0.0007494878694811
2025-02-19,HYBE,352820.KS,245000.0,245500.0,240000.0,245000.0,244443.46875,138868,0.0082304370273189,0.03485759814790403,-0.026627161120585132
2025-02-20,HYBE,352820.KS,257000.0,263000.0,246000.0,248500.0,247935.515625,480156,0.0142857033278782,0.06653961721309123,-0.052253913885213034
2025-02-21,HYBE,352820.KS,248500.0,250500.0,243500.0,245500.0,244942.328125,166249,-0.0120724434837611,-0.019789318299538568,0.0077168748157774684
2025-02-24,HYBE,352820.KS,242500.0,247500.0,241000.0,246000.0,245441.203125,139031,0.0020367039205466,-0.0030272749996731337,0.005063978920219734
2025-02-25,HYBE,352820.KS,246000.0,254000.0,245500.0,251000.0,250429.828125,188260,0.0203251326039961,0.024813734040586597,-0.004488601436590498
2025-02-26,HYBE,352820.KS,248000.0,261500.0,247500.0,253000.0,252425.28125,289435,0.0079681128240203,-0.007612984043897066,0.015581096867917366
2025-02-27,HYBE,352820.KS,252500.0,262500.0,251000.0,262500.0,261903.71875,237104,0.0375494778219644,0.0279109319144297,0.009638545907534699
2025-02-28,HYBE,352820.KS,258500.0,263000.0,253000.0,257500.0,256915.0625,295956,-0.0190476724569227,-0.0018898371005178667,-0.017157835356404832
2025-03-04,HYBE,352820.KS,257000.0,257500.0,248000.0,251000.0,250429.828125,212321,-0.0252427176199526,0.01199729760063683,-0.03724001522058943
2025-03-05,HYBE,352820.KS,251000.0,252500.0,248000.0,251000.0,250429.828125,175950,0.0,-0.027392944729469765,0.027392944729469765
2025-03-06,HYBE,352820.KS,252000.0,253000.0,244500.0,250000.0,249432.109375,173575,-0.0039840252156464,-0.016508795381480767,0.012524770165834368
2025-03-07,HYBE,352820.KS,248500.0,252500.0,247000.0,250000.0,249432.109375,117062,0.0,0.007563801276537801,-0.007563801276537801
2025-03-10,HYBE,352820.KS,248500.0,248500.0,232500.0,239000.0,238457.09375,302992,-0.0440000112756132,-0.044118535140911665,0.00011852386529846715
2025-03-11,HYBE,352820.KS,231000.0,242000.0,231000.0,237000.0,236461.640625,167065,-0.0083681852094198,-0.010391387651035268,0.002023202441615468
2025-03-12,HYBE,352820.KS,236000.0,238000.0,231000.0,233000.0,232470.71875,212297,-0.0168776714246398,-0.0052973847772563335,-0.011580286647383465
2025-03-13,HYBE,352820.KS,231500.0,233500.0,229500.0,233500.0,233169.734375,193942,0.0030068975084631,-0.0017735085822378667,0.004780406090700967
2025-03-14,HYBE,352820.KS,231500.0,234000.0,225500.0,232000.0,231671.859375,195374,-0.0064239683765775,-0.0147916861961669,0.0083677178195894
2025-03-17,HYBE,352820.KS,231500.0,241000.0,229000.0,238500.0,238162.65625,187752,0.0280172002439602,0.014632419760246734,0.013384780483713464
2025-03-18,HYBE,352820.KS,240000.0,240500.0,228500.0,228500.0,228176.8125,214516,-0.0419286713846432,-0.033633815813745166,-0.008294855570898034
2025-03-19,HYBE,352820.KS,228500.0,236500.0,228500.0,234000.0,233669.03125,152224,0.0240700125916606,0.026721426870096033,-0.002651414278435432
2025-03-20,HYBE,352820.KS,234500.0,235000.0,228000.0,229000.0,228676.09375,127529,-0.0213675619455884,-0.038370828889679465,0.017003266944091065
2025-03-21,HYBE,352820.KS,225500.0,239000.0,224500.0,232000.0,231671.859375,246272,0.0131004757684689,0.024073560266876032,-0.010973084498407133
2025-03-24,HYBE,352820.KS,232500.0,239000.0,230500.0,233000.0,232670.4375,106819,0.0043103125588663,0.0253326134057556,-0.0210223008468893
2025-03-25,HYBE,352820.KS,231500.0,242000.0,231000.0,240000.0,239660.546875,127121,0.0300429631289105,0.0206959161027603,0.0093470470261502
2025-03-26,HYBE,352820.KS,243000.0,244000.0,238000.0,242000.0,241657.703125,99315,0.0083332708534695,0.0010765610390088005,0.0072567098144606995
2025-03-27,HYBE,352820.KS,240000.0,248500.0,238500.0,245000.0,244653.46875,133782,0.012396731352902,0.010435595011449,0.001961136341453
2025-03-28,HYBE,352820.KS,245000.0,245000.0,239000.0,240500.0,240159.828125,79329,-0.0183673693569897,-0.0241037061521195,0.0057363367951298
2025-03-31,HYBE,352820.KS,236500.0,242500.0,233000.0,235500.0,235166.90625,129001,-0.0207899960371442,-0.013634272212459967,-0.007155723824684232
2025-04-01,HYBE,352820.KS,236000.0,238500.0,231500.0,235000.0,234667.609375,159236,-0.0021231596016711,0.0016708970790512666,-0.0037940566807223666
2025-04-02,HYBE,352820.KS,235500.0,235500.0,230000.0,232500.0,232171.140625,136574,-0.0106383184140705,-0.008668767236026333,-0.001969551178044166
2025-04-03,HYBE,352820.KS,227500.0,241000.0,226500.0,237000.0,236664.78125,183448,0.0193548630243329,0.012262801127021902,0.007092061897310998
2025-04-04,HYBE,352820.KS,239500.0,246500.0,235000.0,246000.0,245652.046875,377791,0.03797466432281,0.0465972955981875,-0.008622631275377504
2025-04-07,HYBE,352820.KS,239500.0,241500.0,231000.0,231500.0,231172.5625,193815,-0.0589430642211089,-0.058330508837112195,-0.0006125553839967032
2025-04-08,HYBE,352820.KS,237000.0,239000.0,228500.0,230500.0,230173.984375,143665,-0.0043196221653682,0.0032398396594448334,-0.007559461824813034
2025-04-09,HYBE,352820.KS,227500.0,228500.0,209500.0,215000.0,214695.90625,466461,-0.0672451240179389,-0.028856450396510535,-0.038388673621428365
2025-04-10,HYBE,352820.KS,222500.0,229500.0,215500.0,229500.0,229175.390625,271166,0.0674418279691813,0.012699279891808633,0.054742548077372666
2025-04-11,HYBE,352820.KS,224000.0,229500.0,222500.0,226000.0,225680.34375,167451,-0.0152505330762976,0.0116065008584609,-0.026857033934758502
2025-04-14,HYBE,352820.KS,226000.0,226000.0,219000.0,223000.0,222684.578125,238499,-0.0132743754959828,0.005094289279033267,-0.018368664775016065
2025-04-15,HYBE,352820.KS,223000.0,226500.0,220000.0,223000.0,222684.578125,130089,0.0,0.012738642032006668,-0.012738642032006668
2025-04-16,HYBE,352820.KS,223000.0,231500.0,222500.0,227000.0,226678.921875,137078,0.0179372266531985,-0.008403519231211567,0.026340745884410065
2025-04-17,HYBE,352820.KS,227500.0,230500.0,223000.0,227000.0,226678.921875,177374,0.0,0.03727801695552937,-0.03727801695552937
2025-04-18,HYBE,352820.KS,228000.0,232000.0,226000.0,230500.0,230173.984375,152020,0.0154185597456093,0.037360475580587436,-0.021941915834978135
2025-04-21,HYBE,352820.KS,233000.0,236000.0,229000.0,230000.0,229674.6875,128404,-0.0021692150672707,-0.025710990424577067,0.023541775357306366
2025-04-22,HYBE,352820.KS,229000.0,233000.0,228500.0,230500.0,230173.984375,127682,0.0021739307906971,0.0013736687386723331,0.0008002620520247668
2025-04-23,HYBE,352820.KS,232000.0,232500.0,228500.0,230500.0,230173.984375,112877,0.0,-0.008396243922149568,0.008396243922149568
2025-04-24,HYBE,352820.KS,229500.0,231500.0,227000.0,228000.0,227677.515625,74368,-0.0108460074529219,-0.004590983153964767,-0.006255024298957132
2025-04-25,HYBE,352820.KS,228500.0,234500.0,226500.0,232500.0,232171.140625,172035,0.0197367974069133,0.0238577417861837,-0.004120944379270401
2025-04-28,HYBE,352820.KS,233500.0,248500.0,230000.0,248500.0,248148.515625,318665,0.0688172309314121,0.020411932623828965,0.048405298307583125
2025-04-29,HYBE,352820.KS,250000.0,253500.0,243500.0,253000.0,252642.15625,288637,0.0181086742094027,0.03585532091168494,-0.017746646702282237
2025-04-30,HYBE,352820.KS,258500.0,267000.0,257000.0,267000.0,266622.34375,539397,0.0553359253558856,0.0114776277331339,0.0438582976227517
2025-05-02,HYBE,352820.KS,268500.0,271000.0,262500.0,264500.0,264125.875,266554,-0.0093633140977142,0.020373000165164402,-0.0297363142628786
2025-05-07,HYBE,352820.KS,267000.0,267500.0,261500.0,264500.0,264125.875,203802,0.0,-0.011284631835481966,0.011284631835481966
2025-05-08,HYBE,352820.KS,265500.0,271500.0,262500.0,265000.0,264625.1875,239328,0.0018904338698357,-0.007047236767621666,0.008937670637457366
2025-05-09,HYBE,352820.KS,264500.0,274000.0,263500.0,270000.0,269618.09375,220742,0.0188678420870274,0.04250674803041304,-0.02363890594338564
2025-05-12,HYBE,352820.KS,268000.0,270000.0,262000.0,265500.0,265124.46875,158328,-0.0166666299635166,-0.04222755890572719,0.025560928942210594
2025-05-13,HYBE,352820.KS,262500.0,268000.0,260500.0,267000.0,266622.34375,120932,0.005649704861502,0.012871450721320767,-0.007221745859818766
2025-05-14,HYBE,352820.KS,267500.0,277000.0,267500.0,275000.0,274611.03125,196783,0.0299625582298932,0.0329054409074516,-0.0029428826775584026
2025-05-15,HYBE,352820.KS,274500.0,277500.0,272500.0,273500.0,273113.15625,84501,-0.0054545332471963,0.00838776645548857,-0.013842299702684871
2025-05-16,HYBE,352820.KS,274000.0,276000.0,272000.0,274500.0,274111.75,81185,0.003656337042533,-0.006655261399386367,0.010311598441919367
2025-05-19,HYBE,352820.KS,274000.0,277500.0,268000.0,270000.0,269618.09375,110756,-0.0163935192489924,-0.016613373985063365,0.00021985473607096656
2025-05-20,HYBE,352820.KS,274000.0,279000.0,270500.0,277500.0,277107.5,162553,0.0277778325105453,0.024569404573253736,0.0032084279372915636
2025-05-21,HYBE,352820.KS,279500.0,283000.0,275500.0,279000.0,278605.375,148175,0.0054053932138249,0.012448279029993334,-0.007042885816168434
2025-05-22,HYBE,352820.KS,276000.0,281500.0,273000.0,280500.0,280103.25,142564,0.0053763320251807,0.0063092132722333,-0.0009328812470526006
2025-05-23,HYBE,352820.KS,280500.0,286500.0,279000.0,285500.0,285096.1875,159621,0.0178253465463182,0.034770031927893436,-0.016944685381575234
2025-05-26,HYBE,352820.KS,289000.0,292000.0,285000.0,289500.0,289090.53125,153727,0.0140105126800407,0.0088215574430039,0.0051889552370368
2025-05-27,HYBE,352820.KS,288500.0,291000.0,282000.0,286500.0,286094.78125,153786,-0.0103626707766825,-0.009788327091860902,-0.0005743436848215985
2025-05-28,HYBE,352820.KS,289500.0,292500.0,276500.0,279000.0,278605.375,242432,-0.0261780596530891,-0.0104466561917508,-0.0157314034613383
2025-05-29,HYBE,352820.KS,260000.0,276000.0,259500.0,272000.0,271615.28125,484102,-0.0250895868394498,0.043486534760597634,-0.06857612160004743
2025-05-30,HYBE,352820.KS,268000.0,276000.0,260000.0,266000.0,265623.75,334461,-0.0220588886693944,-0.034553673135305434,0.012494784465911034
2025-06-02,HYBE,352820.KS,267000.0,273500.0,264500.0,272000.0,271615.28125,199983,0.0225564590892193,0.03499637030278283,-0.012439911213563533
2025-06-04,HYBE,352820.KS,279000.0,285500.0,274500.0,281000.0,280602.5625,231183,0.0330882754778731,-0.0054847517203104,0.0385730271981835
2025-06-05,HYBE,352820.KS,284000.0,288500.0,281500.0,284500.0,284097.59375,186632,0.0124554502241938,0.025726048591805634,-0.013270598367611833
2025-06-09,HYBE,352820.KS,291500.0,304500.0,291000.0,302000.0,301572.84375,453290,0.06151143263599,0.0189102200697637,0.0426012125662263
2025-06-10,HYBE,352820.KS,308000.0,310000.0,300000.0,309000.0,308562.9375,329855,0.0231787904477058,0.0238003671348223,-0.0006215766871164978
2025-06-11,HYBE,352820.KS,313500.0,313500.0,299500.0,300500.0,300074.96875,363329,-0.0275080630835645,-0.024340880378976037,-0.0031671827045884615
2025-06-12,HYBE,352820.KS,299000.0,304000.0,297500.0,302000.0,301572.84375,268735,0.0049916692693148,-0.008379904854747667,0.013371574124062468
2025-06-13,HYBE,352820.KS,302000.0,304000.0,293500.0,296000.0,295581.34375,273190,-0.0198675050627796,-0.028472650167985235,0.008605145105205634
2025-06-16,HYBE,352820.KS,296500.0,301500.0,296000.0,299000.0,298577.09375,179249,0.0101351119187473,0.015128749988410533,-0.004993638069663233
2025-06-17,HYBE,352820.KS,301500.0,302000.0,294000.0,298500.0,298077.78125,169266,-0.0016723067859253,-0.002467085800513733,0.0007947790145884329
2025-06-18,HYBE,352820.KS,296500.0,309000.0,295500.0,304000.0,303570.03125,233220,0.0184255598554445,-0.006825148972927333,0.025250708828371833
2025-06-19,HYBE,352820.KS,304000.0,305000.0,298000.0,300000.0,299575.6875,197511,-0.0131578988003282,0.014993701791711798,-0.02815160059204
2025-06-20,HYBE,352820.KS,301000.0,307500.0,300500.0,307000.0,306565.78125,257752,0.0233333145567762,0.025307386476582667,-0.001974071919806468
2025-06-23,HYBE,352820.KS,303500.0,304000.0,298500.0,303000.0,302571.4375,149208,-0.0130293202774078,-0.018694810564367267,0.005665490286959467
2025-06-24,HYBE,352820.KS,307000.0,316000.0,303500.0,312500.0,312058.0,269200,0.0313531329274925,0.010695984519106033,0.020657148408386464
2025-06-25,HYBE,352820.KS,312000.0,312500.0,306000.0,310500.0,310060.8125,243590,-0.0064000522338796,-0.015745235626944135,0.009345183393064536
2025-06-26,HYBE,352820.KS,310500.0,311000.0,301500.0,306000.0,305567.1875,156864,-0.0144927214883048,-0.0069541641966363,-0.0075385572916685
2025-06-27,HYBE,352820.KS,306000.0,306500.0,297500.0,305500.0,305067.90625,172862,-0.0016339491621625,0.014044703152920899,-0.015678652315083398
2025-06-30,HYBE,352820.KS,305500.0,312000.0,302500.0,309000.0,308562.9375,192357,0.0114565681226914,0.022044531648154665,-0.010587963525463264
2025-07-01,HYBE,352820.KS,311000.0,318000.0,308000.0,313500.0,313056.59375,209630,0.0145631756244217,0.008201676966593834,0.006361498657827865
2025-07-02,HYBE,352820.KS,316500.0,323000.0,300500.0,305000.0,304568.59375,292797,-0.0271133084862551,-0.011855357461395865,-0.015257951024859237
2025-07-03,HYBE,352820.KS,305000.0,305000.0,287000.0,290500.0,290089.125,420996,-0.0475409121200632,-0.05120906691891957,0.00366815479885637
2025-07-04,HYBE,352820.KS,285000.0,290500.0,275000.0,275500.0,275110.3125,419779,-0.0516352086621654,-0.02071902378913437,-0.030916184873031032
2025-07-07,HYBE,352820.KS,279000.0,282000.0,275000.0,277500.0,277107.5,164118,0.0072595879153021,-0.0127204312867996,0.0199800192021017
2025-07-08,HYBE,352820.KS,282000.0,286500.0,280000.0,281500.0,281101.84375,268546,0.0144144194942394,0.02527732511474833,-0.010862905620508928
2025-07-09,HYBE,352820.KS,280000.0,280000.0,266500.0,277000.0,276608.21875,392730,-0.0159857542734456,0.003108116672048433,-0.019093870945494033
2025-07-10,HYBE,352820.KS,273000.0,275500.0,268000.0,274500.0,274111.75,439650,-0.0090252876840811,0.0006579742103741,-0.009683261894455201
2025-07-11,HYBE,352820.KS,276500.0,279500.0,269500.0,271000.0,270616.6875,319274,-0.0127505023042608,0.021613097180118866,-0.03436359948437966
2025-07-14,HYBE,352820.KS,271000.0,275000.0,267500.0,272500.0,272114.5625,168016,0.0055350429932374,-0.004139317516977033,0.009674360510214433
2025-07-15,HYBE,352820.KS,272500.0,275000.0,269500.0,271000.0,270616.6875,203617,-0.0055045749343165,0.0031724102549978337,-0.008676985189314333
2025-07-16,HYBE,352820.KS,269500.0,271000.0,266000.0,266500.0,266123.0625,193766,-0.0166051289797123,-0.026344200828429434,0.009739071848717133
2025-07-17,HYBE,352820.KS,263000.0,271500.0,263000.0,270500.0,270117.40625,197964,0.0150093859302404,0.008026573409932401,0.0069828125203079995
2025-07-18,HYBE,352820.KS,269000.0,270000.0,265500.0,268000.0,267620.9375,147303,-0.009242161712783,0.0007287386110291667,-0.009970900323812166
2025-07-21,HYBE,352820.KS,267000.0,277000.0,266500.0,276000.0,275609.625,255728,0.0298507567256391,0.05282572288581137,-0.022974966160172267
2025-07-22,HYBE,352820.KS,275000.0,277500.0,272000.0,272500.0,272114.5625,199738,-0.0126812062532286,-0.0206163425931581,0.007935136339929498
2025-07-23,HYBE,352820.KS,273500.0,274750.0,264500.0,267500.0,267121.65625,150763,-0.0183485448339428,-0.031669261916461765,0.013320717082518963
2025-07-24,HYBE,352820.KS,269000.0,269500.0,260000.0,262000.0,261629.421875,217097,-0.0205607978480778,-0.02010973241386003,-0.00045106543421776987
2025-07-25,HYBE,352820.KS,259000.0,262500.0,254500.0,256500.0,256137.203125,340667,-0.0209923590039656,-0.021146533124362567,0.00015417412039696668
2025-07-28,HYBE,352820.KS,256500.0,259000.0,249500.0,251500.0,251144.28125,246746,-0.0194931537241911,-0.021447826285696834,0.0019546725615057353
2025-07-29,HYBE,352820.KS,253000.0,256500.0,249500.0,254500.0,254140.03125,148483,0.0119284022120251,0.005696908714880833,0.006231493497144267
2025-07-30,HYBE,352820.KS,250500.0,252500.0,246000.0,250500.0,250145.6875,208851,-0.0157170978942342,-0.004798607115607467,-0.010918490778626732
2025-07-31,HYBE,352820.KS,249000.0,263000.0,249000.0,259500.0,259132.953125,309555,0.0359281253849319,0.0626955723346167,-0.026767446949684803
2025-08-01,HYBE,352820.KS,255500.0,259000.0,250000.0,251000.0,250644.984375,169962,-0.0327552657724145,-0.0450976370085385,0.012342371236124
2025-08-04,HYBE,352820.KS,248500.0,261500.0,248500.0,260500.0,260131.546875,177197,0.0378486029698754,0.04363211377338544,-0.005783510803510042
2025-08-05,HYBE,352820.KS,264000.0,264500.0,257500.0,262000.0,261629.421875,166073,0.0057581443619361,0.0160082010135872,-0.010250056651651102
2025-08-06,HYBE,352820.KS,263500.0,268000.0,255500.0,259000.0,258633.671875,295798,-0.0114503559214808,0.028028925143798733,-0.03947928106527954
2025-08-07,HYBE,352820.KS,271500.0,282000.0,269500.0,277500.0,277107.5,578454,0.0714285498522735,-0.0005133317713771993,0.0719418816236507
2025-08-08,HYBE,352820.KS,281500.0,295500.0,275000.0,291000.0,290588.40625,603873,0.0486486516965438,0.04055883972505947,0.008089811971484333
2025-08-11,HYBE,352820.KS,294500.0,294500.0,285000.0,289000.0,288591.21875,334370,-0.0068729084059938,0.0703646416465859,-0.0772375500525797
2025-08-12,HYBE,352820.KS,287500.0,288000.0,281500.0,282000.0,281601.125,212969,-0.0242214360515776,-0.0110528154400542,-0.013168620611523399
2025-08-13,HYBE,352820.KS,284500.0,284500.0,275000.0,279500.0,279104.65625,218777,-0.0088652655418191,-0.041859427600565796,0.032994162058746695
2025-08-14,HYBE,352820.KS,284000.0,295000.0,279500.0,283500.0,283099.0,322744,0.0143112759337922,0.025360751075707903,-0.011049475141915703
2025-08-18,HYBE,352820.KS,280500.0,286000.0,277000.0,280500.0,280103.25,148873,-0.0105819872200184,-0.006223819314303866,-0.004358167905714534
2025-08-19,HYBE,352820.KS,282500.0,294500.0,281000.0,287500.0,287093.34375,281644,0.0249554182252438,0.0033833847289177336,0.021572033496326064
2025-08-20,HYBE,352820.KS,286500.0,288500.0,280000.0,286500.0,286094.78125,219592,-0.0034781806048054,0.027377193164279067,-0.030855373769084468
2025-08-21,HYBE,352820.KS,288000.0,292500.0,285000.0,291500.0,291087.6875,207405,0.0174519305391909,0.005923226643273866,0.011528703895917036
2025-08-22,HYBE,352820.KS,289500.0,293000.0,284500.0,285500.0,285096.1875,349789,-0.020583144726793,-0.038613196354825026,0.018030051628032027
2025-08-25,HYBE,352820.KS,288000.0,296000.0,286000.0,293500.0,293084.875,294500,0.0280210253600812,0.007027535202903767,0.02099349015717743
2025-08-26,HYBE,352820.KS,294500.0,306000.0,292000.0,297500.0,297079.21875,386581,0.0136286246432879,0.0007248597283202001,0.012903764914967699
2025-08-27,HYBE,352820.KS,298500.0,299000.0,292500.0,295500.0,295082.03125,143004,-0.0067227438809197,-0.0110846324513056,0.0043618885703858995
2025-08-28,HYBE,352820.KS,290000.0,291500.0,283000.0,290000.0,289589.8125,229104,-0.0186125150580479,-0.026939082742895165,0.008326567684847266
2025-08-29,HYBE,352820.KS,291000.0,292000.0,285500.0,287000.0,286594.0625,141498,-0.0103448045155248,-0.0028158476005467003,-0.0075289569149781
2025-09-01,HYBE,352820.KS,286500.0,290500.0,284500.0,285000.0,284596.90625,144997,-0.0069685890648903,0.010198352254657267,-0.017166941319547567
2025-09-02,HYBE,352820.KS,285500.0,288000.0,282000.0,284000.0,283598.3125,100167,-0.0035088004404475,-0.004144342676101201,0.0006355422356537008
2025-09-03,HYBE,352820.KS,284000.0,286500.0,272000.0,281500.0,281101.84375,217496,-0.0088028335852667,-0.014604592429403235,0.005801758844136536
2025-09-04,HYBE,352820.KS,281000.0,283000.0,280000.0,283000.0,282599.71875,84002,0.0053285847578152,0.0036163454707121,0.0017122392871031004
2025-09-05,HYBE,352820.KS,284500.0,293500.0,281500.0,290500.0,290089.125,206995,0.0265018177764906,0.012826326198997333,0.013675491577493268
2025-09-08,HYBE,352820.KS,288500.0,292500.0,286500.0,292000.0,291587.0,101589,0.0051634993211138,0.013892200161554633,-0.008728700840440834
2025-09-09,HYBE,352820.KS,292000.0,293000.0,288000.0,290000.0,289589.8125,155832,-0.0068493708567254,-0.018570151781971602,0.011720780925246203
2025-09-10,HYBE,352820.KS,291000.0,292000.0,287000.0,291500.0,291087.6875,185172,0.0051724022577623,0.0222871165066814,-0.0171147142489191
2025-09-11,HYBE,352820.KS,290000.0,291000.0,283500.0,285500.0,285096.1875,260643,-0.020583144726793,-0.013795157333758001,-0.0067879873930349974
2025-09-12,HYBE,352820.KS,286000.0,292000.0,284000.0,292000.0,291587.0,217067,0.022767096806582,0.006904999439273966,0.015862097367308033
2025-09-15,HYBE,352820.KS,289000.0,289000.0,283000.0,286500.0,286094.78125,171210,-0.0188356090977992,-0.008799249036703401,-0.010036360061095798
2025-09-16,HYBE,352820.KS,284000.0,290500.0,284000.0,289000.0,288591.21875,156450,0.0087259106548278,0.004947391481886,0.0037785191729418
2025-09-17,HYBE,352820.KS,290500.0,298000.0,288000.0,289000.0,288591.21875,190791,0.0,0.0019560432607035666,-0.0019560432607035666
2025-09-18,HYBE,352820.KS,289000.0,295500.0,287000.0,290000.0,289589.8125,334193,0.0034602360886977,0.008382800563848467,-0.004922564475150767
2025-09-22,HYBE,352820.KS,290000.0,292000.0,285500.0,287000.0,286594.0625,164746,-0.0103448045155248,0.0033316309904772,-0.013676435506002001
2025-09-23,HYBE,352820.KS,286000.0,287500.0,280500.0,281500.0,281101.84375,193677,-0.0191637562275038,-0.02372465966973313,0.004560903442229328
2025-09-24,HYBE,352820.KS,281500.0,283000.0,271000.0,276000.0,275609.625,315539,-0.0195381811685466,-0.0099645341480945,-0.009573647020452098
2025-09-25,HYBE,352820.KS,275500.0,276500.0,270000.0,271500.0,271116.0,214341,-0.0163043108527142,-0.025408158691246564,0.009103847838532363
2025-09-26,HYBE,352820.KS,273000.0,276000.0,267000.0,268500.0,268120.21875,219494,-0.0110498135484442,0.027953152574055798,-0.039002966122499996
2025-09-29,HYBE,352820.KS,269500.0,274000.0,269000.0,270000.0,269618.09375,138077,0.0055865798073089,0.0018413476306036335,0.003745232176705266
2025-09-30,HYBE,352820.KS,270000.0,270000.0,263500.0,266000.0,265623.75,228946,-0.0148148208246873,-0.022185882115414335,0.007371061290727034
2025-10-01,HYBE,352820.KS,269000.0,275000.0,267000.0,268000.0,267620.9375,136046,0.0075188589122772,-0.0022161909528316333,0.009735049865108833
2025-10-02,HYBE,352820.KS,269500.0,272500.0,265000.0,267500.0,267121.65625,235090,-0.0018656285067382,-0.0084399684793046,0.0065743399725664
2025-10-10,HYBE,352820.KS,270000.0,275500.0,269000.0,272500.0,272114.5625,176765,0.0186915067841864,0.009908572945002567,0.008782933839183833
2025-10-13,HYBE,352820.KS,270000.0,286000.0,269000.0,284000.0,283598.3125,257638,0.0422018942848749,0.03715219230938333,0.005049701975491566
2025-10-14,HYBE,352820.KS,280500.0,280500.0,269500.0,271500.0,271116.0,271740,-0.0440140577352694,-0.053649570855395325,0.009635513120125921
2025-10-15,HYBE,352820.KS,275000.0,281000.0,271500.0,278000.0,277606.78125,154640,0.0239409745275085,-0.016875622921035466,0.04081659744854396
2025-10-16,HYBE,352820.KS,277000.0,277500.0,271000.0,273000.0,272613.875,203083,-0.0179855341700159,-0.016796355244376934,-0.0011891789256389673
2025-10-17,HYBE,352820.KS,274000.0,275500.0,269000.0,269500.0,269118.8125,157990,-0.0128205598486137,-0.023167719543760165,0.010347159695146465
2025-10-20,HYBE,352820.KS,270500.0,276000.0,266500.0,275500.0,275110.3125,146704,0.0222634008538515,0.018070177693871,0.0041932231599805005
2025-10-21,HYBE,352820.KS,275500.0,284000.0,274000.0,281000.0,280602.5625,201255,0.0199638099716819,0.0198065277139601,0.0001572822577218004
2025-10-22,HYBE,352820.KS,279500.0,282500.0,276500.0,281500.0,281101.84375,117994,0.0017793182127479,-0.008347138737615665,0.010126456950363565
2025-10-23,HYBE,352820.KS,279500.0,290000.0,279000.0,288500.0,288091.9375,306584,0.0248667659263619,0.007509478818197833,0.017357287108164067
2025-10-24,HYBE,352820.KS,288500.0,290000.0,284000.0,288000.0,287592.65625,157712,-0.0017330622103924,-0.009863101069205966,0.008130038858813566
2025-10-27,HYBE,352820.KS,285500.0,316000.0,284500.0,309500.0,309062.25,1062420,0.0746527885306529,0.03400451328103996,0.04064827524961293
2025-10-28,HYBE,352820.KS,306000.0,313000.0,303500.0,311500.0,311059.40625,520615,0.0064619870268853,0.005248045191968333,0.0012139418349169668
2025-10-29,HYBE,352820.KS,310000.0,313000.0,305250.0,309000.0,308562.9375,357341,-0.0080256976636596,-0.021790927233243333,0.013765229569583733
2025-10-30,HYBE,352820.KS,316500.0,331000.0,315000.0,324500.0,324041.03125,760137,0.0501618693269019,0.0125445394151731,0.0376173299117288
2025-10-31,HYBE,352820.KS,331500.0,345000.0,328500.0,341000.0,340517.6875,551142,0.0508474380125278,-0.0009523521422589333,0.05179979015478673
2025-11-03,HYBE,352820.KS,350500.0,351000.0,337500.0,342500.0,342015.5625,438105,0.004398817021803,0.015977219319131868,-0.011578402297328868
2025-11-04,HYBE,352820.KS,338000.0,345500.0,332500.0,341000.0,340517.6875,220060,-0.0043795521731558,-0.029250256152071132,0.02487070397891533
2025-11-05,HYBE,352820.KS,336000.0,339000.0,322000.0,332000.0,331530.40625,331814,-0.0263929939028497,-0.042628928997367095,0.016235935094517394
2025-11-06,HYBE,352820.KS,339500.0,339500.0,318000.0,319500.0,319048.09375,310182,-0.0376505812579596,-0.05618091661953143,0.01853033536157183
2025-11-07,HYBE,352820.KS,310000.0,317000.0,299000.0,305500.0,305067.90625,341723,-0.0438184329380592,-0.05202156917156527,0.008203136233506075
2025-11-10,HYBE,352820.KS,305500.0,309500.0,294000.0,305500.0,305067.90625,348157,0.0,-0.01958249271084043,0.01958249271084043
2025-11-11,HYBE,352820.KS,313000.0,313000.0,282000.0,285500.0,285096.1875,710288,-0.0654664694018432,-0.03406661812706866,-0.031399851274774536
2025-11-12,HYBE,352820.KS,289000.0,297500.0,287000.0,291000.0,290588.40625,307833,0.0192644412335398,-0.00010863914643443352,0.019373080379974233
2025-11-13,HYBE,352820.KS,305500.0,310000.0,299000.0,304000.0,303570.03125,650389,0.0446735820176926,0.0038685544791426997,0.0408050275385499
2025-11-14,HYBE,352820.KS,298000.0,311500.0,295500.0,297500.0,297079.21875,243004,-0.0213815984182398,-0.012993068523323034,-0.008388529894916764
2025-11-17,HYBE,352820.KS,301500.0,302500.0,293500.0,294500.0,294083.46875,190554,-0.010084010630582,0.007792289828308066,-0.017876300458890066
2025-11-18,HYBE,352820.KS,295500.0,309000.0,293500.0,294000.0,293584.15625,301913,-0.0016978598019206,-0.0041325971961497674,0.0024347373942291677
2025-11-19,HYBE,352820.KS,299000.0,299000.0,286000.0,287500.0,287093.34375,208879,-0.0221088650794656,-0.023411142006849,0.0013022769273834008
2025-11-20,HYBE,352820.KS,291000.0,299500.0,288000.0,296000.0,295581.34375,186671,0.029565297088153,0.028122211657665697,0.0014430854304873023
2025-11-21,HYBE,352820.KS,290500.0,294000.0,287500.0,292000.0,291587.0,175410,-0.0135135177996158,-0.028642881345632334,0.015129363546016534
2025-11-24,HYBE,352820.KS,296500.0,296500.0,288500.0,290000.0,289589.8125,183457,-0.0068493708567254,-0.012511051289299734,0.005661680432574334
2025-11-25,HYBE,352820.KS,291000.0,291500.0,277000.0,280500.0,280103.25,290393,-0.0327586195733318,-0.033473503208157236,0.0007148836348254348
2025-11-26,HYBE,352820.KS,282500.0,289500.0,280500.0,285000.0,284596.90625,166884,0.0160428565180874,0.02831344289072793,-0.01227058637264053
2025-11-27,HYBE,352820.KS,286000.0,299000.0,284500.0,297500.0,297079.21875,260847,0.0438596211901021,0.022579749978336502,0.0212798712117656
2025-11-28,HYBE,352820.KS,299000.0,304500.0,295000.0,299500.0,299076.375,193873,0.006722638690122,0.04768305934330333,-0.04096042065318133
2025-12-01,HYBE,352820.KS,300000.0,301000.0,289500.0,292000.0,291587.0,141298,-0.025041680406886,-0.0068512229664053,-0.0181904574404807
2025-12-02,HYBE,352820.KS,294000.0,301000.0,293500.0,298000.0,297578.5,152391,0.0205478982259155,-0.004797267132893534,0.025345165358809034
2025-12-03,HYBE,352820.KS,299000.0,300000.0,295500.0,296000.0,295581.34375,90371,-0.0067113593555986,-0.004458299374538534,-0.0022530599810600665
2025-12-04,HYBE,352820.KS,296000.0,296500.0,291500.0,295500.0,295082.03125,101973,-0.0016892558023632,-0.013361078099494666,0.011671822297131467
2025-12-05,HYBE,352820.KS,291000.0,294500.0,289000.0,290000.0,289589.8125,147520,-0.0186125150580479,0.0053733664267135335,-0.023985881484761433
2025-12-08,HYBE,352820.KS,289000.0,290500.0,285000.0,289000.0,288591.21875,164099,-0.0034483041422598,-0.014782069996830035,0.011333765854570235
2025-12-09,HYBE,352820.KS,291000.0,297500.0,289000.0,291000.0,290588.40625,145395,0.0069204721773954,0.0013049768925441664,0.005615495284851234
2025-12-10,HYBE,352820.KS,292000.0,310000.0,289500.0,299000.0,298577.09375,321605,0.0274914185431305,0.009867019399135367,0.017624399143995134
2025-12-11,HYBE,352820.KS,301500.0,301500.0,294500.0,294500.0,294083.46875,175728,-0.0150501330948131,-0.009826252331582802,-0.005223880763230299
2025-12-12,HYBE,352820.KS,297000.0,303000.0,295500.0,299500.0,299076.375,199555,0.0169778541827676,0.0189995838074416,-0.002021729624674
2025-12-15,HYBE,352820.KS,297500.0,312000.0,293500.0,301000.0,300574.25,423517,0.0050083360813772,0.01502039741574883,-0.01001206133437163
2025-12-16,HYBE,352820.KS,301000.0,301000.0,294000.0,296000.0,295581.34375,206486,-0.0166112241817121,0.0089983991880071,-0.0256096233697192
2025-12-17,HYBE,352820.KS,299500.0,304500.0,294500.0,304000.0,303570.03125,258229,0.0270270355992316,0.0388878842450756,-0.011860848645844004
2025-12-18,HYBE,352820.KS,301500.0,312000.0,298000.0,305500.0,305067.90625,282658,0.0049341991824167,-0.010841644045542298,0.015775843227958997
2025-12-19,HYBE,352820.KS,309500.0,322500.0,307000.0,313500.0,313056.59375,499879,0.0261865877607372,-0.0022754781312608664,0.028462065891998067
2025-12-22,HYBE,352820.KS,315500.0,316000.0,308500.0,309000.0,308562.9375,168520,-0.0143541338521958,0.004658064398018434,-0.019012198250214232
2025-12-23,HYBE,352820.KS,311500.0,326000.0,309000.0,324500.0,324041.03125,376991,0.0501618693269019,0.04992322638334343,0.00023864294355847165
2025-12-24,HYBE,352820.KS,321000.0,326500.0,319000.0,323000.0,322543.15625,215277,-0.0046224855976475,0.0026287801342505667,-0.007251265731898066
2025-12-26,HYBE,352820.KS,321000.0,321000.0,312000.0,314500.0,314055.15625,243361,-0.0263158583139213,-0.024783993315695464,-0.0015318649982258362
2025-12-29,HYBE,352820.KS,314500.0,322500.0,310000.0,320000.0,319547.375,225393,0.0174880706165765,0.01676774319811857,0.0007203274184579313
2025-12-30,HYBE,352820.KS,321000.0,332500.0,316500.0,330000.0,329533.25,318124,0.0312500611216099,0.04947586524774816,-0.018225804126138265
2026-01-02,HYBE,352820.KS,340000.0,349000.0,336500.0,346000.0,345510.625,685781,0.0484848645773985,0.020881006362588966,0.027603858214809533
2026-01-05,HYBE,352820.KS,351000.0,353500.0,331000.0,337500.0,337022.625,744858,-0.0245665382938657,-0.07947600904574799,0.05490947075188229
2026-01-06,HYBE,352820.KS,343000.0,343000.0,329000.0,335500.0,335025.46875,306974,-0.0059258818306338,-0.0108241914758754,0.004898309645241601
2026-01-07,HYBE,352820.KS,333000.0,333500.0,319500.0,329000.0,328534.65625,554705,-0.0193740867648588,-0.015643770896446668,-0.003730315868412132
2026-01-08,HYBE,352820.KS,326000.0,338000.0,323000.0,335500.0,335025.46875,366538,0.0197568578429083,0.03428698295590733,-0.014530125112999032
2026-01-09,HYBE,352820.KS,333500.0,335000.0,324500.0,331000.0,330531.8125,279892,-0.013412879524551,-0.024573194954220296,0.011160315429669295
2026-01-12,HYBE,352820.KS,330000.0,333000.0,321000.0,332000.0,331530.40625,326677,0.0030211728863465,0.011252188916123266,-0.008231016029776765
2026-01-13,HYBE,352820.KS,333500.0,334500.0,326500.0,332000.0,331530.40625,305659,0.0,-0.011538765038461499,0.011538765038461499
2026-01-14,HYBE,352820.KS,342000.0,344500.0,328000.0,331000.0,330531.8125,487256,-0.0030120728933894,-0.006958430542569068,0.003946357649179668
2026-01-15,HYBE,352820.KS,333000.0,344000.0,332000.0,338500.0,338021.21875,648972,0.0226586548306904,0.013014216159381468,0.00964443867130893
