event_id,date,query,google_trends_score
TWICE_20210609_ALCOHOL_FREE,2020-12-27,TWICE Alcohol-Free,0
TWICE_20210609_ALCOHOL_FREE,2021-01-03,TWICE Alcohol-Free,0
TWICE_20210609_ALCOHOL_FREE,2021-01-10,TWICE Alcohol-Free,0
TWICE_20210609_ALCOHOL_FREE,2021-01-17,TWICE Alcohol-Free,0
TWICE_20210609_ALCOHOL_FREE,2021-01-24,TWICE Alcohol-Free,0
TWICE_20210609_ALCOHOL_FREE,2021-01-31,TWICE Alcohol-Free,0
TWICE_20210609_ALCOHOL_FREE,2021-02-07,TWICE Alcohol-Free,0
TWICE_20210609_ALCOHOL_FREE,2021-02-14,TWICE Alcohol-Free,0
TWICE_20210609_ALCOHOL_FREE,2021-02-21,TWICE Alcohol-Free,0
TWICE_20210609_ALCOHOL_FREE,2021-02-28,TWICE Alcohol-Free,0
TWICE_20210609_ALCOHOL_FREE,2021-03-07,TWICE Alcohol-Free,0
TWICE_20210609_ALCOHOL_FREE,2021-03-14,TWICE Alcohol-Free,0
TWICE_20210609_ALCOHOL_FREE,2021-03-21,TWICE Alcohol-Free,0
TWICE_20210609_ALCOHOL_FREE,2021-03-28,TWICE Alcohol-Free,0
TWICE_20210609_ALCOHOL_FREE,2021-04-04,TWICE Alcohol-Free,0
TWICE_20210609_ALCOHOL_FREE,2021-04-11,TWICE Alcohol-Free,0
TWICE_20210609_ALCOHOL_FREE,2021-04-18,TWICE Alcohol-Free,0
TWICE_20210609_ALCOHOL_FREE,2021-04-25,TWICE Alcohol-Free,0
TWICE_20210609_ALCOHOL_FREE,2021-05-02,TWICE Alcohol-Free,0
TWICE_20210609_ALCOHOL_FREE,2021-05-09,TWICE Alcohol-Free,0
TWICE_20210609_ALCOHOL_FREE,2021-05-16,TWICE Alcohol-Free,0
TWICE_20210609_ALCOHOL_FREE,2021-05-23,TWICE Alcohol-Free,0
TWICE_20210609_ALCOHOL_FREE,2021-05-30,TWICE Alcohol-Free,0
TWICE_20210609_ALCOHOL_FREE,2021-06-06,TWICE Alcohol-Free,100
TWICE_20210609_ALCOHOL_FREE,2021-06-13,TWICE Alcohol-Free,72
TWICE_20210609_ALCOHOL_FREE,2021-06-20,TWICE Alcohol-Free,54
TWICE_20210609_ALCOHOL_FREE,2021-06-27,TWICE Alcohol-Free,53
TWICE_20210609_ALCOHOL_FREE,2021-07-04,TWICE Alcohol-Free,43
TWICE_20210609_ALCOHOL_FREE,2021-07-11,TWICE Alcohol-Free,31
TWICE_20210609_ALCOHOL_FREE,2021-07-18,TWICE Alcohol-Free,34
TWICE_20210609_ALCOHOL_FREE,2021-07-25,TWICE Alcohol-Free,35
TWICE_20210609_ALCOHOL_FREE,2021-08-01,TWICE Alcohol-Free,32
TWICE_20210609_ALCOHOL_FREE,2021-08-08,TWICE Alcohol-Free,22
TWICE_20210609_ALCOHOL_FREE,2021-08-15,TWICE Alcohol-Free,31
TWICE_20210609_ALCOHOL_FREE,2021-08-22,TWICE Alcohol-Free,27
TWICE_20210609_ALCOHOL_FREE,2021-08-29,TWICE Alcohol-Free,20
TWICE_20210609_ALCOHOL_FREE,2021-09-05,TWICE Alcohol-Free,29
TWICE_20210609_ALCOHOL_FREE,2021-09-12,TWICE Alcohol-Free,22
TWICE_20210609_ALCOHOL_FREE,2021-09-19,TWICE Alcohol-Free,16
TWICE_20210609_ALCOHOL_FREE,2021-09-26,TWICE Alcohol-Free,14
TWICE_20210609_ALCOHOL_FREE,2021-10-03,TWICE Alcohol-Free,16
TWICE_20210609_ALCOHOL_FREE,2021-10-10,TWICE Alcohol-Free,16
TWICE_20210609_ALCOHOL_FREE,2021-10-17,TWICE Alcohol-Free,12
TWICE_20210609_ALCOHOL_FREE,2021-10-24,TWICE Alcohol-Free,0
TWICE_20210609_ALCOHOL_FREE,2021-10-31,TWICE Alcohol-Free,0
TWICE_20210609_ALCOHOL_FREE,2021-11-07,TWICE Alcohol-Free,12
TWICE_20210609_ALCOHOL_FREE,2021-11-14,TWICE Alcohol-Free,0
TWICE_20210609_ALCOHOL_FREE,2021-11-21,TWICE Alcohol-Free,15
TWICE_20210609_ALCOHOL_FREE,2021-11-28,TWICE Alcohol-Free,10
TWICE_20210609_ALCOHOL_FREE,2021-12-05,TWICE Alcohol-Free,13
TWICE_20210609_ALCOHOL_FREE,2021-12-12,TWICE Alcohol-Free,24
TWICE_20210609_ALCOHOL_FREE,2021-12-19,TWICE Alcohol-Free,0
TWICE_20210609_ALCOHOL_FREE,2021-12-26,TWICE Alcohol-Free,0
TWICE_20210609_ALCOHOL_FREE,2022-01-02,TWICE Alcohol-Free,0
TWICE_20210609_ALCOHOL_FREE,2022-01-09,TWICE Alcohol-Free,0
TWICE_20210609_ALCOHOL_FREE,2022-01-16,TWICE Alcohol-Free,17
TWICE_20210609_ALCOHOL_FREE,2022-01-23,TWICE Alcohol-Free,0
TWICE_20210609_ALCOHOL_FREE,2022-01-30,TWICE Alcohol-Free,0
TWICE_20210609_ALCOHOL_FREE,2022-02-06,TWICE Alcohol-Free,0
TWICE_20210609_ALCOHOL_FREE,2022-02-13,TWICE Alcohol-Free,0
TWICE_20210609_ALCOHOL_FREE,2022-02-20,TWICE Alcohol-Free,8
TWICE_20210609_ALCOHOL_FREE,2022-02-27,TWICE Alcohol-Free,9
TWICE_20210609_ALCOHOL_FREE,2022-03-06,TWICE Alcohol-Free,0
TWICE_20210609_ALCOHOL_FREE,2022-03-13,TWICE Alcohol-Free,8
TWICE_20210609_ALCOHOL_FREE,2022-03-20,TWICE Alcohol-Free,0
TWICE_20210609_ALCOHOL_FREE,2022-03-27,TWICE Alcohol-Free,0
TWICE_20210609_ALCOHOL_FREE,2022-04-03,TWICE Alcohol-Free,0
TWICE_20210609_ALCOHOL_FREE,2022-04-10,TWICE Alcohol-Free,8
TWICE_20210609_ALCOHOL_FREE,2022-04-17,TWICE Alcohol-Free,0
TWICE_20210609_ALCOHOL_FREE,2022-04-24,TWICE Alcohol-Free,0
TWICE_20210609_ALCOHOL_FREE,2022-05-01,TWICE Alcohol-Free,9
TWICE_20210609_ALCOHOL_FREE,2022-05-08,TWICE Alcohol-Free,0
TWICE_20210609_ALCOHOL_FREE,2022-05-15,TWICE Alcohol-Free,0
TWICE_20210609_ALCOHOL_FREE,2022-05-22,TWICE Alcohol-Free,0
TWICE_20210609_ALCOHOL_FREE,2022-05-29,TWICE Alcohol-Free,0
TWICE_20210609_ALCOHOL_FREE,2022-06-05,TWICE Alcohol-Free,9
TWICE_20210609_ALCOHOL_FREE,2022-06-12,TWICE Alcohol-Free,0
TWICE_20210609_ALCOHOL_FREE,2022-06-19,TWICE Alcohol-Free,8
TWICE_20210609_ALCOHOL_FREE,2022-06-26,TWICE Alcohol-Free,41
TWICE_20210609_ALCOHOL_FREE,2022-07-03,TWICE Alcohol-Free,51
TWICE_20210609_ALCOHOL_FREE,2022-07-10,TWICE Alcohol-Free,9
TWICE_20210609_ALCOHOL_FREE,2022-07-17,TWICE Alcohol-Free,0
TWICE_20210609_ALCOHOL_FREE,2022-07-24,TWICE Alcohol-Free,8
TWICE_20210609_ALCOHOL_FREE,2022-07-31,TWICE Alcohol-Free,0
TWICE_20210609_ALCOHOL_FREE,2022-08-07,TWICE Alcohol-Free,0
TWICE_20210609_ALCOHOL_FREE,2022-08-14,TWICE Alcohol-Free,0
TWICE_20210609_ALCOHOL_FREE,2022-08-21,TWICE Alcohol-Free,0
TWICE_20210609_ALCOHOL_FREE,2022-08-28,TWICE Alcohol-Free,0
TWICE_20210609_ALCOHOL_FREE,2022-09-04,TWICE Alcohol-Free,0
TWICE_20210609_ALCOHOL_FREE,2022-09-11,TWICE Alcohol-Free,0
TWICE_20210609_ALCOHOL_FREE,2022-09-18,TWICE Alcohol-Free,0
TWICE_20210609_ALCOHOL_FREE,2022-09-25,TWICE Alcohol-Free,0
TWICE_20210609_ALCOHOL_FREE,2022-10-02,TWICE Alcohol-Free,0
TWICE_20210609_ALCOHOL_FREE,2022-10-09,TWICE Alcohol-Free,0
TWICE_20210609_ALCOHOL_FREE,2022-10-16,TWICE Alcohol-Free,10
TWICE_20210609_ALCOHOL_FREE,2022-10-23,TWICE Alcohol-Free,0
TWICE_20210609_ALCOHOL_FREE,2022-10-30,TWICE Alcohol-Free,0
TWICE_20210609_ALCOHOL_FREE,2022-11-06,TWICE Alcohol-Free,0
TWICE_20210609_ALCOHOL_FREE,2022-11-13,TWICE Alcohol-Free,0
TWICE_20210609_ALCOHOL_FREE,2022-11-20,TWICE Alcohol-Free,0
TWICE_20210609_ALCOHOL_FREE,2022-11-27,TWICE Alcohol-Free,0
TWICE_20210609_ALCOHOL_FREE,2022-12-04,TWICE Alcohol-Free,0
TWICE_20210609_ALCOHOL_FREE,2022-12-11,TWICE Alcohol-Free,0
TWICE_20210609_ALCOHOL_FREE,2022-12-18,TWICE Alcohol-Free,0
TWICE_20210609_ALCOHOL_FREE,2022-12-25,TWICE Alcohol-Free,0
TWICE_20210609_ALCOHOL_FREE,2023-01-01,TWICE Alcohol-Free,0
TWICE_20210609_ALCOHOL_FREE,2023-01-08,TWICE Alcohol-Free,0
TWICE_20210609_ALCOHOL_FREE,2023-01-15,TWICE Alcohol-Free,0
TWICE_20210609_ALCOHOL_FREE,2023-01-22,TWICE Alcohol-Free,0
TWICE_20210609_ALCOHOL_FREE,2023-01-29,TWICE Alcohol-Free,0
TWICE_20210609_ALCOHOL_FREE,2023-02-05,TWICE Alcohol-Free,10
TWICE_20210609_ALCOHOL_FREE,2023-02-12,TWICE Alcohol-Free,0
TWICE_20210609_ALCOHOL_FREE,2023-02-19,TWICE Alcohol-Free,0
TWICE_20210609_ALCOHOL_FREE,2023-02-26,TWICE Alcohol-Free,0
TWICE_20210609_ALCOHOL_FREE,2023-03-05,TWICE Alcohol-Free,0
TWICE_20210609_ALCOHOL_FREE,2023-03-12,TWICE Alcohol-Free,0
TWICE_20210609_ALCOHOL_FREE,2023-03-19,TWICE Alcohol-Free,0
TWICE_20210609_ALCOHOL_FREE,2023-03-26,TWICE Alcohol-Free,0
TWICE_20210609_ALCOHOL_FREE,2023-04-02,TWICE Alcohol-Free,0
TWICE_20210609_ALCOHOL_FREE,2023-04-09,TWICE Alcohol-Free,0
TWICE_20210609_ALCOHOL_FREE,2023-04-16,TWICE Alcohol-Free,0
TWICE_20210609_ALCOHOL_FREE,2023-04-23,TWICE Alcohol-Free,0
TWICE_20210609_ALCOHOL_FREE,2023-04-30,TWICE Alcohol-Free,0
TWICE_20210609_ALCOHOL_FREE,2023-05-07,TWICE Alcohol-Free,0
TWICE_20210609_ALCOHOL_FREE,2023-05-14,TWICE Alcohol-Free,9
TWICE_20210609_ALCOHOL_FREE,2023-05-21,TWICE Alcohol-Free,0
TWICE_20210609_ALCOHOL_FREE,2023-05-28,TWICE Alcohol-Free,0
TWICE_20210609_ALCOHOL_FREE,2023-06-04,TWICE Alcohol-Free,0
TWICE_20210609_ALCOHOL_FREE,2023-06-11,TWICE Alcohol-Free,10
TWICE_20210609_ALCOHOL_FREE,2023-06-18,TWICE Alcohol-Free,0
TWICE_20210609_ALCOHOL_FREE,2023-06-25,TWICE Alcohol-Free,9
TWICE_20210609_ALCOHOL_FREE,2023-07-02,TWICE Alcohol-Free,15
TWICE_20210609_ALCOHOL_FREE,2023-07-09,TWICE Alcohol-Free,0
TWICE_20210609_ALCOHOL_FREE,2023-07-16,TWICE Alcohol-Free,0
TWICE_20210609_ALCOHOL_FREE,2023-07-23,TWICE Alcohol-Free,9
TWICE_20210609_ALCOHOL_FREE,2023-07-30,TWICE Alcohol-Free,0
TWICE_20210609_ALCOHOL_FREE,2023-08-06,TWICE Alcohol-Free,0
TWICE_20210609_ALCOHOL_FREE,2023-08-13,TWICE Alcohol-Free,0
TWICE_20210609_ALCOHOL_FREE,2023-08-20,TWICE Alcohol-Free,12
TWICE_20210609_ALCOHOL_FREE,2023-08-27,TWICE Alcohol-Free,0
TWICE_20210609_ALCOHOL_FREE,2023-09-03,TWICE Alcohol-Free,10
TWICE_20210609_ALCOHOL_FREE,2023-09-10,TWICE Alcohol-Free,9
TWICE_20210609_ALCOHOL_FREE,2023-09-17,TWICE Alcohol-Free,0
TWICE_20210609_ALCOHOL_FREE,2023-09-24,TWICE Alcohol-Free,0
TWICE_20210609_ALCOHOL_FREE,2023-10-01,TWICE Alcohol-Free,9
TWICE_20210609_ALCOHOL_FREE,2023-10-08,TWICE Alcohol-Free,0
TWICE_20210609_ALCOHOL_FREE,2023-10-15,TWICE Alcohol-Free,0
TWICE_20210609_ALCOHOL_FREE,2023-10-22,TWICE Alcohol-Free,8
TWICE_20210609_ALCOHOL_FREE,2023-10-29,TWICE Alcohol-Free,0
TWICE_20210609_ALCOHOL_FREE,2023-11-05,TWICE Alcohol-Free,0
TWICE_20210609_ALCOHOL_FREE,2023-11-12,TWICE Alcohol-Free,0
TWICE_20210609_ALCOHOL_FREE,2023-11-19,TWICE Alcohol-Free,0
TWICE_20210609_ALCOHOL_FREE,2023-11-26,TWICE Alcohol-Free,0
TWICE_20210609_ALCOHOL_FREE,2023-12-03,TWICE Alcohol-Free,0
TWICE_20210609_ALCOHOL_FREE,2023-12-10,TWICE Alcohol-Free,0
TWICE_20210609_ALCOHOL_FREE,2023-12-17,TWICE Alcohol-Free,0
TWICE_20210609_ALCOHOL_FREE,2023-12-24,TWICE Alcohol-Free,0
TWICE_20210609_ALCOHOL_FREE,2023-12-31,TWICE Alcohol-Free,0
TWICE_20210609_ALCOHOL_FREE,2024-01-07,TWICE Alcohol-Free,0
TWICE_20210609_ALCOHOL_FREE,2024-01-14,TWICE Alcohol-Free,0
TWICE_20210609_ALCOHOL_FREE,2024-01-21,TWICE Alcohol-Free,0
TWICE_20210609_ALCOHOL_FREE,2024-01-28,TWICE Alcohol-Free,0
TWICE_20210609_ALCOHOL_FREE,2024-02-04,TWICE Alcohol-Free,0
TWICE_20210609_ALCOHOL_FREE,2024-02-11,TWICE Alcohol-Free,0
TWICE_20210609_ALCOHOL_FREE,2024-02-18,TWICE Alcohol-Free,0
TWICE_20210609_ALCOHOL_FREE,2024-02-25,TWICE Alcohol-Free,0
TWICE_20210609_ALCOHOL_FREE,2024-03-03,TWICE Alcohol-Free,10
TWICE_20210609_ALCOHOL_FREE,2024-03-10,TWICE Alcohol-Free,0
TWICE_20210609_ALCOHOL_FREE,2024-03-17,TWICE Alcohol-Free,0
TWICE_20210609_ALCOHOL_FREE,2024-03-24,TWICE Alcohol-Free,0
TWICE_20210609_ALCOHOL_FREE,2024-03-31,TWICE Alcohol-Free,0
TWICE_20210609_ALCOHOL_FREE,2024-04-07,TWICE Alcohol-Free,0
TWICE_20210609_ALCOHOL_FREE,2024-04-14,TWICE Alcohol-Free,0
TWICE_20210609_ALCOHOL_FREE,2024-04-21,TWICE Alcohol-Free,0
TWICE_20210609_ALCOHOL_FREE,2024-04-28,TWICE Alcohol-Free,0
TWICE_20210609_ALCOHOL_FREE,2024-05-05,TWICE Alcohol-Free,0
TWICE_20210609_ALCOHOL_FREE,2024-05-12,TWICE Alcohol-Free,0
TWICE_20210609_ALCOHOL_FREE,2024-05-19,TWICE Alcohol-Free,0
TWICE_20210609_ALCOHOL_FREE,2024-05-26,TWICE Alcohol-Free,0
TWICE_20210609_ALCOHOL_FREE,2024-06-02,TWICE Alcohol-Free,0
TWICE_20210609_ALCOHOL_FREE,2024-06-09,TWICE Alcohol-Free,0
TWICE_20210609_ALCOHOL_FREE,2024-06-16,TWICE Alcohol-Free,0
TWICE_20210609_ALCOHOL_FREE,2024-06-23,TWICE Alcohol-Free,0
TWICE_20210609_ALCOHOL_FREE,2024-06-30,TWICE Alcohol-Free,0
TWICE_20210609_ALCOHOL_FREE,2024-07-07,TWICE Alcohol-Free,0
TWICE_20210609_ALCOHOL_FREE,2024-07-14,TWICE Alcohol-Free,0
TWICE_20210609_ALCOHOL_FREE,2024-07-21,TWICE Alcohol-Free,0
TWICE_20210609_ALCOHOL_FREE,2024-07-28,TWICE Alcohol-Free,0
TWICE_20210609_ALCOHOL_FREE,2024-08-04,TWICE Alcohol-Free,0
TWICE_20210609_ALCOHOL_FREE,2024-08-11,TWICE Alcohol-Free,0
TWICE_20210609_ALCOHOL_FREE,2024-08-18,TWICE Alcohol-Free,0
TWICE_20210609_ALCOHOL_FREE,2024-08-25,TWICE Alcohol-Free,0
TWICE_20210609_ALCOHOL_FREE,2024-09-01,TWICE Alcohol-Free,0
TWICE_20210609_ALCOHOL_FREE,2024-09-08,TWICE Alcohol-Free,0
TWICE_20210609_ALCOHOL_FREE,2024-09-15,TWICE Alcohol-Free,0
TWICE_20210609_ALCOHOL_FREE,2024-09-22,TWICE Alcohol-Free,0
TWICE_20210609_ALCOHOL_FREE,2024-09-29,TWICE Alcohol-Free,0
TWICE_20210609_ALCOHOL_FREE,2024-10-06,TWICE Alcohol-Free,0
TWICE_20210609_ALCOHOL_FREE,2024-10-13,TWICE Alcohol-Free,0
TWICE_20210609_ALCOHOL_FREE,2024-10-20,TWICE Alcohol-Free,0
TWICE_20210609_ALCOHOL_FREE,2024-10-27,TWICE Alcohol-Free,0
TWICE_20210609_ALCOHOL_FREE,2024-11-03,TWICE Alcohol-Free,0
TWICE_20210609_ALCOHOL_FREE,2024-11-10,TWICE Alcohol-Free,0
TWICE_20210609_ALCOHOL_FREE,2024-11-17,TWICE Alcohol-Free,0
TWICE_20210609_ALCOHOL_FREE,2024-11-24,TWICE Alcohol-Free,0
TWICE_20210609_ALCOHOL_FREE,2024-12-01,TWICE Alcohol-Free,0
TWICE_20210609_ALCOHOL_FREE,2024-12-08,TWICE Alcohol-Free,0
TWICE_20210609_ALCOHOL_FREE,2024-12-15,TWICE Alcohol-Free,0
TWICE_20210609_ALCOHOL_FREE,2024-12-22,TWICE Alcohol-Free,0
TWICE_20210609_ALCOHOL_FREE,2024-12-29,TWICE Alcohol-Free,0
TWICE_20210609_ALCOHOL_FREE,2025-01-05,TWICE Alcohol-Free,0
TWICE_20210609_ALCOHOL_FREE,2025-01-12,TWICE Alcohol-Free,0
TWICE_20210609_ALCOHOL_FREE,2025-01-19,TWICE Alcohol-Free,0
TWICE_20210609_ALCOHOL_FREE,2025-01-26,TWICE Alcohol-Free,0
TWICE_20210609_ALCOHOL_FREE,2025-02-02,TWICE Alcohol-Free,0
TWICE_20210609_ALCOHOL_FREE,2025-02-09,TWICE Alcohol-Free,0
TWICE_20210609_ALCOHOL_FREE,2025-02-16,TWICE Alcohol-Free,0
TWICE_20210609_ALCOHOL_FREE,2025-02-23,TWICE Alcohol-Free,0
TWICE_20210609_ALCOHOL_FREE,2025-03-02,TWICE Alcohol-Free,0
TWICE_20210609_ALCOHOL_FREE,2025-03-09,TWICE Alcohol-Free,0
TWICE_20210609_ALCOHOL_FREE,2025-03-16,TWICE Alcohol-Free,0
TWICE_20210609_ALCOHOL_FREE,2025-03-23,TWICE Alcohol-Free,0
TWICE_20210609_ALCOHOL_FREE,2025-03-30,TWICE Alcohol-Free,0
TWICE_20210609_ALCOHOL_FREE,2025-04-06,TWICE Alcohol-Free,0
TWICE_20210609_ALCOHOL_FREE,2025-04-13,TWICE Alcohol-Free,0
TWICE_20210609_ALCOHOL_FREE,2025-04-20,TWICE Alcohol-Free,0
TWICE_20210609_ALCOHOL_FREE,2025-04-27,TWICE Alcohol-Free,0
TWICE_20210609_ALCOHOL_FREE,2025-05-04,TWICE Alcohol-Free,0
TWICE_20210609_ALCOHOL_FREE,2025-05-11,TWICE Alcohol-Free,0
TWICE_20210609_ALCOHOL_FREE,2025-05-18,TWICE Alcohol-Free,0
TWICE_20210609_ALCOHOL_FREE,2025-05-25,TWICE Alcohol-Free,0
TWICE_20210609_ALCOHOL_FREE,2025-06-01,TWICE Alcohol-Free,0
TWICE_20210609_ALCOHOL_FREE,2025-06-08,TWICE Alcohol-Free,0
TWICE_20210609_ALCOHOL_FREE,2025-06-15,TWICE Alcohol-Free,0
TWICE_20210609_ALCOHOL_FREE,2025-06-22,TWICE Alcohol-Free,0
TWICE_20210609_ALCOHOL_FREE,2025-06-29,TWICE Alcohol-Free,0
TWICE_20210609_ALCOHOL_FREE,2025-07-06,TWICE Alcohol-Free,0
TWICE_20210609_ALCOHOL_FREE,2025-07-13,TWICE Alcohol-Free,0
TWICE_20210609_ALCOHOL_FREE,2025-07-20,TWICE Alcohol-Free,0
TWICE_20210609_ALCOHOL_FREE,2025-07-27,TWICE Alcohol-Free,0
TWICE_20210609_ALCOHOL_FREE,2025-08-03,TWICE Alcohol-Free,11
TWICE_20210609_ALCOHOL_FREE,2025-08-10,TWICE Alcohol-Free,10
TWICE_20210609_ALCOHOL_FREE,2025-08-17,TWICE Alcohol-Free,0
TWICE_20210609_ALCOHOL_FREE,2025-08-24,TWICE Alcohol-Free,14
TWICE_20210609_ALCOHOL_FREE,2025-08-31,TWICE Alcohol-Free,0
TWICE_20210609_ALCOHOL_FREE,2025-09-07,TWICE Alcohol-Free,0
TWICE_20210609_ALCOHOL_FREE,2025-09-14,TWICE Alcohol-Free,0
TWICE_20210609_ALCOHOL_FREE,2025-09-21,TWICE Alcohol-Free,0
TWICE_20210609_ALCOHOL_FREE,2025-09-28,TWICE Alcohol-Free,0
TWICE_20210609_ALCOHOL_FREE,2025-10-05,TWICE Alcohol-Free,0
TWICE_20210609_ALCOHOL_FREE,2025-10-12,TWICE Alcohol-Free,0
TWICE_20210609_ALCOHOL_FREE,2025-10-19,TWICE Alcohol-Free,0
TWICE_20210609_ALCOHOL_FREE,2025-10-26,TWICE Alcohol-Free,0
TWICE_20210609_ALCOHOL_FREE,2025-11-02,TWICE Alcohol-Free,0
TWICE_20210609_ALCOHOL_FREE,2025-11-09,TWICE Alcohol-Free,0
TWICE_20210609_ALCOHOL_FREE,2025-11-16,TWICE Alcohol-Free,0
TWICE_20210609_ALCOHOL_FREE,2025-11-23,TWICE Alcohol-Free,0
TWICE_20210609_ALCOHOL_FREE,2025-11-30,TWICE Alcohol-Free,0
TWICE_20210609_ALCOHOL_FREE,2025-12-07,TWICE Alcohol-Free,0
TWICE_20210609_ALCOHOL_FREE,2025-12-14,TWICE Alcohol-Free,0
TWICE_20210609_ALCOHOL_FREE,2025-12-21,TWICE Alcohol-Free,0
TWICE_20210609_ALCOHOL_FREE,2025-12-28,TWICE Alcohol-Free,0
TWICE_20211001_THE_FEELS,2020-12-27,TWICE The Feels,0
TWICE_20211001_THE_FEELS,2021-01-03,TWICE The Feels,0
TWICE_20211001_THE_FEELS,2021-01-10,TWICE The Feels,0
TWICE_20211001_THE_FEELS,2021-01-17,TWICE The Feels,0
TWICE_20211001_THE_FEELS,2021-01-24,TWICE The Feels,1
TWICE_20211001_THE_FEELS,2021-01-31,TWICE The Feels,0
TWICE_20211001_THE_FEELS,2021-02-07,TWICE The Feels,0
TWICE_20211001_THE_FEELS,2021-02-14,TWICE The Feels,0
TWICE_20211001_THE_FEELS,2021-02-21,TWICE The Feels,0
TWICE_20211001_THE_FEELS,2021-02-28,TWICE The Feels,0
TWICE_20211001_THE_FEELS,2021-03-07,TWICE The Feels,0
TWICE_20211001_THE_FEELS,2021-03-14,TWICE The Feels,1
TWICE_20211001_THE_FEELS,2021-03-21,TWICE The Feels,0
TWICE_20211001_THE_FEELS,2021-03-28,TWICE The Feels,0
TWICE_20211001_THE_FEELS,2021-04-04,TWICE The Feels,1
TWICE_20211001_THE_FEELS,2021-04-11,TWICE The Feels,0
TWICE_20211001_THE_FEELS,2021-04-18,TWICE The Feels,1
TWICE_20211001_THE_FEELS,2021-04-25,TWICE The Feels,1
TWICE_20211001_THE_FEELS,2021-05-02,TWICE The Feels,1
TWICE_20211001_THE_FEELS,2021-05-09,TWICE The Feels,0
TWICE_20211001_THE_FEELS,2021-05-16,TWICE The Feels,0
TWICE_20211001_THE_FEELS,2021-05-23,TWICE The Feels,1
TWICE_20211001_THE_FEELS,2021-05-30,TWICE The Feels,0
TWICE_20211001_THE_FEELS,2021-06-06,TWICE The Feels,1
TWICE_20211001_THE_FEELS,2021-06-13,TWICE The Feels,0
TWICE_20211001_THE_FEELS,2021-06-20,TWICE The Feels,0
TWICE_20211001_THE_FEELS,2021-06-27,TWICE The Feels,0
TWICE_20211001_THE_FEELS,2021-07-04,TWICE The Feels,0
TWICE_20211001_THE_FEELS,2021-07-11,TWICE The Feels,0
TWICE_20211001_THE_FEELS,2021-07-18,TWICE The Feels,0
TWICE_20211001_THE_FEELS,2021-07-25,TWICE The Feels,1
TWICE_20211001_THE_FEELS,2021-08-01,TWICE The Feels,2
TWICE_20211001_THE_FEELS,2021-08-08,TWICE The Feels,2
TWICE_20211001_THE_FEELS,2021-08-15,TWICE The Feels,1
TWICE_20211001_THE_FEELS,2021-08-22,TWICE The Feels,5
TWICE_20211001_THE_FEELS,2021-08-29,TWICE The Feels,7
TWICE_20211001_THE_FEELS,2021-09-05,TWICE The Feels,9
TWICE_20211001_THE_FEELS,2021-09-12,TWICE The Feels,6
TWICE_20211001_THE_FEELS,2021-09-19,TWICE The Feels,9
TWICE_20211001_THE_FEELS,2021-09-26,TWICE The Feels,83
TWICE_20211001_THE_FEELS,2021-10-03,TWICE The Feels,100
TWICE_20211001_THE_FEELS,2021-10-10,TWICE The Feels,63
TWICE_20211001_THE_FEELS,2021-10-17,TWICE The Feels,43
TWICE_20211001_THE_FEELS,2021-10-24,TWICE The Feels,38
TWICE_20211001_THE_FEELS,2021-10-31,TWICE The Feels,40
TWICE_20211001_THE_FEELS,2021-11-07,TWICE The Feels,38
TWICE_20211001_THE_FEELS,2021-11-14,TWICE The Feels,37
TWICE_20211001_THE_FEELS,2021-11-21,TWICE The Feels,30
TWICE_20211001_THE_FEELS,2021-11-28,TWICE The Feels,27
TWICE_20211001_THE_FEELS,2021-12-05,TWICE The Feels,21
TWICE_20211001_THE_FEELS,2021-12-12,TWICE The Feels,21
TWICE_20211001_THE_FEELS,2021-12-19,TWICE The Feels,22
TWICE_20211001_THE_FEELS,2021-12-26,TWICE The Feels,21
TWICE_20211001_THE_FEELS,2022-01-02,TWICE The Feels,19
TWICE_20211001_THE_FEELS,2022-01-09,TWICE The Feels,18
TWICE_20211001_THE_FEELS,2022-01-16,TWICE The Feels,16
TWICE_20211001_THE_FEELS,2022-01-23,TWICE The Feels,16
TWICE_20211001_THE_FEELS,2022-01-30,TWICE The Feels,16
TWICE_20211001_THE_FEELS,2022-02-06,TWICE The Feels,16
TWICE_20211001_THE_FEELS,2022-02-13,TWICE The Feels,15
TWICE_20211001_THE_FEELS,2022-02-20,TWICE The Feels,13
TWICE_20211001_THE_FEELS,2022-02-27,TWICE The Feels,13
TWICE_20211001_THE_FEELS,2022-03-06,TWICE The Feels,12
TWICE_20211001_THE_FEELS,2022-03-13,TWICE The Feels,11
TWICE_20211001_THE_FEELS,2022-03-20,TWICE The Feels,12
TWICE_20211001_THE_FEELS,2022-03-27,TWICE The Feels,10
TWICE_20211001_THE_FEELS,2022-04-03,TWICE The Feels,10
TWICE_20211001_THE_FEELS,2022-04-10,TWICE The Feels,10
TWICE_20211001_THE_FEELS,2022-04-17,TWICE The Feels,10
TWICE_20211001_THE_FEELS,2022-04-24,TWICE The Feels,10
TWICE_20211001_THE_FEELS,2022-05-01,TWICE The Feels,9
TWICE_20211001_THE_FEELS,2022-05-08,TWICE The Feels,9
TWICE_20211001_THE_FEELS,2022-05-15,TWICE The Feels,9
TWICE_20211001_THE_FEELS,2022-05-22,TWICE The Feels,10
TWICE_20211001_THE_FEELS,2022-05-29,TWICE The Feels,8
TWICE_20211001_THE_FEELS,2022-06-05,TWICE The Feels,8
TWICE_20211001_THE_FEELS,2022-06-12,TWICE The Feels,9
TWICE_20211001_THE_FEELS,2022-06-19,TWICE The Feels,7
TWICE_20211001_THE_FEELS,2022-06-26,TWICE The Feels,11
TWICE_20211001_THE_FEELS,2022-07-03,TWICE The Feels,11
TWICE_20211001_THE_FEELS,2022-07-10,TWICE The Feels,7
TWICE_20211001_THE_FEELS,2022-07-17,TWICE The Feels,7
TWICE_20211001_THE_FEELS,2022-07-24,TWICE The Feels,8
TWICE_20211001_THE_FEELS,2022-07-31,TWICE The Feels,7
TWICE_20211001_THE_FEELS,2022-08-07,TWICE The Feels,7
TWICE_20211001_THE_FEELS,2022-08-14,TWICE The Feels,5
TWICE_20211001_THE_FEELS,2022-08-21,TWICE The Feels,6
TWICE_20211001_THE_FEELS,2022-08-28,TWICE The Feels,7
TWICE_20211001_THE_FEELS,2022-09-04,TWICE The Feels,6
TWICE_20211001_THE_FEELS,2022-09-11,TWICE The Feels,6
TWICE_20211001_THE_FEELS,2022-09-18,TWICE The Feels,6
TWICE_20211001_THE_FEELS,2022-09-25,TWICE The Feels,6
TWICE_20211001_THE_FEELS,2022-10-02,TWICE The Feels,5
TWICE_20211001_THE_FEELS,2022-10-09,TWICE The Feels,5
TWICE_20211001_THE_FEELS,2022-10-16,TWICE The Feels,6
TWICE_20211001_THE_FEELS,2022-10-23,TWICE The Feels,6
TWICE_20211001_THE_FEELS,2022-10-30,TWICE The Feels,5
TWICE_20211001_THE_FEELS,2022-11-06,TWICE The Feels,6
TWICE_20211001_THE_FEELS,2022-11-13,TWICE The Feels,5
TWICE_20211001_THE_FEELS,2022-11-20,TWICE The Feels,5
TWICE_20211001_THE_FEELS,2022-11-27,TWICE The Feels,5
TWICE_20211001_THE_FEELS,2022-12-04,TWICE The Feels,5
TWICE_20211001_THE_FEELS,2022-12-11,TWICE The Feels,5
TWICE_20211001_THE_FEELS,2022-12-18,TWICE The Feels,5
TWICE_20211001_THE_FEELS,2022-12-25,TWICE The Feels,5
TWICE_20211001_THE_FEELS,2023-01-01,TWICE The Feels,5
TWICE_20211001_THE_FEELS,2023-01-08,TWICE The Feels,4
TWICE_20211001_THE_FEELS,2023-01-15,TWICE The Feels,6
TWICE_20211001_THE_FEELS,2023-01-22,TWICE The Feels,5
TWICE_20211001_THE_FEELS,2023-01-29,TWICE The Feels,5
TWICE_20211001_THE_FEELS,2023-02-05,TWICE The Feels,4
TWICE_20211001_THE_FEELS,2023-02-12,TWICE The Feels,5
TWICE_20211001_THE_FEELS,2023-02-19,TWICE The Feels,5
TWICE_20211001_THE_FEELS,2023-02-26,TWICE The Feels,4
TWICE_20211001_THE_FEELS,2023-03-05,TWICE The Feels,5
TWICE_20211001_THE_FEELS,2023-03-12,TWICE The Feels,4
TWICE_20211001_THE_FEELS,2023-03-19,TWICE The Feels,4
TWICE_20211001_THE_FEELS,2023-03-26,TWICE The Feels,5
TWICE_20211001_THE_FEELS,2023-04-02,TWICE The Feels,4
TWICE_20211001_THE_FEELS,2023-04-09,TWICE The Feels,5
TWICE_20211001_THE_FEELS,2023-04-16,TWICE The Feels,6
TWICE_20211001_THE_FEELS,2023-04-23,TWICE The Feels,6
TWICE_20211001_THE_FEELS,2023-04-30,TWICE The Feels,6
TWICE_20211001_THE_FEELS,2023-05-07,TWICE The Feels,7
TWICE_20211001_THE_FEELS,2023-05-14,TWICE The Feels,6
TWICE_20211001_THE_FEELS,2023-05-21,TWICE The Feels,6
TWICE_20211001_THE_FEELS,2023-05-28,TWICE The Feels,6
TWICE_20211001_THE_FEELS,2023-06-04,TWICE The Feels,6
TWICE_20211001_THE_FEELS,2023-06-11,TWICE The Feels,6
TWICE_20211001_THE_FEELS,2023-06-18,TWICE The Feels,6
TWICE_20211001_THE_FEELS,2023-06-25,TWICE The Feels,5
TWICE_20211001_THE_FEELS,2023-07-02,TWICE The Feels,5
TWICE_20211001_THE_FEELS,2023-07-09,TWICE The Feels,5
TWICE_20211001_THE_FEELS,2023-07-16,TWICE The Feels,5
TWICE_20211001_THE_FEELS,2023-07-23,TWICE The Feels,5
TWICE_20211001_THE_FEELS,2023-07-30,TWICE The Feels,6
TWICE_20211001_THE_FEELS,2023-08-06,TWICE The Feels,6
TWICE_20211001_THE_FEELS,2023-08-13,TWICE The Feels,5
TWICE_20211001_THE_FEELS,2023-08-20,TWICE The Feels,6
TWICE_20211001_THE_FEELS,2023-08-27,TWICE The Feels,7
TWICE_20211001_THE_FEELS,2023-09-03,TWICE The Feels,6
TWICE_20211001_THE_FEELS,2023-09-10,TWICE The Feels,5
TWICE_20211001_THE_FEELS,2023-09-17,TWICE The Feels,5
TWICE_20211001_THE_FEELS,2023-09-24,TWICE The Feels,5
TWICE_20211001_THE_FEELS,2023-10-01,TWICE The Feels,6
TWICE_20211001_THE_FEELS,2023-10-08,TWICE The Feels,6
TWICE_20211001_THE_FEELS,2023-10-15,TWICE The Feels,5
TWICE_20211001_THE_FEELS,2023-10-22,TWICE The Feels,5
TWICE_20211001_THE_FEELS,2023-10-29,TWICE The Feels,4
TWICE_20211001_THE_FEELS,2023-11-05,TWICE The Feels,5
TWICE_20211001_THE_FEELS,2023-11-12,TWICE The Feels,5
TWICE_20211001_THE_FEELS,2023-11-19,TWICE The Feels,4
TWICE_20211001_THE_FEELS,2023-11-26,TWICE The Feels,4
TWICE_20211001_THE_FEELS,2023-12-03,TWICE The Feels,4
TWICE_20211001_THE_FEELS,2023-12-10,TWICE The Feels,4
TWICE_20211001_THE_FEELS,2023-12-17,TWICE The Feels,4
TWICE_20211001_THE_FEELS,2023-12-24,TWICE The Feels,4
TWICE_20211001_THE_FEELS,2023-12-31,TWICE The Feels,4
TWICE_20211001_THE_FEELS,2024-01-07,TWICE The Feels,4
TWICE_20211001_THE_FEELS,2024-01-14,TWICE The Feels,4
TWICE_20211001_THE_FEELS,2024-01-21,TWICE The Feels,4
TWICE_20211001_THE_FEELS,2024-01-28,TWICE The Feels,4
TWICE_20211001_THE_FEELS,2024-02-04,TWICE The Feels,5
TWICE_20211001_THE_FEELS,2024-02-11,TWICE The Feels,5
TWICE_20211001_THE_FEELS,2024-02-18,TWICE The Feels,4
TWICE_20211001_THE_FEELS,2024-02-25,TWICE The Feels,4
TWICE_20211001_THE_FEELS,2024-03-03,TWICE The Feels,4
TWICE_20211001_THE_FEELS,2024-03-10,TWICE The Feels,4
TWICE_20211001_THE_FEELS,2024-03-17,TWICE The Feels,4
TWICE_20211001_THE_FEELS,2024-03-24,TWICE The Feels,5
TWICE_20211001_THE_FEELS,2024-03-31,TWICE The Feels,4
TWICE_20211001_THE_FEELS,2024-04-07,TWICE The Feels,3
TWICE_20211001_THE_FEELS,2024-04-14,TWICE The Feels,4
TWICE_20211001_THE_FEELS,2024-04-21,TWICE The Feels,3
TWICE_20211001_THE_FEELS,2024-04-28,TWICE The Feels,4
TWICE_20211001_THE_FEELS,2024-05-05,TWICE The Feels,4
TWICE_20211001_THE_FEELS,2024-05-12,TWICE The Feels,4
TWICE_20211001_THE_FEELS,2024-05-19,TWICE The Feels,4
TWICE_20211001_THE_FEELS,2024-05-26,TWICE The Feels,4
TWICE_20211001_THE_FEELS,2024-06-02,TWICE The Feels,3
TWICE_20211001_THE_FEELS,2024-06-09,TWICE The Feels,4
TWICE_20211001_THE_FEELS,2024-06-16,TWICE The Feels,3
TWICE_20211001_THE_FEELS,2024-06-23,TWICE The Feels,3
TWICE_20211001_THE_FEELS,2024-06-30,TWICE The Feels,3
TWICE_20211001_THE_FEELS,2024-07-07,TWICE The Feels,3
TWICE_20211001_THE_FEELS,2024-07-14,TWICE The Feels,3
TWICE_20211001_THE_FEELS,2024-07-21,TWICE The Feels,3
TWICE_20211001_THE_FEELS,2024-07-28,TWICE The Feels,3
TWICE_20211001_THE_FEELS,2024-08-04,TWICE The Feels,2
TWICE_20211001_THE_FEELS,2024-08-11,TWICE The Feels,2
TWICE_20211001_THE_FEELS,2024-08-18,TWICE The Feels,2
TWICE_20211001_THE_FEELS,2024-08-25,TWICE The Feels,3
TWICE_20211001_THE_FEELS,2024-09-01,TWICE The Feels,2
TWICE_20211001_THE_FEELS,2024-09-08,TWICE The Feels,3
TWICE_20211001_THE_FEELS,2024-09-15,TWICE The Feels,3
TWICE_20211001_THE_FEELS,2024-09-22,TWICE The Feels,2
TWICE_20211001_THE_FEELS,2024-09-29,TWICE The Feels,3
TWICE_20211001_THE_FEELS,2024-10-06,TWICE The Feels,3
TWICE_20211001_THE_FEELS,2024-10-13,TWICE The Feels,2
TWICE_20211001_THE_FEELS,2024-10-20,TWICE The Feels,3
TWICE_20211001_THE_FEELS,2024-10-27,TWICE The Feels,3
TWICE_20211001_THE_FEELS,2024-11-03,TWICE The Feels,3
TWICE_20211001_THE_FEELS,2024-11-10,TWICE The Feels,3
TWICE_20211001_THE_FEELS,2024-11-17,TWICE The Feels,3
TWICE_20211001_THE_FEELS,2024-11-24,TWICE The Feels,3
TWICE_20211001_THE_FEELS,2024-12-01,TWICE The Feels,3
TWICE_20211001_THE_FEELS,2024-12-08,TWICE The Feels,3
TWICE_20211001_THE_FEELS,2024-12-15,TWICE The Feels,2
TWICE_20211001_THE_FEELS,2024-12-22,TWICE The Feels,2
TWICE_20211001_THE_FEELS,2024-12-29,TWICE The Feels,2
TWICE_20211001_THE_FEELS,2025-01-05,TWICE The Feels,3
TWICE_20211001_THE_FEELS,2025-01-12,TWICE The Feels,2
TWICE_20211001_THE_FEELS,2025-01-19,TWICE The Feels,2
TWICE_20211001_THE_FEELS,2025-01-26,TWICE The Feels,3
TWICE_20211001_THE_FEELS,2025-02-02,TWICE The Feels,2
TWICE_20211001_THE_FEELS,2025-02-09,TWICE The Feels,3
TWICE_20211001_THE_FEELS,2025-02-16,TWICE The Feels,2
TWICE_20211001_THE_FEELS,2025-02-23,TWICE The Feels,2
TWICE_20211001_THE_FEELS,2025-03-02,TWICE The Feels,2
TWICE_20211001_THE_FEELS,2025-03-09,TWICE The Feels,2
TWICE_20211001_THE_FEELS,2025-03-16,TWICE The Feels,2
TWICE_20211001_THE_FEELS,2025-03-23,TWICE The Feels,2
TWICE_20211001_THE_FEELS,2025-03-30,TWICE The Feels,2
TWICE_20211001_THE_FEELS,2025-04-06,TWICE The Feels,2
TWICE_20211001_THE_FEELS,2025-04-13,TWICE The Feels,2
TWICE_20211001_THE_FEELS,2025-04-20,TWICE The Feels,3
TWICE_20211001_THE_FEELS,2025-04-27,TWICE The Feels,2
TWICE_20211001_THE_FEELS,2025-05-04,TWICE The Feels,2
TWICE_20211001_THE_FEELS,2025-05-11,TWICE The Feels,2
TWICE_20211001_THE_FEELS,2025-05-18,TWICE The Feels,2
TWICE_20211001_THE_FEELS,2025-05-25,TWICE The Feels,2
TWICE_20211001_THE_FEELS,2025-06-01,TWICE The Feels,2
TWICE_20211001_THE_FEELS,2025-06-08,TWICE The Feels,2
TWICE_20211001_THE_FEELS,2025-06-15,TWICE The Feels,2
TWICE_20211001_THE_FEELS,2025-06-22,TWICE The Feels,2
TWICE_20211001_THE_FEELS,2025-06-29,TWICE The Feels,2
TWICE_20211001_THE_FEELS,2025-07-06,TWICE The Feels,3
TWICE_20211001_THE_FEELS,2025-07-13,TWICE The Feels,2
TWICE_20211001_THE_FEELS,2025-07-20,TWICE The Feels,3
TWICE_20211001_THE_FEELS,2025-07-27,TWICE The Feels,3
TWICE_20211001_THE_FEELS,2025-08-03,TWICE The Feels,3
TWICE_20211001_THE_FEELS,2025-08-10,TWICE The Feels,3
TWICE_20211001_THE_FEELS,2025-08-17,TWICE The Feels,3
TWICE_20211001_THE_FEELS,2025-08-24,TWICE The Feels,3
TWICE_20211001_THE_FEELS,2025-08-31,TWICE The Feels,2
TWICE_20211001_THE_FEELS,2025-09-07,TWICE The Feels,3
TWICE_20211001_THE_FEELS,2025-09-14,TWICE The Feels,3
TWICE_20211001_THE_FEELS,2025-09-21,TWICE The Feels,3
TWICE_20211001_THE_FEELS,2025-09-28,TWICE The Feels,3
TWICE_20211001_THE_FEELS,2025-10-05,TWICE The Feels,4
TWICE_20211001_THE_FEELS,2025-10-12,TWICE The Feels,3
TWICE_20211001_THE_FEELS,2025-10-19,TWICE The Feels,4
TWICE_20211001_THE_FEELS,2025-10-26,TWICE The Feels,3
TWICE_20211001_THE_FEELS,2025-11-02,TWICE The Feels,3
TWICE_20211001_THE_FEELS,2025-11-09,TWICE The Feels,3
TWICE_20211001_THE_FEELS,2025-11-16,TWICE The Feels,3
TWICE_20211001_THE_FEELS,2025-11-23,TWICE The Feels,3
TWICE_20211001_THE_FEELS,2025-11-30,TWICE The Feels,3
TWICE_20211001_THE_FEELS,2025-12-07,TWICE The Feels,3
TWICE_20211001_THE_FEELS,2025-12-14,TWICE The Feels,3
TWICE_20211001_THE_FEELS,2025-12-21,TWICE The Feels,2
TWICE_20211001_THE_FEELS,2025-12-28,TWICE The Feels,2
TWICE_20220712_CONTRACT_RENEWAL,2020-12-27,TWICE contract renewal,0
TWICE_20220712_CONTRACT_RENEWAL,2021-01-03,TWICE contract renewal,0
TWICE_20220712_CONTRACT_RENEWAL,2021-01-10,TWICE contract renewal,0
TWICE_20220712_CONTRACT_RENEWAL,2021-01-17,TWICE contract renewal,0
TWICE_20220712_CONTRACT_RENEWAL,2021-01-24,TWICE contract renewal,0
TWICE_20220712_CONTRACT_RENEWAL,2021-01-31,TWICE contract renewal,0
TWICE_20220712_CONTRACT_RENEWAL,2021-02-07,TWICE contract renewal,0
TWICE_20220712_CONTRACT_RENEWAL,2021-02-14,TWICE contract renewal,0
TWICE_20220712_CONTRACT_RENEWAL,2021-02-21,TWICE contract renewal,0
TWICE_20220712_CONTRACT_RENEWAL,2021-02-28,TWICE contract renewal,0
TWICE_20220712_CONTRACT_RENEWAL,2021-03-07,TWICE contract renewal,0
TWICE_20220712_CONTRACT_RENEWAL,2021-03-14,TWICE contract renewal,0
TWICE_20220712_CONTRACT_RENEWAL,2021-03-21,TWICE contract renewal,0
TWICE_20220712_CONTRACT_RENEWAL,2021-03-28,TWICE contract renewal,0
TWICE_20220712_CONTRACT_RENEWAL,2021-04-04,TWICE contract renewal,0
TWICE_20220712_CONTRACT_RENEWAL,2021-04-11,TWICE contract renewal,0
TWICE_20220712_CONTRACT_RENEWAL,2021-04-18,TWICE contract renewal,0
TWICE_20220712_CONTRACT_RENEWAL,2021-04-25,TWICE contract renewal,0
TWICE_20220712_CONTRACT_RENEWAL,2021-05-02,TWICE contract renewal,0
TWICE_20220712_CONTRACT_RENEWAL,2021-05-09,TWICE contract renewal,0
TWICE_20220712_CONTRACT_RENEWAL,2021-05-16,TWICE contract renewal,0
TWICE_20220712_CONTRACT_RENEWAL,2021-05-23,TWICE contract renewal,0
TWICE_20220712_CONTRACT_RENEWAL,2021-05-30,TWICE contract renewal,0
TWICE_20220712_CONTRACT_RENEWAL,2021-06-06,TWICE contract renewal,0
TWICE_20220712_CONTRACT_RENEWAL,2021-06-13,TWICE contract renewal,0
TWICE_20220712_CONTRACT_RENEWAL,2021-06-20,TWICE contract renewal,0
TWICE_20220712_CONTRACT_RENEWAL,2021-06-27,TWICE contract renewal,0
TWICE_20220712_CONTRACT_RENEWAL,2021-07-04,TWICE contract renewal,0
TWICE_20220712_CONTRACT_RENEWAL,2021-07-11,TWICE contract renewal,0
TWICE_20220712_CONTRACT_RENEWAL,2021-07-18,TWICE contract renewal,0
TWICE_20220712_CONTRACT_RENEWAL,2021-07-25,TWICE contract renewal,0
TWICE_20220712_CONTRACT_RENEWAL,2021-08-01,TWICE contract renewal,0
TWICE_20220712_CONTRACT_RENEWAL,2021-08-08,TWICE contract renewal,0
TWICE_20220712_CONTRACT_RENEWAL,2021-08-15,TWICE contract renewal,0
TWICE_20220712_CONTRACT_RENEWAL,2021-08-22,TWICE contract renewal,0
TWICE_20220712_CONTRACT_RENEWAL,2021-08-29,TWICE contract renewal,0
TWICE_20220712_CONTRACT_RENEWAL,2021-09-05,TWICE contract renewal,0
TWICE_20220712_CONTRACT_RENEWAL,2021-09-12,TWICE contract renewal,0
TWICE_20220712_CONTRACT_RENEWAL,2021-09-19,TWICE contract renewal,0
TWICE_20220712_CONTRACT_RENEWAL,2021-09-26,TWICE contract renewal,0
TWICE_20220712_CONTRACT_RENEWAL,2021-10-03,TWICE contract renewal,0
TWICE_20220712_CONTRACT_RENEWAL,2021-10-10,TWICE contract renewal,0
TWICE_20220712_CONTRACT_RENEWAL,2021-10-17,TWICE contract renewal,0
TWICE_20220712_CONTRACT_RENEWAL,2021-10-24,TWICE contract renewal,0
TWICE_20220712_CONTRACT_RENEWAL,2021-10-31,TWICE contract renewal,0
TWICE_20220712_CONTRACT_RENEWAL,2021-11-07,TWICE contract renewal,0
TWICE_20220712_CONTRACT_RENEWAL,2021-11-14,TWICE contract renewal,0
TWICE_20220712_CONTRACT_RENEWAL,2021-11-21,TWICE contract renewal,0
TWICE_20220712_CONTRACT_RENEWAL,2021-11-28,TWICE contract renewal,0
TWICE_20220712_CONTRACT_RENEWAL,2021-12-05,TWICE contract renewal,0
TWICE_20220712_CONTRACT_RENEWAL,2021-12-12,TWICE contract renewal,0
TWICE_20220712_CONTRACT_RENEWAL,2021-12-19,TWICE contract renewal,0
TWICE_20220712_CONTRACT_RENEWAL,2021-12-26,TWICE contract renewal,0
TWICE_20220712_CONTRACT_RENEWAL,2022-01-02,TWICE contract renewal,0
TWICE_20220712_CONTRACT_RENEWAL,2022-01-09,TWICE contract renewal,0
TWICE_20220712_CONTRACT_RENEWAL,2022-01-16,TWICE contract renewal,0
TWICE_20220712_CONTRACT_RENEWAL,2022-01-23,TWICE contract renewal,0
TWICE_20220712_CONTRACT_RENEWAL,2022-01-30,TWICE contract renewal,0
TWICE_20220712_CONTRACT_RENEWAL,2022-02-06,TWICE contract renewal,0
TWICE_20220712_CONTRACT_RENEWAL,2022-02-13,TWICE contract renewal,0
TWICE_20220712_CONTRACT_RENEWAL,2022-02-20,TWICE contract renewal,0
TWICE_20220712_CONTRACT_RENEWAL,2022-02-27,TWICE contract renewal,0
TWICE_20220712_CONTRACT_RENEWAL,2022-03-06,TWICE contract renewal,0
TWICE_20220712_CONTRACT_RENEWAL,2022-03-13,TWICE contract renewal,0
TWICE_20220712_CONTRACT_RENEWAL,2022-03-20,TWICE contract renewal,0
TWICE_20220712_CONTRACT_RENEWAL,2022-03-27,TWICE contract renewal,0
TWICE_20220712_CONTRACT_RENEWAL,2022-04-03,TWICE contract renewal,0
TWICE_20220712_CONTRACT_RENEWAL,2022-04-10,TWICE contract renewal,0
TWICE_20220712_CONTRACT_RENEWAL,2022-04-17,TWICE contract renewal,0
TWICE_20220712_CONTRACT_RENEWAL,2022-04-24,TWICE contract renewal,0
TWICE_20220712_CONTRACT_RENEWAL,2022-05-01,TWICE contract renewal,0
TWICE_20220712_CONTRACT_RENEWAL,2022-05-08,TWICE contract renewal,0
TWICE_20220712_CONTRACT_RENEWAL,2022-05-15,TWICE contract renewal,30
TWICE_20220712_CONTRACT_RENEWAL,2022-05-22,TWICE contract renewal,0
TWICE_20220712_CONTRACT_RENEWAL,2022-05-29,TWICE contract renewal,0
TWICE_20220712_CONTRACT_RENEWAL,2022-06-05,TWICE contract renewal,0
TWICE_20220712_CONTRACT_RENEWAL,2022-06-12,TWICE contract renewal,0
TWICE_20220712_CONTRACT_RENEWAL,2022-06-19,TWICE contract renewal,0
TWICE_20220712_CONTRACT_RENEWAL,2022-06-26,TWICE contract renewal,0
TWICE_20220712_CONTRACT_RENEWAL,2022-07-03,TWICE contract renewal,0
TWICE_20220712_CONTRACT_RENEWAL,2022-07-10,TWICE contract renewal,100
TWICE_20220712_CONTRACT_RENEWAL,2022-07-17,TWICE contract renewal,0
TWICE_20220712_CONTRACT_RENEWAL,2022-07-24,TWICE contract renewal,0
TWICE_20220712_CONTRACT_RENEWAL,2022-07-31,TWICE contract renewal,0
TWICE_20220712_CONTRACT_RENEWAL,2022-08-07,TWICE contract renewal,0
TWICE_20220712_CONTRACT_RENEWAL,2022-08-14,TWICE contract renewal,0
TWICE_20220712_CONTRACT_RENEWAL,2022-08-21,TWICE contract renewal,22
TWICE_20220712_CONTRACT_RENEWAL,2022-08-28,TWICE contract renewal,0
TWICE_20220712_CONTRACT_RENEWAL,2022-09-04,TWICE contract renewal,0
TWICE_20220712_CONTRACT_RENEWAL,2022-09-11,TWICE contract renewal,0
TWICE_20220712_CONTRACT_RENEWAL,2022-09-18,TWICE contract renewal,0
TWICE_20220712_CONTRACT_RENEWAL,2022-09-25,TWICE contract renewal,0
TWICE_20220712_CONTRACT_RENEWAL,2022-10-02,TWICE contract renewal,14
TWICE_20220712_CONTRACT_RENEWAL,2022-10-09,TWICE contract renewal,0
TWICE_20220712_CONTRACT_RENEWAL,2022-10-16,TWICE contract renewal,0
TWICE_20220712_CONTRACT_RENEWAL,2022-10-23,TWICE contract renewal,0
TWICE_20220712_CONTRACT_RENEWAL,2022-10-30,TWICE contract renewal,0
TWICE_20220712_CONTRACT_RENEWAL,2022-11-06,TWICE contract renewal,0
TWICE_20220712_CONTRACT_RENEWAL,2022-11-13,TWICE contract renewal,0
TWICE_20220712_CONTRACT_RENEWAL,2022-11-20,TWICE contract renewal,0
TWICE_20220712_CONTRACT_RENEWAL,2022-11-27,TWICE contract renewal,0
TWICE_20220712_CONTRACT_RENEWAL,2022-12-04,TWICE contract renewal,0
TWICE_20220712_CONTRACT_RENEWAL,2022-12-11,TWICE contract renewal,0
TWICE_20220712_CONTRACT_RENEWAL,2022-12-18,TWICE contract renewal,0
TWICE_20220712_CONTRACT_RENEWAL,2022-12-25,TWICE contract renewal,0
TWICE_20220712_CONTRACT_RENEWAL,2023-01-01,TWICE contract renewal,0
TWICE_20220712_CONTRACT_RENEWAL,2023-01-08,TWICE contract renewal,0
TWICE_20220712_CONTRACT_RENEWAL,2023-01-15,TWICE contract renewal,0
TWICE_20220712_CONTRACT_RENEWAL,2023-01-22,TWICE contract renewal,0
TWICE_20220712_CONTRACT_RENEWAL,2023-01-29,TWICE contract renewal,0
TWICE_20220712_CONTRACT_RENEWAL,2023-02-05,TWICE contract renewal,0
TWICE_20220712_CONTRACT_RENEWAL,2023-02-12,TWICE contract renewal,0
TWICE_20220712_CONTRACT_RENEWAL,2023-02-19,TWICE contract renewal,0
TWICE_20220712_CONTRACT_RENEWAL,2023-02-26,TWICE contract renewal,0
TWICE_20220712_CONTRACT_RENEWAL,2023-03-05,TWICE contract renewal,0
TWICE_20220712_CONTRACT_RENEWAL,2023-03-12,TWICE contract renewal,0
TWICE_20220712_CONTRACT_RENEWAL,2023-03-19,TWICE contract renewal,0
TWICE_20220712_CONTRACT_RENEWAL,2023-03-26,TWICE contract renewal,0
TWICE_20220712_CONTRACT_RENEWAL,2023-04-02,TWICE contract renewal,0
TWICE_20220712_CONTRACT_RENEWAL,2023-04-09,TWICE contract renewal,0
TWICE_20220712_CONTRACT_RENEWAL,2023-04-16,TWICE contract renewal,0
TWICE_20220712_CONTRACT_RENEWAL,2023-04-23,TWICE contract renewal,0
TWICE_20220712_CONTRACT_RENEWAL,2023-04-30,TWICE contract renewal,0
TWICE_20220712_CONTRACT_RENEWAL,2023-05-07,TWICE contract renewal,0
TWICE_20220712_CONTRACT_RENEWAL,2023-05-14,TWICE contract renewal,0
TWICE_20220712_CONTRACT_RENEWAL,2023-05-21,TWICE contract renewal,0
TWICE_20220712_CONTRACT_RENEWAL,2023-05-28,TWICE contract renewal,0
TWICE_20220712_CONTRACT_RENEWAL,2023-06-04,TWICE contract renewal,0
TWICE_20220712_CONTRACT_RENEWAL,2023-06-11,TWICE contract renewal,0
TWICE_20220712_CONTRACT_RENEWAL,2023-06-18,TWICE contract renewal,0
TWICE_20220712_CONTRACT_RENEWAL,2023-06-25,TWICE contract renewal,0
TWICE_20220712_CONTRACT_RENEWAL,2023-07-02,TWICE contract renewal,0
TWICE_20220712_CONTRACT_RENEWAL,2023-07-09,TWICE contract renewal,0
TWICE_20220712_CONTRACT_RENEWAL,2023-07-16,TWICE contract renewal,0
TWICE_20220712_CONTRACT_RENEWAL,2023-07-23,TWICE contract renewal,0
TWICE_20220712_CONTRACT_RENEWAL,2023-07-30,TWICE contract renewal,0
TWICE_20220712_CONTRACT_RENEWAL,2023-08-06,TWICE contract renewal,0
TWICE_20220712_CONTRACT_RENEWAL,2023-08-13,TWICE contract renewal,0
TWICE_20220712_CONTRACT_RENEWAL,2023-08-20,TWICE contract renewal,0
TWICE_20220712_CONTRACT_RENEWAL,2023-08-27,TWICE contract renewal,0
TWICE_20220712_CONTRACT_RENEWAL,2023-09-03,TWICE contract renewal,0
TWICE_20220712_CONTRACT_RENEWAL,2023-09-10,TWICE contract renewal,0
TWICE_20220712_CONTRACT_RENEWAL,2023-09-17,TWICE contract renewal,0
TWICE_20220712_CONTRACT_RENEWAL,2023-09-24,TWICE contract renewal,0
TWICE_20220712_CONTRACT_RENEWAL,2023-10-01,TWICE contract renewal,0
TWICE_20220712_CONTRACT_RENEWAL,2023-10-08,TWICE contract renewal,0
TWICE_20220712_CONTRACT_RENEWAL,2023-10-15,TWICE contract renewal,0
TWICE_20220712_CONTRACT_RENEWAL,2023-10-22,TWICE contract renewal,0
TWICE_20220712_CONTRACT_RENEWAL,2023-10-29,TWICE contract renewal,0
TWICE_20220712_CONTRACT_RENEWAL,2023-11-05,TWICE contract renewal,0
TWICE_20220712_CONTRACT_RENEWAL,2023-11-12,TWICE contract renewal,0
TWICE_20220712_CONTRACT_RENEWAL,2023-11-19,TWICE contract renewal,0
TWICE_20220712_CONTRACT_RENEWAL,2023-11-26,TWICE contract renewal,0
TWICE_20220712_CONTRACT_RENEWAL,2023-12-03,TWICE contract renewal,0
TWICE_20220712_CONTRACT_RENEWAL,2023-12-10,TWICE contract renewal,0
TWICE_20220712_CONTRACT_RENEWAL,2023-12-17,TWICE contract renewal,0
TWICE_20220712_CONTRACT_RENEWAL,2023-12-24,TWICE contract renewal,0
TWICE_20220712_CONTRACT_RENEWAL,2023-12-31,TWICE contract renewal,0
TWICE_20220712_CONTRACT_RENEWAL,2024-01-07,TWICE contract renewal,0
TWICE_20220712_CONTRACT_RENEWAL,2024-01-14,TWICE contract renewal,0
TWICE_20220712_CONTRACT_RENEWAL,2024-01-21,TWICE contract renewal,0
TWICE_20220712_CONTRACT_RENEWAL,2024-01-28,TWICE contract renewal,0
TWICE_20220712_CONTRACT_RENEWAL,2024-02-04,TWICE contract renewal,0
TWICE_20220712_CONTRACT_RENEWAL,2024-02-11,TWICE contract renewal,0
TWICE_20220712_CONTRACT_RENEWAL,2024-02-18,TWICE contract renewal,0
TWICE_20220712_CONTRACT_RENEWAL,2024-02-25,TWICE contract renewal,0
TWICE_20220712_CONTRACT_RENEWAL,2024-03-03,TWICE contract renewal,0
TWICE_20220712_CONTRACT_RENEWAL,2024-03-10,TWICE contract renewal,0
TWICE_20220712_CONTRACT_RENEWAL,2024-03-17,TWICE contract renewal,0
TWICE_20220712_CONTRACT_RENEWAL,2024-03-24,TWICE contract renewal,0
TWICE_20220712_CONTRACT_RENEWAL,2024-03-31,TWICE contract renewal,0
TWICE_20220712_CONTRACT_RENEWAL,2024-04-07,TWICE contract renewal,0
TWICE_20220712_CONTRACT_RENEWAL,2024-04-14,TWICE contract renewal,0
TWICE_20220712_CONTRACT_RENEWAL,2024-04-21,TWICE contract renewal,0
TWICE_20220712_CONTRACT_RENEWAL,2024-04-28,TWICE contract renewal,0
TWICE_20220712_CONTRACT_RENEWAL,2024-05-05,TWICE contract renewal,0
TWICE_20220712_CONTRACT_RENEWAL,2024-05-12,TWICE contract renewal,0
TWICE_20220712_CONTRACT_RENEWAL,2024-05-19,TWICE contract renewal,0
TWICE_20220712_CONTRACT_RENEWAL,2024-05-26,TWICE contract renewal,0
TWICE_20220712_CONTRACT_RENEWAL,2024-06-02,TWICE contract renewal,0
TWICE_20220712_CONTRACT_RENEWAL,2024-06-09,TWICE contract renewal,0
TWICE_20220712_CONTRACT_RENEWAL,2024-06-16,TWICE contract renewal,0
TWICE_20220712_CONTRACT_RENEWAL,2024-06-23,TWICE contract renewal,0
TWICE_20220712_CONTRACT_RENEWAL,2024-06-30,TWICE contract renewal,0
TWICE_20220712_CONTRACT_RENEWAL,2024-07-07,TWICE contract renewal,0
TWICE_20220712_CONTRACT_RENEWAL,2024-07-14,TWICE contract renewal,0
TWICE_20220712_CONTRACT_RENEWAL,2024-07-21,TWICE contract renewal,0
TWICE_20220712_CONTRACT_RENEWAL,2024-07-28,TWICE contract renewal,0
TWICE_20220712_CONTRACT_RENEWAL,2024-08-04,TWICE contract renewal,0
TWICE_20220712_CONTRACT_RENEWAL,2024-08-11,TWICE contract renewal,0
TWICE_20220712_CONTRACT_RENEWAL,2024-08-18,TWICE contract renewal,0
TWICE_20220712_CONTRACT_RENEWAL,2024-08-25,TWICE contract renewal,0
TWICE_20220712_CONTRACT_RENEWAL,2024-09-01,TWICE contract renewal,0
TWICE_20220712_CONTRACT_RENEWAL,2024-09-08,TWICE contract renewal,0
TWICE_20220712_CONTRACT_RENEWAL,2024-09-15,TWICE contract renewal,0
TWICE_20220712_CONTRACT_RENEWAL,2024-09-22,TWICE contract renewal,0
TWICE_20220712_CONTRACT_RENEWAL,2024-09-29,TWICE contract renewal,0
TWICE_20220712_CONTRACT_RENEWAL,2024-10-06,TWICE contract renewal,0
TWICE_20220712_CONTRACT_RENEWAL,2024-10-13,TWICE contract renewal,0
TWICE_20220712_CONTRACT_RENEWAL,2024-10-20,TWICE contract renewal,0
TWICE_20220712_CONTRACT_RENEWAL,2024-10-27,TWICE contract renewal,0
TWICE_20220712_CONTRACT_RENEWAL,2024-11-03,TWICE contract renewal,0
TWICE_20220712_CONTRACT_RENEWAL,2024-11-10,TWICE contract renewal,0
TWICE_20220712_CONTRACT_RENEWAL,2024-11-17,TWICE contract renewal,0
TWICE_20220712_CONTRACT_RENEWAL,2024-11-24,TWICE contract renewal,0
TWICE_20220712_CONTRACT_RENEWAL,2024-12-01,TWICE contract renewal,0
TWICE_20220712_CONTRACT_RENEWAL,2024-12-08,TWICE contract renewal,0
TWICE_20220712_CONTRACT_RENEWAL,2024-12-15,TWICE contract renewal,0
TWICE_20220712_CONTRACT_RENEWAL,2024-12-22,TWICE contract renewal,0
TWICE_20220712_CONTRACT_RENEWAL,2024-12-29,TWICE contract renewal,0
TWICE_20220712_CONTRACT_RENEWAL,2025-01-05,TWICE contract renewal,0
TWICE_20220712_CONTRACT_RENEWAL,2025-01-12,TWICE contract renewal,0
TWICE_20220712_CONTRACT_RENEWAL,2025-01-19,TWICE contract renewal,0
TWICE_20220712_CONTRACT_RENEWAL,2025-01-26,TWICE contract renewal,0
TWICE_20220712_CONTRACT_RENEWAL,2025-02-02,TWICE contract renewal,0
TWICE_20220712_CONTRACT_RENEWAL,2025-02-09,TWICE contract renewal,0
TWICE_20220712_CONTRACT_RENEWAL,2025-02-16,TWICE contract renewal,0
TWICE_20220712_CONTRACT_RENEWAL,2025-02-23,TWICE contract renewal,0
TWICE_20220712_CONTRACT_RENEWAL,2025-03-02,TWICE contract renewal,0
TWICE_20220712_CONTRACT_RENEWAL,2025-03-09,TWICE contract renewal,0
TWICE_20220712_CONTRACT_RENEWAL,2025-03-16,TWICE contract renewal,0
TWICE_20220712_CONTRACT_RENEWAL,2025-03-23,TWICE contract renewal,0
TWICE_20220712_CONTRACT_RENEWAL,2025-03-30,TWICE contract renewal,0
TWICE_20220712_CONTRACT_RENEWAL,2025-04-06,TWICE contract renewal,0
TWICE_20220712_CONTRACT_RENEWAL,2025-04-13,TWICE contract renewal,0
TWICE_20220712_CONTRACT_RENEWAL,2025-04-20,TWICE contract renewal,0
TWICE_20220712_CONTRACT_RENEWAL,2025-04-27,TWICE contract renewal,0
TWICE_20220712_CONTRACT_RENEWAL,2025-05-04,TWICE contract renewal,0
TWICE_20220712_CONTRACT_RENEWAL,2025-05-11,TWICE contract renewal,0
TWICE_20220712_CONTRACT_RENEWAL,2025-05-18,TWICE contract renewal,0
TWICE_20220712_CONTRACT_RENEWAL,2025-05-25,TWICE contract renewal,0
TWICE_20220712_CONTRACT_RENEWAL,2025-06-01,TWICE contract renewal,0
TWICE_20220712_CONTRACT_RENEWAL,2025-06-08,TWICE contract renewal,0
TWICE_20220712_CONTRACT_RENEWAL,2025-06-15,TWICE contract renewal,0
TWICE_20220712_CONTRACT_RENEWAL,2025-06-22,TWICE contract renewal,0
TWICE_20220712_CONTRACT_RENEWAL,2025-06-29,TWICE contract renewal,0
TWICE_20220712_CONTRACT_RENEWAL,2025-07-06,TWICE contract renewal,0
TWICE_20220712_CONTRACT_RENEWAL,2025-07-13,TWICE contract renewal,0
TWICE_20220712_CONTRACT_RENEWAL,2025-07-20,TWICE contract renewal,30
TWICE_20220712_CONTRACT_RENEWAL,2025-07-27,TWICE contract renewal,25
TWICE_20220712_CONTRACT_RENEWAL,2025-08-03,TWICE contract renewal,0
TWICE_20220712_CONTRACT_RENEWAL,2025-08-10,TWICE contract renewal,0
TWICE_20220712_CONTRACT_RENEWAL,2025-08-17,TWICE contract renewal,0
TWICE_20220712_CONTRACT_RENEWAL,2025-08-24,TWICE contract renewal,0
TWICE_20220712_CONTRACT_RENEWAL,2025-08-31,TWICE contract renewal,17
TWICE_20220712_CONTRACT_RENEWAL,2025-09-07,TWICE contract renewal,0
TWICE_20220712_CONTRACT_RENEWAL,2025-09-14,TWICE contract renewal,0
TWICE_20220712_CONTRACT_RENEWAL,2025-09-21,TWICE contract renewal,0
TWICE_20220712_CONTRACT_RENEWAL,2025-09-28,TWICE contract renewal,0
TWICE_20220712_CONTRACT_RENEWAL,2025-10-05,TWICE contract renewal,0
TWICE_20220712_CONTRACT_RENEWAL,2025-10-12,TWICE contract renewal,0
TWICE_20220712_CONTRACT_RENEWAL,2025-10-19,TWICE contract renewal,0
TWICE_20220712_CONTRACT_RENEWAL,2025-10-26,TWICE contract renewal,0
TWICE_20220712_CONTRACT_RENEWAL,2025-11-02,TWICE contract renewal,0
TWICE_20220712_CONTRACT_RENEWAL,2025-11-09,TWICE contract renewal,0
TWICE_20220712_CONTRACT_RENEWAL,2025-11-16,TWICE contract renewal,0
TWICE_20220712_CONTRACT_RENEWAL,2025-11-23,TWICE contract renewal,0
TWICE_20220712_CONTRACT_RENEWAL,2025-11-30,TWICE contract renewal,0
TWICE_20220712_CONTRACT_RENEWAL,2025-12-07,TWICE contract renewal,0
TWICE_20220712_CONTRACT_RENEWAL,2025-12-14,TWICE contract renewal,0
TWICE_20220712_CONTRACT_RENEWAL,2025-12-21,TWICE contract renewal,0
TWICE_20220712_CONTRACT_RENEWAL,2025-12-28,TWICE contract renewal,0
TWICE_20230221_READY_TO_BE_TOUR,2020-12-27,TWICE Ready To Be tour,0
TWICE_20230221_READY_TO_BE_TOUR,2021-01-03,TWICE Ready To Be tour,0
TWICE_20230221_READY_TO_BE_TOUR,2021-01-10,TWICE Ready To Be tour,0
TWICE_20230221_READY_TO_BE_TOUR,2021-01-17,TWICE Ready To Be tour,0
TWICE_20230221_READY_TO_BE_TOUR,2021-01-24,TWICE Ready To Be tour,0
TWICE_20230221_READY_TO_BE_TOUR,2021-01-31,TWICE Ready To Be tour,0
TWICE_20230221_READY_TO_BE_TOUR,2021-02-07,TWICE Ready To Be tour,0
TWICE_20230221_READY_TO_BE_TOUR,2021-02-14,TWICE Ready To Be tour,0
TWICE_20230221_READY_TO_BE_TOUR,2021-02-21,TWICE Ready To Be tour,0
TWICE_20230221_READY_TO_BE_TOUR,2021-02-28,TWICE Ready To Be tour,0
TWICE_20230221_READY_TO_BE_TOUR,2021-03-07,TWICE Ready To Be tour,0
TWICE_20230221_READY_TO_BE_TOUR,2021-03-14,TWICE Ready To Be tour,0
TWICE_20230221_READY_TO_BE_TOUR,2021-03-21,TWICE Ready To Be tour,0
TWICE_20230221_READY_TO_BE_TOUR,2021-03-28,TWICE Ready To Be tour,0
TWICE_20230221_READY_TO_BE_TOUR,2021-04-04,TWICE Ready To Be tour,0
TWICE_20230221_READY_TO_BE_TOUR,2021-04-11,TWICE Ready To Be tour,0
TWICE_20230221_READY_TO_BE_TOUR,2021-04-18,TWICE Ready To Be tour,0
TWICE_20230221_READY_TO_BE_TOUR,2021-04-25,TWICE Ready To Be tour,0
TWICE_20230221_READY_TO_BE_TOUR,2021-05-02,TWICE Ready To Be tour,0
TWICE_20230221_READY_TO_BE_TOUR,2021-05-09,TWICE Ready To Be tour,0
TWICE_20230221_READY_TO_BE_TOUR,2021-05-16,TWICE Ready To Be tour,0
TWICE_20230221_READY_TO_BE_TOUR,2021-05-23,TWICE Ready To Be tour,0
TWICE_20230221_READY_TO_BE_TOUR,2021-05-30,TWICE Ready To Be tour,0
TWICE_20230221_READY_TO_BE_TOUR,2021-06-06,TWICE Ready To Be tour,0
TWICE_20230221_READY_TO_BE_TOUR,2021-06-13,TWICE Ready To Be tour,0
TWICE_20230221_READY_TO_BE_TOUR,2021-06-20,TWICE Ready To Be tour,0
TWICE_20230221_READY_TO_BE_TOUR,2021-06-27,TWICE Ready To Be tour,0
TWICE_20230221_READY_TO_BE_TOUR,2021-07-04,TWICE Ready To Be tour,0
TWICE_20230221_READY_TO_BE_TOUR,2021-07-11,TWICE Ready To Be tour,0
TWICE_20230221_READY_TO_BE_TOUR,2021-07-18,TWICE Ready To Be tour,0
TWICE_20230221_READY_TO_BE_TOUR,2021-07-25,TWICE Ready To Be tour,0
TWICE_20230221_READY_TO_BE_TOUR,2021-08-01,TWICE Ready To Be tour,0
TWICE_20230221_READY_TO_BE_TOUR,2021-08-08,TWICE Ready To Be tour,0
TWICE_20230221_READY_TO_BE_TOUR,2021-08-15,TWICE Ready To Be tour,0
TWICE_20230221_READY_TO_BE_TOUR,2021-08-22,TWICE Ready To Be tour,0
TWICE_20230221_READY_TO_BE_TOUR,2021-08-29,TWICE Ready To Be tour,0
TWICE_20230221_READY_TO_BE_TOUR,2021-09-05,TWICE Ready To Be tour,0
TWICE_20230221_READY_TO_BE_TOUR,2021-09-12,TWICE Ready To Be tour,0
TWICE_20230221_READY_TO_BE_TOUR,2021-09-19,TWICE Ready To Be tour,0
TWICE_20230221_READY_TO_BE_TOUR,2021-09-26,TWICE Ready To Be tour,0
TWICE_20230221_READY_TO_BE_TOUR,2021-10-03,TWICE Ready To Be tour,0
TWICE_20230221_READY_TO_BE_TOUR,2021-10-10,TWICE Ready To Be tour,0
TWICE_20230221_READY_TO_BE_TOUR,2021-10-17,TWICE Ready To Be tour,0
TWICE_20230221_READY_TO_BE_TOUR,2021-10-24,TWICE Ready To Be tour,0
TWICE_20230221_READY_TO_BE_TOUR,2021-10-31,TWICE Ready To Be tour,0
TWICE_20230221_READY_TO_BE_TOUR,2021-11-07,TWICE Ready To Be tour,0
TWICE_20230221_READY_TO_BE_TOUR,2021-11-14,TWICE Ready To Be tour,0
TWICE_20230221_READY_TO_BE_TOUR,2021-11-21,TWICE Ready To Be tour,0
TWICE_20230221_READY_TO_BE_TOUR,2021-11-28,TWICE Ready To Be tour,0
TWICE_20230221_READY_TO_BE_TOUR,2021-12-05,TWICE Ready To Be tour,0
TWICE_20230221_READY_TO_BE_TOUR,2021-12-12,TWICE Ready To Be tour,0
TWICE_20230221_READY_TO_BE_TOUR,2021-12-19,TWICE Ready To Be tour,0
TWICE_20230221_READY_TO_BE_TOUR,2021-12-26,TWICE Ready To Be tour,0
TWICE_20230221_READY_TO_BE_TOUR,2022-01-02,TWICE Ready To Be tour,0
TWICE_20230221_READY_TO_BE_TOUR,2022-01-09,TWICE Ready To Be tour,0
TWICE_20230221_READY_TO_BE_TOUR,2022-01-16,TWICE Ready To Be tour,0
TWICE_20230221_READY_TO_BE_TOUR,2022-01-23,TWICE Ready To Be tour,0
TWICE_20230221_READY_TO_BE_TOUR,2022-01-30,TWICE Ready To Be tour,0
TWICE_20230221_READY_TO_BE_TOUR,2022-02-06,TWICE Ready To Be tour,0
TWICE_20230221_READY_TO_BE_TOUR,2022-02-13,TWICE Ready To Be tour,0
TWICE_20230221_READY_TO_BE_TOUR,2022-02-20,TWICE Ready To Be tour,0
TWICE_20230221_READY_TO_BE_TOUR,2022-02-27,TWICE Ready To Be tour,0
TWICE_20230221_READY_TO_BE_TOUR,2022-03-06,TWICE Ready To Be tour,0
TWICE_20230221_READY_TO_BE_TOUR,2022-03-13,TWICE Ready To Be tour,0
TWICE_20230221_READY_TO_BE_TOUR,2022-03-20,TWICE Ready To Be tour,0
TWICE_20230221_READY_TO_BE_TOUR,2022-03-27,TWICE Ready To Be tour,0
TWICE_20230221_READY_TO_BE_TOUR,2022-04-03,TWICE Ready To Be tour,0
TWICE_20230221_READY_TO_BE_TOUR,2022-04-10,TWICE Ready To Be tour,0
TWICE_20230221_READY_TO_BE_TOUR,2022-04-17,TWICE Ready To Be tour,0
TWICE_20230221_READY_TO_BE_TOUR,2022-04-24,TWICE Ready To Be tour,0
TWICE_20230221_READY_TO_BE_TOUR,2022-05-01,TWICE Ready To Be tour,0
TWICE_20230221_READY_TO_BE_TOUR,2022-05-08,TWICE Ready To Be tour,0
TWICE_20230221_READY_TO_BE_TOUR,2022-05-15,TWICE Ready To Be tour,0
TWICE_20230221_READY_TO_BE_TOUR,2022-05-22,TWICE Ready To Be tour,0
TWICE_20230221_READY_TO_BE_TOUR,2022-05-29,TWICE Ready To Be tour,0
TWICE_20230221_READY_TO_BE_TOUR,2022-06-05,TWICE Ready To Be tour,0
TWICE_20230221_READY_TO_BE_TOUR,2022-06-12,TWICE Ready To Be tour,0
TWICE_20230221_READY_TO_BE_TOUR,2022-06-19,TWICE Ready To Be tour,0
TWICE_20230221_READY_TO_BE_TOUR,2022-06-26,TWICE Ready To Be tour,0
TWICE_20230221_READY_TO_BE_TOUR,2022-07-03,TWICE Ready To Be tour,0
TWICE_20230221_READY_TO_BE_TOUR,2022-07-10,TWICE Ready To Be tour,0
TWICE_20230221_READY_TO_BE_TOUR,2022-07-17,TWICE Ready To Be tour,0
TWICE_20230221_READY_TO_BE_TOUR,2022-07-24,TWICE Ready To Be tour,0
TWICE_20230221_READY_TO_BE_TOUR,2022-07-31,TWICE Ready To Be tour,0
TWICE_20230221_READY_TO_BE_TOUR,2022-08-07,TWICE Ready To Be tour,0
TWICE_20230221_READY_TO_BE_TOUR,2022-08-14,TWICE Ready To Be tour,0
TWICE_20230221_READY_TO_BE_TOUR,2022-08-21,TWICE Ready To Be tour,0
TWICE_20230221_READY_TO_BE_TOUR,2022-08-28,TWICE Ready To Be tour,0
TWICE_20230221_READY_TO_BE_TOUR,2022-09-04,TWICE Ready To Be tour,0
TWICE_20230221_READY_TO_BE_TOUR,2022-09-11,TWICE Ready To Be tour,0
TWICE_20230221_READY_TO_BE_TOUR,2022-09-18,TWICE Ready To Be tour,0
TWICE_20230221_READY_TO_BE_TOUR,2022-09-25,TWICE Ready To Be tour,0
TWICE_20230221_READY_TO_BE_TOUR,2022-10-02,TWICE Ready To Be tour,0
TWICE_20230221_READY_TO_BE_TOUR,2022-10-09,TWICE Ready To Be tour,0
TWICE_20230221_READY_TO_BE_TOUR,2022-10-16,TWICE Ready To Be tour,0
TWICE_20230221_READY_TO_BE_TOUR,2022-10-23,TWICE Ready To Be tour,0
TWICE_20230221_READY_TO_BE_TOUR,2022-10-30,TWICE Ready To Be tour,0
TWICE_20230221_READY_TO_BE_TOUR,2022-11-06,TWICE Ready To Be tour,0
TWICE_20230221_READY_TO_BE_TOUR,2022-11-13,TWICE Ready To Be tour,0
TWICE_20230221_READY_TO_BE_TOUR,2022-11-20,TWICE Ready To Be tour,0
TWICE_20230221_READY_TO_BE_TOUR,2022-11-27,TWICE Ready To Be tour,0
TWICE_20230221_READY_TO_BE_TOUR,2022-12-04,TWICE Ready To Be tour,0
TWICE_20230221_READY_TO_BE_TOUR,2022-12-11,TWICE Ready To Be tour,0
TWICE_20230221_READY_TO_BE_TOUR,2022-12-18,TWICE Ready To Be tour,0
TWICE_20230221_READY_TO_BE_TOUR,2022-12-25,TWICE Ready To Be tour,0
TWICE_20230221_READY_TO_BE_TOUR,2023-01-01,TWICE Ready To Be tour,0
TWICE_20230221_READY_TO_BE_TOUR,2023-01-08,TWICE Ready To Be tour,0
TWICE_20230221_READY_TO_BE_TOUR,2023-01-15,TWICE Ready To Be tour,0
TWICE_20230221_READY_TO_BE_TOUR,2023-01-22,TWICE Ready To Be tour,0
TWICE_20230221_READY_TO_BE_TOUR,2023-01-29,TWICE Ready To Be tour,0
TWICE_20230221_READY_TO_BE_TOUR,2023-02-05,TWICE Ready To Be tour,0
TWICE_20230221_READY_TO_BE_TOUR,2023-02-12,TWICE Ready To Be tour,0
TWICE_20230221_READY_TO_BE_TOUR,2023-02-19,TWICE Ready To Be tour,46
TWICE_20230221_READY_TO_BE_TOUR,2023-02-26,TWICE Ready To Be tour,18
TWICE_20230221_READY_TO_BE_TOUR,2023-03-05,TWICE Ready To Be tour,22
TWICE_20230221_READY_TO_BE_TOUR,2023-03-12,TWICE Ready To Be tour,16
TWICE_20230221_READY_TO_BE_TOUR,2023-03-19,TWICE Ready To Be tour,63
TWICE_20230221_READY_TO_BE_TOUR,2023-03-26,TWICE Ready To Be tour,17
TWICE_20230221_READY_TO_BE_TOUR,2023-04-02,TWICE Ready To Be tour,13
TWICE_20230221_READY_TO_BE_TOUR,2023-04-09,TWICE Ready To Be tour,41
TWICE_20230221_READY_TO_BE_TOUR,2023-04-16,TWICE Ready To Be tour,44
TWICE_20230221_READY_TO_BE_TOUR,2023-04-23,TWICE Ready To Be tour,85
TWICE_20230221_READY_TO_BE_TOUR,2023-04-30,TWICE Ready To Be tour,47
TWICE_20230221_READY_TO_BE_TOUR,2023-05-07,TWICE Ready To Be tour,33
TWICE_20230221_READY_TO_BE_TOUR,2023-05-14,TWICE Ready To Be tour,37
TWICE_20230221_READY_TO_BE_TOUR,2023-05-21,TWICE Ready To Be tour,40
TWICE_20230221_READY_TO_BE_TOUR,2023-05-28,TWICE Ready To Be tour,29
TWICE_20230221_READY_TO_BE_TOUR,2023-06-04,TWICE Ready To Be tour,50
TWICE_20230221_READY_TO_BE_TOUR,2023-06-11,TWICE Ready To Be tour,98
TWICE_20230221_READY_TO_BE_TOUR,2023-06-18,TWICE Ready To Be tour,63
TWICE_20230221_READY_TO_BE_TOUR,2023-06-25,TWICE Ready To Be tour,55
TWICE_20230221_READY_TO_BE_TOUR,2023-07-02,TWICE Ready To Be tour,63
TWICE_20230221_READY_TO_BE_TOUR,2023-07-09,TWICE Ready To Be tour,40
TWICE_20230221_READY_TO_BE_TOUR,2023-07-16,TWICE Ready To Be tour,13
TWICE_20230221_READY_TO_BE_TOUR,2023-07-23,TWICE Ready To Be tour,15
TWICE_20230221_READY_TO_BE_TOUR,2023-07-30,TWICE Ready To Be tour,18
TWICE_20230221_READY_TO_BE_TOUR,2023-08-06,TWICE Ready To Be tour,9
TWICE_20230221_READY_TO_BE_TOUR,2023-08-13,TWICE Ready To Be tour,13
TWICE_20230221_READY_TO_BE_TOUR,2023-08-20,TWICE Ready To Be tour,16
TWICE_20230221_READY_TO_BE_TOUR,2023-08-27,TWICE Ready To Be tour,100
TWICE_20230221_READY_TO_BE_TOUR,2023-09-03,TWICE Ready To Be tour,64
TWICE_20230221_READY_TO_BE_TOUR,2023-09-10,TWICE Ready To Be tour,46
TWICE_20230221_READY_TO_BE_TOUR,2023-09-17,TWICE Ready To Be tour,29
TWICE_20230221_READY_TO_BE_TOUR,2023-09-24,TWICE Ready To Be tour,37
TWICE_20230221_READY_TO_BE_TOUR,2023-10-01,TWICE Ready To Be tour,26
TWICE_20230221_READY_TO_BE_TOUR,2023-10-08,TWICE Ready To Be tour,12
TWICE_20230221_READY_TO_BE_TOUR,2023-10-15,TWICE Ready To Be tour,6
TWICE_20230221_READY_TO_BE_TOUR,2023-10-22,TWICE Ready To Be tour,13
TWICE_20230221_READY_TO_BE_TOUR,2023-10-29,TWICE Ready To Be tour,13
TWICE_20230221_READY_TO_BE_TOUR,2023-11-05,TWICE Ready To Be tour,14
TWICE_20230221_READY_TO_BE_TOUR,2023-11-12,TWICE Ready To Be tour,8
TWICE_20230221_READY_TO_BE_TOUR,2023-11-19,TWICE Ready To Be tour,10
TWICE_20230221_READY_TO_BE_TOUR,2023-11-26,TWICE Ready To Be tour,14
TWICE_20230221_READY_TO_BE_TOUR,2023-12-03,TWICE Ready To Be tour,13
TWICE_20230221_READY_TO_BE_TOUR,2023-12-10,TWICE Ready To Be tour,31
TWICE_20230221_READY_TO_BE_TOUR,2023-12-17,TWICE Ready To Be tour,28
TWICE_20230221_READY_TO_BE_TOUR,2023-12-24,TWICE Ready To Be tour,36
TWICE_20230221_READY_TO_BE_TOUR,2023-12-31,TWICE Ready To Be tour,15
TWICE_20230221_READY_TO_BE_TOUR,2024-01-07,TWICE Ready To Be tour,12
TWICE_20230221_READY_TO_BE_TOUR,2024-01-14,TWICE Ready To Be tour,20
TWICE_20230221_READY_TO_BE_TOUR,2024-01-21,TWICE Ready To Be tour,16
TWICE_20230221_READY_TO_BE_TOUR,2024-01-28,TWICE Ready To Be tour,47
TWICE_20230221_READY_TO_BE_TOUR,2024-02-04,TWICE Ready To Be tour,48
TWICE_20230221_READY_TO_BE_TOUR,2024-02-11,TWICE Ready To Be tour,12
TWICE_20230221_READY_TO_BE_TOUR,2024-02-18,TWICE Ready To Be tour,15
TWICE_20230221_READY_TO_BE_TOUR,2024-02-25,TWICE Ready To Be tour,8
TWICE_20230221_READY_TO_BE_TOUR,2024-03-03,TWICE Ready To Be tour,16
TWICE_20230221_READY_TO_BE_TOUR,2024-03-10,TWICE Ready To Be tour,11
TWICE_20230221_READY_TO_BE_TOUR,2024-03-17,TWICE Ready To Be tour,30
TWICE_20230221_READY_TO_BE_TOUR,2024-03-24,TWICE Ready To Be tour,9
TWICE_20230221_READY_TO_BE_TOUR,2024-03-31,TWICE Ready To Be tour,15
TWICE_20230221_READY_TO_BE_TOUR,2024-04-07,TWICE Ready To Be tour,0
TWICE_20230221_READY_TO_BE_TOUR,2024-04-14,TWICE Ready To Be tour,11
TWICE_20230221_READY_TO_BE_TOUR,2024-04-21,TWICE Ready To Be tour,8
TWICE_20230221_READY_TO_BE_TOUR,2024-04-28,TWICE Ready To Be tour,0
TWICE_20230221_READY_TO_BE_TOUR,2024-05-05,TWICE Ready To Be tour,9
TWICE_20230221_READY_TO_BE_TOUR,2024-05-12,TWICE Ready To Be tour,6
TWICE_20230221_READY_TO_BE_TOUR,2024-05-19,TWICE Ready To Be tour,13
TWICE_20230221_READY_TO_BE_TOUR,2024-05-26,TWICE Ready To Be tour,0
TWICE_20230221_READY_TO_BE_TOUR,2024-06-02,TWICE Ready To Be tour,7
TWICE_20230221_READY_TO_BE_TOUR,2024-06-09,TWICE Ready To Be tour,0
TWICE_20230221_READY_TO_BE_TOUR,2024-06-16,TWICE Ready To Be tour,7
TWICE_20230221_READY_TO_BE_TOUR,2024-06-23,TWICE Ready To Be tour,6
TWICE_20230221_READY_TO_BE_TOUR,2024-06-30,TWICE Ready To Be tour,10
TWICE_20230221_READY_TO_BE_TOUR,2024-07-07,TWICE Ready To Be tour,14
TWICE_20230221_READY_TO_BE_TOUR,2024-07-14,TWICE Ready To Be tour,18
TWICE_20230221_READY_TO_BE_TOUR,2024-07-21,TWICE Ready To Be tour,19
TWICE_20230221_READY_TO_BE_TOUR,2024-07-28,TWICE Ready To Be tour,17
TWICE_20230221_READY_TO_BE_TOUR,2024-08-04,TWICE Ready To Be tour,9
TWICE_20230221_READY_TO_BE_TOUR,2024-08-11,TWICE Ready To Be tour,0
TWICE_20230221_READY_TO_BE_TOUR,2024-08-18,TWICE Ready To Be tour,0
TWICE_20230221_READY_TO_BE_TOUR,2024-08-25,TWICE Ready To Be tour,6
TWICE_20230221_READY_TO_BE_TOUR,2024-09-01,TWICE Ready To Be tour,0
TWICE_20230221_READY_TO_BE_TOUR,2024-09-08,TWICE Ready To Be tour,7
TWICE_20230221_READY_TO_BE_TOUR,2024-09-15,TWICE Ready To Be tour,7
TWICE_20230221_READY_TO_BE_TOUR,2024-09-22,TWICE Ready To Be tour,0
TWICE_20230221_READY_TO_BE_TOUR,2024-09-29,TWICE Ready To Be tour,0
TWICE_20230221_READY_TO_BE_TOUR,2024-10-06,TWICE Ready To Be tour,0
TWICE_20230221_READY_TO_BE_TOUR,2024-10-13,TWICE Ready To Be tour,0
TWICE_20230221_READY_TO_BE_TOUR,2024-10-20,TWICE Ready To Be tour,0
TWICE_20230221_READY_TO_BE_TOUR,2024-10-27,TWICE Ready To Be tour,0
TWICE_20230221_READY_TO_BE_TOUR,2024-11-03,TWICE Ready To Be tour,0
TWICE_20230221_READY_TO_BE_TOUR,2024-11-10,TWICE Ready To Be tour,0
TWICE_20230221_READY_TO_BE_TOUR,2024-11-17,TWICE Ready To Be tour,9
TWICE_20230221_READY_TO_BE_TOUR,2024-11-24,TWICE Ready To Be tour,0
TWICE_20230221_READY_TO_BE_TOUR,2024-12-01,TWICE Ready To Be tour,0
TWICE_20230221_READY_TO_BE_TOUR,2024-12-08,TWICE Ready To Be tour,0
TWICE_20230221_READY_TO_BE_TOUR,2024-12-15,TWICE Ready To Be tour,0
TWICE_20230221_READY_TO_BE_TOUR,2024-12-22,TWICE Ready To Be tour,0
TWICE_20230221_READY_TO_BE_TOUR,2024-12-29,TWICE Ready To Be tour,0
TWICE_20230221_READY_TO_BE_TOUR,2025-01-05,TWICE Ready To Be tour,0
TWICE_20230221_READY_TO_BE_TOUR,2025-01-12,TWICE Ready To Be tour,0
TWICE_20230221_READY_TO_BE_TOUR,2025-01-19,TWICE Ready To Be tour,0
TWICE_20230221_READY_TO_BE_TOUR,2025-01-26,TWICE Ready To Be tour,0
TWICE_20230221_READY_TO_BE_TOUR,2025-02-02,TWICE Ready To Be tour,0
TWICE_20230221_READY_TO_BE_TOUR,2025-02-09,TWICE Ready To Be tour,0
TWICE_20230221_READY_TO_BE_TOUR,2025-02-16,TWICE Ready To Be tour,8
TWICE_20230221_READY_TO_BE_TOUR,2025-02-23,TWICE Ready To Be tour,0
TWICE_20230221_READY_TO_BE_TOUR,2025-03-02,TWICE Ready To Be tour,9
TWICE_20230221_READY_TO_BE_TOUR,2025-03-09,TWICE Ready To Be tour,0
TWICE_20230221_READY_TO_BE_TOUR,2025-03-16,TWICE Ready To Be tour,9
TWICE_20230221_READY_TO_BE_TOUR,2025-03-23,TWICE Ready To Be tour,0
TWICE_20230221_READY_TO_BE_TOUR,2025-03-30,TWICE Ready To Be tour,0
TWICE_20230221_READY_TO_BE_TOUR,2025-04-06,TWICE Ready To Be tour,0
TWICE_20230221_READY_TO_BE_TOUR,2025-04-13,TWICE Ready To Be tour,0
TWICE_20230221_READY_TO_BE_TOUR,2025-04-20,TWICE Ready To Be tour,0
TWICE_20230221_READY_TO_BE_TOUR,2025-04-27,TWICE Ready To Be tour,0
TWICE_20230221_READY_TO_BE_TOUR,2025-05-04,TWICE Ready To Be tour,0
TWICE_20230221_READY_TO_BE_TOUR,2025-05-11,TWICE Ready To Be tour,0
TWICE_20230221_READY_TO_BE_TOUR,2025-05-18,TWICE Ready To Be tour,7
TWICE_20230221_READY_TO_BE_TOUR,2025-05-25,TWICE Ready To Be tour,0
TWICE_20230221_READY_TO_BE_TOUR,2025-06-01,TWICE Ready To Be tour,0
TWICE_20230221_READY_TO_BE_TOUR,2025-06-08,TWICE Ready To Be tour,21
TWICE_20230221_READY_TO_BE_TOUR,2025-06-15,TWICE Ready To Be tour,7
TWICE_20230221_READY_TO_BE_TOUR,2025-06-22,TWICE Ready To Be tour,0
TWICE_20230221_READY_TO_BE_TOUR,2025-06-29,TWICE Ready To Be tour,0
TWICE_20230221_READY_TO_BE_TOUR,2025-07-06,TWICE Ready To Be tour,0
TWICE_20230221_READY_TO_BE_TOUR,2025-07-13,TWICE Ready To Be tour,11
TWICE_20230221_READY_TO_BE_TOUR,2025-07-20,TWICE Ready To Be tour,19
TWICE_20230221_READY_TO_BE_TOUR,2025-07-27,TWICE Ready To Be tour,8
TWICE_20230221_READY_TO_BE_TOUR,2025-08-03,TWICE Ready To Be tour,9
TWICE_20230221_READY_TO_BE_TOUR,2025-08-10,TWICE Ready To Be tour,11
TWICE_20230221_READY_TO_BE_TOUR,2025-08-17,TWICE Ready To Be tour,8
TWICE_20230221_READY_TO_BE_TOUR,2025-08-24,TWICE Ready To Be tour,7
TWICE_20230221_READY_TO_BE_TOUR,2025-08-31,TWICE Ready To Be tour,9
TWICE_20230221_READY_TO_BE_TOUR,2025-09-07,TWICE Ready To Be tour,9
TWICE_20230221_READY_TO_BE_TOUR,2025-09-14,TWICE Ready To Be tour,7
TWICE_20230221_READY_TO_BE_TOUR,2025-09-21,TWICE Ready To Be tour,17
TWICE_20230221_READY_TO_BE_TOUR,2025-09-28,TWICE Ready To Be tour,17
TWICE_20230221_READY_TO_BE_TOUR,2025-10-05,TWICE Ready To Be tour,24
TWICE_20230221_READY_TO_BE_TOUR,2025-10-12,TWICE Ready To Be tour,22
TWICE_20230221_READY_TO_BE_TOUR,2025-10-19,TWICE Ready To Be tour,7
TWICE_20230221_READY_TO_BE_TOUR,2025-10-26,TWICE Ready To Be tour,10
TWICE_20230221_READY_TO_BE_TOUR,2025-11-02,TWICE Ready To Be tour,10
TWICE_20230221_READY_TO_BE_TOUR,2025-11-09,TWICE Ready To Be tour,13
TWICE_20230221_READY_TO_BE_TOUR,2025-11-16,TWICE Ready To Be tour,18
TWICE_20230221_READY_TO_BE_TOUR,2025-11-23,TWICE Ready To Be tour,9
TWICE_20230221_READY_TO_BE_TOUR,2025-11-30,TWICE Ready To Be tour,0
TWICE_20230221_READY_TO_BE_TOUR,2025-12-07,TWICE Ready To Be tour,7
TWICE_20230221_READY_TO_BE_TOUR,2025-12-14,TWICE Ready To Be tour,6
TWICE_20230221_READY_TO_BE_TOUR,2025-12-21,TWICE Ready To Be tour,7
TWICE_20230221_READY_TO_BE_TOUR,2025-12-28,TWICE Ready To Be tour,9
TWICE_20240303_WITH_YOUTH_BB200,2020-12-27,TWICE With YOU-th Billboard 200,0
TWICE_20240303_WITH_YOUTH_BB200,2021-01-03,TWICE With YOU-th Billboard 200,0
TWICE_20240303_WITH_YOUTH_BB200,2021-01-10,TWICE With YOU-th Billboard 200,0
TWICE_20240303_WITH_YOUTH_BB200,2021-01-17,TWICE With YOU-th Billboard 200,0
TWICE_20240303_WITH_YOUTH_BB200,2021-01-24,TWICE With YOU-th Billboard 200,0
TWICE_20240303_WITH_YOUTH_BB200,2021-01-31,TWICE With YOU-th Billboard 200,0
TWICE_20240303_WITH_YOUTH_BB200,2021-02-07,TWICE With YOU-th Billboard 200,0
TWICE_20240303_WITH_YOUTH_BB200,2021-02-14,TWICE With YOU-th Billboard 200,0
TWICE_20240303_WITH_YOUTH_BB200,2021-02-21,TWICE With YOU-th Billboard 200,0
TWICE_20240303_WITH_YOUTH_BB200,2021-02-28,TWICE With YOU-th Billboard 200,0
TWICE_20240303_WITH_YOUTH_BB200,2021-03-07,TWICE With YOU-th Billboard 200,0
TWICE_20240303_WITH_YOUTH_BB200,2021-03-14,TWICE With YOU-th Billboard 200,0
TWICE_20240303_WITH_YOUTH_BB200,2021-03-21,TWICE With YOU-th Billboard 200,0
TWICE_20240303_WITH_YOUTH_BB200,2021-03-28,TWICE With YOU-th Billboard 200,0
TWICE_20240303_WITH_YOUTH_BB200,2021-04-04,TWICE With YOU-th Billboard 200,0
TWICE_20240303_WITH_YOUTH_BB200,2021-04-11,TWICE With YOU-th Billboard 200,0
TWICE_20240303_WITH_YOUTH_BB200,2021-04-18,TWICE With YOU-th Billboard 200,0
TWICE_20240303_WITH_YOUTH_BB200,2021-04-25,TWICE With YOU-th Billboard 200,0
TWICE_20240303_WITH_YOUTH_BB200,2021-05-02,TWICE With YOU-th Billboard 200,0
TWICE_20240303_WITH_YOUTH_BB200,2021-05-09,TWICE With YOU-th Billboard 200,0
TWICE_20240303_WITH_YOUTH_BB200,2021-05-16,TWICE With YOU-th Billboard 200,0
TWICE_20240303_WITH_YOUTH_BB200,2021-05-23,TWICE With YOU-th Billboard 200,0
TWICE_20240303_WITH_YOUTH_BB200,2021-05-30,TWICE With YOU-th Billboard 200,0
TWICE_20240303_WITH_YOUTH_BB200,2021-06-06,TWICE With YOU-th Billboard 200,0
TWICE_20240303_WITH_YOUTH_BB200,2021-06-13,TWICE With YOU-th Billboard 200,0
TWICE_20240303_WITH_YOUTH_BB200,2021-06-20,TWICE With YOU-th Billboard 200,0
TWICE_20240303_WITH_YOUTH_BB200,2021-06-27,TWICE With YOU-th Billboard 200,0
TWICE_20240303_WITH_YOUTH_BB200,2021-07-04,TWICE With YOU-th Billboard 200,0
TWICE_20240303_WITH_YOUTH_BB200,2021-07-11,TWICE With YOU-th Billboard 200,100
TWICE_20240303_WITH_YOUTH_BB200,2021-07-18,TWICE With YOU-th Billboard 200,0
TWICE_20240303_WITH_YOUTH_BB200,2021-07-25,TWICE With YOU-th Billboard 200,0
TWICE_20240303_WITH_YOUTH_BB200,2021-08-01,TWICE With YOU-th Billboard 200,0
TWICE_20240303_WITH_YOUTH_BB200,2021-08-08,TWICE With YOU-th Billboard 200,0
TWICE_20240303_WITH_YOUTH_BB200,2021-08-15,TWICE With YOU-th Billboard 200,0
TWICE_20240303_WITH_YOUTH_BB200,2021-08-22,TWICE With YOU-th Billboard 200,0
TWICE_20240303_WITH_YOUTH_BB200,2021-08-29,TWICE With YOU-th Billboard 200,0
TWICE_20240303_WITH_YOUTH_BB200,2021-09-05,TWICE With YOU-th Billboard 200,0
TWICE_20240303_WITH_YOUTH_BB200,2021-09-12,TWICE With YOU-th Billboard 200,0
TWICE_20240303_WITH_YOUTH_BB200,2021-09-19,TWICE With YOU-th Billboard 200,0
TWICE_20240303_WITH_YOUTH_BB200,2021-09-26,TWICE With YOU-th Billboard 200,0
TWICE_20240303_WITH_YOUTH_BB200,2021-10-03,TWICE With YOU-th Billboard 200,0
TWICE_20240303_WITH_YOUTH_BB200,2021-10-10,TWICE With YOU-th Billboard 200,0
TWICE_20240303_WITH_YOUTH_BB200,2021-10-17,TWICE With YOU-th Billboard 200,0
TWICE_20240303_WITH_YOUTH_BB200,2021-10-24,TWICE With YOU-th Billboard 200,0
TWICE_20240303_WITH_YOUTH_BB200,2021-10-31,TWICE With YOU-th Billboard 200,0
TWICE_20240303_WITH_YOUTH_BB200,2021-11-07,TWICE With YOU-th Billboard 200,0
TWICE_20240303_WITH_YOUTH_BB200,2021-11-14,TWICE With YOU-th Billboard 200,0
TWICE_20240303_WITH_YOUTH_BB200,2021-11-21,TWICE With YOU-th Billboard 200,0
TWICE_20240303_WITH_YOUTH_BB200,2021-11-28,TWICE With YOU-th Billboard 200,0
TWICE_20240303_WITH_YOUTH_BB200,2021-12-05,TWICE With YOU-th Billboard 200,0
TWICE_20240303_WITH_YOUTH_BB200,2021-12-12,TWICE With YOU-th Billboard 200,0
TWICE_20240303_WITH_YOUTH_BB200,2021-12-19,TWICE With YOU-th Billboard 200,0
TWICE_20240303_WITH_YOUTH_BB200,2021-12-26,TWICE With YOU-th Billboard 200,0
TWICE_20240303_WITH_YOUTH_BB200,2022-01-02,TWICE With YOU-th Billboard 200,0
TWICE_20240303_WITH_YOUTH_BB200,2022-01-09,TWICE With YOU-th Billboard 200,0
TWICE_20240303_WITH_YOUTH_BB200,2022-01-16,TWICE With YOU-th Billboard 200,0
TWICE_20240303_WITH_YOUTH_BB200,2022-01-23,TWICE With YOU-th Billboard 200,0
TWICE_20240303_WITH_YOUTH_BB200,2022-01-30,TWICE With YOU-th Billboard 200,0
TWICE_20240303_WITH_YOUTH_BB200,2022-02-06,TWICE With YOU-th Billboard 200,0
TWICE_20240303_WITH_YOUTH_BB200,2022-02-13,TWICE With YOU-th Billboard 200,0
TWICE_20240303_WITH_YOUTH_BB200,2022-02-20,TWICE With YOU-th Billboard 200,0
TWICE_20240303_WITH_YOUTH_BB200,2022-02-27,TWICE With YOU-th Billboard 200,0
TWICE_20240303_WITH_YOUTH_BB200,2022-03-06,TWICE With YOU-th Billboard 200,0
TWICE_20240303_WITH_YOUTH_BB200,2022-03-13,TWICE With YOU-th Billboard 200,0
TWICE_20240303_WITH_YOUTH_BB200,2022-03-20,TWICE With YOU-th Billboard 200,0
TWICE_20240303_WITH_YOUTH_BB200,2022-03-27,TWICE With YOU-th Billboard 200,0
TWICE_20240303_WITH_YOUTH_BB200,2022-04-03,TWICE With YOU-th Billboard 200,0
TWICE_20240303_WITH_YOUTH_BB200,2022-04-10,TWICE With YOU-th Billboard 200,0
TWICE_20240303_WITH_YOUTH_BB200,2022-04-17,TWICE With YOU-th Billboard 200,0
TWICE_20240303_WITH_YOUTH_BB200,2022-04-24,TWICE With YOU-th Billboard 200,0
TWICE_20240303_WITH_YOUTH_BB200,2022-05-01,TWICE With YOU-th Billboard 200,0
TWICE_20240303_WITH_YOUTH_BB200,2022-05-08,TWICE With YOU-th Billboard 200,0
TWICE_20240303_WITH_YOUTH_BB200,2022-05-15,TWICE With YOU-th Billboard 200,0
TWICE_20240303_WITH_YOUTH_BB200,2022-05-22,TWICE With YOU-th Billboard 200,0
TWICE_20240303_WITH_YOUTH_BB200,2022-05-29,TWICE With YOU-th Billboard 200,0
TWICE_20240303_WITH_YOUTH_BB200,2022-06-05,TWICE With YOU-th Billboard 200,0
TWICE_20240303_WITH_YOUTH_BB200,2022-06-12,TWICE With YOU-th Billboard 200,0
TWICE_20240303_WITH_YOUTH_BB200,2022-06-19,TWICE With YOU-th Billboard 200,0
TWICE_20240303_WITH_YOUTH_BB200,2022-06-26,TWICE With YOU-th Billboard 200,0
TWICE_20240303_WITH_YOUTH_BB200,2022-07-03,TWICE With YOU-th Billboard 200,0
TWICE_20240303_WITH_YOUTH_BB200,2022-07-10,TWICE With YOU-th Billboard 200,0
TWICE_20240303_WITH_YOUTH_BB200,2022-07-17,TWICE With YOU-th Billboard 200,0
TWICE_20240303_WITH_YOUTH_BB200,2022-07-24,TWICE With YOU-th Billboard 200,0
TWICE_20240303_WITH_YOUTH_BB200,2022-07-31,TWICE With YOU-th Billboard 200,0
TWICE_20240303_WITH_YOUTH_BB200,2022-08-07,TWICE With YOU-th Billboard 200,0
TWICE_20240303_WITH_YOUTH_BB200,2022-08-14,TWICE With YOU-th Billboard 200,0
TWICE_20240303_WITH_YOUTH_BB200,2022-08-21,TWICE With YOU-th Billboard 200,0
TWICE_20240303_WITH_YOUTH_BB200,2022-08-28,TWICE With YOU-th Billboard 200,0
TWICE_20240303_WITH_YOUTH_BB200,2022-09-04,TWICE With YOU-th Billboard 200,0
TWICE_20240303_WITH_YOUTH_BB200,2022-09-11,TWICE With YOU-th Billboard 200,0
TWICE_20240303_WITH_YOUTH_BB200,2022-09-18,TWICE With YOU-th Billboard 200,0
TWICE_20240303_WITH_YOUTH_BB200,2022-09-25,TWICE With YOU-th Billboard 200,0
TWICE_20240303_WITH_YOUTH_BB200,2022-10-02,TWICE With YOU-th Billboard 200,0
TWICE_20240303_WITH_YOUTH_BB200,2022-10-09,TWICE With YOU-th Billboard 200,0
TWICE_20240303_WITH_YOUTH_BB200,2022-10-16,TWICE With YOU-th Billboard 200,0
TWICE_20240303_WITH_YOUTH_BB200,2022-10-23,TWICE With YOU-th Billboard 200,0
TWICE_20240303_WITH_YOUTH_BB200,2022-10-30,TWICE With YOU-th Billboard 200,0
TWICE_20240303_WITH_YOUTH_BB200,2022-11-06,TWICE With YOU-th Billboard 200,0
TWICE_20240303_WITH_YOUTH_BB200,2022-11-13,TWICE With YOU-th Billboard 200,0
TWICE_20240303_WITH_YOUTH_BB200,2022-11-20,TWICE With YOU-th Billboard 200,0
TWICE_20240303_WITH_YOUTH_BB200,2022-11-27,TWICE With YOU-th Billboard 200,0
TWICE_20240303_WITH_YOUTH_BB200,2022-12-04,TWICE With YOU-th Billboard 200,0
TWICE_20240303_WITH_YOUTH_BB200,2022-12-11,TWICE With YOU-th Billboard 200,0
TWICE_20240303_WITH_YOUTH_BB200,2022-12-18,TWICE With YOU-th Billboard 200,0
TWICE_20240303_WITH_YOUTH_BB200,2022-12-25,TWICE With YOU-th Billboard 200,0
TWICE_20240303_WITH_YOUTH_BB200,2023-01-01,TWICE With YOU-th Billboard 200,0
TWICE_20240303_WITH_YOUTH_BB200,2023-01-08,TWICE With YOU-th Billboard 200,0
TWICE_20240303_WITH_YOUTH_BB200,2023-01-15,TWICE With YOU-th Billboard 200,0
TWICE_20240303_WITH_YOUTH_BB200,2023-01-22,TWICE With YOU-th Billboard 200,0
TWICE_20240303_WITH_YOUTH_BB200,2023-01-29,TWICE With YOU-th Billboard 200,0
TWICE_20240303_WITH_YOUTH_BB200,2023-02-05,TWICE With YOU-th Billboard 200,0
TWICE_20240303_WITH_YOUTH_BB200,2023-02-12,TWICE With YOU-th Billboard 200,0
TWICE_20240303_WITH_YOUTH_BB200,2023-02-19,TWICE With YOU-th Billboard 200,0
TWICE_20240303_WITH_YOUTH_BB200,2023-02-26,TWICE With YOU-th Billboard 200,0
TWICE_20240303_WITH_YOUTH_BB200,2023-03-05,TWICE With YOU-th Billboard 200,0
TWICE_20240303_WITH_YOUTH_BB200,2023-03-12,TWICE With YOU-th Billboard 200,0
TWICE_20240303_WITH_YOUTH_BB200,2023-03-19,TWICE With YOU-th Billboard 200,0
TWICE_20240303_WITH_YOUTH_BB200,2023-03-26,TWICE With YOU-th Billboard 200,0
TWICE_20240303_WITH_YOUTH_BB200,2023-04-02,TWICE With YOU-th Billboard 200,0
TWICE_20240303_WITH_YOUTH_BB200,2023-04-09,TWICE With YOU-th Billboard 200,0
TWICE_20240303_WITH_YOUTH_BB200,2023-04-16,TWICE With YOU-th Billboard 200,0
TWICE_20240303_WITH_YOUTH_BB200,2023-04-23,TWICE With YOU-th Billboard 200,0
TWICE_20240303_WITH_YOUTH_BB200,2023-04-30,TWICE With YOU-th Billboard 200,0
TWICE_20240303_WITH_YOUTH_BB200,2023-05-07,TWICE With YOU-th Billboard 200,0
TWICE_20240303_WITH_YOUTH_BB200,2023-05-14,TWICE With YOU-th Billboard 200,0
TWICE_20240303_WITH_YOUTH_BB200,2023-05-21,TWICE With YOU-th Billboard 200,0
TWICE_20240303_WITH_YOUTH_BB200,2023-05-28,TWICE With YOU-th Billboard 200,0
TWICE_20240303_WITH_YOUTH_BB200,2023-06-04,TWICE With YOU-th Billboard 200,0
TWICE_20240303_WITH_YOUTH_BB200,2023-06-11,TWICE With YOU-th Billboard 200,0
TWICE_20240303_WITH_YOUTH_BB200,2023-06-18,TWICE With YOU-th Billboard 200,0
TWICE_20240303_WITH_YOUTH_BB200,2023-06-25,TWICE With YOU-th Billboard 200,0
TWICE_20240303_WITH_YOUTH_BB200,2023-07-02,TWICE With YOU-th Billboard 200,0
TWICE_20240303_WITH_YOUTH_BB200,2023-07-09,TWICE With YOU-th Billboard 200,0
TWICE_20240303_WITH_YOUTH_BB200,2023-07-16,TWICE With YOU-th Billboard 200,0
TWICE_20240303_WITH_YOUTH_BB200,2023-07-23,TWICE With YOU-th Billboard 200,0
TWICE_20240303_WITH_YOUTH_BB200,2023-07-30,TWICE With YOU-th Billboard 200,0
TWICE_20240303_WITH_YOUTH_BB200,2023-08-06,TWICE With YOU-th Billboard 200,0
TWICE_20240303_WITH_YOUTH_BB200,2023-08-13,TWICE With YOU-th Billboard 200,0
TWICE_20240303_WITH_YOUTH_BB200,2023-08-20,TWICE With YOU-th Billboard 200,0
TWICE_20240303_WITH_YOUTH_BB200,2023-08-27,TWICE With YOU-th Billboard 200,0
TWICE_20240303_WITH_YOUTH_BB200,2023-09-03,TWICE With YOU-th Billboard 200,0
TWICE_20240303_WITH_YOUTH_BB200,2023-09-10,TWICE With YOU-th Billboard 200,0
TWICE_20240303_WITH_YOUTH_BB200,2023-09-17,TWICE With YOU-th Billboard 200,0
TWICE_20240303_WITH_YOUTH_BB200,2023-09-24,TWICE With YOU-th Billboard 200,0
TWICE_20240303_WITH_YOUTH_BB200,2023-10-01,TWICE With YOU-th Billboard 200,0
TWICE_20240303_WITH_YOUTH_BB200,2023-10-08,TWICE With YOU-th Billboard 200,0
TWICE_20240303_WITH_YOUTH_BB200,2023-10-15,TWICE With YOU-th Billboard 200,0
TWICE_20240303_WITH_YOUTH_BB200,2023-10-22,TWICE With YOU-th Billboard 200,0
TWICE_20240303_WITH_YOUTH_BB200,2023-10-29,TWICE With YOU-th Billboard 200,0
TWICE_20240303_WITH_YOUTH_BB200,2023-11-05,TWICE With YOU-th Billboard 200,0
TWICE_20240303_WITH_YOUTH_BB200,2023-11-12,TWICE With YOU-th Billboard 200,0
TWICE_20240303_WITH_YOUTH_BB200,2023-11-19,TWICE With YOU-th Billboard 200,0
TWICE_20240303_WITH_YOUTH_BB200,2023-11-26,TWICE With YOU-th Billboard 200,0
TWICE_20240303_WITH_YOUTH_BB200,2023-12-03,TWICE With YOU-th Billboard 200,0
TWICE_20240303_WITH_YOUTH_BB200,2023-12-10,TWICE With YOU-th Billboard 200,0
TWICE_20240303_WITH_YOUTH_BB200,2023-12-17,TWICE With YOU-th Billboard 200,0
TWICE_20240303_WITH_YOUTH_BB200,2023-12-24,TWICE With YOU-th Billboard 200,0
TWICE_20240303_WITH_YOUTH_BB200,2023-12-31,TWICE With YOU-th Billboard 200,0
TWICE_20240303_WITH_YOUTH_BB200,2024-01-07,TWICE With YOU-th Billboard 200,0
TWICE_20240303_WITH_YOUTH_BB200,2024-01-14,TWICE With YOU-th Billboard 200,0
TWICE_20240303_WITH_YOUTH_BB200,2024-01-21,TWICE With YOU-th Billboard 200,0
TWICE_20240303_WITH_YOUTH_BB200,2024-01-28,TWICE With YOU-th Billboard 200,0
TWICE_20240303_WITH_YOUTH_BB200,2024-02-04,TWICE With YOU-th Billboard 200,0
TWICE_20240303_WITH_YOUTH_BB200,2024-02-11,TWICE With YOU-th Billboard 200,0
TWICE_20240303_WITH_YOUTH_BB200,2024-02-18,TWICE With YOU-th Billboard 200,0
TWICE_20240303_WITH_YOUTH_BB200,2024-02-25,TWICE With YOU-th Billboard 200,0
TWICE_20240303_WITH_YOUTH_BB200,2024-03-03,TWICE With YOU-th Billboard 200,0
TWICE_20240303_WITH_YOUTH_BB200,2024-03-10,TWICE With YOU-th Billboard 200,0
TWICE_20240303_WITH_YOUTH_BB200,2024-03-17,TWICE With YOU-th Billboard 200,0
TWICE_20240303_WITH_YOUTH_BB200,2024-03-24,TWICE With YOU-th Billboard 200,0
TWICE_20240303_WITH_YOUTH_BB200,2024-03-31,TWICE With YOU-th Billboard 200,0
TWICE_20240303_WITH_YOUTH_BB200,2024-04-07,TWICE With YOU-th Billboard 200,0
TWICE_20240303_WITH_YOUTH_BB200,2024-04-14,TWICE With YOU-th Billboard 200,0
TWICE_20240303_WITH_YOUTH_BB200,2024-04-21,TWICE With YOU-th Billboard 200,0
TWICE_20240303_WITH_YOUTH_BB200,2024-04-28,TWICE With YOU-th Billboard 200,0
TWICE_20240303_WITH_YOUTH_BB200,2024-05-05,TWICE With YOU-th Billboard 200,0
TWICE_20240303_WITH_YOUTH_BB200,2024-05-12,TWICE With YOU-th Billboard 200,0
TWICE_20240303_WITH_YOUTH_BB200,2024-05-19,TWICE With YOU-th Billboard 200,0
TWICE_20240303_WITH_YOUTH_BB200,2024-05-26,TWICE With YOU-th Billboard 200,0
TWICE_20240303_WITH_YOUTH_BB200,2024-06-02,TWICE With YOU-th Billboard 200,0
TWICE_20240303_WITH_YOUTH_BB200,2024-06-09,TWICE With YOU-th Billboard 200,0
TWICE_20240303_WITH_YOUTH_BB200,2024-06-16,TWICE With YOU-th Billboard 200,0
TWICE_20240303_WITH_YOUTH_BB200,2024-06-23,TWICE With YOU-th Billboard 200,0
TWICE_20240303_WITH_YOUTH_BB200,2024-06-30,TWICE With YOU-th Billboard 200,0
TWICE_20240303_WITH_YOUTH_BB200,2024-07-07,TWICE With YOU-th Billboard 200,0
TWICE_20240303_WITH_YOUTH_BB200,2024-07-14,TWICE With YOU-th Billboard 200,0
TWICE_20240303_WITH_YOUTH_BB200,2024-07-21,TWICE With YOU-th Billboard 200,0
TWICE_20240303_WITH_YOUTH_BB200,2024-07-28,TWICE With YOU-th Billboard 200,0
TWICE_20240303_WITH_YOUTH_BB200,2024-08-04,TWICE With YOU-th Billboard 200,0
TWICE_20240303_WITH_YOUTH_BB200,2024-08-11,TWICE With YOU-th Billboard 200,0
TWICE_20240303_WITH_YOUTH_BB200,2024-08-18,TWICE With YOU-th Billboard 200,0
TWICE_20240303_WITH_YOUTH_BB200,2024-08-25,TWICE With YOU-th Billboard 200,0
TWICE_20240303_WITH_YOUTH_BB200,2024-09-01,TWICE With YOU-th Billboard 200,0
TWICE_20240303_WITH_YOUTH_BB200,2024-09-08,TWICE With YOU-th Billboard 200,0
TWICE_20240303_WITH_YOUTH_BB200,2024-09-15,TWICE With YOU-th Billboard 200,0
TWICE_20240303_WITH_YOUTH_BB200,2024-09-22,TWICE With YOU-th Billboard 200,0
TWICE_20240303_WITH_YOUTH_BB200,2024-09-29,TWICE With YOU-th Billboard 200,0
TWICE_20240303_WITH_YOUTH_BB200,2024-10-06,TWICE With YOU-th Billboard 200,0
TWICE_20240303_WITH_YOUTH_BB200,2024-10-13,TWICE With YOU-th Billboard 200,0
TWICE_20240303_WITH_YOUTH_BB200,2024-10-20,TWICE With YOU-th Billboard 200,0
TWICE_20240303_WITH_YOUTH_BB200,2024-10-27,TWICE With YOU-th Billboard 200,0
TWICE_20240303_WITH_YOUTH_BB200,2024-11-03,TWICE With YOU-th Billboard 200,0
TWICE_20240303_WITH_YOUTH_BB200,2024-11-10,TWICE With YOU-th Billboard 200,0
TWICE_20240303_WITH_YOUTH_BB200,2024-11-17,TWICE With YOU-th Billboard 200,0
TWICE_20240303_WITH_YOUTH_BB200,2024-11-24,TWICE With YOU-th Billboard 200,0
TWICE_20240303_WITH_YOUTH_BB200,2024-12-01,TWICE With YOU-th Billboard 200,0
TWICE_20240303_WITH_YOUTH_BB200,2024-12-08,TWICE With YOU-th Billboard 200,0
TWICE_20240303_WITH_YOUTH_BB200,2024-12-15,TWICE With YOU-th Billboard 200,0
TWICE_20240303_WITH_YOUTH_BB200,2024-12-22,TWICE With YOU-th Billboard 200,0
TWICE_20240303_WITH_YOUTH_BB200,2024-12-29,TWICE With YOU-th Billboard 200,0
TWICE_20240303_WITH_YOUTH_BB200,2025-01-05,TWICE With YOU-th Billboard 200,0
TWICE_20240303_WITH_YOUTH_BB200,2025-01-12,TWICE With YOU-th Billboard 200,0
TWICE_20240303_WITH_YOUTH_BB200,2025-01-19,TWICE With YOU-th Billboard 200,0
TWICE_20240303_WITH_YOUTH_BB200,2025-01-26,TWICE With YOU-th Billboard 200,0
TWICE_20240303_WITH_YOUTH_BB200,2025-02-02,TWICE With YOU-th Billboard 200,0
TWICE_20240303_WITH_YOUTH_BB200,2025-02-09,TWICE With YOU-th Billboard 200,0
TWICE_20240303_WITH_YOUTH_BB200,2025-02-16,TWICE With YOU-th Billboard 200,0
TWICE_20240303_WITH_YOUTH_BB200,2025-02-23,TWICE With YOU-th Billboard 200,0
TWICE_20240303_WITH_YOUTH_BB200,2025-03-02,TWICE With YOU-th Billboard 200,0
TWICE_20240303_WITH_YOUTH_BB200,2025-03-09,TWICE With YOU-th Billboard 200,0
TWICE_20240303_WITH_YOUTH_BB200,2025-03-16,TWICE With YOU-th Billboard 200,96
TWICE_20240303_WITH_YOUTH_BB200,2025-03-23,TWICE With YOU-th Billboard 200,0
TWICE_20240303_WITH_YOUTH_BB200,2025-03-30,TWICE With YOU-th Billboard 200,0
TWICE_20240303_WITH_YOUTH_BB200,2025-04-06,TWICE With YOU-th Billboard 200,0
TWICE_20240303_WITH_YOUTH_BB200,2025-04-13,TWICE With YOU-th Billboard 200,0
TWICE_20240303_WITH_YOUTH_BB200,2025-04-20,TWICE With YOU-th Billboard 200,0
TWICE_20240303_WITH_YOUTH_BB200,2025-04-27,TWICE With YOU-th Billboard 200,0
TWICE_20240303_WITH_YOUTH_BB200,2025-05-04,TWICE With YOU-th Billboard 200,0
TWICE_20240303_WITH_YOUTH_BB200,2025-05-11,TWICE With YOU-th Billboard 200,0
TWICE_20240303_WITH_YOUTH_BB200,2025-05-18,TWICE With YOU-th Billboard 200,0
TWICE_20240303_WITH_YOUTH_BB200,2025-05-25,TWICE With YOU-th Billboard 200,0
TWICE_20240303_WITH_YOUTH_BB200,2025-06-01,TWICE With YOU-th Billboard 200,0
TWICE_20240303_WITH_YOUTH_BB200,2025-06-08,TWICE With YOU-th Billboard 200,0
TWICE_20240303_WITH_YOUTH_BB200,2025-06-15,TWICE With YOU-th Billboard 200,0
TWICE_20240303_WITH_YOUTH_BB200,2025-06-22,TWICE With YOU-th Billboard 200,0
TWICE_20240303_WITH_YOUTH_BB200,2025-06-29,TWICE With YOU-th Billboard 200,0
TWICE_20240303_WITH_YOUTH_BB200,2025-07-06,TWICE With YOU-th Billboard 200,0
TWICE_20240303_WITH_YOUTH_BB200,2025-07-13,TWICE With YOU-th Billboard 200,0
TWICE_20240303_WITH_YOUTH_BB200,2025-07-20,TWICE With YOU-th Billboard 200,0
TWICE_20240303_WITH_YOUTH_BB200,2025-07-27,TWICE With YOU-th Billboard 200,0
TWICE_20240303_WITH_YOUTH_BB200,2025-08-03,TWICE With YOU-th Billboard 200,0
TWICE_20240303_WITH_YOUTH_BB200,2025-08-10,TWICE With YOU-th Billboard 200,0
TWICE_20240303_WITH_YOUTH_BB200,2025-08-17,TWICE With YOU-th Billboard 200,0
TWICE_20240303_WITH_YOUTH_BB200,2025-08-24,TWICE With YOU-th Billboard 200,0
TWICE_20240303_WITH_YOUTH_BB200,2025-08-31,TWICE With YOU-th Billboard 200,0
TWICE_20240303_WITH_YOUTH_BB200,2025-09-07,TWICE With YOU-th Billboard 200,0
TWICE_20240303_WITH_YOUTH_BB200,2025-09-14,TWICE With YOU-th Billboard 200,0
TWICE_20240303_WITH_YOUTH_BB200,2025-09-21,TWICE With YOU-th Billboard 200,0
TWICE_20240303_WITH_YOUTH_BB200,2025-09-28,TWICE With YOU-th Billboard 200,0
TWICE_20240303_WITH_YOUTH_BB200,2025-10-05,TWICE With YOU-th Billboard 200,0
TWICE_20240303_WITH_YOUTH_BB200,2025-10-12,TWICE With YOU-th Billboard 200,0
TWICE_20240303_WITH_YOUTH_BB200,2025-10-19,TWICE With YOU-th Billboard 200,0
TWICE_20240303_WITH_YOUTH_BB200,2025-10-26,TWICE With YOU-th Billboard 200,0
TWICE_20240303_WITH_YOUTH_BB200,2025-11-02,TWICE With YOU-th Billboard 200,0
TWICE_20240303_WITH_YOUTH_BB200,2025-11-09,TWICE With YOU-th Billboard 200,0
TWICE_20240303_WITH_YOUTH_BB200,2025-11-16,TWICE With YOU-th Billboard 200,0
TWICE_20240303_WITH_YOUTH_BB200,2025-11-23,TWICE With YOU-th Billboard 200,0
TWICE_20240303_WITH_YOUTH_BB200,2025-11-30,TWICE With YOU-th Billboard 200,0
TWICE_20240303_WITH_YOUTH_BB200,2025-12-07,TWICE With YOU-th Billboard 200,0
TWICE_20240303_WITH_YOUTH_BB200,2025-12-14,TWICE With YOU-th Billboard 200,0
TWICE_20240303_WITH_YOUTH_BB200,2025-12-21,TWICE With YOU-th Billboard 200,0
TWICE_20240303_WITH_YOUTH_BB200,2025-12-28,TWICE With YOU-th Billboard 200,0
AESPA_20210517_NEXT_LEVEL,2020-12-27,aespa Next Level,0
AESPA_20210517_NEXT_LEVEL,2021-01-03,aespa Next Level,0
AESPA_20210517_NEXT_LEVEL,2021-01-10,aespa Next Level,1
AESPA_20210517_NEXT_LEVEL,2021-01-17,aespa Next Level,0
AESPA_20210517_NEXT_LEVEL,2021-01-24,aespa Next Level,0
AESPA_20210517_NEXT_LEVEL,2021-01-31,aespa Next Level,0
AESPA_20210517_NEXT_LEVEL,2021-02-07,aespa Next Level,0
AESPA_20210517_NEXT_LEVEL,2021-02-14,aespa Next Level,0
AESPA_20210517_NEXT_LEVEL,2021-02-21,aespa Next Level,0
AESPA_20210517_NEXT_LEVEL,2021-02-28,aespa Next Level,0
AESPA_20210517_NEXT_LEVEL,2021-03-07,aespa Next Level,0
AESPA_20210517_NEXT_LEVEL,2021-03-14,aespa Next Level,0
AESPA_20210517_NEXT_LEVEL,2021-03-21,aespa Next Level,0
AESPA_20210517_NEXT_LEVEL,2021-03-28,aespa Next Level,0
AESPA_20210517_NEXT_LEVEL,2021-04-04,aespa Next Level,0
AESPA_20210517_NEXT_LEVEL,2021-04-11,aespa Next Level,0
AESPA_20210517_NEXT_LEVEL,2021-04-18,aespa Next Level,0
AESPA_20210517_NEXT_LEVEL,2021-04-25,aespa Next Level,0
AESPA_20210517_NEXT_LEVEL,2021-05-02,aespa Next Level,2
AESPA_20210517_NEXT_LEVEL,2021-05-09,aespa Next Level,6
AESPA_20210517_NEXT_LEVEL,2021-05-16,aespa Next Level,100
AESPA_20210517_NEXT_LEVEL,2021-05-23,aespa Next Level,71
AESPA_20210517_NEXT_LEVEL,2021-05-30,aespa Next Level,59
AESPA_20210517_NEXT_LEVEL,2021-06-06,aespa Next Level,48
AESPA_20210517_NEXT_LEVEL,2021-06-13,aespa Next Level,40
AESPA_20210517_NEXT_LEVEL,2021-06-20,aespa Next Level,46
AESPA_20210517_NEXT_LEVEL,2021-06-27,aespa Next Level,40
AESPA_20210517_NEXT_LEVEL,2021-07-04,aespa Next Level,34
AESPA_20210517_NEXT_LEVEL,2021-07-11,aespa Next Level,31
AESPA_20210517_NEXT_LEVEL,2021-07-18,aespa Next Level,28
AESPA_20210517_NEXT_LEVEL,2021-07-25,aespa Next Level,25
AESPA_20210517_NEXT_LEVEL,2021-08-01,aespa Next Level,20
AESPA_20210517_NEXT_LEVEL,2021-08-08,aespa Next Level,20
AESPA_20210517_NEXT_LEVEL,2021-08-15,aespa Next Level,19
AESPA_20210517_NEXT_LEVEL,2021-08-22,aespa Next Level,19
AESPA_20210517_NEXT_LEVEL,2021-08-29,aespa Next Level,16
AESPA_20210517_NEXT_LEVEL,2021-09-05,aespa Next Level,15
AESPA_20210517_NEXT_LEVEL,2021-09-12,aespa Next Level,15
AESPA_20210517_NEXT_LEVEL,2021-09-19,aespa Next Level,13
AESPA_20210517_NEXT_LEVEL,2021-09-26,aespa Next Level,14
AESPA_20210517_NEXT_LEVEL,2021-10-03,aespa Next Level,18
AESPA_20210517_NEXT_LEVEL,2021-10-10,aespa Next Level,14
AESPA_20210517_NEXT_LEVEL,2021-10-17,aespa Next Level,12
AESPA_20210517_NEXT_LEVEL,2021-10-24,aespa Next Level,11
AESPA_20210517_NEXT_LEVEL,2021-10-31,aespa Next Level,10
AESPA_20210517_NEXT_LEVEL,2021-11-07,aespa Next Level,11
AESPA_20210517_NEXT_LEVEL,2021-11-14,aespa Next Level,10
AESPA_20210517_NEXT_LEVEL,2021-11-21,aespa Next Level,10
AESPA_20210517_NEXT_LEVEL,2021-11-28,aespa Next Level,10
AESPA_20210517_NEXT_LEVEL,2021-12-05,aespa Next Level,10
AESPA_20210517_NEXT_LEVEL,2021-12-12,aespa Next Level,10
AESPA_20210517_NEXT_LEVEL,2021-12-19,aespa Next Level,10
AESPA_20210517_NEXT_LEVEL,2021-12-26,aespa Next Level,13
AESPA_20210517_NEXT_LEVEL,2022-01-02,aespa Next Level,14
AESPA_20210517_NEXT_LEVEL,2022-01-09,aespa Next Level,12
AESPA_20210517_NEXT_LEVEL,2022-01-16,aespa Next Level,11
AESPA_20210517_NEXT_LEVEL,2022-01-23,aespa Next Level,12
AESPA_20210517_NEXT_LEVEL,2022-01-30,aespa Next Level,10
AESPA_20210517_NEXT_LEVEL,2022-02-06,aespa Next Level,10
AESPA_20210517_NEXT_LEVEL,2022-02-13,aespa Next Level,11
AESPA_20210517_NEXT_LEVEL,2022-02-20,aespa Next Level,11
AESPA_20210517_NEXT_LEVEL,2022-02-27,aespa Next Level,10
AESPA_20210517_NEXT_LEVEL,2022-03-06,aespa Next Level,9
AESPA_20210517_NEXT_LEVEL,2022-03-13,aespa Next Level,8
AESPA_20210517_NEXT_LEVEL,2022-03-20,aespa Next Level,7
AESPA_20210517_NEXT_LEVEL,2022-03-27,aespa Next Level,7
AESPA_20210517_NEXT_LEVEL,2022-04-03,aespa Next Level,6
AESPA_20210517_NEXT_LEVEL,2022-04-10,aespa Next Level,6
AESPA_20210517_NEXT_LEVEL,2022-04-17,aespa Next Level,6
AESPA_20210517_NEXT_LEVEL,2022-04-24,aespa Next Level,9
AESPA_20210517_NEXT_LEVEL,2022-05-01,aespa Next Level,6
AESPA_20210517_NEXT_LEVEL,2022-05-08,aespa Next Level,6
AESPA_20210517_NEXT_LEVEL,2022-05-15,aespa Next Level,6
AESPA_20210517_NEXT_LEVEL,2022-05-22,aespa Next Level,6
AESPA_20210517_NEXT_LEVEL,2022-05-29,aespa Next Level,5
AESPA_20210517_NEXT_LEVEL,2022-06-05,aespa Next Level,6
AESPA_20210517_NEXT_LEVEL,2022-06-12,aespa Next Level,6
AESPA_20210517_NEXT_LEVEL,2022-06-19,aespa Next Level,8
AESPA_20210517_NEXT_LEVEL,2022-06-26,aespa Next Level,7
AESPA_20210517_NEXT_LEVEL,2022-07-03,aespa Next Level,9
AESPA_20210517_NEXT_LEVEL,2022-07-10,aespa Next Level,7
AESPA_20210517_NEXT_LEVEL,2022-07-17,aespa Next Level,6
AESPA_20210517_NEXT_LEVEL,2022-07-24,aespa Next Level,6
AESPA_20210517_NEXT_LEVEL,2022-07-31,aespa Next Level,6
AESPA_20210517_NEXT_LEVEL,2022-08-07,aespa Next Level,6
AESPA_20210517_NEXT_LEVEL,2022-08-14,aespa Next Level,6
AESPA_20210517_NEXT_LEVEL,2022-08-21,aespa Next Level,5
AESPA_20210517_NEXT_LEVEL,2022-08-28,aespa Next Level,5
AESPA_20210517_NEXT_LEVEL,2022-09-04,aespa Next Level,4
AESPA_20210517_NEXT_LEVEL,2022-09-11,aespa Next Level,4
AESPA_20210517_NEXT_LEVEL,2022-09-18,aespa Next Level,3
AESPA_20210517_NEXT_LEVEL,2022-09-25,aespa Next Level,3
AESPA_20210517_NEXT_LEVEL,2022-10-02,aespa Next Level,3
AESPA_20210517_NEXT_LEVEL,2022-10-09,aespa Next Level,4
AESPA_20210517_NEXT_LEVEL,2022-10-16,aespa Next Level,3
AESPA_20210517_NEXT_LEVEL,2022-10-23,aespa Next Level,3
AESPA_20210517_NEXT_LEVEL,2022-10-30,aespa Next Level,3
AESPA_20210517_NEXT_LEVEL,2022-11-06,aespa Next Level,4
AESPA_20210517_NEXT_LEVEL,2022-11-13,aespa Next Level,4
AESPA_20210517_NEXT_LEVEL,2022-11-20,aespa Next Level,2
AESPA_20210517_NEXT_LEVEL,2022-11-27,aespa Next Level,2
AESPA_20210517_NEXT_LEVEL,2022-12-04,aespa Next Level,3
AESPA_20210517_NEXT_LEVEL,2022-12-11,aespa Next Level,3
AESPA_20210517_NEXT_LEVEL,2022-12-18,aespa Next Level,3
AESPA_20210517_NEXT_LEVEL,2022-12-25,aespa Next Level,3
AESPA_20210517_NEXT_LEVEL,2023-01-01,aespa Next Level,4
AESPA_20210517_NEXT_LEVEL,2023-01-08,aespa Next Level,3
AESPA_20210517_NEXT_LEVEL,2023-01-15,aespa Next Level,3
AESPA_20210517_NEXT_LEVEL,2023-01-22,aespa Next Level,3
AESPA_20210517_NEXT_LEVEL,2023-01-29,aespa Next Level,3
AESPA_20210517_NEXT_LEVEL,2023-02-05,aespa Next Level,3
AESPA_20210517_NEXT_LEVEL,2023-02-12,aespa Next Level,4
AESPA_20210517_NEXT_LEVEL,2023-02-19,aespa Next Level,4
AESPA_20210517_NEXT_LEVEL,2023-02-26,aespa Next Level,3
AESPA_20210517_NEXT_LEVEL,2023-03-05,aespa Next Level,3
AESPA_20210517_NEXT_LEVEL,2023-03-12,aespa Next Level,3
AESPA_20210517_NEXT_LEVEL,2023-03-19,aespa Next Level,3
AESPA_20210517_NEXT_LEVEL,2023-03-26,aespa Next Level,3
AESPA_20210517_NEXT_LEVEL,2023-04-02,aespa Next Level,3
AESPA_20210517_NEXT_LEVEL,2023-04-09,aespa Next Level,2
AESPA_20210517_NEXT_LEVEL,2023-04-16,aespa Next Level,2
AESPA_20210517_NEXT_LEVEL,2023-04-23,aespa Next Level,3
AESPA_20210517_NEXT_LEVEL,2023-04-30,aespa Next Level,3
AESPA_20210517_NEXT_LEVEL,2023-05-07,aespa Next Level,3
AESPA_20210517_NEXT_LEVEL,2023-05-14,aespa Next Level,4
AESPA_20210517_NEXT_LEVEL,2023-05-21,aespa Next Level,3
AESPA_20210517_NEXT_LEVEL,2023-05-28,aespa Next Level,3
AESPA_20210517_NEXT_LEVEL,2023-06-04,aespa Next Level,3
AESPA_20210517_NEXT_LEVEL,2023-06-11,aespa Next Level,2
AESPA_20210517_NEXT_LEVEL,2023-06-18,aespa Next Level,3
AESPA_20210517_NEXT_LEVEL,2023-06-25,aespa Next Level,3
AESPA_20210517_NEXT_LEVEL,2023-07-02,aespa Next Level,3
AESPA_20210517_NEXT_LEVEL,2023-07-09,aespa Next Level,2
AESPA_20210517_NEXT_LEVEL,2023-07-16,aespa Next Level,3
AESPA_20210517_NEXT_LEVEL,2023-07-23,aespa Next Level,2
AESPA_20210517_NEXT_LEVEL,2023-07-30,aespa Next Level,2
AESPA_20210517_NEXT_LEVEL,2023-08-06,aespa Next Level,3
AESPA_20210517_NEXT_LEVEL,2023-08-13,aespa Next Level,3
AESPA_20210517_NEXT_LEVEL,2023-08-20,aespa Next Level,3
AESPA_20210517_NEXT_LEVEL,2023-08-27,aespa Next Level,2
AESPA_20210517_NEXT_LEVEL,2023-09-03,aespa Next Level,2
AESPA_20210517_NEXT_LEVEL,2023-09-10,aespa Next Level,2
AESPA_20210517_NEXT_LEVEL,2023-09-17,aespa Next Level,3
AESPA_20210517_NEXT_LEVEL,2023-09-24,aespa Next Level,3
AESPA_20210517_NEXT_LEVEL,2023-10-01,aespa Next Level,3
AESPA_20210517_NEXT_LEVEL,2023-10-08,aespa Next Level,2
AESPA_20210517_NEXT_LEVEL,2023-10-15,aespa Next Level,2
AESPA_20210517_NEXT_LEVEL,2023-10-22,aespa Next Level,2
AESPA_20210517_NEXT_LEVEL,2023-10-29,aespa Next Level,1
AESPA_20210517_NEXT_LEVEL,2023-11-05,aespa Next Level,2
AESPA_20210517_NEXT_LEVEL,2023-11-12,aespa Next Level,2
AESPA_20210517_NEXT_LEVEL,2023-11-19,aespa Next Level,2
AESPA_20210517_NEXT_LEVEL,2023-11-26,aespa Next Level,1
AESPA_20210517_NEXT_LEVEL,2023-12-03,aespa Next Level,2
AESPA_20210517_NEXT_LEVEL,2023-12-10,aespa Next Level,2
AESPA_20210517_NEXT_LEVEL,2023-12-17,aespa Next Level,1
AESPA_20210517_NEXT_LEVEL,2023-12-24,aespa Next Level,2
AESPA_20210517_NEXT_LEVEL,2023-12-31,aespa Next Level,3
AESPA_20210517_NEXT_LEVEL,2024-01-07,aespa Next Level,3
AESPA_20210517_NEXT_LEVEL,2024-01-14,aespa Next Level,3
AESPA_20210517_NEXT_LEVEL,2024-01-21,aespa Next Level,2
AESPA_20210517_NEXT_LEVEL,2024-01-28,aespa Next Level,2
AESPA_20210517_NEXT_LEVEL,2024-02-04,aespa Next Level,2
AESPA_20210517_NEXT_LEVEL,2024-02-11,aespa Next Level,2
AESPA_20210517_NEXT_LEVEL,2024-02-18,aespa Next Level,2
AESPA_20210517_NEXT_LEVEL,2024-02-25,aespa Next Level,2
AESPA_20210517_NEXT_LEVEL,2024-03-03,aespa Next Level,2
AESPA_20210517_NEXT_LEVEL,2024-03-10,aespa Next Level,2
AESPA_20210517_NEXT_LEVEL,2024-03-17,aespa Next Level,2
AESPA_20210517_NEXT_LEVEL,2024-03-24,aespa Next Level,2
AESPA_20210517_NEXT_LEVEL,2024-03-31,aespa Next Level,2
AESPA_20210517_NEXT_LEVEL,2024-04-07,aespa Next Level,2
AESPA_20210517_NEXT_LEVEL,2024-04-14,aespa Next Level,3
AESPA_20210517_NEXT_LEVEL,2024-04-21,aespa Next Level,2
AESPA_20210517_NEXT_LEVEL,2024-04-28,aespa Next Level,3
AESPA_20210517_NEXT_LEVEL,2024-05-05,aespa Next Level,3
AESPA_20210517_NEXT_LEVEL,2024-05-12,aespa Next Level,3
AESPA_20210517_NEXT_LEVEL,2024-05-19,aespa Next Level,3
AESPA_20210517_NEXT_LEVEL,2024-05-26,aespa Next Level,3
AESPA_20210517_NEXT_LEVEL,2024-06-02,aespa Next Level,3
AESPA_20210517_NEXT_LEVEL,2024-06-09,aespa Next Level,3
AESPA_20210517_NEXT_LEVEL,2024-06-16,aespa Next Level,2
AESPA_20210517_NEXT_LEVEL,2024-06-23,aespa Next Level,3
AESPA_20210517_NEXT_LEVEL,2024-06-30,aespa Next Level,3
AESPA_20210517_NEXT_LEVEL,2024-07-07,aespa Next Level,3
AESPA_20210517_NEXT_LEVEL,2024-07-14,aespa Next Level,3
AESPA_20210517_NEXT_LEVEL,2024-07-21,aespa Next Level,2
AESPA_20210517_NEXT_LEVEL,2024-07-28,aespa Next Level,2
AESPA_20210517_NEXT_LEVEL,2024-08-04,aespa Next Level,2
AESPA_20210517_NEXT_LEVEL,2024-08-11,aespa Next Level,1
AESPA_20210517_NEXT_LEVEL,2024-08-18,aespa Next Level,2
AESPA_20210517_NEXT_LEVEL,2024-08-25,aespa Next Level,2
AESPA_20210517_NEXT_LEVEL,2024-09-01,aespa Next Level,2
AESPA_20210517_NEXT_LEVEL,2024-09-08,aespa Next Level,2
AESPA_20210517_NEXT_LEVEL,2024-09-15,aespa Next Level,2
AESPA_20210517_NEXT_LEVEL,2024-09-22,aespa Next Level,1
AESPA_20210517_NEXT_LEVEL,2024-09-29,aespa Next Level,2
AESPA_20210517_NEXT_LEVEL,2024-10-06,aespa Next Level,3
AESPA_20210517_NEXT_LEVEL,2024-10-13,aespa Next Level,2
AESPA_20210517_NEXT_LEVEL,2024-10-20,aespa Next Level,1
AESPA_20210517_NEXT_LEVEL,2024-10-27,aespa Next Level,2
AESPA_20210517_NEXT_LEVEL,2024-11-03,aespa Next Level,2
AESPA_20210517_NEXT_LEVEL,2024-11-10,aespa Next Level,1
AESPA_20210517_NEXT_LEVEL,2024-11-17,aespa Next Level,1
AESPA_20210517_NEXT_LEVEL,2024-11-24,aespa Next Level,2
AESPA_20210517_NEXT_LEVEL,2024-12-01,aespa Next Level,2
AESPA_20210517_NEXT_LEVEL,2024-12-08,aespa Next Level,2
AESPA_20210517_NEXT_LEVEL,2024-12-15,aespa Next Level,2
AESPA_20210517_NEXT_LEVEL,2024-12-22,aespa Next Level,1
AESPA_20210517_NEXT_LEVEL,2024-12-29,aespa Next Level,2
AESPA_20210517_NEXT_LEVEL,2025-01-05,aespa Next Level,2
AESPA_20210517_NEXT_LEVEL,2025-01-12,aespa Next Level,1
AESPA_20210517_NEXT_LEVEL,2025-01-19,aespa Next Level,2
AESPA_20210517_NEXT_LEVEL,2025-01-26,aespa Next Level,2
AESPA_20210517_NEXT_LEVEL,2025-02-02,aespa Next Level,2
AESPA_20210517_NEXT_LEVEL,2025-02-09,aespa Next Level,1
AESPA_20210517_NEXT_LEVEL,2025-02-16,aespa Next Level,1
AESPA_20210517_NEXT_LEVEL,2025-02-23,aespa Next Level,1
AESPA_20210517_NEXT_LEVEL,2025-03-02,aespa Next Level,1
AESPA_20210517_NEXT_LEVEL,2025-03-09,aespa Next Level,2
AESPA_20210517_NEXT_LEVEL,2025-03-16,aespa Next Level,1
AESPA_20210517_NEXT_LEVEL,2025-03-23,aespa Next Level,1
AESPA_20210517_NEXT_LEVEL,2025-03-30,aespa Next Level,2
AESPA_20210517_NEXT_LEVEL,2025-04-06,aespa Next Level,1
AESPA_20210517_NEXT_LEVEL,2025-04-13,aespa Next Level,1
AESPA_20210517_NEXT_LEVEL,2025-04-20,aespa Next Level,1
AESPA_20210517_NEXT_LEVEL,2025-04-27,aespa Next Level,2
AESPA_20210517_NEXT_LEVEL,2025-05-04,aespa Next Level,2
AESPA_20210517_NEXT_LEVEL,2025-05-11,aespa Next Level,2
AESPA_20210517_NEXT_LEVEL,2025-05-18,aespa Next Level,2
AESPA_20210517_NEXT_LEVEL,2025-05-25,aespa Next Level,2
AESPA_20210517_NEXT_LEVEL,2025-06-01,aespa Next Level,1
AESPA_20210517_NEXT_LEVEL,2025-06-08,aespa Next Level,2
AESPA_20210517_NEXT_LEVEL,2025-06-15,aespa Next Level,2
AESPA_20210517_NEXT_LEVEL,2025-06-22,aespa Next Level,3
AESPA_20210517_NEXT_LEVEL,2025-06-29,aespa Next Level,2
AESPA_20210517_NEXT_LEVEL,2025-07-06,aespa Next Level,2
AESPA_20210517_NEXT_LEVEL,2025-07-13,aespa Next Level,2
AESPA_20210517_NEXT_LEVEL,2025-07-20,aespa Next Level,2
AESPA_20210517_NEXT_LEVEL,2025-07-27,aespa Next Level,2
AESPA_20210517_NEXT_LEVEL,2025-08-03,aespa Next Level,2
AESPA_20210517_NEXT_LEVEL,2025-08-10,aespa Next Level,2
AESPA_20210517_NEXT_LEVEL,2025-08-17,aespa Next Level,3
AESPA_20210517_NEXT_LEVEL,2025-08-24,aespa Next Level,2
AESPA_20210517_NEXT_LEVEL,2025-08-31,aespa Next Level,2
AESPA_20210517_NEXT_LEVEL,2025-09-07,aespa Next Level,2
AESPA_20210517_NEXT_LEVEL,2025-09-14,aespa Next Level,2
AESPA_20210517_NEXT_LEVEL,2025-09-21,aespa Next Level,2
AESPA_20210517_NEXT_LEVEL,2025-09-28,aespa Next Level,2
AESPA_20210517_NEXT_LEVEL,2025-10-05,aespa Next Level,1
AESPA_20210517_NEXT_LEVEL,2025-10-12,aespa Next Level,2
AESPA_20210517_NEXT_LEVEL,2025-10-19,aespa Next Level,2
AESPA_20210517_NEXT_LEVEL,2025-10-26,aespa Next Level,2
AESPA_20210517_NEXT_LEVEL,2025-11-02,aespa Next Level,2
AESPA_20210517_NEXT_LEVEL,2025-11-09,aespa Next Level,2
AESPA_20210517_NEXT_LEVEL,2025-11-16,aespa Next Level,2
AESPA_20210517_NEXT_LEVEL,2025-11-23,aespa Next Level,3
AESPA_20210517_NEXT_LEVEL,2025-11-30,aespa Next Level,1
AESPA_20210517_NEXT_LEVEL,2025-12-07,aespa Next Level,1
AESPA_20210517_NEXT_LEVEL,2025-12-14,aespa Next Level,2
AESPA_20210517_NEXT_LEVEL,2025-12-21,aespa Next Level,2
AESPA_20210517_NEXT_LEVEL,2025-12-28,aespa Next Level,2
AESPA_20220423_COACHELLA,2020-12-27,aespa Coachella,0
AESPA_20220423_COACHELLA,2021-01-03,aespa Coachella,0
AESPA_20220423_COACHELLA,2021-01-10,aespa Coachella,0
AESPA_20220423_COACHELLA,2021-01-17,aespa Coachella,0
AESPA_20220423_COACHELLA,2021-01-24,aespa Coachella,0
AESPA_20220423_COACHELLA,2021-01-31,aespa Coachella,0
AESPA_20220423_COACHELLA,2021-02-07,aespa Coachella,0
AESPA_20220423_COACHELLA,2021-02-14,aespa Coachella,0
AESPA_20220423_COACHELLA,2021-02-21,aespa Coachella,0
AESPA_20220423_COACHELLA,2021-02-28,aespa Coachella,0
AESPA_20220423_COACHELLA,2021-03-07,aespa Coachella,0
AESPA_20220423_COACHELLA,2021-03-14,aespa Coachella,0
AESPA_20220423_COACHELLA,2021-03-21,aespa Coachella,0
AESPA_20220423_COACHELLA,2021-03-28,aespa Coachella,0
AESPA_20220423_COACHELLA,2021-04-04,aespa Coachella,0
AESPA_20220423_COACHELLA,2021-04-11,aespa Coachella,0
AESPA_20220423_COACHELLA,2021-04-18,aespa Coachella,0
AESPA_20220423_COACHELLA,2021-04-25,aespa Coachella,0
AESPA_20220423_COACHELLA,2021-05-02,aespa Coachella,0
AESPA_20220423_COACHELLA,2021-05-09,aespa Coachella,0
AESPA_20220423_COACHELLA,2021-05-16,aespa Coachella,0
AESPA_20220423_COACHELLA,2021-05-23,aespa Coachella,0
AESPA_20220423_COACHELLA,2021-05-30,aespa Coachella,0
AESPA_20220423_COACHELLA,2021-06-06,aespa Coachella,0
AESPA_20220423_COACHELLA,2021-06-13,aespa Coachella,0
AESPA_20220423_COACHELLA,2021-06-20,aespa Coachella,0
AESPA_20220423_COACHELLA,2021-06-27,aespa Coachella,0
AESPA_20220423_COACHELLA,2021-07-04,aespa Coachella,0
AESPA_20220423_COACHELLA,2021-07-11,aespa Coachella,0
AESPA_20220423_COACHELLA,2021-07-18,aespa Coachella,0
AESPA_20220423_COACHELLA,2021-07-25,aespa Coachella,0
AESPA_20220423_COACHELLA,2021-08-01,aespa Coachella,0
AESPA_20220423_COACHELLA,2021-08-08,aespa Coachella,0
AESPA_20220423_COACHELLA,2021-08-15,aespa Coachella,0
AESPA_20220423_COACHELLA,2021-08-22,aespa Coachella,0
AESPA_20220423_COACHELLA,2021-08-29,aespa Coachella,0
AESPA_20220423_COACHELLA,2021-09-05,aespa Coachella,0
AESPA_20220423_COACHELLA,2021-09-12,aespa Coachella,0
AESPA_20220423_COACHELLA,2021-09-19,aespa Coachella,0
AESPA_20220423_COACHELLA,2021-09-26,aespa Coachella,0
AESPA_20220423_COACHELLA,2021-10-03,aespa Coachella,0
AESPA_20220423_COACHELLA,2021-10-10,aespa Coachella,0
AESPA_20220423_COACHELLA,2021-10-17,aespa Coachella,0
AESPA_20220423_COACHELLA,2021-10-24,aespa Coachella,0
AESPA_20220423_COACHELLA,2021-10-31,aespa Coachella,0
AESPA_20220423_COACHELLA,2021-11-07,aespa Coachella,0
AESPA_20220423_COACHELLA,2021-11-14,aespa Coachella,0
AESPA_20220423_COACHELLA,2021-11-21,aespa Coachella,0
AESPA_20220423_COACHELLA,2021-11-28,aespa Coachella,0
AESPA_20220423_COACHELLA,2021-12-05,aespa Coachella,0
AESPA_20220423_COACHELLA,2021-12-12,aespa Coachella,0
AESPA_20220423_COACHELLA,2021-12-19,aespa Coachella,0
AESPA_20220423_COACHELLA,2021-12-26,aespa Coachella,0
AESPA_20220423_COACHELLA,2022-01-02,aespa Coachella,0
AESPA_20220423_COACHELLA,2022-01-09,aespa Coachella,0
AESPA_20220423_COACHELLA,2022-01-16,aespa Coachella,0
AESPA_20220423_COACHELLA,2022-01-23,aespa Coachella,0
AESPA_20220423_COACHELLA,2022-01-30,aespa Coachella,0
AESPA_20220423_COACHELLA,2022-02-06,aespa Coachella,0
AESPA_20220423_COACHELLA,2022-02-13,aespa Coachella,0
AESPA_20220423_COACHELLA,2022-02-20,aespa Coachella,0
AESPA_20220423_COACHELLA,2022-02-27,aespa Coachella,0
AESPA_20220423_COACHELLA,2022-03-06,aespa Coachella,0
AESPA_20220423_COACHELLA,2022-03-13,aespa Coachella,0
AESPA_20220423_COACHELLA,2022-03-20,aespa Coachella,0
AESPA_20220423_COACHELLA,2022-03-27,aespa Coachella,0
AESPA_20220423_COACHELLA,2022-04-03,aespa Coachella,0
AESPA_20220423_COACHELLA,2022-04-10,aespa Coachella,5
AESPA_20220423_COACHELLA,2022-04-17,aespa Coachella,100
AESPA_20220423_COACHELLA,2022-04-24,aespa Coachella,83
AESPA_20220423_COACHELLA,2022-05-01,aespa Coachella,5
AESPA_20220423_COACHELLA,2022-05-08,aespa Coachella,3
AESPA_20220423_COACHELLA,2022-05-15,aespa Coachella,2
AESPA_20220423_COACHELLA,2022-05-22,aespa Coachella,2
AESPA_20220423_COACHELLA,2022-05-29,aespa Coachella,2
AESPA_20220423_COACHELLA,2022-06-05,aespa Coachella,2
AESPA_20220423_COACHELLA,2022-06-12,aespa Coachella,1
AESPA_20220423_COACHELLA,2022-06-19,aespa Coachella,1
AESPA_20220423_COACHELLA,2022-06-26,aespa Coachella,2
AESPA_20220423_COACHELLA,2022-07-03,aespa Coachella,2
AESPA_20220423_COACHELLA,2022-07-10,aespa Coachella,2
AESPA_20220423_COACHELLA,2022-07-17,aespa Coachella,2
AESPA_20220423_COACHELLA,2022-07-24,aespa Coachella,1
AESPA_20220423_COACHELLA,2022-07-31,aespa Coachella,1
AESPA_20220423_COACHELLA,2022-08-07,aespa Coachella,1
AESPA_20220423_COACHELLA,2022-08-14,aespa Coachella,2
AESPA_20220423_COACHELLA,2022-08-21,aespa Coachella,1
AESPA_20220423_COACHELLA,2022-08-28,aespa Coachella,1
AESPA_20220423_COACHELLA,2022-09-04,aespa Coachella,1
AESPA_20220423_COACHELLA,2022-09-11,aespa Coachella,0
AESPA_20220423_COACHELLA,2022-09-18,aespa Coachella,0
AESPA_20220423_COACHELLA,2022-09-25,aespa Coachella,0
AESPA_20220423_COACHELLA,2022-10-02,aespa Coachella,0
AESPA_20220423_COACHELLA,2022-10-09,aespa Coachella,0
AESPA_20220423_COACHELLA,2022-10-16,aespa Coachella,0
AESPA_20220423_COACHELLA,2022-10-23,aespa Coachella,0
AESPA_20220423_COACHELLA,2022-10-30,aespa Coachella,0
AESPA_20220423_COACHELLA,2022-11-06,aespa Coachella,0
AESPA_20220423_COACHELLA,2022-11-13,aespa Coachella,0
AESPA_20220423_COACHELLA,2022-11-20,aespa Coachella,0
AESPA_20220423_COACHELLA,2022-11-27,aespa Coachella,0
AESPA_20220423_COACHELLA,2022-12-04,aespa Coachella,0
AESPA_20220423_COACHELLA,2022-12-11,aespa Coachella,0
AESPA_20220423_COACHELLA,2022-12-18,aespa Coachella,0
AESPA_20220423_COACHELLA,2022-12-25,aespa Coachella,1
AESPA_20220423_COACHELLA,2023-01-01,aespa Coachella,0
AESPA_20220423_COACHELLA,2023-01-08,aespa Coachella,3
AESPA_20220423_COACHELLA,2023-01-15,aespa Coachella,0
AESPA_20220423_COACHELLA,2023-01-22,aespa Coachella,1
AESPA_20220423_COACHELLA,2023-01-29,aespa Coachella,1
AESPA_20220423_COACHELLA,2023-02-05,aespa Coachella,0
AESPA_20220423_COACHELLA,2023-02-12,aespa Coachella,0
AESPA_20220423_COACHELLA,2023-02-19,aespa Coachella,0
AESPA_20220423_COACHELLA,2023-02-26,aespa Coachella,0
AESPA_20220423_COACHELLA,2023-03-05,aespa Coachella,1
AESPA_20220423_COACHELLA,2023-03-12,aespa Coachella,0
AESPA_20220423_COACHELLA,2023-03-19,aespa Coachella,0
AESPA_20220423_COACHELLA,2023-03-26,aespa Coachella,0
AESPA_20220423_COACHELLA,2023-04-02,aespa Coachella,1
AESPA_20220423_COACHELLA,2023-04-09,aespa Coachella,2
AESPA_20220423_COACHELLA,2023-04-16,aespa Coachella,9
AESPA_20220423_COACHELLA,2023-04-23,aespa Coachella,2
AESPA_20220423_COACHELLA,2023-04-30,aespa Coachella,1
AESPA_20220423_COACHELLA,2023-05-07,aespa Coachella,0
AESPA_20220423_COACHELLA,2023-05-14,aespa Coachella,1
AESPA_20220423_COACHELLA,2023-05-21,aespa Coachella,0
AESPA_20220423_COACHELLA,2023-05-28,aespa Coachella,0
AESPA_20220423_COACHELLA,2023-06-04,aespa Coachella,0
AESPA_20220423_COACHELLA,2023-06-11,aespa Coachella,0
AESPA_20220423_COACHELLA,2023-06-18,aespa Coachella,0
AESPA_20220423_COACHELLA,2023-06-25,aespa Coachella,1
AESPA_20220423_COACHELLA,2023-07-02,aespa Coachella,0
AESPA_20220423_COACHELLA,2023-07-09,aespa Coachella,1
AESPA_20220423_COACHELLA,2023-07-16,aespa Coachella,0
AESPA_20220423_COACHELLA,2023-07-23,aespa Coachella,0
AESPA_20220423_COACHELLA,2023-07-30,aespa Coachella,0
AESPA_20220423_COACHELLA,2023-08-06,aespa Coachella,0
AESPA_20220423_COACHELLA,2023-08-13,aespa Coachella,0
AESPA_20220423_COACHELLA,2023-08-20,aespa Coachella,0
AESPA_20220423_COACHELLA,2023-08-27,aespa Coachella,0
AESPA_20220423_COACHELLA,2023-09-03,aespa Coachella,0
AESPA_20220423_COACHELLA,2023-09-10,aespa Coachella,0
AESPA_20220423_COACHELLA,2023-09-17,aespa Coachella,0
AESPA_20220423_COACHELLA,2023-09-24,aespa Coachella,0
AESPA_20220423_COACHELLA,2023-10-01,aespa Coachella,0
AESPA_20220423_COACHELLA,2023-10-08,aespa Coachella,0
AESPA_20220423_COACHELLA,2023-10-15,aespa Coachella,0
AESPA_20220423_COACHELLA,2023-10-22,aespa Coachella,1
AESPA_20220423_COACHELLA,2023-10-29,aespa Coachella,0
AESPA_20220423_COACHELLA,2023-11-05,aespa Coachella,0
AESPA_20220423_COACHELLA,2023-11-12,aespa Coachella,0
AESPA_20220423_COACHELLA,2023-11-19,aespa Coachella,0
AESPA_20220423_COACHELLA,2023-11-26,aespa Coachella,0
AESPA_20220423_COACHELLA,2023-12-03,aespa Coachella,0
AESPA_20220423_COACHELLA,2023-12-10,aespa Coachella,0
AESPA_20220423_COACHELLA,2023-12-17,aespa Coachella,0
AESPA_20220423_COACHELLA,2023-12-24,aespa Coachella,0
AESPA_20220423_COACHELLA,2023-12-31,aespa Coachella,0
AESPA_20220423_COACHELLA,2024-01-07,aespa Coachella,0
AESPA_20220423_COACHELLA,2024-01-14,aespa Coachella,3
AESPA_20220423_COACHELLA,2024-01-21,aespa Coachella,2
AESPA_20220423_COACHELLA,2024-01-28,aespa Coachella,0
AESPA_20220423_COACHELLA,2024-02-04,aespa Coachella,0
AESPA_20220423_COACHELLA,2024-02-11,aespa Coachella,0
AESPA_20220423_COACHELLA,2024-02-18,aespa Coachella,0
AESPA_20220423_COACHELLA,2024-02-25,aespa Coachella,0
AESPA_20220423_COACHELLA,2024-03-03,aespa Coachella,0
AESPA_20220423_COACHELLA,2024-03-10,aespa Coachella,0
AESPA_20220423_COACHELLA,2024-03-17,aespa Coachella,0
AESPA_20220423_COACHELLA,2024-03-24,aespa Coachella,0
AESPA_20220423_COACHELLA,2024-03-31,aespa Coachella,1
AESPA_20220423_COACHELLA,2024-04-07,aespa Coachella,2
AESPA_20220423_COACHELLA,2024-04-14,aespa Coachella,14
AESPA_20220423_COACHELLA,2024-04-21,aespa Coachella,3
AESPA_20220423_COACHELLA,2024-04-28,aespa Coachella,1
AESPA_20220423_COACHELLA,2024-05-05,aespa Coachella,1
AESPA_20220423_COACHELLA,2024-05-12,aespa Coachella,0
AESPA_20220423_COACHELLA,2024-05-19,aespa Coachella,1
AESPA_20220423_COACHELLA,2024-05-26,aespa Coachella,0
AESPA_20220423_COACHELLA,2024-06-02,aespa Coachella,0
AESPA_20220423_COACHELLA,2024-06-09,aespa Coachella,0
AESPA_20220423_COACHELLA,2024-06-16,aespa Coachella,0
AESPA_20220423_COACHELLA,2024-06-23,aespa Coachella,1
AESPA_20220423_COACHELLA,2024-06-30,aespa Coachella,1
AESPA_20220423_COACHELLA,2024-07-07,aespa Coachella,1
AESPA_20220423_COACHELLA,2024-07-14,aespa Coachella,0
AESPA_20220423_COACHELLA,2024-07-21,aespa Coachella,0
AESPA_20220423_COACHELLA,2024-07-28,aespa Coachella,0
AESPA_20220423_COACHELLA,2024-08-04,aespa Coachella,0
AESPA_20220423_COACHELLA,2024-08-11,aespa Coachella,1
AESPA_20220423_COACHELLA,2024-08-18,aespa Coachella,0
AESPA_20220423_COACHELLA,2024-08-25,aespa Coachella,0
AESPA_20220423_COACHELLA,2024-09-01,aespa Coachella,0
AESPA_20220423_COACHELLA,2024-09-08,aespa Coachella,0
AESPA_20220423_COACHELLA,2024-09-15,aespa Coachella,0
AESPA_20220423_COACHELLA,2024-09-22,aespa Coachella,0
AESPA_20220423_COACHELLA,2024-09-29,aespa Coachella,0
AESPA_20220423_COACHELLA,2024-10-06,aespa Coachella,0
AESPA_20220423_COACHELLA,2024-10-13,aespa Coachella,0
AESPA_20220423_COACHELLA,2024-10-20,aespa Coachella,0
AESPA_20220423_COACHELLA,2024-10-27,aespa Coachella,0
AESPA_20220423_COACHELLA,2024-11-03,aespa Coachella,0
AESPA_20220423_COACHELLA,2024-11-10,aespa Coachella,0
AESPA_20220423_COACHELLA,2024-11-17,aespa Coachella,0
AESPA_20220423_COACHELLA,2024-11-24,aespa Coachella,0
AESPA_20220423_COACHELLA,2024-12-01,aespa Coachella,0
AESPA_20220423_COACHELLA,2024-12-08,aespa Coachella,0
AESPA_20220423_COACHELLA,2024-12-15,aespa Coachella,0
AESPA_20220423_COACHELLA,2024-12-22,aespa Coachella,0
AESPA_20220423_COACHELLA,2024-12-29,aespa Coachella,0
AESPA_20220423_COACHELLA,2025-01-05,aespa Coachella,0
AESPA_20220423_COACHELLA,2025-01-12,aespa Coachella,0
AESPA_20220423_COACHELLA,2025-01-19,aespa Coachella,0
AESPA_20220423_COACHELLA,2025-01-26,aespa Coachella,0
AESPA_20220423_COACHELLA,2025-02-02,aespa Coachella,1
AESPA_20220423_COACHELLA,2025-02-09,aespa Coachella,0
AESPA_20220423_COACHELLA,2025-02-16,aespa Coachella,0
AESPA_20220423_COACHELLA,2025-02-23,aespa Coachella,0
AESPA_20220423_COACHELLA,2025-03-02,aespa Coachella,0
AESPA_20220423_COACHELLA,2025-03-09,aespa Coachella,0
AESPA_20220423_COACHELLA,2025-03-16,aespa Coachella,0
AESPA_20220423_COACHELLA,2025-03-23,aespa Coachella,0
AESPA_20220423_COACHELLA,2025-03-30,aespa Coachella,0
AESPA_20220423_COACHELLA,2025-04-06,aespa Coachella,3
AESPA_20220423_COACHELLA,2025-04-13,aespa Coachella,4
AESPA_20220423_COACHELLA,2025-04-20,aespa Coachella,1
AESPA_20220423_COACHELLA,2025-04-27,aespa Coachella,0
AESPA_20220423_COACHELLA,2025-05-04,aespa Coachella,0
AESPA_20220423_COACHELLA,2025-05-11,aespa Coachella,0
AESPA_20220423_COACHELLA,2025-05-18,aespa Coachella,0
AESPA_20220423_COACHELLA,2025-05-25,aespa Coachella,0
AESPA_20220423_COACHELLA,2025-06-01,aespa Coachella,0
AESPA_20220423_COACHELLA,2025-06-08,aespa Coachella,0
AESPA_20220423_COACHELLA,2025-06-15,aespa Coachella,0
AESPA_20220423_COACHELLA,2025-06-22,aespa Coachella,0
AESPA_20220423_COACHELLA,2025-06-29,aespa Coachella,0
AESPA_20220423_COACHELLA,2025-07-06,aespa Coachella,0
AESPA_20220423_COACHELLA,2025-07-13,aespa Coachella,0
AESPA_20220423_COACHELLA,2025-07-20,aespa Coachella,0
AESPA_20220423_COACHELLA,2025-07-27,aespa Coachella,0
AESPA_20220423_COACHELLA,2025-08-03,aespa Coachella,0
AESPA_20220423_COACHELLA,2025-08-10,aespa Coachella,0
AESPA_20220423_COACHELLA,2025-08-17,aespa Coachella,0
AESPA_20220423_COACHELLA,2025-08-24,aespa Coachella,0
AESPA_20220423_COACHELLA,2025-08-31,aespa Coachella,0
AESPA_20220423_COACHELLA,2025-09-07,aespa Coachella,0
AESPA_20220423_COACHELLA,2025-09-14,aespa Coachella,1
AESPA_20220423_COACHELLA,2025-09-21,aespa Coachella,0
AESPA_20220423_COACHELLA,2025-09-28,aespa Coachella,0
AESPA_20220423_COACHELLA,2025-10-05,aespa Coachella,0
AESPA_20220423_COACHELLA,2025-10-12,aespa Coachella,1
AESPA_20220423_COACHELLA,2025-10-19,aespa Coachella,0
AESPA_20220423_COACHELLA,2025-10-26,aespa Coachella,0
AESPA_20220423_COACHELLA,2025-11-02,aespa Coachella,0
AESPA_20220423_COACHELLA,2025-11-09,aespa Coachella,0
AESPA_20220423_COACHELLA,2025-11-16,aespa Coachella,0
AESPA_20220423_COACHELLA,2025-11-23,aespa Coachella,0
AESPA_20220423_COACHELLA,2025-11-30,aespa Coachella,0
AESPA_20220423_COACHELLA,2025-12-07,aespa Coachella,0
AESPA_20220423_COACHELLA,2025-12-14,aespa Coachella,0
AESPA_20220423_COACHELLA,2025-12-21,aespa Coachella,0
AESPA_20220423_COACHELLA,2025-12-28,aespa Coachella,0
AESPA_20240227_KARINA_DATING_BREAKUP,2020-12-27,Karina Lee Jae-wook,0
AESPA_20240227_KARINA_DATING_BREAKUP,2021-01-03,Karina Lee Jae-wook,0
AESPA_20240227_KARINA_DATING_BREAKUP,2021-01-10,Karina Lee Jae-wook,0
AESPA_20240227_KARINA_DATING_BREAKUP,2021-01-17,Karina Lee Jae-wook,0
AESPA_20240227_KARINA_DATING_BREAKUP,2021-01-24,Karina Lee Jae-wook,0
AESPA_20240227_KARINA_DATING_BREAKUP,2021-01-31,Karina Lee Jae-wook,0
AESPA_20240227_KARINA_DATING_BREAKUP,2021-02-07,Karina Lee Jae-wook,0
AESPA_20240227_KARINA_DATING_BREAKUP,2021-02-14,Karina Lee Jae-wook,0
AESPA_20240227_KARINA_DATING_BREAKUP,2021-02-21,Karina Lee Jae-wook,0
AESPA_20240227_KARINA_DATING_BREAKUP,2021-02-28,Karina Lee Jae-wook,0
AESPA_20240227_KARINA_DATING_BREAKUP,2021-03-07,Karina Lee Jae-wook,0
AESPA_20240227_KARINA_DATING_BREAKUP,2021-03-14,Karina Lee Jae-wook,0
AESPA_20240227_KARINA_DATING_BREAKUP,2021-03-21,Karina Lee Jae-wook,0
AESPA_20240227_KARINA_DATING_BREAKUP,2021-03-28,Karina Lee Jae-wook,0
AESPA_20240227_KARINA_DATING_BREAKUP,2021-04-04,Karina Lee Jae-wook,0
AESPA_20240227_KARINA_DATING_BREAKUP,2021-04-11,Karina Lee Jae-wook,0
AESPA_20240227_KARINA_DATING_BREAKUP,2021-04-18,Karina Lee Jae-wook,0
AESPA_20240227_KARINA_DATING_BREAKUP,2021-04-25,Karina Lee Jae-wook,0
AESPA_20240227_KARINA_DATING_BREAKUP,2021-05-02,Karina Lee Jae-wook,0
AESPA_20240227_KARINA_DATING_BREAKUP,2021-05-09,Karina Lee Jae-wook,0
AESPA_20240227_KARINA_DATING_BREAKUP,2021-05-16,Karina Lee Jae-wook,0
AESPA_20240227_KARINA_DATING_BREAKUP,2021-05-23,Karina Lee Jae-wook,0
AESPA_20240227_KARINA_DATING_BREAKUP,2021-05-30,Karina Lee Jae-wook,0
AESPA_20240227_KARINA_DATING_BREAKUP,2021-06-06,Karina Lee Jae-wook,0
AESPA_20240227_KARINA_DATING_BREAKUP,2021-06-13,Karina Lee Jae-wook,0
AESPA_20240227_KARINA_DATING_BREAKUP,2021-06-20,Karina Lee Jae-wook,0
AESPA_20240227_KARINA_DATING_BREAKUP,2021-06-27,Karina Lee Jae-wook,0
AESPA_20240227_KARINA_DATING_BREAKUP,2021-07-04,Karina Lee Jae-wook,0
AESPA_20240227_KARINA_DATING_BREAKUP,2021-07-11,Karina Lee Jae-wook,0
AESPA_20240227_KARINA_DATING_BREAKUP,2021-07-18,Karina Lee Jae-wook,0
AESPA_20240227_KARINA_DATING_BREAKUP,2021-07-25,Karina Lee Jae-wook,0
AESPA_20240227_KARINA_DATING_BREAKUP,2021-08-01,Karina Lee Jae-wook,0
AESPA_20240227_KARINA_DATING_BREAKUP,2021-08-08,Karina Lee Jae-wook,0
AESPA_20240227_KARINA_DATING_BREAKUP,2021-08-15,Karina Lee Jae-wook,0
AESPA_20240227_KARINA_DATING_BREAKUP,2021-08-22,Karina Lee Jae-wook,0
AESPA_20240227_KARINA_DATING_BREAKUP,2021-08-29,Karina Lee Jae-wook,0
AESPA_20240227_KARINA_DATING_BREAKUP,2021-09-05,Karina Lee Jae-wook,0
AESPA_20240227_KARINA_DATING_BREAKUP,2021-09-12,Karina Lee Jae-wook,0
AESPA_20240227_KARINA_DATING_BREAKUP,2021-09-19,Karina Lee Jae-wook,0
AESPA_20240227_KARINA_DATING_BREAKUP,2021-09-26,Karina Lee Jae-wook,0
AESPA_20240227_KARINA_DATING_BREAKUP,2021-10-03,Karina Lee Jae-wook,0
AESPA_20240227_KARINA_DATING_BREAKUP,2021-10-10,Karina Lee Jae-wook,0
AESPA_20240227_KARINA_DATING_BREAKUP,2021-10-17,Karina Lee Jae-wook,0
AESPA_20240227_KARINA_DATING_BREAKUP,2021-10-24,Karina Lee Jae-wook,0
AESPA_20240227_KARINA_DATING_BREAKUP,2021-10-31,Karina Lee Jae-wook,0
AESPA_20240227_KARINA_DATING_BREAKUP,2021-11-07,Karina Lee Jae-wook,0
AESPA_20240227_KARINA_DATING_BREAKUP,2021-11-14,Karina Lee Jae-wook,0
AESPA_20240227_KARINA_DATING_BREAKUP,2021-11-21,Karina Lee Jae-wook,0
AESPA_20240227_KARINA_DATING_BREAKUP,2021-11-28,Karina Lee Jae-wook,0
AESPA_20240227_KARINA_DATING_BREAKUP,2021-12-05,Karina Lee Jae-wook,0
AESPA_20240227_KARINA_DATING_BREAKUP,2021-12-12,Karina Lee Jae-wook,0
AESPA_20240227_KARINA_DATING_BREAKUP,2021-12-19,Karina Lee Jae-wook,0
AESPA_20240227_KARINA_DATING_BREAKUP,2021-12-26,Karina Lee Jae-wook,0
AESPA_20240227_KARINA_DATING_BREAKUP,2022-01-02,Karina Lee Jae-wook,0
AESPA_20240227_KARINA_DATING_BREAKUP,2022-01-09,Karina Lee Jae-wook,0
AESPA_20240227_KARINA_DATING_BREAKUP,2022-01-16,Karina Lee Jae-wook,0
AESPA_20240227_KARINA_DATING_BREAKUP,2022-01-23,Karina Lee Jae-wook,0
AESPA_20240227_KARINA_DATING_BREAKUP,2022-01-30,Karina Lee Jae-wook,0
AESPA_20240227_KARINA_DATING_BREAKUP,2022-02-06,Karina Lee Jae-wook,0
AESPA_20240227_KARINA_DATING_BREAKUP,2022-02-13,Karina Lee Jae-wook,0
AESPA_20240227_KARINA_DATING_BREAKUP,2022-02-20,Karina Lee Jae-wook,0
AESPA_20240227_KARINA_DATING_BREAKUP,2022-02-27,Karina Lee Jae-wook,0
AESPA_20240227_KARINA_DATING_BREAKUP,2022-03-06,Karina Lee Jae-wook,0
AESPA_20240227_KARINA_DATING_BREAKUP,2022-03-13,Karina Lee Jae-wook,0
AESPA_20240227_KARINA_DATING_BREAKUP,2022-03-20,Karina Lee Jae-wook,0
AESPA_20240227_KARINA_DATING_BREAKUP,2022-03-27,Karina Lee Jae-wook,0
AESPA_20240227_KARINA_DATING_BREAKUP,2022-04-03,Karina Lee Jae-wook,0
AESPA_20240227_KARINA_DATING_BREAKUP,2022-04-10,Karina Lee Jae-wook,0
AESPA_20240227_KARINA_DATING_BREAKUP,2022-04-17,Karina Lee Jae-wook,0
AESPA_20240227_KARINA_DATING_BREAKUP,2022-04-24,Karina Lee Jae-wook,0
AESPA_20240227_KARINA_DATING_BREAKUP,2022-05-01,Karina Lee Jae-wook,0
AESPA_20240227_KARINA_DATING_BREAKUP,2022-05-08,Karina Lee Jae-wook,0
AESPA_20240227_KARINA_DATING_BREAKUP,2022-05-15,Karina Lee Jae-wook,0
AESPA_20240227_KARINA_DATING_BREAKUP,2022-05-22,Karina Lee Jae-wook,0
AESPA_20240227_KARINA_DATING_BREAKUP,2022-05-29,Karina Lee Jae-wook,0
AESPA_20240227_KARINA_DATING_BREAKUP,2022-06-05,Karina Lee Jae-wook,0
AESPA_20240227_KARINA_DATING_BREAKUP,2022-06-12,Karina Lee Jae-wook,0
AESPA_20240227_KARINA_DATING_BREAKUP,2022-06-19,Karina Lee Jae-wook,0
AESPA_20240227_KARINA_DATING_BREAKUP,2022-06-26,Karina Lee Jae-wook,0
AESPA_20240227_KARINA_DATING_BREAKUP,2022-07-03,Karina Lee Jae-wook,0
AESPA_20240227_KARINA_DATING_BREAKUP,2022-07-10,Karina Lee Jae-wook,0
AESPA_20240227_KARINA_DATING_BREAKUP,2022-07-17,Karina Lee Jae-wook,0
AESPA_20240227_KARINA_DATING_BREAKUP,2022-07-24,Karina Lee Jae-wook,0
AESPA_20240227_KARINA_DATING_BREAKUP,2022-07-31,Karina Lee Jae-wook,0
AESPA_20240227_KARINA_DATING_BREAKUP,2022-08-07,Karina Lee Jae-wook,0
AESPA_20240227_KARINA_DATING_BREAKUP,2022-08-14,Karina Lee Jae-wook,0
AESPA_20240227_KARINA_DATING_BREAKUP,2022-08-21,Karina Lee Jae-wook,0
AESPA_20240227_KARINA_DATING_BREAKUP,2022-08-28,Karina Lee Jae-wook,0
AESPA_20240227_KARINA_DATING_BREAKUP,2022-09-04,Karina Lee Jae-wook,0
AESPA_20240227_KARINA_DATING_BREAKUP,2022-09-11,Karina Lee Jae-wook,0
AESPA_20240227_KARINA_DATING_BREAKUP,2022-09-18,Karina Lee Jae-wook,0
AESPA_20240227_KARINA_DATING_BREAKUP,2022-09-25,Karina Lee Jae-wook,0
AESPA_20240227_KARINA_DATING_BREAKUP,2022-10-02,Karina Lee Jae-wook,0
AESPA_20240227_KARINA_DATING_BREAKUP,2022-10-09,Karina Lee Jae-wook,0
AESPA_20240227_KARINA_DATING_BREAKUP,2022-10-16,Karina Lee Jae-wook,0
AESPA_20240227_KARINA_DATING_BREAKUP,2022-10-23,Karina Lee Jae-wook,0
AESPA_20240227_KARINA_DATING_BREAKUP,2022-10-30,Karina Lee Jae-wook,0
AESPA_20240227_KARINA_DATING_BREAKUP,2022-11-06,Karina Lee Jae-wook,0
AESPA_20240227_KARINA_DATING_BREAKUP,2022-11-13,Karina Lee Jae-wook,0
AESPA_20240227_KARINA_DATING_BREAKUP,2022-11-20,Karina Lee Jae-wook,0
AESPA_20240227_KARINA_DATING_BREAKUP,2022-11-27,Karina Lee Jae-wook,0
AESPA_20240227_KARINA_DATING_BREAKUP,2022-12-04,Karina Lee Jae-wook,0
AESPA_20240227_KARINA_DATING_BREAKUP,2022-12-11,Karina Lee Jae-wook,0
AESPA_20240227_KARINA_DATING_BREAKUP,2022-12-18,Karina Lee Jae-wook,0
AESPA_20240227_KARINA_DATING_BREAKUP,2022-12-25,Karina Lee Jae-wook,0
AESPA_20240227_KARINA_DATING_BREAKUP,2023-01-01,Karina Lee Jae-wook,0
AESPA_20240227_KARINA_DATING_BREAKUP,2023-01-08,Karina Lee Jae-wook,0
AESPA_20240227_KARINA_DATING_BREAKUP,2023-01-15,Karina Lee Jae-wook,0
AESPA_20240227_KARINA_DATING_BREAKUP,2023-01-22,Karina Lee Jae-wook,0
AESPA_20240227_KARINA_DATING_BREAKUP,2023-01-29,Karina Lee Jae-wook,0
AESPA_20240227_KARINA_DATING_BREAKUP,2023-02-05,Karina Lee Jae-wook,0
AESPA_20240227_KARINA_DATING_BREAKUP,2023-02-12,Karina Lee Jae-wook,0
AESPA_20240227_KARINA_DATING_BREAKUP,2023-02-19,Karina Lee Jae-wook,0
AESPA_20240227_KARINA_DATING_BREAKUP,2023-02-26,Karina Lee Jae-wook,0
AESPA_20240227_KARINA_DATING_BREAKUP,2023-03-05,Karina Lee Jae-wook,0
AESPA_20240227_KARINA_DATING_BREAKUP,2023-03-12,Karina Lee Jae-wook,0
AESPA_20240227_KARINA_DATING_BREAKUP,2023-03-19,Karina Lee Jae-wook,0
AESPA_20240227_KARINA_DATING_BREAKUP,2023-03-26,Karina Lee Jae-wook,0
AESPA_20240227_KARINA_DATING_BREAKUP,2023-04-02,Karina Lee Jae-wook,0
AESPA_20240227_KARINA_DATING_BREAKUP,2023-04-09,Karina Lee Jae-wook,0
AESPA_20240227_KARINA_DATING_BREAKUP,2023-04-16,Karina Lee Jae-wook,0
AESPA_20240227_KARINA_DATING_BREAKUP,2023-04-23,Karina Lee Jae-wook,0
AESPA_20240227_KARINA_DATING_BREAKUP,2023-04-30,Karina Lee Jae-wook,0
AESPA_20240227_KARINA_DATING_BREAKUP,2023-05-07,Karina Lee Jae-wook,0
AESPA_20240227_KARINA_DATING_BREAKUP,2023-05-14,Karina Lee Jae-wook,0
AESPA_20240227_KARINA_DATING_BREAKUP,2023-05-21,Karina Lee Jae-wook,0
AESPA_20240227_KARINA_DATING_BREAKUP,2023-05-28,Karina Lee Jae-wook,0
AESPA_20240227_KARINA_DATING_BREAKUP,2023-06-04,Karina Lee Jae-wook,0
AESPA_20240227_KARINA_DATING_BREAKUP,2023-06-11,Karina Lee Jae-wook,0
AESPA_20240227_KARINA_DATING_BREAKUP,2023-06-18,Karina Lee Jae-wook,0
AESPA_20240227_KARINA_DATING_BREAKUP,2023-06-25,Karina Lee Jae-wook,0
AESPA_20240227_KARINA_DATING_BREAKUP,2023-07-02,Karina Lee Jae-wook,0
AESPA_20240227_KARINA_DATING_BREAKUP,2023-07-09,Karina Lee Jae-wook,0
AESPA_20240227_KARINA_DATING_BREAKUP,2023-07-16,Karina Lee Jae-wook,0
AESPA_20240227_KARINA_DATING_BREAKUP,2023-07-23,Karina Lee Jae-wook,0
AESPA_20240227_KARINA_DATING_BREAKUP,2023-07-30,Karina Lee Jae-wook,0
AESPA_20240227_KARINA_DATING_BREAKUP,2023-08-06,Karina Lee Jae-wook,0
AESPA_20240227_KARINA_DATING_BREAKUP,2023-08-13,Karina Lee Jae-wook,0
AESPA_20240227_KARINA_DATING_BREAKUP,2023-08-20,Karina Lee Jae-wook,0
AESPA_20240227_KARINA_DATING_BREAKUP,2023-08-27,Karina Lee Jae-wook,0
AESPA_20240227_KARINA_DATING_BREAKUP,2023-09-03,Karina Lee Jae-wook,0
AESPA_20240227_KARINA_DATING_BREAKUP,2023-09-10,Karina Lee Jae-wook,0
AESPA_20240227_KARINA_DATING_BREAKUP,2023-09-17,Karina Lee Jae-wook,0
AESPA_20240227_KARINA_DATING_BREAKUP,2023-09-24,Karina Lee Jae-wook,0
AESPA_20240227_KARINA_DATING_BREAKUP,2023-10-01,Karina Lee Jae-wook,0
AESPA_20240227_KARINA_DATING_BREAKUP,2023-10-08,Karina Lee Jae-wook,0
AESPA_20240227_KARINA_DATING_BREAKUP,2023-10-15,Karina Lee Jae-wook,0
AESPA_20240227_KARINA_DATING_BREAKUP,2023-10-22,Karina Lee Jae-wook,0
AESPA_20240227_KARINA_DATING_BREAKUP,2023-10-29,Karina Lee Jae-wook,0
AESPA_20240227_KARINA_DATING_BREAKUP,2023-11-05,Karina Lee Jae-wook,0
AESPA_20240227_KARINA_DATING_BREAKUP,2023-11-12,Karina Lee Jae-wook,0
AESPA_20240227_KARINA_DATING_BREAKUP,2023-11-19,Karina Lee Jae-wook,0
AESPA_20240227_KARINA_DATING_BREAKUP,2023-11-26,Karina Lee Jae-wook,0
AESPA_20240227_KARINA_DATING_BREAKUP,2023-12-03,Karina Lee Jae-wook,1
AESPA_20240227_KARINA_DATING_BREAKUP,2023-12-10,Karina Lee Jae-wook,0
AESPA_20240227_KARINA_DATING_BREAKUP,2023-12-17,Karina Lee Jae-wook,0
AESPA_20240227_KARINA_DATING_BREAKUP,2023-12-24,Karina Lee Jae-wook,0
AESPA_20240227_KARINA_DATING_BREAKUP,2023-12-31,Karina Lee Jae-wook,0
AESPA_20240227_KARINA_DATING_BREAKUP,2024-01-07,Karina Lee Jae-wook,0
AESPA_20240227_KARINA_DATING_BREAKUP,2024-01-14,Karina Lee Jae-wook,0
AESPA_20240227_KARINA_DATING_BREAKUP,2024-01-21,Karina Lee Jae-wook,0
AESPA_20240227_KARINA_DATING_BREAKUP,2024-01-28,Karina Lee Jae-wook,0
AESPA_20240227_KARINA_DATING_BREAKUP,2024-02-04,Karina Lee Jae-wook,0
AESPA_20240227_KARINA_DATING_BREAKUP,2024-02-11,Karina Lee Jae-wook,0
AESPA_20240227_KARINA_DATING_BREAKUP,2024-02-18,Karina Lee Jae-wook,0
AESPA_20240227_KARINA_DATING_BREAKUP,2024-02-25,Karina Lee Jae-wook,100
AESPA_20240227_KARINA_DATING_BREAKUP,2024-03-03,Karina Lee Jae-wook,17
AESPA_20240227_KARINA_DATING_BREAKUP,2024-03-10,Karina Lee Jae-wook,6
AESPA_20240227_KARINA_DATING_BREAKUP,2024-03-17,Karina Lee Jae-wook,4
AESPA_20240227_KARINA_DATING_BREAKUP,2024-03-24,Karina Lee Jae-wook,4
AESPA_20240227_KARINA_DATING_BREAKUP,2024-03-31,Karina Lee Jae-wook,9
AESPA_20240227_KARINA_DATING_BREAKUP,2024-04-07,Karina Lee Jae-wook,1
AESPA_20240227_KARINA_DATING_BREAKUP,2024-04-14,Karina Lee Jae-wook,1
AESPA_20240227_KARINA_DATING_BREAKUP,2024-04-21,Karina Lee Jae-wook,1
AESPA_20240227_KARINA_DATING_BREAKUP,2024-04-28,Karina Lee Jae-wook,1
AESPA_20240227_KARINA_DATING_BREAKUP,2024-05-05,Karina Lee Jae-wook,0
AESPA_20240227_KARINA_DATING_BREAKUP,2024-05-12,Karina Lee Jae-wook,0
AESPA_20240227_KARINA_DATING_BREAKUP,2024-05-19,Karina Lee Jae-wook,2
AESPA_20240227_KARINA_DATING_BREAKUP,2024-05-26,Karina Lee Jae-wook,0
AESPA_20240227_KARINA_DATING_BREAKUP,2024-06-02,Karina Lee Jae-wook,2
AESPA_20240227_KARINA_DATING_BREAKUP,2024-06-09,Karina Lee Jae-wook,1
AESPA_20240227_KARINA_DATING_BREAKUP,2024-06-16,Karina Lee Jae-wook,1
AESPA_20240227_KARINA_DATING_BREAKUP,2024-06-23,Karina Lee Jae-wook,1
AESPA_20240227_KARINA_DATING_BREAKUP,2024-06-30,Karina Lee Jae-wook,0
AESPA_20240227_KARINA_DATING_BREAKUP,2024-07-07,Karina Lee Jae-wook,0
AESPA_20240227_KARINA_DATING_BREAKUP,2024-07-14,Karina Lee Jae-wook,0
AESPA_20240227_KARINA_DATING_BREAKUP,2024-07-21,Karina Lee Jae-wook,0
AESPA_20240227_KARINA_DATING_BREAKUP,2024-07-28,Karina Lee Jae-wook,0
AESPA_20240227_KARINA_DATING_BREAKUP,2024-08-04,Karina Lee Jae-wook,0
AESPA_20240227_KARINA_DATING_BREAKUP,2024-08-11,Karina Lee Jae-wook,0
AESPA_20240227_KARINA_DATING_BREAKUP,2024-08-18,Karina Lee Jae-wook,1
AESPA_20240227_KARINA_DATING_BREAKUP,2024-08-25,Karina Lee Jae-wook,1
AESPA_20240227_KARINA_DATING_BREAKUP,2024-09-01,Karina Lee Jae-wook,1
AESPA_20240227_KARINA_DATING_BREAKUP,2024-09-08,Karina Lee Jae-wook,0
AESPA_20240227_KARINA_DATING_BREAKUP,2024-09-15,Karina Lee Jae-wook,0
AESPA_20240227_KARINA_DATING_BREAKUP,2024-09-22,Karina Lee Jae-wook,0
AESPA_20240227_KARINA_DATING_BREAKUP,2024-09-29,Karina Lee Jae-wook,1
AESPA_20240227_KARINA_DATING_BREAKUP,2024-10-06,Karina Lee Jae-wook,0
AESPA_20240227_KARINA_DATING_BREAKUP,2024-10-13,Karina Lee Jae-wook,0
AESPA_20240227_KARINA_DATING_BREAKUP,2024-10-20,Karina Lee Jae-wook,0
AESPA_20240227_KARINA_DATING_BREAKUP,2024-10-27,Karina Lee Jae-wook,0
AESPA_20240227_KARINA_DATING_BREAKUP,2024-11-03,Karina Lee Jae-wook,0
AESPA_20240227_KARINA_DATING_BREAKUP,2024-11-10,Karina Lee Jae-wook,0
AESPA_20240227_KARINA_DATING_BREAKUP,2024-11-17,Karina Lee Jae-wook,1
AESPA_20240227_KARINA_DATING_BREAKUP,2024-11-24,Karina Lee Jae-wook,2
AESPA_20240227_KARINA_DATING_BREAKUP,2024-12-01,Karina Lee Jae-wook,0
AESPA_20240227_KARINA_DATING_BREAKUP,2024-12-08,Karina Lee Jae-wook,0
AESPA_20240227_KARINA_DATING_BREAKUP,2024-12-15,Karina Lee Jae-wook,0
AESPA_20240227_KARINA_DATING_BREAKUP,2024-12-22,Karina Lee Jae-wook,0
AESPA_20240227_KARINA_DATING_BREAKUP,2024-12-29,Karina Lee Jae-wook,1
AESPA_20240227_KARINA_DATING_BREAKUP,2025-01-05,Karina Lee Jae-wook,1
AESPA_20240227_KARINA_DATING_BREAKUP,2025-01-12,Karina Lee Jae-wook,0
AESPA_20240227_KARINA_DATING_BREAKUP,2025-01-19,Karina Lee Jae-wook,0
AESPA_20240227_KARINA_DATING_BREAKUP,2025-01-26,Karina Lee Jae-wook,1
AESPA_20240227_KARINA_DATING_BREAKUP,2025-02-02,Karina Lee Jae-wook,0
AESPA_20240227_KARINA_DATING_BREAKUP,2025-02-09,Karina Lee Jae-wook,0
AESPA_20240227_KARINA_DATING_BREAKUP,2025-02-16,Karina Lee Jae-wook,0
AESPA_20240227_KARINA_DATING_BREAKUP,2025-02-23,Karina Lee Jae-wook,0
AESPA_20240227_KARINA_DATING_BREAKUP,2025-03-02,Karina Lee Jae-wook,0
AESPA_20240227_KARINA_DATING_BREAKUP,2025-03-09,Karina Lee Jae-wook,0
AESPA_20240227_KARINA_DATING_BREAKUP,2025-03-16,Karina Lee Jae-wook,1
AESPA_20240227_KARINA_DATING_BREAKUP,2025-03-23,Karina Lee Jae-wook,0
AESPA_20240227_KARINA_DATING_BREAKUP,2025-03-30,Karina Lee Jae-wook,0
AESPA_20240227_KARINA_DATING_BREAKUP,2025-04-06,Karina Lee Jae-wook,0
AESPA_20240227_KARINA_DATING_BREAKUP,2025-04-13,Karina Lee Jae-wook,0
AESPA_20240227_KARINA_DATING_BREAKUP,2025-04-20,Karina Lee Jae-wook,0
AESPA_20240227_KARINA_DATING_BREAKUP,2025-04-27,Karina Lee Jae-wook,1
AESPA_20240227_KARINA_DATING_BREAKUP,2025-05-04,Karina Lee Jae-wook,0
AESPA_20240227_KARINA_DATING_BREAKUP,2025-05-11,Karina Lee Jae-wook,1
AESPA_20240227_KARINA_DATING_BREAKUP,2025-05-18,Karina Lee Jae-wook,2
AESPA_20240227_KARINA_DATING_BREAKUP,2025-05-25,Karina Lee Jae-wook,2
AESPA_20240227_KARINA_DATING_BREAKUP,2025-06-01,Karina Lee Jae-wook,1
AESPA_20240227_KARINA_DATING_BREAKUP,2025-06-08,Karina Lee Jae-wook,1
AESPA_20240227_KARINA_DATING_BREAKUP,2025-06-15,Karina Lee Jae-wook,0
AESPA_20240227_KARINA_DATING_BREAKUP,2025-06-22,Karina Lee Jae-wook,0
AESPA_20240227_KARINA_DATING_BREAKUP,2025-06-29,Karina Lee Jae-wook,0
AESPA_20240227_KARINA_DATING_BREAKUP,2025-07-06,Karina Lee Jae-wook,2
AESPA_20240227_KARINA_DATING_BREAKUP,2025-07-13,Karina Lee Jae-wook,0
AESPA_20240227_KARINA_DATING_BREAKUP,2025-07-20,Karina Lee Jae-wook,0
AESPA_20240227_KARINA_DATING_BREAKUP,2025-07-27,Karina Lee Jae-wook,1
AESPA_20240227_KARINA_DATING_BREAKUP,2025-08-03,Karina Lee Jae-wook,0
AESPA_20240227_KARINA_DATING_BREAKUP,2025-08-10,Karina Lee Jae-wook,1
AESPA_20240227_KARINA_DATING_BREAKUP,2025-08-17,Karina Lee Jae-wook,1
AESPA_20240227_KARINA_DATING_BREAKUP,2025-08-24,Karina Lee Jae-wook,0
AESPA_20240227_KARINA_DATING_BREAKUP,2025-08-31,Karina Lee Jae-wook,0
AESPA_20240227_KARINA_DATING_BREAKUP,2025-09-07,Karina Lee Jae-wook,1
AESPA_20240227_KARINA_DATING_BREAKUP,2025-09-14,Karina Lee Jae-wook,0
AESPA_20240227_KARINA_DATING_BREAKUP,2025-09-21,Karina Lee Jae-wook,1
AESPA_20240227_KARINA_DATING_BREAKUP,2025-09-28,Karina Lee Jae-wook,0
AESPA_20240227_KARINA_DATING_BREAKUP,2025-10-05,Karina Lee Jae-wook,0
AESPA_20240227_KARINA_DATING_BREAKUP,2025-10-12,Karina Lee Jae-wook,0
AESPA_20240227_KARINA_DATING_BREAKUP,2025-10-19,Karina Lee Jae-wook,0
AESPA_20240227_KARINA_DATING_BREAKUP,2025-10-26,Karina Lee Jae-wook,0
AESPA_20240227_KARINA_DATING_BREAKUP,2025-11-02,Karina Lee Jae-wook,0
AESPA_20240227_KARINA_DATING_BREAKUP,2025-11-09,Karina Lee Jae-wook,0
AESPA_20240227_KARINA_DATING_BREAKUP,2025-11-16,Karina Lee Jae-wook,0
AESPA_20240227_KARINA_DATING_BREAKUP,2025-11-23,Karina Lee Jae-wook,0
AESPA_20240227_KARINA_DATING_BREAKUP,2025-11-30,Karina Lee Jae-wook,1
AESPA_20240227_KARINA_DATING_BREAKUP,2025-12-07,Karina Lee Jae-wook,0
AESPA_20240227_KARINA_DATING_BREAKUP,2025-12-14,Karina Lee Jae-wook,0
AESPA_20240227_KARINA_DATING_BREAKUP,2025-12-21,Karina Lee Jae-wook,0
AESPA_20240227_KARINA_DATING_BREAKUP,2025-12-28,Karina Lee Jae-wook,0
AESPA_20240527_ARMAGEDDON,2020-12-27,aespa Armageddon,0
AESPA_20240527_ARMAGEDDON,2021-01-03,aespa Armageddon,0
AESPA_20240527_ARMAGEDDON,2021-01-10,aespa Armageddon,0
AESPA_20240527_ARMAGEDDON,2021-01-17,aespa Armageddon,0
AESPA_20240527_ARMAGEDDON,2021-01-24,aespa Armageddon,0
AESPA_20240527_ARMAGEDDON,2021-01-31,aespa Armageddon,0
AESPA_20240527_ARMAGEDDON,2021-02-07,aespa Armageddon,0
AESPA_20240527_ARMAGEDDON,2021-02-14,aespa Armageddon,0
AESPA_20240527_ARMAGEDDON,2021-02-21,aespa Armageddon,0
AESPA_20240527_ARMAGEDDON,2021-02-28,aespa Armageddon,0
AESPA_20240527_ARMAGEDDON,2021-03-07,aespa Armageddon,0
AESPA_20240527_ARMAGEDDON,2021-03-14,aespa Armageddon,0
AESPA_20240527_ARMAGEDDON,2021-03-21,aespa Armageddon,0
AESPA_20240527_ARMAGEDDON,2021-03-28,aespa Armageddon,0
AESPA_20240527_ARMAGEDDON,2021-04-04,aespa Armageddon,0
AESPA_20240527_ARMAGEDDON,2021-04-11,aespa Armageddon,0
AESPA_20240527_ARMAGEDDON,2021-04-18,aespa Armageddon,0
AESPA_20240527_ARMAGEDDON,2021-04-25,aespa Armageddon,0
AESPA_20240527_ARMAGEDDON,2021-05-02,aespa Armageddon,0
AESPA_20240527_ARMAGEDDON,2021-05-09,aespa Armageddon,0
AESPA_20240527_ARMAGEDDON,2021-05-16,aespa Armageddon,0
AESPA_20240527_ARMAGEDDON,2021-05-23,aespa Armageddon,0
AESPA_20240527_ARMAGEDDON,2021-05-30,aespa Armageddon,0
AESPA_20240527_ARMAGEDDON,2021-06-06,aespa Armageddon,0
AESPA_20240527_ARMAGEDDON,2021-06-13,aespa Armageddon,0
AESPA_20240527_ARMAGEDDON,2021-06-20,aespa Armageddon,0
AESPA_20240527_ARMAGEDDON,2021-06-27,aespa Armageddon,0
AESPA_20240527_ARMAGEDDON,2021-07-04,aespa Armageddon,0
AESPA_20240527_ARMAGEDDON,2021-07-11,aespa Armageddon,0
AESPA_20240527_ARMAGEDDON,2021-07-18,aespa Armageddon,0
AESPA_20240527_ARMAGEDDON,2021-07-25,aespa Armageddon,0
AESPA_20240527_ARMAGEDDON,2021-08-01,aespa Armageddon,0
AESPA_20240527_ARMAGEDDON,2021-08-08,aespa Armageddon,0
AESPA_20240527_ARMAGEDDON,2021-08-15,aespa Armageddon,0
AESPA_20240527_ARMAGEDDON,2021-08-22,aespa Armageddon,0
AESPA_20240527_ARMAGEDDON,2021-08-29,aespa Armageddon,0
AESPA_20240527_ARMAGEDDON,2021-09-05,aespa Armageddon,0
AESPA_20240527_ARMAGEDDON,2021-09-12,aespa Armageddon,0
AESPA_20240527_ARMAGEDDON,2021-09-19,aespa Armageddon,0
AESPA_20240527_ARMAGEDDON,2021-09-26,aespa Armageddon,0
AESPA_20240527_ARMAGEDDON,2021-10-03,aespa Armageddon,0
AESPA_20240527_ARMAGEDDON,2021-10-10,aespa Armageddon,0
AESPA_20240527_ARMAGEDDON,2021-10-17,aespa Armageddon,0
AESPA_20240527_ARMAGEDDON,2021-10-24,aespa Armageddon,0
AESPA_20240527_ARMAGEDDON,2021-10-31,aespa Armageddon,0
AESPA_20240527_ARMAGEDDON,2021-11-07,aespa Armageddon,0
AESPA_20240527_ARMAGEDDON,2021-11-14,aespa Armageddon,0
AESPA_20240527_ARMAGEDDON,2021-11-21,aespa Armageddon,0
AESPA_20240527_ARMAGEDDON,2021-11-28,aespa Armageddon,0
AESPA_20240527_ARMAGEDDON,2021-12-05,aespa Armageddon,0
AESPA_20240527_ARMAGEDDON,2021-12-12,aespa Armageddon,0
AESPA_20240527_ARMAGEDDON,2021-12-19,aespa Armageddon,0
AESPA_20240527_ARMAGEDDON,2021-12-26,aespa Armageddon,0
AESPA_20240527_ARMAGEDDON,2022-01-02,aespa Armageddon,0
AESPA_20240527_ARMAGEDDON,2022-01-09,aespa Armageddon,0
AESPA_20240527_ARMAGEDDON,2022-01-16,aespa Armageddon,0
AESPA_20240527_ARMAGEDDON,2022-01-23,aespa Armageddon,0
AESPA_20240527_ARMAGEDDON,2022-01-30,aespa Armageddon,0
AESPA_20240527_ARMAGEDDON,2022-02-06,aespa Armageddon,0
AESPA_20240527_ARMAGEDDON,2022-02-13,aespa Armageddon,0
AESPA_20240527_ARMAGEDDON,2022-02-20,aespa Armageddon,0
AESPA_20240527_ARMAGEDDON,2022-02-27,aespa Armageddon,0
AESPA_20240527_ARMAGEDDON,2022-03-06,aespa Armageddon,0
AESPA_20240527_ARMAGEDDON,2022-03-13,aespa Armageddon,0
AESPA_20240527_ARMAGEDDON,2022-03-20,aespa Armageddon,0
AESPA_20240527_ARMAGEDDON,2022-03-27,aespa Armageddon,0
AESPA_20240527_ARMAGEDDON,2022-04-03,aespa Armageddon,0
AESPA_20240527_ARMAGEDDON,2022-04-10,aespa Armageddon,0
AESPA_20240527_ARMAGEDDON,2022-04-17,aespa Armageddon,0
AESPA_20240527_ARMAGEDDON,2022-04-24,aespa Armageddon,0
AESPA_20240527_ARMAGEDDON,2022-05-01,aespa Armageddon,0
AESPA_20240527_ARMAGEDDON,2022-05-08,aespa Armageddon,0
AESPA_20240527_ARMAGEDDON,2022-05-15,aespa Armageddon,0
AESPA_20240527_ARMAGEDDON,2022-05-22,aespa Armageddon,0
AESPA_20240527_ARMAGEDDON,2022-05-29,aespa Armageddon,0
AESPA_20240527_ARMAGEDDON,2022-06-05,aespa Armageddon,0
AESPA_20240527_ARMAGEDDON,2022-06-12,aespa Armageddon,0
AESPA_20240527_ARMAGEDDON,2022-06-19,aespa Armageddon,0
AESPA_20240527_ARMAGEDDON,2022-06-26,aespa Armageddon,0
AESPA_20240527_ARMAGEDDON,2022-07-03,aespa Armageddon,0
AESPA_20240527_ARMAGEDDON,2022-07-10,aespa Armageddon,0
AESPA_20240527_ARMAGEDDON,2022-07-17,aespa Armageddon,0
AESPA_20240527_ARMAGEDDON,2022-07-24,aespa Armageddon,0
AESPA_20240527_ARMAGEDDON,2022-07-31,aespa Armageddon,0
AESPA_20240527_ARMAGEDDON,2022-08-07,aespa Armageddon,0
AESPA_20240527_ARMAGEDDON,2022-08-14,aespa Armageddon,0
AESPA_20240527_ARMAGEDDON,2022-08-21,aespa Armageddon,0
AESPA_20240527_ARMAGEDDON,2022-08-28,aespa Armageddon,0
AESPA_20240527_ARMAGEDDON,2022-09-04,aespa Armageddon,0
AESPA_20240527_ARMAGEDDON,2022-09-11,aespa Armageddon,0
AESPA_20240527_ARMAGEDDON,2022-09-18,aespa Armageddon,0
AESPA_20240527_ARMAGEDDON,2022-09-25,aespa Armageddon,0
AESPA_20240527_ARMAGEDDON,2022-10-02,aespa Armageddon,0
AESPA_20240527_ARMAGEDDON,2022-10-09,aespa Armageddon,0
AESPA_20240527_ARMAGEDDON,2022-10-16,aespa Armageddon,0
AESPA_20240527_ARMAGEDDON,2022-10-23,aespa Armageddon,0
AESPA_20240527_ARMAGEDDON,2022-10-30,aespa Armageddon,0
AESPA_20240527_ARMAGEDDON,2022-11-06,aespa Armageddon,0
AESPA_20240527_ARMAGEDDON,2022-11-13,aespa Armageddon,0
AESPA_20240527_ARMAGEDDON,2022-11-20,aespa Armageddon,0
AESPA_20240527_ARMAGEDDON,2022-11-27,aespa Armageddon,0
AESPA_20240527_ARMAGEDDON,2022-12-04,aespa Armageddon,0
AESPA_20240527_ARMAGEDDON,2022-12-11,aespa Armageddon,0
AESPA_20240527_ARMAGEDDON,2022-12-18,aespa Armageddon,0
AESPA_20240527_ARMAGEDDON,2022-12-25,aespa Armageddon,0
AESPA_20240527_ARMAGEDDON,2023-01-01,aespa Armageddon,0
AESPA_20240527_ARMAGEDDON,2023-01-08,aespa Armageddon,0
AESPA_20240527_ARMAGEDDON,2023-01-15,aespa Armageddon,0
AESPA_20240527_ARMAGEDDON,2023-01-22,aespa Armageddon,0
AESPA_20240527_ARMAGEDDON,2023-01-29,aespa Armageddon,0
AESPA_20240527_ARMAGEDDON,2023-02-05,aespa Armageddon,0
AESPA_20240527_ARMAGEDDON,2023-02-12,aespa Armageddon,0
AESPA_20240527_ARMAGEDDON,2023-02-19,aespa Armageddon,0
AESPA_20240527_ARMAGEDDON,2023-02-26,aespa Armageddon,0
AESPA_20240527_ARMAGEDDON,2023-03-05,aespa Armageddon,0
AESPA_20240527_ARMAGEDDON,2023-03-12,aespa Armageddon,0
AESPA_20240527_ARMAGEDDON,2023-03-19,aespa Armageddon,0
AESPA_20240527_ARMAGEDDON,2023-03-26,aespa Armageddon,0
AESPA_20240527_ARMAGEDDON,2023-04-02,aespa Armageddon,0
AESPA_20240527_ARMAGEDDON,2023-04-09,aespa Armageddon,0
AESPA_20240527_ARMAGEDDON,2023-04-16,aespa Armageddon,0
AESPA_20240527_ARMAGEDDON,2023-04-23,aespa Armageddon,0
AESPA_20240527_ARMAGEDDON,2023-04-30,aespa Armageddon,0
AESPA_20240527_ARMAGEDDON,2023-05-07,aespa Armageddon,0
AESPA_20240527_ARMAGEDDON,2023-05-14,aespa Armageddon,0
AESPA_20240527_ARMAGEDDON,2023-05-21,aespa Armageddon,0
AESPA_20240527_ARMAGEDDON,2023-05-28,aespa Armageddon,0
AESPA_20240527_ARMAGEDDON,2023-06-04,aespa Armageddon,0
AESPA_20240527_ARMAGEDDON,2023-06-11,aespa Armageddon,0
AESPA_20240527_ARMAGEDDON,2023-06-18,aespa Armageddon,0
AESPA_20240527_ARMAGEDDON,2023-06-25,aespa Armageddon,0
AESPA_20240527_ARMAGEDDON,2023-07-02,aespa Armageddon,0
AESPA_20240527_ARMAGEDDON,2023-07-09,aespa Armageddon,0
AESPA_20240527_ARMAGEDDON,2023-07-16,aespa Armageddon,0
AESPA_20240527_ARMAGEDDON,2023-07-23,aespa Armageddon,0
AESPA_20240527_ARMAGEDDON,2023-07-30,aespa Armageddon,0
AESPA_20240527_ARMAGEDDON,2023-08-06,aespa Armageddon,0
AESPA_20240527_ARMAGEDDON,2023-08-13,aespa Armageddon,0
AESPA_20240527_ARMAGEDDON,2023-08-20,aespa Armageddon,0
AESPA_20240527_ARMAGEDDON,2023-08-27,aespa Armageddon,0
AESPA_20240527_ARMAGEDDON,2023-09-03,aespa Armageddon,0
AESPA_20240527_ARMAGEDDON,2023-09-10,aespa Armageddon,0
AESPA_20240527_ARMAGEDDON,2023-09-17,aespa Armageddon,0
AESPA_20240527_ARMAGEDDON,2023-09-24,aespa Armageddon,0
AESPA_20240527_ARMAGEDDON,2023-10-01,aespa Armageddon,0
AESPA_20240527_ARMAGEDDON,2023-10-08,aespa Armageddon,0
AESPA_20240527_ARMAGEDDON,2023-10-15,aespa Armageddon,0
AESPA_20240527_ARMAGEDDON,2023-10-22,aespa Armageddon,0
AESPA_20240527_ARMAGEDDON,2023-10-29,aespa Armageddon,0
AESPA_20240527_ARMAGEDDON,2023-11-05,aespa Armageddon,0
AESPA_20240527_ARMAGEDDON,2023-11-12,aespa Armageddon,0
AESPA_20240527_ARMAGEDDON,2023-11-19,aespa Armageddon,0
AESPA_20240527_ARMAGEDDON,2023-11-26,aespa Armageddon,0
AESPA_20240527_ARMAGEDDON,2023-12-03,aespa Armageddon,0
AESPA_20240527_ARMAGEDDON,2023-12-10,aespa Armageddon,0
AESPA_20240527_ARMAGEDDON,2023-12-17,aespa Armageddon,0
AESPA_20240527_ARMAGEDDON,2023-12-24,aespa Armageddon,0
AESPA_20240527_ARMAGEDDON,2023-12-31,aespa Armageddon,0
AESPA_20240527_ARMAGEDDON,2024-01-07,aespa Armageddon,0
AESPA_20240527_ARMAGEDDON,2024-01-14,aespa Armageddon,0
AESPA_20240527_ARMAGEDDON,2024-01-21,aespa Armageddon,0
AESPA_20240527_ARMAGEDDON,2024-01-28,aespa Armageddon,0
AESPA_20240527_ARMAGEDDON,2024-02-04,aespa Armageddon,0
AESPA_20240527_ARMAGEDDON,2024-02-11,aespa Armageddon,0
AESPA_20240527_ARMAGEDDON,2024-02-18,aespa Armageddon,0
AESPA_20240527_ARMAGEDDON,2024-02-25,aespa Armageddon,0
AESPA_20240527_ARMAGEDDON,2024-03-03,aespa Armageddon,0
AESPA_20240527_ARMAGEDDON,2024-03-10,aespa Armageddon,0
AESPA_20240527_ARMAGEDDON,2024-03-17,aespa Armageddon,0
AESPA_20240527_ARMAGEDDON,2024-03-24,aespa Armageddon,0
AESPA_20240527_ARMAGEDDON,2024-03-31,aespa Armageddon,0
AESPA_20240527_ARMAGEDDON,2024-04-07,aespa Armageddon,0
AESPA_20240527_ARMAGEDDON,2024-04-14,aespa Armageddon,0
AESPA_20240527_ARMAGEDDON,2024-04-21,aespa Armageddon,3
AESPA_20240527_ARMAGEDDON,2024-04-28,aespa Armageddon,4
AESPA_20240527_ARMAGEDDON,2024-05-05,aespa Armageddon,6
AESPA_20240527_ARMAGEDDON,2024-05-12,aespa Armageddon,11
AESPA_20240527_ARMAGEDDON,2024-05-19,aespa Armageddon,34
AESPA_20240527_ARMAGEDDON,2024-05-26,aespa Armageddon,100
AESPA_20240527_ARMAGEDDON,2024-06-02,aespa Armageddon,51
AESPA_20240527_ARMAGEDDON,2024-06-09,aespa Armageddon,37
AESPA_20240527_ARMAGEDDON,2024-06-16,aespa Armageddon,33
AESPA_20240527_ARMAGEDDON,2024-06-23,aespa Armageddon,29
AESPA_20240527_ARMAGEDDON,2024-06-30,aespa Armageddon,27
AESPA_20240527_ARMAGEDDON,2024-07-07,aespa Armageddon,24
AESPA_20240527_ARMAGEDDON,2024-07-14,aespa Armageddon,20
AESPA_20240527_ARMAGEDDON,2024-07-21,aespa Armageddon,19
AESPA_20240527_ARMAGEDDON,2024-07-28,aespa Armageddon,18
AESPA_20240527_ARMAGEDDON,2024-08-04,aespa Armageddon,16
AESPA_20240527_ARMAGEDDON,2024-08-11,aespa Armageddon,17
AESPA_20240527_ARMAGEDDON,2024-08-18,aespa Armageddon,16
AESPA_20240527_ARMAGEDDON,2024-08-25,aespa Armageddon,15
AESPA_20240527_ARMAGEDDON,2024-09-01,aespa Armageddon,14
AESPA_20240527_ARMAGEDDON,2024-09-08,aespa Armageddon,13
AESPA_20240527_ARMAGEDDON,2024-09-15,aespa Armageddon,12
AESPA_20240527_ARMAGEDDON,2024-09-22,aespa Armageddon,12
AESPA_20240527_ARMAGEDDON,2024-09-29,aespa Armageddon,13
AESPA_20240527_ARMAGEDDON,2024-10-06,aespa Armageddon,11
AESPA_20240527_ARMAGEDDON,2024-10-13,aespa Armageddon,11
AESPA_20240527_ARMAGEDDON,2024-10-20,aespa Armageddon,11
AESPA_20240527_ARMAGEDDON,2024-10-27,aespa Armageddon,8
AESPA_20240527_ARMAGEDDON,2024-11-03,aespa Armageddon,7
AESPA_20240527_ARMAGEDDON,2024-11-10,aespa Armageddon,8
AESPA_20240527_ARMAGEDDON,2024-11-17,aespa Armageddon,7
AESPA_20240527_ARMAGEDDON,2024-11-24,aespa Armageddon,8
AESPA_20240527_ARMAGEDDON,2024-12-01,aespa Armageddon,8
AESPA_20240527_ARMAGEDDON,2024-12-08,aespa Armageddon,9
AESPA_20240527_ARMAGEDDON,2024-12-15,aespa Armageddon,8
AESPA_20240527_ARMAGEDDON,2024-12-22,aespa Armageddon,8
AESPA_20240527_ARMAGEDDON,2024-12-29,aespa Armageddon,8
AESPA_20240527_ARMAGEDDON,2025-01-05,aespa Armageddon,7
AESPA_20240527_ARMAGEDDON,2025-01-12,aespa Armageddon,6
AESPA_20240527_ARMAGEDDON,2025-01-19,aespa Armageddon,6
AESPA_20240527_ARMAGEDDON,2025-01-26,aespa Armageddon,6
AESPA_20240527_ARMAGEDDON,2025-02-02,aespa Armageddon,6
AESPA_20240527_ARMAGEDDON,2025-02-09,aespa Armageddon,6
AESPA_20240527_ARMAGEDDON,2025-02-16,aespa Armageddon,5
AESPA_20240527_ARMAGEDDON,2025-02-23,aespa Armageddon,5
AESPA_20240527_ARMAGEDDON,2025-03-02,aespa Armageddon,5
AESPA_20240527_ARMAGEDDON,2025-03-09,aespa Armageddon,5
AESPA_20240527_ARMAGEDDON,2025-03-16,aespa Armageddon,5
AESPA_20240527_ARMAGEDDON,2025-03-23,aespa Armageddon,5
AESPA_20240527_ARMAGEDDON,2025-03-30,aespa Armageddon,4
AESPA_20240527_ARMAGEDDON,2025-04-06,aespa Armageddon,5
AESPA_20240527_ARMAGEDDON,2025-04-13,aespa Armageddon,4
AESPA_20240527_ARMAGEDDON,2025-04-20,aespa Armageddon,4
AESPA_20240527_ARMAGEDDON,2025-04-27,aespa Armageddon,4
AESPA_20240527_ARMAGEDDON,2025-05-04,aespa Armageddon,4
AESPA_20240527_ARMAGEDDON,2025-05-11,aespa Armageddon,5
AESPA_20240527_ARMAGEDDON,2025-05-18,aespa Armageddon,4
AESPA_20240527_ARMAGEDDON,2025-05-25,aespa Armageddon,5
AESPA_20240527_ARMAGEDDON,2025-06-01,aespa Armageddon,4
AESPA_20240527_ARMAGEDDON,2025-06-08,aespa Armageddon,4
AESPA_20240527_ARMAGEDDON,2025-06-15,aespa Armageddon,4
AESPA_20240527_ARMAGEDDON,2025-06-22,aespa Armageddon,4
AESPA_20240527_ARMAGEDDON,2025-06-29,aespa Armageddon,5
AESPA_20240527_ARMAGEDDON,2025-07-06,aespa Armageddon,4
AESPA_20240527_ARMAGEDDON,2025-07-13,aespa Armageddon,4
AESPA_20240527_ARMAGEDDON,2025-07-20,aespa Armageddon,4
AESPA_20240527_ARMAGEDDON,2025-07-27,aespa Armageddon,3
AESPA_20240527_ARMAGEDDON,2025-08-03,aespa Armageddon,4
AESPA_20240527_ARMAGEDDON,2025-08-10,aespa Armageddon,5
AESPA_20240527_ARMAGEDDON,2025-08-17,aespa Armageddon,4
AESPA_20240527_ARMAGEDDON,2025-08-24,aespa Armageddon,4
AESPA_20240527_ARMAGEDDON,2025-08-31,aespa Armageddon,5
AESPA_20240527_ARMAGEDDON,2025-09-07,aespa Armageddon,4
AESPA_20240527_ARMAGEDDON,2025-09-14,aespa Armageddon,4
AESPA_20240527_ARMAGEDDON,2025-09-21,aespa Armageddon,3
AESPA_20240527_ARMAGEDDON,2025-09-28,aespa Armageddon,3
AESPA_20240527_ARMAGEDDON,2025-10-05,aespa Armageddon,3
AESPA_20240527_ARMAGEDDON,2025-10-12,aespa Armageddon,3
AESPA_20240527_ARMAGEDDON,2025-10-19,aespa Armageddon,3
AESPA_20240527_ARMAGEDDON,2025-10-26,aespa Armageddon,2
AESPA_20240527_ARMAGEDDON,2025-11-02,aespa Armageddon,2
AESPA_20240527_ARMAGEDDON,2025-11-09,aespa Armageddon,3
AESPA_20240527_ARMAGEDDON,2025-11-16,aespa Armageddon,3
AESPA_20240527_ARMAGEDDON,2025-11-23,aespa Armageddon,3
AESPA_20240527_ARMAGEDDON,2025-11-30,aespa Armageddon,3
AESPA_20240527_ARMAGEDDON,2025-12-07,aespa Armageddon,3
AESPA_20240527_ARMAGEDDON,2025-12-14,aespa Armageddon,3
AESPA_20240527_ARMAGEDDON,2025-12-21,aespa Armageddon,3
AESPA_20240527_ARMAGEDDON,2025-12-28,aespa Armageddon,3
BLACKPINK_20220819_PINK_VENOM,2020-12-27,BLACKPINK Pink Venom,0
BLACKPINK_20220819_PINK_VENOM,2021-01-03,BLACKPINK Pink Venom,0
BLACKPINK_20220819_PINK_VENOM,2021-01-10,BLACKPINK Pink Venom,0
BLACKPINK_20220819_PINK_VENOM,2021-01-17,BLACKPINK Pink Venom,0
BLACKPINK_20220819_PINK_VENOM,2021-01-24,BLACKPINK Pink Venom,0
BLACKPINK_20220819_PINK_VENOM,2021-01-31,BLACKPINK Pink Venom,0
BLACKPINK_20220819_PINK_VENOM,2021-02-07,BLACKPINK Pink Venom,0
BLACKPINK_20220819_PINK_VENOM,2021-02-14,BLACKPINK Pink Venom,0
BLACKPINK_20220819_PINK_VENOM,2021-02-21,BLACKPINK Pink Venom,0
BLACKPINK_20220819_PINK_VENOM,2021-02-28,BLACKPINK Pink Venom,0
BLACKPINK_20220819_PINK_VENOM,2021-03-07,BLACKPINK Pink Venom,0
BLACKPINK_20220819_PINK_VENOM,2021-03-14,BLACKPINK Pink Venom,0
BLACKPINK_20220819_PINK_VENOM,2021-03-21,BLACKPINK Pink Venom,0
BLACKPINK_20220819_PINK_VENOM,2021-03-28,BLACKPINK Pink Venom,0
BLACKPINK_20220819_PINK_VENOM,2021-04-04,BLACKPINK Pink Venom,0
BLACKPINK_20220819_PINK_VENOM,2021-04-11,BLACKPINK Pink Venom,0
BLACKPINK_20220819_PINK_VENOM,2021-04-18,BLACKPINK Pink Venom,0
BLACKPINK_20220819_PINK_VENOM,2021-04-25,BLACKPINK Pink Venom,0
BLACKPINK_20220819_PINK_VENOM,2021-05-02,BLACKPINK Pink Venom,0
BLACKPINK_20220819_PINK_VENOM,2021-05-09,BLACKPINK Pink Venom,0
BLACKPINK_20220819_PINK_VENOM,2021-05-16,BLACKPINK Pink Venom,0
BLACKPINK_20220819_PINK_VENOM,2021-05-23,BLACKPINK Pink Venom,0
BLACKPINK_20220819_PINK_VENOM,2021-05-30,BLACKPINK Pink Venom,0
BLACKPINK_20220819_PINK_VENOM,2021-06-06,BLACKPINK Pink Venom,0
BLACKPINK_20220819_PINK_VENOM,2021-06-13,BLACKPINK Pink Venom,0
BLACKPINK_20220819_PINK_VENOM,2021-06-20,BLACKPINK Pink Venom,0
BLACKPINK_20220819_PINK_VENOM,2021-06-27,BLACKPINK Pink Venom,0
BLACKPINK_20220819_PINK_VENOM,2021-07-04,BLACKPINK Pink Venom,0
BLACKPINK_20220819_PINK_VENOM,2021-07-11,BLACKPINK Pink Venom,0
BLACKPINK_20220819_PINK_VENOM,2021-07-18,BLACKPINK Pink Venom,0
BLACKPINK_20220819_PINK_VENOM,2021-07-25,BLACKPINK Pink Venom,0
BLACKPINK_20220819_PINK_VENOM,2021-08-01,BLACKPINK Pink Venom,0
BLACKPINK_20220819_PINK_VENOM,2021-08-08,BLACKPINK Pink Venom,0
BLACKPINK_20220819_PINK_VENOM,2021-08-15,BLACKPINK Pink Venom,0
BLACKPINK_20220819_PINK_VENOM,2021-08-22,BLACKPINK Pink Venom,0
BLACKPINK_20220819_PINK_VENOM,2021-08-29,BLACKPINK Pink Venom,0
BLACKPINK_20220819_PINK_VENOM,2021-09-05,BLACKPINK Pink Venom,0
BLACKPINK_20220819_PINK_VENOM,2021-09-12,BLACKPINK Pink Venom,0
BLACKPINK_20220819_PINK_VENOM,2021-09-19,BLACKPINK Pink Venom,0
BLACKPINK_20220819_PINK_VENOM,2021-09-26,BLACKPINK Pink Venom,0
BLACKPINK_20220819_PINK_VENOM,2021-10-03,BLACKPINK Pink Venom,0
BLACKPINK_20220819_PINK_VENOM,2021-10-10,BLACKPINK Pink Venom,0
BLACKPINK_20220819_PINK_VENOM,2021-10-17,BLACKPINK Pink Venom,0
BLACKPINK_20220819_PINK_VENOM,2021-10-24,BLACKPINK Pink Venom,0
BLACKPINK_20220819_PINK_VENOM,2021-10-31,BLACKPINK Pink Venom,0
BLACKPINK_20220819_PINK_VENOM,2021-11-07,BLACKPINK Pink Venom,0
BLACKPINK_20220819_PINK_VENOM,2021-11-14,BLACKPINK Pink Venom,0
BLACKPINK_20220819_PINK_VENOM,2021-11-21,BLACKPINK Pink Venom,0
BLACKPINK_20220819_PINK_VENOM,2021-11-28,BLACKPINK Pink Venom,0
BLACKPINK_20220819_PINK_VENOM,2021-12-05,BLACKPINK Pink Venom,0
BLACKPINK_20220819_PINK_VENOM,2021-12-12,BLACKPINK Pink Venom,0
BLACKPINK_20220819_PINK_VENOM,2021-12-19,BLACKPINK Pink Venom,0
BLACKPINK_20220819_PINK_VENOM,2021-12-26,BLACKPINK Pink Venom,0
BLACKPINK_20220819_PINK_VENOM,2022-01-02,BLACKPINK Pink Venom,0
BLACKPINK_20220819_PINK_VENOM,2022-01-09,BLACKPINK Pink Venom,0
BLACKPINK_20220819_PINK_VENOM,2022-01-16,BLACKPINK Pink Venom,0
BLACKPINK_20220819_PINK_VENOM,2022-01-23,BLACKPINK Pink Venom,0
BLACKPINK_20220819_PINK_VENOM,2022-01-30,BLACKPINK Pink Venom,0
BLACKPINK_20220819_PINK_VENOM,2022-02-06,BLACKPINK Pink Venom,0
BLACKPINK_20220819_PINK_VENOM,2022-02-13,BLACKPINK Pink Venom,0
BLACKPINK_20220819_PINK_VENOM,2022-02-20,BLACKPINK Pink Venom,0
BLACKPINK_20220819_PINK_VENOM,2022-02-27,BLACKPINK Pink Venom,0
BLACKPINK_20220819_PINK_VENOM,2022-03-06,BLACKPINK Pink Venom,0
BLACKPINK_20220819_PINK_VENOM,2022-03-13,BLACKPINK Pink Venom,0
BLACKPINK_20220819_PINK_VENOM,2022-03-20,BLACKPINK Pink Venom,0
BLACKPINK_20220819_PINK_VENOM,2022-03-27,BLACKPINK Pink Venom,0
BLACKPINK_20220819_PINK_VENOM,2022-04-03,BLACKPINK Pink Venom,0
BLACKPINK_20220819_PINK_VENOM,2022-04-10,BLACKPINK Pink Venom,0
BLACKPINK_20220819_PINK_VENOM,2022-04-17,BLACKPINK Pink Venom,0
BLACKPINK_20220819_PINK_VENOM,2022-04-24,BLACKPINK Pink Venom,0
BLACKPINK_20220819_PINK_VENOM,2022-05-01,BLACKPINK Pink Venom,0
BLACKPINK_20220819_PINK_VENOM,2022-05-08,BLACKPINK Pink Venom,0
BLACKPINK_20220819_PINK_VENOM,2022-05-15,BLACKPINK Pink Venom,0
BLACKPINK_20220819_PINK_VENOM,2022-05-22,BLACKPINK Pink Venom,0
BLACKPINK_20220819_PINK_VENOM,2022-05-29,BLACKPINK Pink Venom,0
BLACKPINK_20220819_PINK_VENOM,2022-06-05,BLACKPINK Pink Venom,0
BLACKPINK_20220819_PINK_VENOM,2022-06-12,BLACKPINK Pink Venom,0
BLACKPINK_20220819_PINK_VENOM,2022-06-19,BLACKPINK Pink Venom,0
BLACKPINK_20220819_PINK_VENOM,2022-06-26,BLACKPINK Pink Venom,0
BLACKPINK_20220819_PINK_VENOM,2022-07-03,BLACKPINK Pink Venom,0
BLACKPINK_20220819_PINK_VENOM,2022-07-10,BLACKPINK Pink Venom,0
BLACKPINK_20220819_PINK_VENOM,2022-07-17,BLACKPINK Pink Venom,0
BLACKPINK_20220819_PINK_VENOM,2022-07-24,BLACKPINK Pink Venom,0
BLACKPINK_20220819_PINK_VENOM,2022-07-31,BLACKPINK Pink Venom,0
BLACKPINK_20220819_PINK_VENOM,2022-08-07,BLACKPINK Pink Venom,18
BLACKPINK_20220819_PINK_VENOM,2022-08-14,BLACKPINK Pink Venom,100
BLACKPINK_20220819_PINK_VENOM,2022-08-21,BLACKPINK Pink Venom,73
BLACKPINK_20220819_PINK_VENOM,2022-08-28,BLACKPINK Pink Venom,38
BLACKPINK_20220819_PINK_VENOM,2022-09-04,BLACKPINK Pink Venom,29
BLACKPINK_20220819_PINK_VENOM,2022-09-11,BLACKPINK Pink Venom,26
BLACKPINK_20220819_PINK_VENOM,2022-09-18,BLACKPINK Pink Venom,27
BLACKPINK_20220819_PINK_VENOM,2022-09-25,BLACKPINK Pink Venom,19
BLACKPINK_20220819_PINK_VENOM,2022-10-02,BLACKPINK Pink Venom,15
BLACKPINK_20220819_PINK_VENOM,2022-10-09,BLACKPINK Pink Venom,15
BLACKPINK_20220819_PINK_VENOM,2022-10-16,BLACKPINK Pink Venom,13
BLACKPINK_20220819_PINK_VENOM,2022-10-23,BLACKPINK Pink Venom,13
BLACKPINK_20220819_PINK_VENOM,2022-10-30,BLACKPINK Pink Venom,11
BLACKPINK_20220819_PINK_VENOM,2022-11-06,BLACKPINK Pink Venom,10
BLACKPINK_20220819_PINK_VENOM,2022-11-13,BLACKPINK Pink Venom,11
BLACKPINK_20220819_PINK_VENOM,2022-11-20,BLACKPINK Pink Venom,8
BLACKPINK_20220819_PINK_VENOM,2022-11-27,BLACKPINK Pink Venom,8
BLACKPINK_20220819_PINK_VENOM,2022-12-04,BLACKPINK Pink Venom,8
BLACKPINK_20220819_PINK_VENOM,2022-12-11,BLACKPINK Pink Venom,7
BLACKPINK_20220819_PINK_VENOM,2022-12-18,BLACKPINK Pink Venom,7
BLACKPINK_20220819_PINK_VENOM,2022-12-25,BLACKPINK Pink Venom,7
BLACKPINK_20220819_PINK_VENOM,2023-01-01,BLACKPINK Pink Venom,6
BLACKPINK_20220819_PINK_VENOM,2023-01-08,BLACKPINK Pink Venom,6
BLACKPINK_20220819_PINK_VENOM,2023-01-15,BLACKPINK Pink Venom,5
BLACKPINK_20220819_PINK_VENOM,2023-01-22,BLACKPINK Pink Venom,6
BLACKPINK_20220819_PINK_VENOM,2023-01-29,BLACKPINK Pink Venom,6
BLACKPINK_20220819_PINK_VENOM,2023-02-05,BLACKPINK Pink Venom,5
BLACKPINK_20220819_PINK_VENOM,2023-02-12,BLACKPINK Pink Venom,5
BLACKPINK_20220819_PINK_VENOM,2023-02-19,BLACKPINK Pink Venom,5
BLACKPINK_20220819_PINK_VENOM,2023-02-26,BLACKPINK Pink Venom,5
BLACKPINK_20220819_PINK_VENOM,2023-03-05,BLACKPINK Pink Venom,5
BLACKPINK_20220819_PINK_VENOM,2023-03-12,BLACKPINK Pink Venom,6
BLACKPINK_20220819_PINK_VENOM,2023-03-19,BLACKPINK Pink Venom,5
BLACKPINK_20220819_PINK_VENOM,2023-03-26,BLACKPINK Pink Venom,5
BLACKPINK_20220819_PINK_VENOM,2023-04-02,BLACKPINK Pink Venom,4
BLACKPINK_20220819_PINK_VENOM,2023-04-09,BLACKPINK Pink Venom,4
BLACKPINK_20220819_PINK_VENOM,2023-04-16,BLACKPINK Pink Venom,5
BLACKPINK_20220819_PINK_VENOM,2023-04-23,BLACKPINK Pink Venom,5
BLACKPINK_20220819_PINK_VENOM,2023-04-30,BLACKPINK Pink Venom,5
BLACKPINK_20220819_PINK_VENOM,2023-05-07,BLACKPINK Pink Venom,5
BLACKPINK_20220819_PINK_VENOM,2023-05-14,BLACKPINK Pink Venom,4
BLACKPINK_20220819_PINK_VENOM,2023-05-21,BLACKPINK Pink Venom,4
BLACKPINK_20220819_PINK_VENOM,2023-05-28,BLACKPINK Pink Venom,5
BLACKPINK_20220819_PINK_VENOM,2023-06-04,BLACKPINK Pink Venom,4
BLACKPINK_20220819_PINK_VENOM,2023-06-11,BLACKPINK Pink Venom,5
BLACKPINK_20220819_PINK_VENOM,2023-06-18,BLACKPINK Pink Venom,4
BLACKPINK_20220819_PINK_VENOM,2023-06-25,BLACKPINK Pink Venom,4
BLACKPINK_20220819_PINK_VENOM,2023-07-02,BLACKPINK Pink Venom,5
BLACKPINK_20220819_PINK_VENOM,2023-07-09,BLACKPINK Pink Venom,4
BLACKPINK_20220819_PINK_VENOM,2023-07-16,BLACKPINK Pink Venom,4
BLACKPINK_20220819_PINK_VENOM,2023-07-23,BLACKPINK Pink Venom,4
BLACKPINK_20220819_PINK_VENOM,2023-07-30,BLACKPINK Pink Venom,4
BLACKPINK_20220819_PINK_VENOM,2023-08-06,BLACKPINK Pink Venom,4
BLACKPINK_20220819_PINK_VENOM,2023-08-13,BLACKPINK Pink Venom,4
BLACKPINK_20220819_PINK_VENOM,2023-08-20,BLACKPINK Pink Venom,4
BLACKPINK_20220819_PINK_VENOM,2023-08-27,BLACKPINK Pink Venom,3
BLACKPINK_20220819_PINK_VENOM,2023-09-03,BLACKPINK Pink Venom,3
BLACKPINK_20220819_PINK_VENOM,2023-09-10,BLACKPINK Pink Venom,3
BLACKPINK_20220819_PINK_VENOM,2023-09-17,BLACKPINK Pink Venom,3
BLACKPINK_20220819_PINK_VENOM,2023-09-24,BLACKPINK Pink Venom,3
BLACKPINK_20220819_PINK_VENOM,2023-10-01,BLACKPINK Pink Venom,2
BLACKPINK_20220819_PINK_VENOM,2023-10-08,BLACKPINK Pink Venom,3
BLACKPINK_20220819_PINK_VENOM,2023-10-15,BLACKPINK Pink Venom,3
BLACKPINK_20220819_PINK_VENOM,2023-10-22,BLACKPINK Pink Venom,3
BLACKPINK_20220819_PINK_VENOM,2023-10-29,BLACKPINK Pink Venom,3
BLACKPINK_20220819_PINK_VENOM,2023-11-05,BLACKPINK Pink Venom,3
BLACKPINK_20220819_PINK_VENOM,2023-11-12,BLACKPINK Pink Venom,2
BLACKPINK_20220819_PINK_VENOM,2023-11-19,BLACKPINK Pink Venom,2
BLACKPINK_20220819_PINK_VENOM,2023-11-26,BLACKPINK Pink Venom,2
BLACKPINK_20220819_PINK_VENOM,2023-12-03,BLACKPINK Pink Venom,3
BLACKPINK_20220819_PINK_VENOM,2023-12-10,BLACKPINK Pink Venom,3
BLACKPINK_20220819_PINK_VENOM,2023-12-17,BLACKPINK Pink Venom,2
BLACKPINK_20220819_PINK_VENOM,2023-12-24,BLACKPINK Pink Venom,3
BLACKPINK_20220819_PINK_VENOM,2023-12-31,BLACKPINK Pink Venom,2
BLACKPINK_20220819_PINK_VENOM,2024-01-07,BLACKPINK Pink Venom,2
BLACKPINK_20220819_PINK_VENOM,2024-01-14,BLACKPINK Pink Venom,2
BLACKPINK_20220819_PINK_VENOM,2024-01-21,BLACKPINK Pink Venom,2
BLACKPINK_20220819_PINK_VENOM,2024-01-28,BLACKPINK Pink Venom,2
BLACKPINK_20220819_PINK_VENOM,2024-02-04,BLACKPINK Pink Venom,3
BLACKPINK_20220819_PINK_VENOM,2024-02-11,BLACKPINK Pink Venom,2
BLACKPINK_20220819_PINK_VENOM,2024-02-18,BLACKPINK Pink Venom,2
BLACKPINK_20220819_PINK_VENOM,2024-02-25,BLACKPINK Pink Venom,2
BLACKPINK_20220819_PINK_VENOM,2024-03-03,BLACKPINK Pink Venom,2
BLACKPINK_20220819_PINK_VENOM,2024-03-10,BLACKPINK Pink Venom,2
BLACKPINK_20220819_PINK_VENOM,2024-03-17,BLACKPINK Pink Venom,2
BLACKPINK_20220819_PINK_VENOM,2024-03-24,BLACKPINK Pink Venom,2
BLACKPINK_20220819_PINK_VENOM,2024-03-31,BLACKPINK Pink Venom,2
BLACKPINK_20220819_PINK_VENOM,2024-04-07,BLACKPINK Pink Venom,2
BLACKPINK_20220819_PINK_VENOM,2024-04-14,BLACKPINK Pink Venom,2
BLACKPINK_20220819_PINK_VENOM,2024-04-21,BLACKPINK Pink Venom,2
BLACKPINK_20220819_PINK_VENOM,2024-04-28,BLACKPINK Pink Venom,2
BLACKPINK_20220819_PINK_VENOM,2024-05-05,BLACKPINK Pink Venom,2
BLACKPINK_20220819_PINK_VENOM,2024-05-12,BLACKPINK Pink Venom,2
BLACKPINK_20220819_PINK_VENOM,2024-05-19,BLACKPINK Pink Venom,2
BLACKPINK_20220819_PINK_VENOM,2024-05-26,BLACKPINK Pink Venom,2
BLACKPINK_20220819_PINK_VENOM,2024-06-02,BLACKPINK Pink Venom,2
BLACKPINK_20220819_PINK_VENOM,2024-06-09,BLACKPINK Pink Venom,2
BLACKPINK_20220819_PINK_VENOM,2024-06-16,BLACKPINK Pink Venom,2
BLACKPINK_20220819_PINK_VENOM,2024-06-23,BLACKPINK Pink Venom,2
BLACKPINK_20220819_PINK_VENOM,2024-06-30,BLACKPINK Pink Venom,2
BLACKPINK_20220819_PINK_VENOM,2024-07-07,BLACKPINK Pink Venom,2
BLACKPINK_20220819_PINK_VENOM,2024-07-14,BLACKPINK Pink Venom,2
BLACKPINK_20220819_PINK_VENOM,2024-07-21,BLACKPINK Pink Venom,2
BLACKPINK_20220819_PINK_VENOM,2024-07-28,BLACKPINK Pink Venom,2
BLACKPINK_20220819_PINK_VENOM,2024-08-04,BLACKPINK Pink Venom,2
BLACKPINK_20220819_PINK_VENOM,2024-08-11,BLACKPINK Pink Venom,2
BLACKPINK_20220819_PINK_VENOM,2024-08-18,BLACKPINK Pink Venom,2
BLACKPINK_20220819_PINK_VENOM,2024-08-25,BLACKPINK Pink Venom,1
BLACKPINK_20220819_PINK_VENOM,2024-09-01,BLACKPINK Pink Venom,2
BLACKPINK_20220819_PINK_VENOM,2024-09-08,BLACKPINK Pink Venom,2
BLACKPINK_20220819_PINK_VENOM,2024-09-15,BLACKPINK Pink Venom,1
BLACKPINK_20220819_PINK_VENOM,2024-09-22,BLACKPINK Pink Venom,2
BLACKPINK_20220819_PINK_VENOM,2024-09-29,BLACKPINK Pink Venom,2
BLACKPINK_20220819_PINK_VENOM,2024-10-06,BLACKPINK Pink Venom,1
BLACKPINK_20220819_PINK_VENOM,2024-10-13,BLACKPINK Pink Venom,2
BLACKPINK_20220819_PINK_VENOM,2024-10-20,BLACKPINK Pink Venom,2
BLACKPINK_20220819_PINK_VENOM,2024-10-27,BLACKPINK Pink Venom,1
BLACKPINK_20220819_PINK_VENOM,2024-11-03,BLACKPINK Pink Venom,1
BLACKPINK_20220819_PINK_VENOM,2024-11-10,BLACKPINK Pink Venom,2
BLACKPINK_20220819_PINK_VENOM,2024-11-17,BLACKPINK Pink Venom,1
BLACKPINK_20220819_PINK_VENOM,2024-11-24,BLACKPINK Pink Venom,2
BLACKPINK_20220819_PINK_VENOM,2024-12-01,BLACKPINK Pink Venom,1
BLACKPINK_20220819_PINK_VENOM,2024-12-08,BLACKPINK Pink Venom,1
BLACKPINK_20220819_PINK_VENOM,2024-12-15,BLACKPINK Pink Venom,2
BLACKPINK_20220819_PINK_VENOM,2024-12-22,BLACKPINK Pink Venom,2
BLACKPINK_20220819_PINK_VENOM,2024-12-29,BLACKPINK Pink Venom,2
BLACKPINK_20220819_PINK_VENOM,2025-01-05,BLACKPINK Pink Venom,2
BLACKPINK_20220819_PINK_VENOM,2025-01-12,BLACKPINK Pink Venom,1
BLACKPINK_20220819_PINK_VENOM,2025-01-19,BLACKPINK Pink Venom,1
BLACKPINK_20220819_PINK_VENOM,2025-01-26,BLACKPINK Pink Venom,2
BLACKPINK_20220819_PINK_VENOM,2025-02-02,BLACKPINK Pink Venom,2
BLACKPINK_20220819_PINK_VENOM,2025-02-09,BLACKPINK Pink Venom,1
BLACKPINK_20220819_PINK_VENOM,2025-02-16,BLACKPINK Pink Venom,1
BLACKPINK_20220819_PINK_VENOM,2025-02-23,BLACKPINK Pink Venom,2
BLACKPINK_20220819_PINK_VENOM,2025-03-02,BLACKPINK Pink Venom,1
BLACKPINK_20220819_PINK_VENOM,2025-03-09,BLACKPINK Pink Venom,2
BLACKPINK_20220819_PINK_VENOM,2025-03-16,BLACKPINK Pink Venom,2
BLACKPINK_20220819_PINK_VENOM,2025-03-23,BLACKPINK Pink Venom,1
BLACKPINK_20220819_PINK_VENOM,2025-03-30,BLACKPINK Pink Venom,1
BLACKPINK_20220819_PINK_VENOM,2025-04-06,BLACKPINK Pink Venom,1
BLACKPINK_20220819_PINK_VENOM,2025-04-13,BLACKPINK Pink Venom,1
BLACKPINK_20220819_PINK_VENOM,2025-04-20,BLACKPINK Pink Venom,1
BLACKPINK_20220819_PINK_VENOM,2025-04-27,BLACKPINK Pink Venom,2
BLACKPINK_20220819_PINK_VENOM,2025-05-04,BLACKPINK Pink Venom,1
BLACKPINK_20220819_PINK_VENOM,2025-05-11,BLACKPINK Pink Venom,2
BLACKPINK_20220819_PINK_VENOM,2025-05-18,BLACKPINK Pink Venom,2
BLACKPINK_20220819_PINK_VENOM,2025-05-25,BLACKPINK Pink Venom,2
BLACKPINK_20220819_PINK_VENOM,2025-06-01,BLACKPINK Pink Venom,1
BLACKPINK_20220819_PINK_VENOM,2025-06-08,BLACKPINK Pink Venom,1
BLACKPINK_20220819_PINK_VENOM,2025-06-15,BLACKPINK Pink Venom,2
BLACKPINK_20220819_PINK_VENOM,2025-06-22,BLACKPINK Pink Venom,2
BLACKPINK_20220819_PINK_VENOM,2025-06-29,BLACKPINK Pink Venom,2
BLACKPINK_20220819_PINK_VENOM,2025-07-06,BLACKPINK Pink Venom,2
BLACKPINK_20220819_PINK_VENOM,2025-07-13,BLACKPINK Pink Venom,2
BLACKPINK_20220819_PINK_VENOM,2025-07-20,BLACKPINK Pink Venom,2
BLACKPINK_20220819_PINK_VENOM,2025-07-27,BLACKPINK Pink Venom,2
BLACKPINK_20220819_PINK_VENOM,2025-08-03,BLACKPINK Pink Venom,2
BLACKPINK_20220819_PINK_VENOM,2025-08-10,BLACKPINK Pink Venom,2
BLACKPINK_20220819_PINK_VENOM,2025-08-17,BLACKPINK Pink Venom,2
BLACKPINK_20220819_PINK_VENOM,2025-08-24,BLACKPINK Pink Venom,1
BLACKPINK_20220819_PINK_VENOM,2025-08-31,BLACKPINK Pink Venom,2
BLACKPINK_20220819_PINK_VENOM,2025-09-07,BLACKPINK Pink Venom,2
BLACKPINK_20220819_PINK_VENOM,2025-09-14,BLACKPINK Pink Venom,1
BLACKPINK_20220819_PINK_VENOM,2025-09-21,BLACKPINK Pink Venom,2
BLACKPINK_20220819_PINK_VENOM,2025-09-28,BLACKPINK Pink Venom,1
BLACKPINK_20220819_PINK_VENOM,2025-10-05,BLACKPINK Pink Venom,1
BLACKPINK_20220819_PINK_VENOM,2025-10-12,BLACKPINK Pink Venom,1
BLACKPINK_20220819_PINK_VENOM,2025-10-19,BLACKPINK Pink Venom,2
BLACKPINK_20220819_PINK_VENOM,2025-10-26,BLACKPINK Pink Venom,2
BLACKPINK_20220819_PINK_VENOM,2025-11-02,BLACKPINK Pink Venom,2
BLACKPINK_20220819_PINK_VENOM,2025-11-09,BLACKPINK Pink Venom,1
BLACKPINK_20220819_PINK_VENOM,2025-11-16,BLACKPINK Pink Venom,1
BLACKPINK_20220819_PINK_VENOM,2025-11-23,BLACKPINK Pink Venom,2
BLACKPINK_20220819_PINK_VENOM,2025-11-30,BLACKPINK Pink Venom,1
BLACKPINK_20220819_PINK_VENOM,2025-12-07,BLACKPINK Pink Venom,1
BLACKPINK_20220819_PINK_VENOM,2025-12-14,BLACKPINK Pink Venom,2
BLACKPINK_20220819_PINK_VENOM,2025-12-21,BLACKPINK Pink Venom,1
BLACKPINK_20220819_PINK_VENOM,2025-12-28,BLACKPINK Pink Venom,1
BLACKPINK_20220916_BORN_PINK,2020-12-27,BLACKPINK Born Pink,1
BLACKPINK_20220916_BORN_PINK,2021-01-03,BLACKPINK Born Pink,0
BLACKPINK_20220916_BORN_PINK,2021-01-10,BLACKPINK Born Pink,0
BLACKPINK_20220916_BORN_PINK,2021-01-17,BLACKPINK Born Pink,0
BLACKPINK_20220916_BORN_PINK,2021-01-24,BLACKPINK Born Pink,0
BLACKPINK_20220916_BORN_PINK,2021-01-31,BLACKPINK Born Pink,0
BLACKPINK_20220916_BORN_PINK,2021-02-07,BLACKPINK Born Pink,0
BLACKPINK_20220916_BORN_PINK,2021-02-14,BLACKPINK Born Pink,0
BLACKPINK_20220916_BORN_PINK,2021-02-21,BLACKPINK Born Pink,0
BLACKPINK_20220916_BORN_PINK,2021-02-28,BLACKPINK Born Pink,0
BLACKPINK_20220916_BORN_PINK,2021-03-07,BLACKPINK Born Pink,0
BLACKPINK_20220916_BORN_PINK,2021-03-14,BLACKPINK Born Pink,0
BLACKPINK_20220916_BORN_PINK,2021-03-21,BLACKPINK Born Pink,0
BLACKPINK_20220916_BORN_PINK,2021-03-28,BLACKPINK Born Pink,0
BLACKPINK_20220916_BORN_PINK,2021-04-04,BLACKPINK Born Pink,0
BLACKPINK_20220916_BORN_PINK,2021-04-11,BLACKPINK Born Pink,0
BLACKPINK_20220916_BORN_PINK,2021-04-18,BLACKPINK Born Pink,0
BLACKPINK_20220916_BORN_PINK,2021-04-25,BLACKPINK Born Pink,0
BLACKPINK_20220916_BORN_PINK,2021-05-02,BLACKPINK Born Pink,0
BLACKPINK_20220916_BORN_PINK,2021-05-09,BLACKPINK Born Pink,0
BLACKPINK_20220916_BORN_PINK,2021-05-16,BLACKPINK Born Pink,0
BLACKPINK_20220916_BORN_PINK,2021-05-23,BLACKPINK Born Pink,0
BLACKPINK_20220916_BORN_PINK,2021-05-30,BLACKPINK Born Pink,0
BLACKPINK_20220916_BORN_PINK,2021-06-06,BLACKPINK Born Pink,0
BLACKPINK_20220916_BORN_PINK,2021-06-13,BLACKPINK Born Pink,0
BLACKPINK_20220916_BORN_PINK,2021-06-20,BLACKPINK Born Pink,0
BLACKPINK_20220916_BORN_PINK,2021-06-27,BLACKPINK Born Pink,0
BLACKPINK_20220916_BORN_PINK,2021-07-04,BLACKPINK Born Pink,0
BLACKPINK_20220916_BORN_PINK,2021-07-11,BLACKPINK Born Pink,0
BLACKPINK_20220916_BORN_PINK,2021-07-18,BLACKPINK Born Pink,0
BLACKPINK_20220916_BORN_PINK,2021-07-25,BLACKPINK Born Pink,0
BLACKPINK_20220916_BORN_PINK,2021-08-01,BLACKPINK Born Pink,0
BLACKPINK_20220916_BORN_PINK,2021-08-08,BLACKPINK Born Pink,0
BLACKPINK_20220916_BORN_PINK,2021-08-15,BLACKPINK Born Pink,0
BLACKPINK_20220916_BORN_PINK,2021-08-22,BLACKPINK Born Pink,0
BLACKPINK_20220916_BORN_PINK,2021-08-29,BLACKPINK Born Pink,0
BLACKPINK_20220916_BORN_PINK,2021-09-05,BLACKPINK Born Pink,0
BLACKPINK_20220916_BORN_PINK,2021-09-12,BLACKPINK Born Pink,0
BLACKPINK_20220916_BORN_PINK,2021-09-19,BLACKPINK Born Pink,0
BLACKPINK_20220916_BORN_PINK,2021-09-26,BLACKPINK Born Pink,0
BLACKPINK_20220916_BORN_PINK,2021-10-03,BLACKPINK Born Pink,0
BLACKPINK_20220916_BORN_PINK,2021-10-10,BLACKPINK Born Pink,0
BLACKPINK_20220916_BORN_PINK,2021-10-17,BLACKPINK Born Pink,0
BLACKPINK_20220916_BORN_PINK,2021-10-24,BLACKPINK Born Pink,0
BLACKPINK_20220916_BORN_PINK,2021-10-31,BLACKPINK Born Pink,0
BLACKPINK_20220916_BORN_PINK,2021-11-07,BLACKPINK Born Pink,0
BLACKPINK_20220916_BORN_PINK,2021-11-14,BLACKPINK Born Pink,0
BLACKPINK_20220916_BORN_PINK,2021-11-21,BLACKPINK Born Pink,0
BLACKPINK_20220916_BORN_PINK,2021-11-28,BLACKPINK Born Pink,0
BLACKPINK_20220916_BORN_PINK,2021-12-05,BLACKPINK Born Pink,0
BLACKPINK_20220916_BORN_PINK,2021-12-12,BLACKPINK Born Pink,0
BLACKPINK_20220916_BORN_PINK,2021-12-19,BLACKPINK Born Pink,0
BLACKPINK_20220916_BORN_PINK,2021-12-26,BLACKPINK Born Pink,0
BLACKPINK_20220916_BORN_PINK,2022-01-02,BLACKPINK Born Pink,0
BLACKPINK_20220916_BORN_PINK,2022-01-09,BLACKPINK Born Pink,0
BLACKPINK_20220916_BORN_PINK,2022-01-16,BLACKPINK Born Pink,0
BLACKPINK_20220916_BORN_PINK,2022-01-23,BLACKPINK Born Pink,0
BLACKPINK_20220916_BORN_PINK,2022-01-30,BLACKPINK Born Pink,0
BLACKPINK_20220916_BORN_PINK,2022-02-06,BLACKPINK Born Pink,0
BLACKPINK_20220916_BORN_PINK,2022-02-13,BLACKPINK Born Pink,0
BLACKPINK_20220916_BORN_PINK,2022-02-20,BLACKPINK Born Pink,0
BLACKPINK_20220916_BORN_PINK,2022-02-27,BLACKPINK Born Pink,0
BLACKPINK_20220916_BORN_PINK,2022-03-06,BLACKPINK Born Pink,0
BLACKPINK_20220916_BORN_PINK,2022-03-13,BLACKPINK Born Pink,0
BLACKPINK_20220916_BORN_PINK,2022-03-20,BLACKPINK Born Pink,0
BLACKPINK_20220916_BORN_PINK,2022-03-27,BLACKPINK Born Pink,0
BLACKPINK_20220916_BORN_PINK,2022-04-03,BLACKPINK Born Pink,0
BLACKPINK_20220916_BORN_PINK,2022-04-10,BLACKPINK Born Pink,0
BLACKPINK_20220916_BORN_PINK,2022-04-17,BLACKPINK Born Pink,0
BLACKPINK_20220916_BORN_PINK,2022-04-24,BLACKPINK Born Pink,0
BLACKPINK_20220916_BORN_PINK,2022-05-01,BLACKPINK Born Pink,0
BLACKPINK_20220916_BORN_PINK,2022-05-08,BLACKPINK Born Pink,0
BLACKPINK_20220916_BORN_PINK,2022-05-15,BLACKPINK Born Pink,0
BLACKPINK_20220916_BORN_PINK,2022-05-22,BLACKPINK Born Pink,0
BLACKPINK_20220916_BORN_PINK,2022-05-29,BLACKPINK Born Pink,0
BLACKPINK_20220916_BORN_PINK,2022-06-05,BLACKPINK Born Pink,0
BLACKPINK_20220916_BORN_PINK,2022-06-12,BLACKPINK Born Pink,0
BLACKPINK_20220916_BORN_PINK,2022-06-19,BLACKPINK Born Pink,0
BLACKPINK_20220916_BORN_PINK,2022-06-26,BLACKPINK Born Pink,0
BLACKPINK_20220916_BORN_PINK,2022-07-03,BLACKPINK Born Pink,0
BLACKPINK_20220916_BORN_PINK,2022-07-10,BLACKPINK Born Pink,0
BLACKPINK_20220916_BORN_PINK,2022-07-17,BLACKPINK Born Pink,0
BLACKPINK_20220916_BORN_PINK,2022-07-24,BLACKPINK Born Pink,0
BLACKPINK_20220916_BORN_PINK,2022-07-31,BLACKPINK Born Pink,30
BLACKPINK_20220916_BORN_PINK,2022-08-07,BLACKPINK Born Pink,60
BLACKPINK_20220916_BORN_PINK,2022-08-14,BLACKPINK Born Pink,30
BLACKPINK_20220916_BORN_PINK,2022-08-21,BLACKPINK Born Pink,20
BLACKPINK_20220916_BORN_PINK,2022-08-28,BLACKPINK Born Pink,14
BLACKPINK_20220916_BORN_PINK,2022-09-04,BLACKPINK Born Pink,22
BLACKPINK_20220916_BORN_PINK,2022-09-11,BLACKPINK Born Pink,100
BLACKPINK_20220916_BORN_PINK,2022-09-18,BLACKPINK Born Pink,63
BLACKPINK_20220916_BORN_PINK,2022-09-25,BLACKPINK Born Pink,24
BLACKPINK_20220916_BORN_PINK,2022-10-02,BLACKPINK Born Pink,17
BLACKPINK_20220916_BORN_PINK,2022-10-09,BLACKPINK Born Pink,28
BLACKPINK_20220916_BORN_PINK,2022-10-16,BLACKPINK Born Pink,35
BLACKPINK_20220916_BORN_PINK,2022-10-23,BLACKPINK Born Pink,26
BLACKPINK_20220916_BORN_PINK,2022-10-30,BLACKPINK Born Pink,23
BLACKPINK_20220916_BORN_PINK,2022-11-06,BLACKPINK Born Pink,25
BLACKPINK_20220916_BORN_PINK,2022-11-13,BLACKPINK Born Pink,30
BLACKPINK_20220916_BORN_PINK,2022-11-20,BLACKPINK Born Pink,25
BLACKPINK_20220916_BORN_PINK,2022-11-27,BLACKPINK Born Pink,16
BLACKPINK_20220916_BORN_PINK,2022-12-04,BLACKPINK Born Pink,19
BLACKPINK_20220916_BORN_PINK,2022-12-11,BLACKPINK Born Pink,16
BLACKPINK_20220916_BORN_PINK,2022-12-18,BLACKPINK Born Pink,17
BLACKPINK_20220916_BORN_PINK,2022-12-25,BLACKPINK Born Pink,15
BLACKPINK_20220916_BORN_PINK,2023-01-01,BLACKPINK Born Pink,17
BLACKPINK_20220916_BORN_PINK,2023-01-08,BLACKPINK Born Pink,19
BLACKPINK_20220916_BORN_PINK,2023-01-15,BLACKPINK Born Pink,18
BLACKPINK_20220916_BORN_PINK,2023-01-22,BLACKPINK Born Pink,14
BLACKPINK_20220916_BORN_PINK,2023-01-29,BLACKPINK Born Pink,18
BLACKPINK_20220916_BORN_PINK,2023-02-05,BLACKPINK Born Pink,17
BLACKPINK_20220916_BORN_PINK,2023-02-12,BLACKPINK Born Pink,11
BLACKPINK_20220916_BORN_PINK,2023-02-19,BLACKPINK Born Pink,11
BLACKPINK_20220916_BORN_PINK,2023-02-26,BLACKPINK Born Pink,14
BLACKPINK_20220916_BORN_PINK,2023-03-05,BLACKPINK Born Pink,19
BLACKPINK_20220916_BORN_PINK,2023-03-12,BLACKPINK Born Pink,21
BLACKPINK_20220916_BORN_PINK,2023-03-19,BLACKPINK Born Pink,18
BLACKPINK_20220916_BORN_PINK,2023-03-26,BLACKPINK Born Pink,17
BLACKPINK_20220916_BORN_PINK,2023-04-02,BLACKPINK Born Pink,12
BLACKPINK_20220916_BORN_PINK,2023-04-09,BLACKPINK Born Pink,11
BLACKPINK_20220916_BORN_PINK,2023-04-16,BLACKPINK Born Pink,13
BLACKPINK_20220916_BORN_PINK,2023-04-23,BLACKPINK Born Pink,15
BLACKPINK_20220916_BORN_PINK,2023-04-30,BLACKPINK Born Pink,13
BLACKPINK_20220916_BORN_PINK,2023-05-07,BLACKPINK Born Pink,12
BLACKPINK_20220916_BORN_PINK,2023-05-14,BLACKPINK Born Pink,13
BLACKPINK_20220916_BORN_PINK,2023-05-21,BLACKPINK Born Pink,11
BLACKPINK_20220916_BORN_PINK,2023-05-28,BLACKPINK Born Pink,12
BLACKPINK_20220916_BORN_PINK,2023-06-04,BLACKPINK Born Pink,11
BLACKPINK_20220916_BORN_PINK,2023-06-11,BLACKPINK Born Pink,11
BLACKPINK_20220916_BORN_PINK,2023-06-18,BLACKPINK Born Pink,9
BLACKPINK_20220916_BORN_PINK,2023-06-25,BLACKPINK Born Pink,16
BLACKPINK_20220916_BORN_PINK,2023-07-02,BLACKPINK Born Pink,14
BLACKPINK_20220916_BORN_PINK,2023-07-09,BLACKPINK Born Pink,12
BLACKPINK_20220916_BORN_PINK,2023-07-16,BLACKPINK Born Pink,10
BLACKPINK_20220916_BORN_PINK,2023-07-23,BLACKPINK Born Pink,12
BLACKPINK_20220916_BORN_PINK,2023-07-30,BLACKPINK Born Pink,14
BLACKPINK_20220916_BORN_PINK,2023-08-06,BLACKPINK Born Pink,14
BLACKPINK_20220916_BORN_PINK,2023-08-13,BLACKPINK Born Pink,12
BLACKPINK_20220916_BORN_PINK,2023-08-20,BLACKPINK Born Pink,11
BLACKPINK_20220916_BORN_PINK,2023-08-27,BLACKPINK Born Pink,11
BLACKPINK_20220916_BORN_PINK,2023-09-03,BLACKPINK Born Pink,7
BLACKPINK_20220916_BORN_PINK,2023-09-10,BLACKPINK Born Pink,7
BLACKPINK_20220916_BORN_PINK,2023-09-17,BLACKPINK Born Pink,13
BLACKPINK_20220916_BORN_PINK,2023-09-24,BLACKPINK Born Pink,6
BLACKPINK_20220916_BORN_PINK,2023-10-01,BLACKPINK Born Pink,5
BLACKPINK_20220916_BORN_PINK,2023-10-08,BLACKPINK Born Pink,5
BLACKPINK_20220916_BORN_PINK,2023-10-15,BLACKPINK Born Pink,5
BLACKPINK_20220916_BORN_PINK,2023-10-22,BLACKPINK Born Pink,4
BLACKPINK_20220916_BORN_PINK,2023-10-29,BLACKPINK Born Pink,5
BLACKPINK_20220916_BORN_PINK,2023-11-05,BLACKPINK Born Pink,5
BLACKPINK_20220916_BORN_PINK,2023-11-12,BLACKPINK Born Pink,5
BLACKPINK_20220916_BORN_PINK,2023-11-19,BLACKPINK Born Pink,5
BLACKPINK_20220916_BORN_PINK,2023-11-26,BLACKPINK Born Pink,5
BLACKPINK_20220916_BORN_PINK,2023-12-03,BLACKPINK Born Pink,6
BLACKPINK_20220916_BORN_PINK,2023-12-10,BLACKPINK Born Pink,5
BLACKPINK_20220916_BORN_PINK,2023-12-17,BLACKPINK Born Pink,5
BLACKPINK_20220916_BORN_PINK,2023-12-24,BLACKPINK Born Pink,6
BLACKPINK_20220916_BORN_PINK,2023-12-31,BLACKPINK Born Pink,5
BLACKPINK_20220916_BORN_PINK,2024-01-07,BLACKPINK Born Pink,4
BLACKPINK_20220916_BORN_PINK,2024-01-14,BLACKPINK Born Pink,4
BLACKPINK_20220916_BORN_PINK,2024-01-21,BLACKPINK Born Pink,3
BLACKPINK_20220916_BORN_PINK,2024-01-28,BLACKPINK Born Pink,4
BLACKPINK_20220916_BORN_PINK,2024-02-04,BLACKPINK Born Pink,4
BLACKPINK_20220916_BORN_PINK,2024-02-11,BLACKPINK Born Pink,3
BLACKPINK_20220916_BORN_PINK,2024-02-18,BLACKPINK Born Pink,3
BLACKPINK_20220916_BORN_PINK,2024-02-25,BLACKPINK Born Pink,3
BLACKPINK_20220916_BORN_PINK,2024-03-03,BLACKPINK Born Pink,3
BLACKPINK_20220916_BORN_PINK,2024-03-10,BLACKPINK Born Pink,3
BLACKPINK_20220916_BORN_PINK,2024-03-17,BLACKPINK Born Pink,3
BLACKPINK_20220916_BORN_PINK,2024-03-24,BLACKPINK Born Pink,3
BLACKPINK_20220916_BORN_PINK,2024-03-31,BLACKPINK Born Pink,3
BLACKPINK_20220916_BORN_PINK,2024-04-07,BLACKPINK Born Pink,2
BLACKPINK_20220916_BORN_PINK,2024-04-14,BLACKPINK Born Pink,3
BLACKPINK_20220916_BORN_PINK,2024-04-21,BLACKPINK Born Pink,2
BLACKPINK_20220916_BORN_PINK,2024-04-28,BLACKPINK Born Pink,2
BLACKPINK_20220916_BORN_PINK,2024-05-05,BLACKPINK Born Pink,3
BLACKPINK_20220916_BORN_PINK,2024-05-12,BLACKPINK Born Pink,2
BLACKPINK_20220916_BORN_PINK,2024-05-19,BLACKPINK Born Pink,2
BLACKPINK_20220916_BORN_PINK,2024-05-26,BLACKPINK Born Pink,3
BLACKPINK_20220916_BORN_PINK,2024-06-02,BLACKPINK Born Pink,2
BLACKPINK_20220916_BORN_PINK,2024-06-09,BLACKPINK Born Pink,3
BLACKPINK_20220916_BORN_PINK,2024-06-16,BLACKPINK Born Pink,9
BLACKPINK_20220916_BORN_PINK,2024-06-23,BLACKPINK Born Pink,16
BLACKPINK_20220916_BORN_PINK,2024-06-30,BLACKPINK Born Pink,7
BLACKPINK_20220916_BORN_PINK,2024-07-07,BLACKPINK Born Pink,9
BLACKPINK_20220916_BORN_PINK,2024-07-14,BLACKPINK Born Pink,7
BLACKPINK_20220916_BORN_PINK,2024-07-21,BLACKPINK Born Pink,10
BLACKPINK_20220916_BORN_PINK,2024-07-28,BLACKPINK Born Pink,34
BLACKPINK_20220916_BORN_PINK,2024-08-04,BLACKPINK Born Pink,18
BLACKPINK_20220916_BORN_PINK,2024-08-11,BLACKPINK Born Pink,8
BLACKPINK_20220916_BORN_PINK,2024-08-18,BLACKPINK Born Pink,4
BLACKPINK_20220916_BORN_PINK,2024-08-25,BLACKPINK Born Pink,4
BLACKPINK_20220916_BORN_PINK,2024-09-01,BLACKPINK Born Pink,4
BLACKPINK_20220916_BORN_PINK,2024-09-08,BLACKPINK Born Pink,3
BLACKPINK_20220916_BORN_PINK,2024-09-15,BLACKPINK Born Pink,2
BLACKPINK_20220916_BORN_PINK,2024-09-22,BLACKPINK Born Pink,4
BLACKPINK_20220916_BORN_PINK,2024-09-29,BLACKPINK Born Pink,3
BLACKPINK_20220916_BORN_PINK,2024-10-06,BLACKPINK Born Pink,2
BLACKPINK_20220916_BORN_PINK,2024-10-13,BLACKPINK Born Pink,2
BLACKPINK_20220916_BORN_PINK,2024-10-20,BLACKPINK Born Pink,2
BLACKPINK_20220916_BORN_PINK,2024-10-27,BLACKPINK Born Pink,3
BLACKPINK_20220916_BORN_PINK,2024-11-03,BLACKPINK Born Pink,2
BLACKPINK_20220916_BORN_PINK,2024-11-10,BLACKPINK Born Pink,2
BLACKPINK_20220916_BORN_PINK,2024-11-17,BLACKPINK Born Pink,3
BLACKPINK_20220916_BORN_PINK,2024-11-24,BLACKPINK Born Pink,3
BLACKPINK_20220916_BORN_PINK,2024-12-01,BLACKPINK Born Pink,2
BLACKPINK_20220916_BORN_PINK,2024-12-08,BLACKPINK Born Pink,4
BLACKPINK_20220916_BORN_PINK,2024-12-15,BLACKPINK Born Pink,2
BLACKPINK_20220916_BORN_PINK,2024-12-22,BLACKPINK Born Pink,3
BLACKPINK_20220916_BORN_PINK,2024-12-29,BLACKPINK Born Pink,3
BLACKPINK_20220916_BORN_PINK,2025-01-05,BLACKPINK Born Pink,3
BLACKPINK_20220916_BORN_PINK,2025-01-12,BLACKPINK Born Pink,2
BLACKPINK_20220916_BORN_PINK,2025-01-19,BLACKPINK Born Pink,2
BLACKPINK_20220916_BORN_PINK,2025-01-26,BLACKPINK Born Pink,2
BLACKPINK_20220916_BORN_PINK,2025-02-02,BLACKPINK Born Pink,5
BLACKPINK_20220916_BORN_PINK,2025-02-09,BLACKPINK Born Pink,3
BLACKPINK_20220916_BORN_PINK,2025-02-16,BLACKPINK Born Pink,4
BLACKPINK_20220916_BORN_PINK,2025-02-23,BLACKPINK Born Pink,4
BLACKPINK_20220916_BORN_PINK,2025-03-02,BLACKPINK Born Pink,2
BLACKPINK_20220916_BORN_PINK,2025-03-09,BLACKPINK Born Pink,3
BLACKPINK_20220916_BORN_PINK,2025-03-16,BLACKPINK Born Pink,2
BLACKPINK_20220916_BORN_PINK,2025-03-23,BLACKPINK Born Pink,4
BLACKPINK_20220916_BORN_PINK,2025-03-30,BLACKPINK Born Pink,2
BLACKPINK_20220916_BORN_PINK,2025-04-06,BLACKPINK Born Pink,3
BLACKPINK_20220916_BORN_PINK,2025-04-13,BLACKPINK Born Pink,2
BLACKPINK_20220916_BORN_PINK,2025-04-20,BLACKPINK Born Pink,2
BLACKPINK_20220916_BORN_PINK,2025-04-27,BLACKPINK Born Pink,3
BLACKPINK_20220916_BORN_PINK,2025-05-04,BLACKPINK Born Pink,2
BLACKPINK_20220916_BORN_PINK,2025-05-11,BLACKPINK Born Pink,2
BLACKPINK_20220916_BORN_PINK,2025-05-18,BLACKPINK Born Pink,2
BLACKPINK_20220916_BORN_PINK,2025-05-25,BLACKPINK Born Pink,4
BLACKPINK_20220916_BORN_PINK,2025-06-01,BLACKPINK Born Pink,3
BLACKPINK_20220916_BORN_PINK,2025-06-08,BLACKPINK Born Pink,4
BLACKPINK_20220916_BORN_PINK,2025-06-15,BLACKPINK Born Pink,3
BLACKPINK_20220916_BORN_PINK,2025-06-22,BLACKPINK Born Pink,2
BLACKPINK_20220916_BORN_PINK,2025-06-29,BLACKPINK Born Pink,4
BLACKPINK_20220916_BORN_PINK,2025-07-06,BLACKPINK Born Pink,6
BLACKPINK_20220916_BORN_PINK,2025-07-13,BLACKPINK Born Pink,4
BLACKPINK_20220916_BORN_PINK,2025-07-20,BLACKPINK Born Pink,5
BLACKPINK_20220916_BORN_PINK,2025-07-27,BLACKPINK Born Pink,5
BLACKPINK_20220916_BORN_PINK,2025-08-03,BLACKPINK Born Pink,6
BLACKPINK_20220916_BORN_PINK,2025-08-10,BLACKPINK Born Pink,6
BLACKPINK_20220916_BORN_PINK,2025-08-17,BLACKPINK Born Pink,5
BLACKPINK_20220916_BORN_PINK,2025-08-24,BLACKPINK Born Pink,5
BLACKPINK_20220916_BORN_PINK,2025-08-31,BLACKPINK Born Pink,4
BLACKPINK_20220916_BORN_PINK,2025-09-07,BLACKPINK Born Pink,4
BLACKPINK_20220916_BORN_PINK,2025-09-14,BLACKPINK Born Pink,3
BLACKPINK_20220916_BORN_PINK,2025-09-21,BLACKPINK Born Pink,4
BLACKPINK_20220916_BORN_PINK,2025-09-28,BLACKPINK Born Pink,3
BLACKPINK_20220916_BORN_PINK,2025-10-05,BLACKPINK Born Pink,3
BLACKPINK_20220916_BORN_PINK,2025-10-12,BLACKPINK Born Pink,4
BLACKPINK_20220916_BORN_PINK,2025-10-19,BLACKPINK Born Pink,4
BLACKPINK_20220916_BORN_PINK,2025-10-26,BLACKPINK Born Pink,4
BLACKPINK_20220916_BORN_PINK,2025-11-02,BLACKPINK Born Pink,4
BLACKPINK_20220916_BORN_PINK,2025-11-09,BLACKPINK Born Pink,3
BLACKPINK_20220916_BORN_PINK,2025-11-16,BLACKPINK Born Pink,3
BLACKPINK_20220916_BORN_PINK,2025-11-23,BLACKPINK Born Pink,4
BLACKPINK_20220916_BORN_PINK,2025-11-30,BLACKPINK Born Pink,5
BLACKPINK_20220916_BORN_PINK,2025-12-07,BLACKPINK Born Pink,4
BLACKPINK_20220916_BORN_PINK,2025-12-14,BLACKPINK Born Pink,4
BLACKPINK_20220916_BORN_PINK,2025-12-21,BLACKPINK Born Pink,2
BLACKPINK_20220916_BORN_PINK,2025-12-28,BLACKPINK Born Pink,3
BLACKPINK_20230110_COACHELLA_HEADLINER,2020-12-27,BLACKPINK Coachella,1
BLACKPINK_20230110_COACHELLA_HEADLINER,2021-01-03,BLACKPINK Coachella,1
BLACKPINK_20230110_COACHELLA_HEADLINER,2021-01-10,BLACKPINK Coachella,1
BLACKPINK_20230110_COACHELLA_HEADLINER,2021-01-17,BLACKPINK Coachella,1
BLACKPINK_20230110_COACHELLA_HEADLINER,2021-01-24,BLACKPINK Coachella,1
BLACKPINK_20230110_COACHELLA_HEADLINER,2021-01-31,BLACKPINK Coachella,1
BLACKPINK_20230110_COACHELLA_HEADLINER,2021-02-07,BLACKPINK Coachella,1
BLACKPINK_20230110_COACHELLA_HEADLINER,2021-02-14,BLACKPINK Coachella,0
BLACKPINK_20230110_COACHELLA_HEADLINER,2021-02-21,BLACKPINK Coachella,1
BLACKPINK_20230110_COACHELLA_HEADLINER,2021-02-28,BLACKPINK Coachella,1
BLACKPINK_20230110_COACHELLA_HEADLINER,2021-03-07,BLACKPINK Coachella,0
BLACKPINK_20230110_COACHELLA_HEADLINER,2021-03-14,BLACKPINK Coachella,0
BLACKPINK_20230110_COACHELLA_HEADLINER,2021-03-21,BLACKPINK Coachella,0
BLACKPINK_20230110_COACHELLA_HEADLINER,2021-03-28,BLACKPINK Coachella,1
BLACKPINK_20230110_COACHELLA_HEADLINER,2021-04-04,BLACKPINK Coachella,1
BLACKPINK_20230110_COACHELLA_HEADLINER,2021-04-11,BLACKPINK Coachella,1
BLACKPINK_20230110_COACHELLA_HEADLINER,2021-04-18,BLACKPINK Coachella,1
BLACKPINK_20230110_COACHELLA_HEADLINER,2021-04-25,BLACKPINK Coachella,1
BLACKPINK_20230110_COACHELLA_HEADLINER,2021-05-02,BLACKPINK Coachella,1
BLACKPINK_20230110_COACHELLA_HEADLINER,2021-05-09,BLACKPINK Coachella,1
BLACKPINK_20230110_COACHELLA_HEADLINER,2021-05-16,BLACKPINK Coachella,1
BLACKPINK_20230110_COACHELLA_HEADLINER,2021-05-23,BLACKPINK Coachella,1
BLACKPINK_20230110_COACHELLA_HEADLINER,2021-05-30,BLACKPINK Coachella,1
BLACKPINK_20230110_COACHELLA_HEADLINER,2021-06-06,BLACKPINK Coachella,1
BLACKPINK_20230110_COACHELLA_HEADLINER,2021-06-13,BLACKPINK Coachella,1
BLACKPINK_20230110_COACHELLA_HEADLINER,2021-06-20,BLACKPINK Coachella,0
BLACKPINK_20230110_COACHELLA_HEADLINER,2021-06-27,BLACKPINK Coachella,0
BLACKPINK_20230110_COACHELLA_HEADLINER,2021-07-04,BLACKPINK Coachella,0
BLACKPINK_20230110_COACHELLA_HEADLINER,2021-07-11,BLACKPINK Coachella,1
BLACKPINK_20230110_COACHELLA_HEADLINER,2021-07-18,BLACKPINK Coachella,0
BLACKPINK_20230110_COACHELLA_HEADLINER,2021-07-25,BLACKPINK Coachella,1
BLACKPINK_20230110_COACHELLA_HEADLINER,2021-08-01,BLACKPINK Coachella,1
BLACKPINK_20230110_COACHELLA_HEADLINER,2021-08-08,BLACKPINK Coachella,1
BLACKPINK_20230110_COACHELLA_HEADLINER,2021-08-15,BLACKPINK Coachella,1
BLACKPINK_20230110_COACHELLA_HEADLINER,2021-08-22,BLACKPINK Coachella,1
BLACKPINK_20230110_COACHELLA_HEADLINER,2021-08-29,BLACKPINK Coachella,1
BLACKPINK_20230110_COACHELLA_HEADLINER,2021-09-05,BLACKPINK Coachella,1
BLACKPINK_20230110_COACHELLA_HEADLINER,2021-09-12,BLACKPINK Coachella,0
BLACKPINK_20230110_COACHELLA_HEADLINER,2021-09-19,BLACKPINK Coachella,1
BLACKPINK_20230110_COACHELLA_HEADLINER,2021-09-26,BLACKPINK Coachella,0
BLACKPINK_20230110_COACHELLA_HEADLINER,2021-10-03,BLACKPINK Coachella,0
BLACKPINK_20230110_COACHELLA_HEADLINER,2021-10-10,BLACKPINK Coachella,0
BLACKPINK_20230110_COACHELLA_HEADLINER,2021-10-17,BLACKPINK Coachella,1
BLACKPINK_20230110_COACHELLA_HEADLINER,2021-10-24,BLACKPINK Coachella,0
BLACKPINK_20230110_COACHELLA_HEADLINER,2021-10-31,BLACKPINK Coachella,1
BLACKPINK_20230110_COACHELLA_HEADLINER,2021-11-07,BLACKPINK Coachella,0
BLACKPINK_20230110_COACHELLA_HEADLINER,2021-11-14,BLACKPINK Coachella,1
BLACKPINK_20230110_COACHELLA_HEADLINER,2021-11-21,BLACKPINK Coachella,0
BLACKPINK_20230110_COACHELLA_HEADLINER,2021-11-28,BLACKPINK Coachella,0
BLACKPINK_20230110_COACHELLA_HEADLINER,2021-12-05,BLACKPINK Coachella,0
BLACKPINK_20230110_COACHELLA_HEADLINER,2021-12-12,BLACKPINK Coachella,0
BLACKPINK_20230110_COACHELLA_HEADLINER,2021-12-19,BLACKPINK Coachella,1
BLACKPINK_20230110_COACHELLA_HEADLINER,2021-12-26,BLACKPINK Coachella,0
BLACKPINK_20230110_COACHELLA_HEADLINER,2022-01-02,BLACKPINK Coachella,1
BLACKPINK_20230110_COACHELLA_HEADLINER,2022-01-09,BLACKPINK Coachella,1
BLACKPINK_20230110_COACHELLA_HEADLINER,2022-01-16,BLACKPINK Coachella,1
BLACKPINK_20230110_COACHELLA_HEADLINER,2022-01-23,BLACKPINK Coachella,1
BLACKPINK_20230110_COACHELLA_HEADLINER,2022-01-30,BLACKPINK Coachella,0
BLACKPINK_20230110_COACHELLA_HEADLINER,2022-02-06,BLACKPINK Coachella,0
BLACKPINK_20230110_COACHELLA_HEADLINER,2022-02-13,BLACKPINK Coachella,0
BLACKPINK_20230110_COACHELLA_HEADLINER,2022-02-20,BLACKPINK Coachella,0
BLACKPINK_20230110_COACHELLA_HEADLINER,2022-02-27,BLACKPINK Coachella,0
BLACKPINK_20230110_COACHELLA_HEADLINER,2022-03-06,BLACKPINK Coachella,0
BLACKPINK_20230110_COACHELLA_HEADLINER,2022-03-13,BLACKPINK Coachella,0
BLACKPINK_20230110_COACHELLA_HEADLINER,2022-03-20,BLACKPINK Coachella,1
BLACKPINK_20230110_COACHELLA_HEADLINER,2022-03-27,BLACKPINK Coachella,0
BLACKPINK_20230110_COACHELLA_HEADLINER,2022-04-03,BLACKPINK Coachella,1
BLACKPINK_20230110_COACHELLA_HEADLINER,2022-04-10,BLACKPINK Coachella,2
BLACKPINK_20230110_COACHELLA_HEADLINER,2022-04-17,BLACKPINK Coachella,8
BLACKPINK_20230110_COACHELLA_HEADLINER,2022-04-24,BLACKPINK Coachella,7
BLACKPINK_20230110_COACHELLA_HEADLINER,2022-05-01,BLACKPINK Coachella,1
BLACKPINK_20230110_COACHELLA_HEADLINER,2022-05-08,BLACKPINK Coachella,1
BLACKPINK_20230110_COACHELLA_HEADLINER,2022-05-15,BLACKPINK Coachella,1
BLACKPINK_20230110_COACHELLA_HEADLINER,2022-05-22,BLACKPINK Coachella,1
BLACKPINK_20230110_COACHELLA_HEADLINER,2022-05-29,BLACKPINK Coachella,0
BLACKPINK_20230110_COACHELLA_HEADLINER,2022-06-05,BLACKPINK Coachella,1
BLACKPINK_20230110_COACHELLA_HEADLINER,2022-06-12,BLACKPINK Coachella,0
BLACKPINK_20230110_COACHELLA_HEADLINER,2022-06-19,BLACKPINK Coachella,1
BLACKPINK_20230110_COACHELLA_HEADLINER,2022-06-26,BLACKPINK Coachella,0
BLACKPINK_20230110_COACHELLA_HEADLINER,2022-07-03,BLACKPINK Coachella,0
BLACKPINK_20230110_COACHELLA_HEADLINER,2022-07-10,BLACKPINK Coachella,0
BLACKPINK_20230110_COACHELLA_HEADLINER,2022-07-17,BLACKPINK Coachella,0
BLACKPINK_20230110_COACHELLA_HEADLINER,2022-07-24,BLACKPINK Coachella,0
BLACKPINK_20230110_COACHELLA_HEADLINER,2022-07-31,BLACKPINK Coachella,1
BLACKPINK_20230110_COACHELLA_HEADLINER,2022-08-07,BLACKPINK Coachella,1
BLACKPINK_20230110_COACHELLA_HEADLINER,2022-08-14,BLACKPINK Coachella,1
BLACKPINK_20230110_COACHELLA_HEADLINER,2022-08-21,BLACKPINK Coachella,1
BLACKPINK_20230110_COACHELLA_HEADLINER,2022-08-28,BLACKPINK Coachella,0
BLACKPINK_20230110_COACHELLA_HEADLINER,2022-09-04,BLACKPINK Coachella,0
BLACKPINK_20230110_COACHELLA_HEADLINER,2022-09-11,BLACKPINK Coachella,0
BLACKPINK_20230110_COACHELLA_HEADLINER,2022-09-18,BLACKPINK Coachella,0
BLACKPINK_20230110_COACHELLA_HEADLINER,2022-09-25,BLACKPINK Coachella,0
BLACKPINK_20230110_COACHELLA_HEADLINER,2022-10-02,BLACKPINK Coachella,0
BLACKPINK_20230110_COACHELLA_HEADLINER,2022-10-09,BLACKPINK Coachella,0
BLACKPINK_20230110_COACHELLA_HEADLINER,2022-10-16,BLACKPINK Coachella,0
BLACKPINK_20230110_COACHELLA_HEADLINER,2022-10-23,BLACKPINK Coachella,0
BLACKPINK_20230110_COACHELLA_HEADLINER,2022-10-30,BLACKPINK Coachella,0
BLACKPINK_20230110_COACHELLA_HEADLINER,2022-11-06,BLACKPINK Coachella,0
BLACKPINK_20230110_COACHELLA_HEADLINER,2022-11-13,BLACKPINK Coachella,0
BLACKPINK_20230110_COACHELLA_HEADLINER,2022-11-20,BLACKPINK Coachella,0
BLACKPINK_20230110_COACHELLA_HEADLINER,2022-11-27,BLACKPINK Coachella,0
BLACKPINK_20230110_COACHELLA_HEADLINER,2022-12-04,BLACKPINK Coachella,0
BLACKPINK_20230110_COACHELLA_HEADLINER,2022-12-11,BLACKPINK Coachella,0
BLACKPINK_20230110_COACHELLA_HEADLINER,2022-12-18,BLACKPINK Coachella,0
BLACKPINK_20230110_COACHELLA_HEADLINER,2022-12-25,BLACKPINK Coachella,1
BLACKPINK_20230110_COACHELLA_HEADLINER,2023-01-01,BLACKPINK Coachella,2
BLACKPINK_20230110_COACHELLA_HEADLINER,2023-01-08,BLACKPINK Coachella,6
BLACKPINK_20230110_COACHELLA_HEADLINER,2023-01-15,BLACKPINK Coachella,1
BLACKPINK_20230110_COACHELLA_HEADLINER,2023-01-22,BLACKPINK Coachella,1
BLACKPINK_20230110_COACHELLA_HEADLINER,2023-01-29,BLACKPINK Coachella,1
BLACKPINK_20230110_COACHELLA_HEADLINER,2023-02-05,BLACKPINK Coachella,1
BLACKPINK_20230110_COACHELLA_HEADLINER,2023-02-12,BLACKPINK Coachella,1
BLACKPINK_20230110_COACHELLA_HEADLINER,2023-02-19,BLACKPINK Coachella,1
BLACKPINK_20230110_COACHELLA_HEADLINER,2023-02-26,BLACKPINK Coachella,1
BLACKPINK_20230110_COACHELLA_HEADLINER,2023-03-05,BLACKPINK Coachella,1
BLACKPINK_20230110_COACHELLA_HEADLINER,2023-03-12,BLACKPINK Coachella,2
BLACKPINK_20230110_COACHELLA_HEADLINER,2023-03-19,BLACKPINK Coachella,1
BLACKPINK_20230110_COACHELLA_HEADLINER,2023-03-26,BLACKPINK Coachella,1
BLACKPINK_20230110_COACHELLA_HEADLINER,2023-04-02,BLACKPINK Coachella,4
BLACKPINK_20230110_COACHELLA_HEADLINER,2023-04-09,BLACKPINK Coachella,24
BLACKPINK_20230110_COACHELLA_HEADLINER,2023-04-16,BLACKPINK Coachella,100
BLACKPINK_20230110_COACHELLA_HEADLINER,2023-04-23,BLACKPINK Coachella,45
BLACKPINK_20230110_COACHELLA_HEADLINER,2023-04-30,BLACKPINK Coachella,8
BLACKPINK_20230110_COACHELLA_HEADLINER,2023-05-07,BLACKPINK Coachella,5
BLACKPINK_20230110_COACHELLA_HEADLINER,2023-05-14,BLACKPINK Coachella,4
BLACKPINK_20230110_COACHELLA_HEADLINER,2023-05-21,BLACKPINK Coachella,4
BLACKPINK_20230110_COACHELLA_HEADLINER,2023-05-28,BLACKPINK Coachella,4
BLACKPINK_20230110_COACHELLA_HEADLINER,2023-06-04,BLACKPINK Coachella,3
BLACKPINK_20230110_COACHELLA_HEADLINER,2023-06-11,BLACKPINK Coachella,3
BLACKPINK_20230110_COACHELLA_HEADLINER,2023-06-18,BLACKPINK Coachella,3
BLACKPINK_20230110_COACHELLA_HEADLINER,2023-06-25,BLACKPINK Coachella,3
BLACKPINK_20230110_COACHELLA_HEADLINER,2023-07-02,BLACKPINK Coachella,3
BLACKPINK_20230110_COACHELLA_HEADLINER,2023-07-09,BLACKPINK Coachella,3
BLACKPINK_20230110_COACHELLA_HEADLINER,2023-07-16,BLACKPINK Coachella,2
BLACKPINK_20230110_COACHELLA_HEADLINER,2023-07-23,BLACKPINK Coachella,2
BLACKPINK_20230110_COACHELLA_HEADLINER,2023-07-30,BLACKPINK Coachella,2
BLACKPINK_20230110_COACHELLA_HEADLINER,2023-08-06,BLACKPINK Coachella,2
BLACKPINK_20230110_COACHELLA_HEADLINER,2023-08-13,BLACKPINK Coachella,2
BLACKPINK_20230110_COACHELLA_HEADLINER,2023-08-20,BLACKPINK Coachella,2
BLACKPINK_20230110_COACHELLA_HEADLINER,2023-08-27,BLACKPINK Coachella,1
BLACKPINK_20230110_COACHELLA_HEADLINER,2023-09-03,BLACKPINK Coachella,1
BLACKPINK_20230110_COACHELLA_HEADLINER,2023-09-10,BLACKPINK Coachella,1
BLACKPINK_20230110_COACHELLA_HEADLINER,2023-09-17,BLACKPINK Coachella,1
BLACKPINK_20230110_COACHELLA_HEADLINER,2023-09-24,BLACKPINK Coachella,1
BLACKPINK_20230110_COACHELLA_HEADLINER,2023-10-01,BLACKPINK Coachella,1
BLACKPINK_20230110_COACHELLA_HEADLINER,2023-10-08,BLACKPINK Coachella,1
BLACKPINK_20230110_COACHELLA_HEADLINER,2023-10-15,BLACKPINK Coachella,1
BLACKPINK_20230110_COACHELLA_HEADLINER,2023-10-22,BLACKPINK Coachella,1
BLACKPINK_20230110_COACHELLA_HEADLINER,2023-10-29,BLACKPINK Coachella,1
BLACKPINK_20230110_COACHELLA_HEADLINER,2023-11-05,BLACKPINK Coachella,1
BLACKPINK_20230110_COACHELLA_HEADLINER,2023-11-12,BLACKPINK Coachella,1
BLACKPINK_20230110_COACHELLA_HEADLINER,2023-11-19,BLACKPINK Coachella,1
BLACKPINK_20230110_COACHELLA_HEADLINER,2023-11-26,BLACKPINK Coachella,1
BLACKPINK_20230110_COACHELLA_HEADLINER,2023-12-03,BLACKPINK Coachella,1
BLACKPINK_20230110_COACHELLA_HEADLINER,2023-12-10,BLACKPINK Coachella,1
BLACKPINK_20230110_COACHELLA_HEADLINER,2023-12-17,BLACKPINK Coachella,1
BLACKPINK_20230110_COACHELLA_HEADLINER,2023-12-24,BLACKPINK Coachella,1
BLACKPINK_20230110_COACHELLA_HEADLINER,2023-12-31,BLACKPINK Coachella,1
BLACKPINK_20230110_COACHELLA_HEADLINER,2024-01-07,BLACKPINK Coachella,1
BLACKPINK_20230110_COACHELLA_HEADLINER,2024-01-14,BLACKPINK Coachella,1
BLACKPINK_20230110_COACHELLA_HEADLINER,2024-01-21,BLACKPINK Coachella,1
BLACKPINK_20230110_COACHELLA_HEADLINER,2024-01-28,BLACKPINK Coachella,1
BLACKPINK_20230110_COACHELLA_HEADLINER,2024-02-04,BLACKPINK Coachella,1
BLACKPINK_20230110_COACHELLA_HEADLINER,2024-02-11,BLACKPINK Coachella,1
BLACKPINK_20230110_COACHELLA_HEADLINER,2024-02-18,BLACKPINK Coachella,1
BLACKPINK_20230110_COACHELLA_HEADLINER,2024-02-25,BLACKPINK Coachella,1
BLACKPINK_20230110_COACHELLA_HEADLINER,2024-03-03,BLACKPINK Coachella,1
BLACKPINK_20230110_COACHELLA_HEADLINER,2024-03-10,BLACKPINK Coachella,1
BLACKPINK_20230110_COACHELLA_HEADLINER,2024-03-17,BLACKPINK Coachella,1
BLACKPINK_20230110_COACHELLA_HEADLINER,2024-03-24,BLACKPINK Coachella,1
BLACKPINK_20230110_COACHELLA_HEADLINER,2024-03-31,BLACKPINK Coachella,1
BLACKPINK_20230110_COACHELLA_HEADLINER,2024-04-07,BLACKPINK Coachella,3
BLACKPINK_20230110_COACHELLA_HEADLINER,2024-04-14,BLACKPINK Coachella,9
BLACKPINK_20230110_COACHELLA_HEADLINER,2024-04-21,BLACKPINK Coachella,3
BLACKPINK_20230110_COACHELLA_HEADLINER,2024-04-28,BLACKPINK Coachella,1
BLACKPINK_20230110_COACHELLA_HEADLINER,2024-05-05,BLACKPINK Coachella,1
BLACKPINK_20230110_COACHELLA_HEADLINER,2024-05-12,BLACKPINK Coachella,1
BLACKPINK_20230110_COACHELLA_HEADLINER,2024-05-19,BLACKPINK Coachella,1
BLACKPINK_20230110_COACHELLA_HEADLINER,2024-05-26,BLACKPINK Coachella,1
BLACKPINK_20230110_COACHELLA_HEADLINER,2024-06-02,BLACKPINK Coachella,1
BLACKPINK_20230110_COACHELLA_HEADLINER,2024-06-09,BLACKPINK Coachella,1
BLACKPINK_20230110_COACHELLA_HEADLINER,2024-06-16,BLACKPINK Coachella,1
BLACKPINK_20230110_COACHELLA_HEADLINER,2024-06-23,BLACKPINK Coachella,1
BLACKPINK_20230110_COACHELLA_HEADLINER,2024-06-30,BLACKPINK Coachella,1
BLACKPINK_20230110_COACHELLA_HEADLINER,2024-07-07,BLACKPINK Coachella,1
BLACKPINK_20230110_COACHELLA_HEADLINER,2024-07-14,BLACKPINK Coachella,1
BLACKPINK_20230110_COACHELLA_HEADLINER,2024-07-21,BLACKPINK Coachella,1
BLACKPINK_20230110_COACHELLA_HEADLINER,2024-07-28,BLACKPINK Coachella,1
BLACKPINK_20230110_COACHELLA_HEADLINER,2024-08-04,BLACKPINK Coachella,1
BLACKPINK_20230110_COACHELLA_HEADLINER,2024-08-11,BLACKPINK Coachella,1
BLACKPINK_20230110_COACHELLA_HEADLINER,2024-08-18,BLACKPINK Coachella,1
BLACKPINK_20230110_COACHELLA_HEADLINER,2024-08-25,BLACKPINK Coachella,1
BLACKPINK_20230110_COACHELLA_HEADLINER,2024-09-01,BLACKPINK Coachella,0
BLACKPINK_20230110_COACHELLA_HEADLINER,2024-09-08,BLACKPINK Coachella,1
BLACKPINK_20230110_COACHELLA_HEADLINER,2024-09-15,BLACKPINK Coachella,1
BLACKPINK_20230110_COACHELLA_HEADLINER,2024-09-22,BLACKPINK Coachella,0
BLACKPINK_20230110_COACHELLA_HEADLINER,2024-09-29,BLACKPINK Coachella,1
BLACKPINK_20230110_COACHELLA_HEADLINER,2024-10-06,BLACKPINK Coachella,1
BLACKPINK_20230110_COACHELLA_HEADLINER,2024-10-13,BLACKPINK Coachella,0
BLACKPINK_20230110_COACHELLA_HEADLINER,2024-10-20,BLACKPINK Coachella,0
BLACKPINK_20230110_COACHELLA_HEADLINER,2024-10-27,BLACKPINK Coachella,1
BLACKPINK_20230110_COACHELLA_HEADLINER,2024-11-03,BLACKPINK Coachella,0
BLACKPINK_20230110_COACHELLA_HEADLINER,2024-11-10,BLACKPINK Coachella,0
BLACKPINK_20230110_COACHELLA_HEADLINER,2024-11-17,BLACKPINK Coachella,1
BLACKPINK_20230110_COACHELLA_HEADLINER,2024-11-24,BLACKPINK Coachella,1
BLACKPINK_20230110_COACHELLA_HEADLINER,2024-12-01,BLACKPINK Coachella,1
BLACKPINK_20230110_COACHELLA_HEADLINER,2024-12-08,BLACKPINK Coachella,1
BLACKPINK_20230110_COACHELLA_HEADLINER,2024-12-15,BLACKPINK Coachella,1
BLACKPINK_20230110_COACHELLA_HEADLINER,2024-12-22,BLACKPINK Coachella,0
BLACKPINK_20230110_COACHELLA_HEADLINER,2024-12-29,BLACKPINK Coachella,1
BLACKPINK_20230110_COACHELLA_HEADLINER,2025-01-05,BLACKPINK Coachella,0
BLACKPINK_20230110_COACHELLA_HEADLINER,2025-01-12,BLACKPINK Coachella,0
BLACKPINK_20230110_COACHELLA_HEADLINER,2025-01-19,BLACKPINK Coachella,1
BLACKPINK_20230110_COACHELLA_HEADLINER,2025-01-26,BLACKPINK Coachella,1
BLACKPINK_20230110_COACHELLA_HEADLINER,2025-02-02,BLACKPINK Coachella,1
BLACKPINK_20230110_COACHELLA_HEADLINER,2025-02-09,BLACKPINK Coachella,0
BLACKPINK_20230110_COACHELLA_HEADLINER,2025-02-16,BLACKPINK Coachella,0
BLACKPINK_20230110_COACHELLA_HEADLINER,2025-02-23,BLACKPINK Coachella,1
BLACKPINK_20230110_COACHELLA_HEADLINER,2025-03-02,BLACKPINK Coachella,0
BLACKPINK_20230110_COACHELLA_HEADLINER,2025-03-09,BLACKPINK Coachella,1
BLACKPINK_20230110_COACHELLA_HEADLINER,2025-03-16,BLACKPINK Coachella,1
BLACKPINK_20230110_COACHELLA_HEADLINER,2025-03-23,BLACKPINK Coachella,1
BLACKPINK_20230110_COACHELLA_HEADLINER,2025-03-30,BLACKPINK Coachella,1
BLACKPINK_20230110_COACHELLA_HEADLINER,2025-04-06,BLACKPINK Coachella,4
BLACKPINK_20230110_COACHELLA_HEADLINER,2025-04-13,BLACKPINK Coachella,8
BLACKPINK_20230110_COACHELLA_HEADLINER,2025-04-20,BLACKPINK Coachella,3
BLACKPINK_20230110_COACHELLA_HEADLINER,2025-04-27,BLACKPINK Coachella,1
BLACKPINK_20230110_COACHELLA_HEADLINER,2025-05-04,BLACKPINK Coachella,1
BLACKPINK_20230110_COACHELLA_HEADLINER,2025-05-11,BLACKPINK Coachella,1
BLACKPINK_20230110_COACHELLA_HEADLINER,2025-05-18,BLACKPINK Coachella,1
BLACKPINK_20230110_COACHELLA_HEADLINER,2025-05-25,BLACKPINK Coachella,0
BLACKPINK_20230110_COACHELLA_HEADLINER,2025-06-01,BLACKPINK Coachella,1
BLACKPINK_20230110_COACHELLA_HEADLINER,2025-06-08,BLACKPINK Coachella,1
BLACKPINK_20230110_COACHELLA_HEADLINER,2025-06-15,BLACKPINK Coachella,0
BLACKPINK_20230110_COACHELLA_HEADLINER,2025-06-22,BLACKPINK Coachella,1
BLACKPINK_20230110_COACHELLA_HEADLINER,2025-06-29,BLACKPINK Coachella,1
BLACKPINK_20230110_COACHELLA_HEADLINER,2025-07-06,BLACKPINK Coachella,1
BLACKPINK_20230110_COACHELLA_HEADLINER,2025-07-13,BLACKPINK Coachella,1
BLACKPINK_20230110_COACHELLA_HEADLINER,2025-07-20,BLACKPINK Coachella,1
BLACKPINK_20230110_COACHELLA_HEADLINER,2025-07-27,BLACKPINK Coachella,1
BLACKPINK_20230110_COACHELLA_HEADLINER,2025-08-03,BLACKPINK Coachella,1
BLACKPINK_20230110_COACHELLA_HEADLINER,2025-08-10,BLACKPINK Coachella,1
BLACKPINK_20230110_COACHELLA_HEADLINER,2025-08-17,BLACKPINK Coachella,1
BLACKPINK_20230110_COACHELLA_HEADLINER,2025-08-24,BLACKPINK Coachella,1
BLACKPINK_20230110_COACHELLA_HEADLINER,2025-08-31,BLACKPINK Coachella,1
BLACKPINK_20230110_COACHELLA_HEADLINER,2025-09-07,BLACKPINK Coachella,1
BLACKPINK_20230110_COACHELLA_HEADLINER,2025-09-14,BLACKPINK Coachella,1
BLACKPINK_20230110_COACHELLA_HEADLINER,2025-09-21,BLACKPINK Coachella,1
BLACKPINK_20230110_COACHELLA_HEADLINER,2025-09-28,BLACKPINK Coachella,1
BLACKPINK_20230110_COACHELLA_HEADLINER,2025-10-05,BLACKPINK Coachella,1
BLACKPINK_20230110_COACHELLA_HEADLINER,2025-10-12,BLACKPINK Coachella,1
BLACKPINK_20230110_COACHELLA_HEADLINER,2025-10-19,BLACKPINK Coachella,1
BLACKPINK_20230110_COACHELLA_HEADLINER,2025-10-26,BLACKPINK Coachella,0
BLACKPINK_20230110_COACHELLA_HEADLINER,2025-11-02,BLACKPINK Coachella,1
BLACKPINK_20230110_COACHELLA_HEADLINER,2025-11-09,BLACKPINK Coachella,1
BLACKPINK_20230110_COACHELLA_HEADLINER,2025-11-16,BLACKPINK Coachella,1
BLACKPINK_20230110_COACHELLA_HEADLINER,2025-11-23,BLACKPINK Coachella,1
BLACKPINK_20230110_COACHELLA_HEADLINER,2025-11-30,BLACKPINK Coachella,0
BLACKPINK_20230110_COACHELLA_HEADLINER,2025-12-07,BLACKPINK Coachella,0
BLACKPINK_20230110_COACHELLA_HEADLINER,2025-12-14,BLACKPINK Coachella,0
BLACKPINK_20230110_COACHELLA_HEADLINER,2025-12-21,BLACKPINK Coachella,0
BLACKPINK_20230110_COACHELLA_HEADLINER,2025-12-28,BLACKPINK Coachella,1
BLACKPINK_20231206_GROUP_CONTRACT_RENEWAL,2020-12-27,BLACKPINK contract renewal,0
BLACKPINK_20231206_GROUP_CONTRACT_RENEWAL,2021-01-03,BLACKPINK contract renewal,0
BLACKPINK_20231206_GROUP_CONTRACT_RENEWAL,2021-01-10,BLACKPINK contract renewal,0
BLACKPINK_20231206_GROUP_CONTRACT_RENEWAL,2021-01-17,BLACKPINK contract renewal,0
BLACKPINK_20231206_GROUP_CONTRACT_RENEWAL,2021-01-24,BLACKPINK contract renewal,0
BLACKPINK_20231206_GROUP_CONTRACT_RENEWAL,2021-01-31,BLACKPINK contract renewal,0
BLACKPINK_20231206_GROUP_CONTRACT_RENEWAL,2021-02-07,BLACKPINK contract renewal,0
BLACKPINK_20231206_GROUP_CONTRACT_RENEWAL,2021-02-14,BLACKPINK contract renewal,0
BLACKPINK_20231206_GROUP_CONTRACT_RENEWAL,2021-02-21,BLACKPINK contract renewal,0
BLACKPINK_20231206_GROUP_CONTRACT_RENEWAL,2021-02-28,BLACKPINK contract renewal,0
BLACKPINK_20231206_GROUP_CONTRACT_RENEWAL,2021-03-07,BLACKPINK contract renewal,0
BLACKPINK_20231206_GROUP_CONTRACT_RENEWAL,2021-03-14,BLACKPINK contract renewal,0
BLACKPINK_20231206_GROUP_CONTRACT_RENEWAL,2021-03-21,BLACKPINK contract renewal,0
BLACKPINK_20231206_GROUP_CONTRACT_RENEWAL,2021-03-28,BLACKPINK contract renewal,0
BLACKPINK_20231206_GROUP_CONTRACT_RENEWAL,2021-04-04,BLACKPINK contract renewal,0
BLACKPINK_20231206_GROUP_CONTRACT_RENEWAL,2021-04-11,BLACKPINK contract renewal,0
BLACKPINK_20231206_GROUP_CONTRACT_RENEWAL,2021-04-18,BLACKPINK contract renewal,0
BLACKPINK_20231206_GROUP_CONTRACT_RENEWAL,2021-04-25,BLACKPINK contract renewal,0
BLACKPINK_20231206_GROUP_CONTRACT_RENEWAL,2021-05-02,BLACKPINK contract renewal,0
BLACKPINK_20231206_GROUP_CONTRACT_RENEWAL,2021-05-09,BLACKPINK contract renewal,0
BLACKPINK_20231206_GROUP_CONTRACT_RENEWAL,2021-05-16,BLACKPINK contract renewal,0
BLACKPINK_20231206_GROUP_CONTRACT_RENEWAL,2021-05-23,BLACKPINK contract renewal,0
BLACKPINK_20231206_GROUP_CONTRACT_RENEWAL,2021-05-30,BLACKPINK contract renewal,0
BLACKPINK_20231206_GROUP_CONTRACT_RENEWAL,2021-06-06,BLACKPINK contract renewal,0
BLACKPINK_20231206_GROUP_CONTRACT_RENEWAL,2021-06-13,BLACKPINK contract renewal,0
BLACKPINK_20231206_GROUP_CONTRACT_RENEWAL,2021-06-20,BLACKPINK contract renewal,0
BLACKPINK_20231206_GROUP_CONTRACT_RENEWAL,2021-06-27,BLACKPINK contract renewal,0
BLACKPINK_20231206_GROUP_CONTRACT_RENEWAL,2021-07-04,BLACKPINK contract renewal,0
BLACKPINK_20231206_GROUP_CONTRACT_RENEWAL,2021-07-11,BLACKPINK contract renewal,0
BLACKPINK_20231206_GROUP_CONTRACT_RENEWAL,2021-07-18,BLACKPINK contract renewal,0
BLACKPINK_20231206_GROUP_CONTRACT_RENEWAL,2021-07-25,BLACKPINK contract renewal,0
BLACKPINK_20231206_GROUP_CONTRACT_RENEWAL,2021-08-01,BLACKPINK contract renewal,0
BLACKPINK_20231206_GROUP_CONTRACT_RENEWAL,2021-08-08,BLACKPINK contract renewal,0
BLACKPINK_20231206_GROUP_CONTRACT_RENEWAL,2021-08-15,BLACKPINK contract renewal,0
BLACKPINK_20231206_GROUP_CONTRACT_RENEWAL,2021-08-22,BLACKPINK contract renewal,0
BLACKPINK_20231206_GROUP_CONTRACT_RENEWAL,2021-08-29,BLACKPINK contract renewal,0
BLACKPINK_20231206_GROUP_CONTRACT_RENEWAL,2021-09-05,BLACKPINK contract renewal,8
BLACKPINK_20231206_GROUP_CONTRACT_RENEWAL,2021-09-12,BLACKPINK contract renewal,0
BLACKPINK_20231206_GROUP_CONTRACT_RENEWAL,2021-09-19,BLACKPINK contract renewal,0
BLACKPINK_20231206_GROUP_CONTRACT_RENEWAL,2021-09-26,BLACKPINK contract renewal,0
BLACKPINK_20231206_GROUP_CONTRACT_RENEWAL,2021-10-03,BLACKPINK contract renewal,0
BLACKPINK_20231206_GROUP_CONTRACT_RENEWAL,2021-10-10,BLACKPINK contract renewal,0
BLACKPINK_20231206_GROUP_CONTRACT_RENEWAL,2021-10-17,BLACKPINK contract renewal,0
BLACKPINK_20231206_GROUP_CONTRACT_RENEWAL,2021-10-24,BLACKPINK contract renewal,0
BLACKPINK_20231206_GROUP_CONTRACT_RENEWAL,2021-10-31,BLACKPINK contract renewal,0
BLACKPINK_20231206_GROUP_CONTRACT_RENEWAL,2021-11-07,BLACKPINK contract renewal,0
BLACKPINK_20231206_GROUP_CONTRACT_RENEWAL,2021-11-14,BLACKPINK contract renewal,0
BLACKPINK_20231206_GROUP_CONTRACT_RENEWAL,2021-11-21,BLACKPINK contract renewal,0
BLACKPINK_20231206_GROUP_CONTRACT_RENEWAL,2021-11-28,BLACKPINK contract renewal,0
BLACKPINK_20231206_GROUP_CONTRACT_RENEWAL,2021-12-05,BLACKPINK contract renewal,0
BLACKPINK_20231206_GROUP_CONTRACT_RENEWAL,2021-12-12,BLACKPINK contract renewal,0
BLACKPINK_20231206_GROUP_CONTRACT_RENEWAL,2021-12-19,BLACKPINK contract renewal,0
BLACKPINK_20231206_GROUP_CONTRACT_RENEWAL,2021-12-26,BLACKPINK contract renewal,0
BLACKPINK_20231206_GROUP_CONTRACT_RENEWAL,2022-01-02,BLACKPINK contract renewal,0
BLACKPINK_20231206_GROUP_CONTRACT_RENEWAL,2022-01-09,BLACKPINK contract renewal,0
BLACKPINK_20231206_GROUP_CONTRACT_RENEWAL,2022-01-16,BLACKPINK contract renewal,0
BLACKPINK_20231206_GROUP_CONTRACT_RENEWAL,2022-01-23,BLACKPINK contract renewal,0
BLACKPINK_20231206_GROUP_CONTRACT_RENEWAL,2022-01-30,BLACKPINK contract renewal,0
BLACKPINK_20231206_GROUP_CONTRACT_RENEWAL,2022-02-06,BLACKPINK contract renewal,0
BLACKPINK_20231206_GROUP_CONTRACT_RENEWAL,2022-02-13,BLACKPINK contract renewal,0
BLACKPINK_20231206_GROUP_CONTRACT_RENEWAL,2022-02-20,BLACKPINK contract renewal,0
BLACKPINK_20231206_GROUP_CONTRACT_RENEWAL,2022-02-27,BLACKPINK contract renewal,0
BLACKPINK_20231206_GROUP_CONTRACT_RENEWAL,2022-03-06,BLACKPINK contract renewal,0
BLACKPINK_20231206_GROUP_CONTRACT_RENEWAL,2022-03-13,BLACKPINK contract renewal,0
BLACKPINK_20231206_GROUP_CONTRACT_RENEWAL,2022-03-20,BLACKPINK contract renewal,0
BLACKPINK_20231206_GROUP_CONTRACT_RENEWAL,2022-03-27,BLACKPINK contract renewal,0
BLACKPINK_20231206_GROUP_CONTRACT_RENEWAL,2022-04-03,BLACKPINK contract renewal,0
BLACKPINK_20231206_GROUP_CONTRACT_RENEWAL,2022-04-10,BLACKPINK contract renewal,0
BLACKPINK_20231206_GROUP_CONTRACT_RENEWAL,2022-04-17,BLACKPINK contract renewal,0
BLACKPINK_20231206_GROUP_CONTRACT_RENEWAL,2022-04-24,BLACKPINK contract renewal,0
BLACKPINK_20231206_GROUP_CONTRACT_RENEWAL,2022-05-01,BLACKPINK contract renewal,0
BLACKPINK_20231206_GROUP_CONTRACT_RENEWAL,2022-05-08,BLACKPINK contract renewal,0
BLACKPINK_20231206_GROUP_CONTRACT_RENEWAL,2022-05-15,BLACKPINK contract renewal,0
BLACKPINK_20231206_GROUP_CONTRACT_RENEWAL,2022-05-22,BLACKPINK contract renewal,0
BLACKPINK_20231206_GROUP_CONTRACT_RENEWAL,2022-05-29,BLACKPINK contract renewal,0
BLACKPINK_20231206_GROUP_CONTRACT_RENEWAL,2022-06-05,BLACKPINK contract renewal,0
BLACKPINK_20231206_GROUP_CONTRACT_RENEWAL,2022-06-12,BLACKPINK contract renewal,0
BLACKPINK_20231206_GROUP_CONTRACT_RENEWAL,2022-06-19,BLACKPINK contract renewal,0
BLACKPINK_20231206_GROUP_CONTRACT_RENEWAL,2022-06-26,BLACKPINK contract renewal,0
BLACKPINK_20231206_GROUP_CONTRACT_RENEWAL,2022-07-03,BLACKPINK contract renewal,0
BLACKPINK_20231206_GROUP_CONTRACT_RENEWAL,2022-07-10,BLACKPINK contract renewal,0
BLACKPINK_20231206_GROUP_CONTRACT_RENEWAL,2022-07-17,BLACKPINK contract renewal,0
BLACKPINK_20231206_GROUP_CONTRACT_RENEWAL,2022-07-24,BLACKPINK contract renewal,0
BLACKPINK_20231206_GROUP_CONTRACT_RENEWAL,2022-07-31,BLACKPINK contract renewal,0
BLACKPINK_20231206_GROUP_CONTRACT_RENEWAL,2022-08-07,BLACKPINK contract renewal,0
BLACKPINK_20231206_GROUP_CONTRACT_RENEWAL,2022-08-14,BLACKPINK contract renewal,0
BLACKPINK_20231206_GROUP_CONTRACT_RENEWAL,2022-08-21,BLACKPINK contract renewal,0
BLACKPINK_20231206_GROUP_CONTRACT_RENEWAL,2022-08-28,BLACKPINK contract renewal,0
BLACKPINK_20231206_GROUP_CONTRACT_RENEWAL,2022-09-04,BLACKPINK contract renewal,0
BLACKPINK_20231206_GROUP_CONTRACT_RENEWAL,2022-09-11,BLACKPINK contract renewal,0
BLACKPINK_20231206_GROUP_CONTRACT_RENEWAL,2022-09-18,BLACKPINK contract renewal,0
BLACKPINK_20231206_GROUP_CONTRACT_RENEWAL,2022-09-25,BLACKPINK contract renewal,0
BLACKPINK_20231206_GROUP_CONTRACT_RENEWAL,2022-10-02,BLACKPINK contract renewal,0
BLACKPINK_20231206_GROUP_CONTRACT_RENEWAL,2022-10-09,BLACKPINK contract renewal,0
BLACKPINK_20231206_GROUP_CONTRACT_RENEWAL,2022-10-16,BLACKPINK contract renewal,0
BLACKPINK_20231206_GROUP_CONTRACT_RENEWAL,2022-10-23,BLACKPINK contract renewal,0
BLACKPINK_20231206_GROUP_CONTRACT_RENEWAL,2022-10-30,BLACKPINK contract renewal,0
BLACKPINK_20231206_GROUP_CONTRACT_RENEWAL,2022-11-06,BLACKPINK contract renewal,0
BLACKPINK_20231206_GROUP_CONTRACT_RENEWAL,2022-11-13,BLACKPINK contract renewal,0
BLACKPINK_20231206_GROUP_CONTRACT_RENEWAL,2022-11-20,BLACKPINK contract renewal,0
BLACKPINK_20231206_GROUP_CONTRACT_RENEWAL,2022-11-27,BLACKPINK contract renewal,0
BLACKPINK_20231206_GROUP_CONTRACT_RENEWAL,2022-12-04,BLACKPINK contract renewal,0
BLACKPINK_20231206_GROUP_CONTRACT_RENEWAL,2022-12-11,BLACKPINK contract renewal,0
BLACKPINK_20231206_GROUP_CONTRACT_RENEWAL,2022-12-18,BLACKPINK contract renewal,0
BLACKPINK_20231206_GROUP_CONTRACT_RENEWAL,2022-12-25,BLACKPINK contract renewal,0
BLACKPINK_20231206_GROUP_CONTRACT_RENEWAL,2023-01-01,BLACKPINK contract renewal,0
BLACKPINK_20231206_GROUP_CONTRACT_RENEWAL,2023-01-08,BLACKPINK contract renewal,0
BLACKPINK_20231206_GROUP_CONTRACT_RENEWAL,2023-01-15,BLACKPINK contract renewal,0
BLACKPINK_20231206_GROUP_CONTRACT_RENEWAL,2023-01-22,BLACKPINK contract renewal,0
BLACKPINK_20231206_GROUP_CONTRACT_RENEWAL,2023-01-29,BLACKPINK contract renewal,0
BLACKPINK_20231206_GROUP_CONTRACT_RENEWAL,2023-02-05,BLACKPINK contract renewal,0
BLACKPINK_20231206_GROUP_CONTRACT_RENEWAL,2023-02-12,BLACKPINK contract renewal,0
BLACKPINK_20231206_GROUP_CONTRACT_RENEWAL,2023-02-19,BLACKPINK contract renewal,0
BLACKPINK_20231206_GROUP_CONTRACT_RENEWAL,2023-02-26,BLACKPINK contract renewal,0
BLACKPINK_20231206_GROUP_CONTRACT_RENEWAL,2023-03-05,BLACKPINK contract renewal,0
BLACKPINK_20231206_GROUP_CONTRACT_RENEWAL,2023-03-12,BLACKPINK contract renewal,0
BLACKPINK_20231206_GROUP_CONTRACT_RENEWAL,2023-03-19,BLACKPINK contract renewal,0
BLACKPINK_20231206_GROUP_CONTRACT_RENEWAL,2023-03-26,BLACKPINK contract renewal,0
BLACKPINK_20231206_GROUP_CONTRACT_RENEWAL,2023-04-02,BLACKPINK contract renewal,14
BLACKPINK_20231206_GROUP_CONTRACT_RENEWAL,2023-04-09,BLACKPINK contract renewal,7
BLACKPINK_20231206_GROUP_CONTRACT_RENEWAL,2023-04-16,BLACKPINK contract renewal,0
BLACKPINK_20231206_GROUP_CONTRACT_RENEWAL,2023-04-23,BLACKPINK contract renewal,0
BLACKPINK_20231206_GROUP_CONTRACT_RENEWAL,2023-04-30,BLACKPINK contract renewal,0
BLACKPINK_20231206_GROUP_CONTRACT_RENEWAL,2023-05-07,BLACKPINK contract renewal,0
BLACKPINK_20231206_GROUP_CONTRACT_RENEWAL,2023-05-14,BLACKPINK contract renewal,0
BLACKPINK_20231206_GROUP_CONTRACT_RENEWAL,2023-05-21,BLACKPINK contract renewal,0
BLACKPINK_20231206_GROUP_CONTRACT_RENEWAL,2023-05-28,BLACKPINK contract renewal,0
BLACKPINK_20231206_GROUP_CONTRACT_RENEWAL,2023-06-04,BLACKPINK contract renewal,0
BLACKPINK_20231206_GROUP_CONTRACT_RENEWAL,2023-06-11,BLACKPINK contract renewal,0
BLACKPINK_20231206_GROUP_CONTRACT_RENEWAL,2023-06-18,BLACKPINK contract renewal,0
BLACKPINK_20231206_GROUP_CONTRACT_RENEWAL,2023-06-25,BLACKPINK contract renewal,0
BLACKPINK_20231206_GROUP_CONTRACT_RENEWAL,2023-07-02,BLACKPINK contract renewal,0
BLACKPINK_20231206_GROUP_CONTRACT_RENEWAL,2023-07-09,BLACKPINK contract renewal,13
BLACKPINK_20231206_GROUP_CONTRACT_RENEWAL,2023-07-16,BLACKPINK contract renewal,13
BLACKPINK_20231206_GROUP_CONTRACT_RENEWAL,2023-07-23,BLACKPINK contract renewal,18
BLACKPINK_20231206_GROUP_CONTRACT_RENEWAL,2023-07-30,BLACKPINK contract renewal,26
BLACKPINK_20231206_GROUP_CONTRACT_RENEWAL,2023-08-06,BLACKPINK contract renewal,60
BLACKPINK_20231206_GROUP_CONTRACT_RENEWAL,2023-08-13,BLACKPINK contract renewal,22
BLACKPINK_20231206_GROUP_CONTRACT_RENEWAL,2023-08-20,BLACKPINK contract renewal,14
BLACKPINK_20231206_GROUP_CONTRACT_RENEWAL,2023-08-27,BLACKPINK contract renewal,13
BLACKPINK_20231206_GROUP_CONTRACT_RENEWAL,2023-09-03,BLACKPINK contract renewal,12
BLACKPINK_20231206_GROUP_CONTRACT_RENEWAL,2023-09-10,BLACKPINK contract renewal,31
BLACKPINK_20231206_GROUP_CONTRACT_RENEWAL,2023-09-17,BLACKPINK contract renewal,100
BLACKPINK_20231206_GROUP_CONTRACT_RENEWAL,2023-09-24,BLACKPINK contract renewal,57
BLACKPINK_20231206_GROUP_CONTRACT_RENEWAL,2023-10-01,BLACKPINK contract renewal,28
BLACKPINK_20231206_GROUP_CONTRACT_RENEWAL,2023-10-08,BLACKPINK contract renewal,32
BLACKPINK_20231206_GROUP_CONTRACT_RENEWAL,2023-10-15,BLACKPINK contract renewal,17
BLACKPINK_20231206_GROUP_CONTRACT_RENEWAL,2023-10-22,BLACKPINK contract renewal,17
BLACKPINK_20231206_GROUP_CONTRACT_RENEWAL,2023-10-29,BLACKPINK contract renewal,15
BLACKPINK_20231206_GROUP_CONTRACT_RENEWAL,2023-11-05,BLACKPINK contract renewal,12
BLACKPINK_20231206_GROUP_CONTRACT_RENEWAL,2023-11-12,BLACKPINK contract renewal,32
BLACKPINK_20231206_GROUP_CONTRACT_RENEWAL,2023-11-19,BLACKPINK contract renewal,37
BLACKPINK_20231206_GROUP_CONTRACT_RENEWAL,2023-11-26,BLACKPINK contract renewal,18
BLACKPINK_20231206_GROUP_CONTRACT_RENEWAL,2023-12-03,BLACKPINK contract renewal,59
BLACKPINK_20231206_GROUP_CONTRACT_RENEWAL,2023-12-10,BLACKPINK contract renewal,12
BLACKPINK_20231206_GROUP_CONTRACT_RENEWAL,2023-12-17,BLACKPINK contract renewal,13
BLACKPINK_20231206_GROUP_CONTRACT_RENEWAL,2023-12-24,BLACKPINK contract renewal,13
BLACKPINK_20231206_GROUP_CONTRACT_RENEWAL,2023-12-31,BLACKPINK contract renewal,17
BLACKPINK_20231206_GROUP_CONTRACT_RENEWAL,2024-01-07,BLACKPINK contract renewal,0
BLACKPINK_20231206_GROUP_CONTRACT_RENEWAL,2024-01-14,BLACKPINK contract renewal,0
BLACKPINK_20231206_GROUP_CONTRACT_RENEWAL,2024-01-21,BLACKPINK contract renewal,0
BLACKPINK_20231206_GROUP_CONTRACT_RENEWAL,2024-01-28,BLACKPINK contract renewal,0
BLACKPINK_20231206_GROUP_CONTRACT_RENEWAL,2024-02-04,BLACKPINK contract renewal,0
BLACKPINK_20231206_GROUP_CONTRACT_RENEWAL,2024-02-11,BLACKPINK contract renewal,0
BLACKPINK_20231206_GROUP_CONTRACT_RENEWAL,2024-02-18,BLACKPINK contract renewal,0
BLACKPINK_20231206_GROUP_CONTRACT_RENEWAL,2024-02-25,BLACKPINK contract renewal,0
BLACKPINK_20231206_GROUP_CONTRACT_RENEWAL,2024-03-03,BLACKPINK contract renewal,11
BLACKPINK_20231206_GROUP_CONTRACT_RENEWAL,2024-03-10,BLACKPINK contract renewal,0
BLACKPINK_20231206_GROUP_CONTRACT_RENEWAL,2024-03-17,BLACKPINK contract renewal,0
BLACKPINK_20231206_GROUP_CONTRACT_RENEWAL,2024-03-24,BLACKPINK contract renewal,0
BLACKPINK_20231206_GROUP_CONTRACT_RENEWAL,2024-03-31,BLACKPINK contract renewal,0
BLACKPINK_20231206_GROUP_CONTRACT_RENEWAL,2024-04-07,BLACKPINK contract renewal,0
BLACKPINK_20231206_GROUP_CONTRACT_RENEWAL,2024-04-14,BLACKPINK contract renewal,0
BLACKPINK_20231206_GROUP_CONTRACT_RENEWAL,2024-04-21,BLACKPINK contract renewal,0
BLACKPINK_20231206_GROUP_CONTRACT_RENEWAL,2024-04-28,BLACKPINK contract renewal,0
BLACKPINK_20231206_GROUP_CONTRACT_RENEWAL,2024-05-05,BLACKPINK contract renewal,0
BLACKPINK_20231206_GROUP_CONTRACT_RENEWAL,2024-05-12,BLACKPINK contract renewal,0
BLACKPINK_20231206_GROUP_CONTRACT_RENEWAL,2024-05-19,BLACKPINK contract renewal,0
BLACKPINK_20231206_GROUP_CONTRACT_RENEWAL,2024-05-26,BLACKPINK contract renewal,0
BLACKPINK_20231206_GROUP_CONTRACT_RENEWAL,2024-06-02,BLACKPINK contract renewal,0
BLACKPINK_20231206_GROUP_CONTRACT_RENEWAL,2024-06-09,BLACKPINK contract renewal,0
BLACKPINK_20231206_GROUP_CONTRACT_RENEWAL,2024-06-16,BLACKPINK contract renewal,0
BLACKPINK_20231206_GROUP_CONTRACT_RENEWAL,2024-06-23,BLACKPINK contract renewal,0
BLACKPINK_20231206_GROUP_CONTRACT_RENEWAL,2024-06-30,BLACKPINK contract renewal,0
BLACKPINK_20231206_GROUP_CONTRACT_RENEWAL,2024-07-07,BLACKPINK contract renewal,0
BLACKPINK_20231206_GROUP_CONTRACT_RENEWAL,2024-07-14,BLACKPINK contract renewal,0
BLACKPINK_20231206_GROUP_CONTRACT_RENEWAL,2024-07-21,BLACKPINK contract renewal,0
BLACKPINK_20231206_GROUP_CONTRACT_RENEWAL,2024-07-28,BLACKPINK contract renewal,0
BLACKPINK_20231206_GROUP_CONTRACT_RENEWAL,2024-08-04,BLACKPINK contract renewal,0
BLACKPINK_20231206_GROUP_CONTRACT_RENEWAL,2024-08-11,BLACKPINK contract renewal,0
BLACKPINK_20231206_GROUP_CONTRACT_RENEWAL,2024-08-18,BLACKPINK contract renewal,0
BLACKPINK_20231206_GROUP_CONTRACT_RENEWAL,2024-08-25,BLACKPINK contract renewal,0
BLACKPINK_20231206_GROUP_CONTRACT_RENEWAL,2024-09-01,BLACKPINK contract renewal,0
BLACKPINK_20231206_GROUP_CONTRACT_RENEWAL,2024-09-08,BLACKPINK contract renewal,0
BLACKPINK_20231206_GROUP_CONTRACT_RENEWAL,2024-09-15,BLACKPINK contract renewal,0
BLACKPINK_20231206_GROUP_CONTRACT_RENEWAL,2024-09-22,BLACKPINK contract renewal,0
BLACKPINK_20231206_GROUP_CONTRACT_RENEWAL,2024-09-29,BLACKPINK contract renewal,0
BLACKPINK_20231206_GROUP_CONTRACT_RENEWAL,2024-10-06,BLACKPINK contract renewal,0
BLACKPINK_20231206_GROUP_CONTRACT_RENEWAL,2024-10-13,BLACKPINK contract renewal,0
BLACKPINK_20231206_GROUP_CONTRACT_RENEWAL,2024-10-20,BLACKPINK contract renewal,0
BLACKPINK_20231206_GROUP_CONTRACT_RENEWAL,2024-10-27,BLACKPINK contract renewal,0
BLACKPINK_20231206_GROUP_CONTRACT_RENEWAL,2024-11-03,BLACKPINK contract renewal,0
BLACKPINK_20231206_GROUP_CONTRACT_RENEWAL,2024-11-10,BLACKPINK contract renewal,0
BLACKPINK_20231206_GROUP_CONTRACT_RENEWAL,2024-11-17,BLACKPINK contract renewal,0
BLACKPINK_20231206_GROUP_CONTRACT_RENEWAL,2024-11-24,BLACKPINK contract renewal,0
BLACKPINK_20231206_GROUP_CONTRACT_RENEWAL,2024-12-01,BLACKPINK contract renewal,0
BLACKPINK_20231206_GROUP_CONTRACT_RENEWAL,2024-12-08,BLACKPINK contract renewal,0
BLACKPINK_20231206_GROUP_CONTRACT_RENEWAL,2024-12-15,BLACKPINK contract renewal,0
BLACKPINK_20231206_GROUP_CONTRACT_RENEWAL,2024-12-22,BLACKPINK contract renewal,0
BLACKPINK_20231206_GROUP_CONTRACT_RENEWAL,2024-12-29,BLACKPINK contract renewal,0
BLACKPINK_20231206_GROUP_CONTRACT_RENEWAL,2025-01-05,BLACKPINK contract renewal,0
BLACKPINK_20231206_GROUP_CONTRACT_RENEWAL,2025-01-12,BLACKPINK contract renewal,0
BLACKPINK_20231206_GROUP_CONTRACT_RENEWAL,2025-01-19,BLACKPINK contract renewal,0
BLACKPINK_20231206_GROUP_CONTRACT_RENEWAL,2025-01-26,BLACKPINK contract renewal,0
BLACKPINK_20231206_GROUP_CONTRACT_RENEWAL,2025-02-02,BLACKPINK contract renewal,0
BLACKPINK_20231206_GROUP_CONTRACT_RENEWAL,2025-02-09,BLACKPINK contract renewal,0
BLACKPINK_20231206_GROUP_CONTRACT_RENEWAL,2025-02-16,BLACKPINK contract renewal,0
BLACKPINK_20231206_GROUP_CONTRACT_RENEWAL,2025-02-23,BLACKPINK contract renewal,0
BLACKPINK_20231206_GROUP_CONTRACT_RENEWAL,2025-03-02,BLACKPINK contract renewal,0
BLACKPINK_20231206_GROUP_CONTRACT_RENEWAL,2025-03-09,BLACKPINK contract renewal,0
BLACKPINK_20231206_GROUP_CONTRACT_RENEWAL,2025-03-16,BLACKPINK contract renewal,0
BLACKPINK_20231206_GROUP_CONTRACT_RENEWAL,2025-03-23,BLACKPINK contract renewal,0
BLACKPINK_20231206_GROUP_CONTRACT_RENEWAL,2025-03-30,BLACKPINK contract renewal,0
BLACKPINK_20231206_GROUP_CONTRACT_RENEWAL,2025-04-06,BLACKPINK contract renewal,0
BLACKPINK_20231206_GROUP_CONTRACT_RENEWAL,2025-04-13,BLACKPINK contract renewal,0
BLACKPINK_20231206_GROUP_CONTRACT_RENEWAL,2025-04-20,BLACKPINK contract renewal,0
BLACKPINK_20231206_GROUP_CONTRACT_RENEWAL,2025-04-27,BLACKPINK contract renewal,0
BLACKPINK_20231206_GROUP_CONTRACT_RENEWAL,2025-05-04,BLACKPINK contract renewal,0
BLACKPINK_20231206_GROUP_CONTRACT_RENEWAL,2025-05-11,BLACKPINK contract renewal,0
BLACKPINK_20231206_GROUP_CONTRACT_RENEWAL,2025-05-18,BLACKPINK contract renewal,0
BLACKPINK_20231206_GROUP_CONTRACT_RENEWAL,2025-05-25,BLACKPINK contract renewal,0
BLACKPINK_20231206_GROUP_CONTRACT_RENEWAL,2025-06-01,BLACKPINK contract renewal,0
BLACKPINK_20231206_GROUP_CONTRACT_RENEWAL,2025-06-08,BLACKPINK contract renewal,0
BLACKPINK_20231206_GROUP_CONTRACT_RENEWAL,2025-06-15,BLACKPINK contract renewal,0
BLACKPINK_20231206_GROUP_CONTRACT_RENEWAL,2025-06-22,BLACKPINK contract renewal,0
BLACKPINK_20231206_GROUP_CONTRACT_RENEWAL,2025-06-29,BLACKPINK contract renewal,0
BLACKPINK_20231206_GROUP_CONTRACT_RENEWAL,2025-07-06,BLACKPINK contract renewal,0
BLACKPINK_20231206_GROUP_CONTRACT_RENEWAL,2025-07-13,BLACKPINK contract renewal,0
BLACKPINK_20231206_GROUP_CONTRACT_RENEWAL,2025-07-20,BLACKPINK contract renewal,0
BLACKPINK_20231206_GROUP_CONTRACT_RENEWAL,2025-07-27,BLACKPINK contract renewal,0
BLACKPINK_20231206_GROUP_CONTRACT_RENEWAL,2025-08-03,BLACKPINK contract renewal,7
BLACKPINK_20231206_GROUP_CONTRACT_RENEWAL,2025-08-10,BLACKPINK contract renewal,0
BLACKPINK_20231206_GROUP_CONTRACT_RENEWAL,2025-08-17,BLACKPINK contract renewal,0
BLACKPINK_20231206_GROUP_CONTRACT_RENEWAL,2025-08-24,BLACKPINK contract renewal,0
BLACKPINK_20231206_GROUP_CONTRACT_RENEWAL,2025-08-31,BLACKPINK contract renewal,0
BLACKPINK_20231206_GROUP_CONTRACT_RENEWAL,2025-09-07,BLACKPINK contract renewal,6
BLACKPINK_20231206_GROUP_CONTRACT_RENEWAL,2025-09-14,BLACKPINK contract renewal,0
BLACKPINK_20231206_GROUP_CONTRACT_RENEWAL,2025-09-21,BLACKPINK contract renewal,0
BLACKPINK_20231206_GROUP_CONTRACT_RENEWAL,2025-09-28,BLACKPINK contract renewal,0
BLACKPINK_20231206_GROUP_CONTRACT_RENEWAL,2025-10-05,BLACKPINK contract renewal,0
BLACKPINK_20231206_GROUP_CONTRACT_RENEWAL,2025-10-12,BLACKPINK contract renewal,0
BLACKPINK_20231206_GROUP_CONTRACT_RENEWAL,2025-10-19,BLACKPINK contract renewal,0
BLACKPINK_20231206_GROUP_CONTRACT_RENEWAL,2025-10-26,BLACKPINK contract renewal,0
BLACKPINK_20231206_GROUP_CONTRACT_RENEWAL,2025-11-02,BLACKPINK contract renewal,0
BLACKPINK_20231206_GROUP_CONTRACT_RENEWAL,2025-11-09,BLACKPINK contract renewal,0
BLACKPINK_20231206_GROUP_CONTRACT_RENEWAL,2025-11-16,BLACKPINK contract renewal,0
BLACKPINK_20231206_GROUP_CONTRACT_RENEWAL,2025-11-23,BLACKPINK contract renewal,0
BLACKPINK_20231206_GROUP_CONTRACT_RENEWAL,2025-11-30,BLACKPINK contract renewal,0
BLACKPINK_20231206_GROUP_CONTRACT_RENEWAL,2025-12-07,BLACKPINK contract renewal,0
BLACKPINK_20231206_GROUP_CONTRACT_RENEWAL,2025-12-14,BLACKPINK contract renewal,0
BLACKPINK_20231206_GROUP_CONTRACT_RENEWAL,2025-12-21,BLACKPINK contract renewal,0
BLACKPINK_20231206_GROUP_CONTRACT_RENEWAL,2025-12-28,BLACKPINK contract renewal,0
BLACKPINK_20231229_INDIVIDUAL_CONTRACTS,2020-12-27,BLACKPINK individual contracts,0
BLACKPINK_20231229_INDIVIDUAL_CONTRACTS,2021-01-03,BLACKPINK individual contracts,0
BLACKPINK_20231229_INDIVIDUAL_CONTRACTS,2021-01-10,BLACKPINK individual contracts,0
BLACKPINK_20231229_INDIVIDUAL_CONTRACTS,2021-01-17,BLACKPINK individual contracts,0
BLACKPINK_20231229_INDIVIDUAL_CONTRACTS,2021-01-24,BLACKPINK individual contracts,0
BLACKPINK_20231229_INDIVIDUAL_CONTRACTS,2021-01-31,BLACKPINK individual contracts,0
BLACKPINK_20231229_INDIVIDUAL_CONTRACTS,2021-02-07,BLACKPINK individual contracts,0
BLACKPINK_20231229_INDIVIDUAL_CONTRACTS,2021-02-14,BLACKPINK individual contracts,0
BLACKPINK_20231229_INDIVIDUAL_CONTRACTS,2021-02-21,BLACKPINK individual contracts,0
BLACKPINK_20231229_INDIVIDUAL_CONTRACTS,2021-02-28,BLACKPINK individual contracts,0
BLACKPINK_20231229_INDIVIDUAL_CONTRACTS,2021-03-07,BLACKPINK individual contracts,0
BLACKPINK_20231229_INDIVIDUAL_CONTRACTS,2021-03-14,BLACKPINK individual contracts,0
BLACKPINK_20231229_INDIVIDUAL_CONTRACTS,2021-03-21,BLACKPINK individual contracts,0
BLACKPINK_20231229_INDIVIDUAL_CONTRACTS,2021-03-28,BLACKPINK individual contracts,0
BLACKPINK_20231229_INDIVIDUAL_CONTRACTS,2021-04-04,BLACKPINK individual contracts,0
BLACKPINK_20231229_INDIVIDUAL_CONTRACTS,2021-04-11,BLACKPINK individual contracts,0
BLACKPINK_20231229_INDIVIDUAL_CONTRACTS,2021-04-18,BLACKPINK individual contracts,0
BLACKPINK_20231229_INDIVIDUAL_CONTRACTS,2021-04-25,BLACKPINK individual contracts,0
BLACKPINK_20231229_INDIVIDUAL_CONTRACTS,2021-05-02,BLACKPINK individual contracts,0
BLACKPINK_20231229_INDIVIDUAL_CONTRACTS,2021-05-09,BLACKPINK individual contracts,0
BLACKPINK_20231229_INDIVIDUAL_CONTRACTS,2021-05-16,BLACKPINK individual contracts,0
BLACKPINK_20231229_INDIVIDUAL_CONTRACTS,2021-05-23,BLACKPINK individual contracts,0
BLACKPINK_20231229_INDIVIDUAL_CONTRACTS,2021-05-30,BLACKPINK individual contracts,0
BLACKPINK_20231229_INDIVIDUAL_CONTRACTS,2021-06-06,BLACKPINK individual contracts,0
BLACKPINK_20231229_INDIVIDUAL_CONTRACTS,2021-06-13,BLACKPINK individual contracts,0
BLACKPINK_20231229_INDIVIDUAL_CONTRACTS,2021-06-20,BLACKPINK individual contracts,0
BLACKPINK_20231229_INDIVIDUAL_CONTRACTS,2021-06-27,BLACKPINK individual contracts,0
BLACKPINK_20231229_INDIVIDUAL_CONTRACTS,2021-07-04,BLACKPINK individual contracts,0
BLACKPINK_20231229_INDIVIDUAL_CONTRACTS,2021-07-11,BLACKPINK individual contracts,0
BLACKPINK_20231229_INDIVIDUAL_CONTRACTS,2021-07-18,BLACKPINK individual contracts,0
BLACKPINK_20231229_INDIVIDUAL_CONTRACTS,2021-07-25,BLACKPINK individual contracts,0
BLACKPINK_20231229_INDIVIDUAL_CONTRACTS,2021-08-01,BLACKPINK individual contracts,0
BLACKPINK_20231229_INDIVIDUAL_CONTRACTS,2021-08-08,BLACKPINK individual contracts,0
BLACKPINK_20231229_INDIVIDUAL_CONTRACTS,2021-08-15,BLACKPINK individual contracts,0
BLACKPINK_20231229_INDIVIDUAL_CONTRACTS,2021-08-22,BLACKPINK individual contracts,0
BLACKPINK_20231229_INDIVIDUAL_CONTRACTS,2021-08-29,BLACKPINK individual contracts,0
BLACKPINK_20231229_INDIVIDUAL_CONTRACTS,2021-09-05,BLACKPINK individual contracts,0
BLACKPINK_20231229_INDIVIDUAL_CONTRACTS,2021-09-12,BLACKPINK individual contracts,0
BLACKPINK_20231229_INDIVIDUAL_CONTRACTS,2021-09-19,BLACKPINK individual contracts,0
BLACKPINK_20231229_INDIVIDUAL_CONTRACTS,2021-09-26,BLACKPINK individual contracts,0
BLACKPINK_20231229_INDIVIDUAL_CONTRACTS,2021-10-03,BLACKPINK individual contracts,0
BLACKPINK_20231229_INDIVIDUAL_CONTRACTS,2021-10-10,BLACKPINK individual contracts,0
BLACKPINK_20231229_INDIVIDUAL_CONTRACTS,2021-10-17,BLACKPINK individual contracts,0
BLACKPINK_20231229_INDIVIDUAL_CONTRACTS,2021-10-24,BLACKPINK individual contracts,0
BLACKPINK_20231229_INDIVIDUAL_CONTRACTS,2021-10-31,BLACKPINK individual contracts,0
BLACKPINK_20231229_INDIVIDUAL_CONTRACTS,2021-11-07,BLACKPINK individual contracts,0
BLACKPINK_20231229_INDIVIDUAL_CONTRACTS,2021-11-14,BLACKPINK individual contracts,0
BLACKPINK_20231229_INDIVIDUAL_CONTRACTS,2021-11-21,BLACKPINK individual contracts,0
BLACKPINK_20231229_INDIVIDUAL_CONTRACTS,2021-11-28,BLACKPINK individual contracts,0
BLACKPINK_20231229_INDIVIDUAL_CONTRACTS,2021-12-05,BLACKPINK individual contracts,0
BLACKPINK_20231229_INDIVIDUAL_CONTRACTS,2021-12-12,BLACKPINK individual contracts,0
BLACKPINK_20231229_INDIVIDUAL_CONTRACTS,2021-12-19,BLACKPINK individual contracts,0
BLACKPINK_20231229_INDIVIDUAL_CONTRACTS,2021-12-26,BLACKPINK individual contracts,0
BLACKPINK_20231229_INDIVIDUAL_CONTRACTS,2022-01-02,BLACKPINK individual contracts,0
BLACKPINK_20231229_INDIVIDUAL_CONTRACTS,2022-01-09,BLACKPINK individual contracts,0
BLACKPINK_20231229_INDIVIDUAL_CONTRACTS,2022-01-16,BLACKPINK individual contracts,0
BLACKPINK_20231229_INDIVIDUAL_CONTRACTS,2022-01-23,BLACKPINK individual contracts,0
BLACKPINK_20231229_INDIVIDUAL_CONTRACTS,2022-01-30,BLACKPINK individual contracts,0
BLACKPINK_20231229_INDIVIDUAL_CONTRACTS,2022-02-06,BLACKPINK individual contracts,0
BLACKPINK_20231229_INDIVIDUAL_CONTRACTS,2022-02-13,BLACKPINK individual contracts,0
BLACKPINK_20231229_INDIVIDUAL_CONTRACTS,2022-02-20,BLACKPINK individual contracts,0
BLACKPINK_20231229_INDIVIDUAL_CONTRACTS,2022-02-27,BLACKPINK individual contracts,0
BLACKPINK_20231229_INDIVIDUAL_CONTRACTS,2022-03-06,BLACKPINK individual contracts,0
BLACKPINK_20231229_INDIVIDUAL_CONTRACTS,2022-03-13,BLACKPINK individual contracts,0
BLACKPINK_20231229_INDIVIDUAL_CONTRACTS,2022-03-20,BLACKPINK individual contracts,0
BLACKPINK_20231229_INDIVIDUAL_CONTRACTS,2022-03-27,BLACKPINK individual contracts,0
BLACKPINK_20231229_INDIVIDUAL_CONTRACTS,2022-04-03,BLACKPINK individual contracts,0
BLACKPINK_20231229_INDIVIDUAL_CONTRACTS,2022-04-10,BLACKPINK individual contracts,0
BLACKPINK_20231229_INDIVIDUAL_CONTRACTS,2022-04-17,BLACKPINK individual contracts,0
BLACKPINK_20231229_INDIVIDUAL_CONTRACTS,2022-04-24,BLACKPINK individual contracts,0
BLACKPINK_20231229_INDIVIDUAL_CONTRACTS,2022-05-01,BLACKPINK individual contracts,0
BLACKPINK_20231229_INDIVIDUAL_CONTRACTS,2022-05-08,BLACKPINK individual contracts,0
BLACKPINK_20231229_INDIVIDUAL_CONTRACTS,2022-05-15,BLACKPINK individual contracts,0
BLACKPINK_20231229_INDIVIDUAL_CONTRACTS,2022-05-22,BLACKPINK individual contracts,0
BLACKPINK_20231229_INDIVIDUAL_CONTRACTS,2022-05-29,BLACKPINK individual contracts,0
BLACKPINK_20231229_INDIVIDUAL_CONTRACTS,2022-06-05,BLACKPINK individual contracts,0
BLACKPINK_20231229_INDIVIDUAL_CONTRACTS,2022-06-12,BLACKPINK individual contracts,0
BLACKPINK_20231229_INDIVIDUAL_CONTRACTS,2022-06-19,BLACKPINK individual contracts,0
BLACKPINK_20231229_INDIVIDUAL_CONTRACTS,2022-06-26,BLACKPINK individual contracts,0
BLACKPINK_20231229_INDIVIDUAL_CONTRACTS,2022-07-03,BLACKPINK individual contracts,0
BLACKPINK_20231229_INDIVIDUAL_CONTRACTS,2022-07-10,BLACKPINK individual contracts,0
BLACKPINK_20231229_INDIVIDUAL_CONTRACTS,2022-07-17,BLACKPINK individual contracts,0
BLACKPINK_20231229_INDIVIDUAL_CONTRACTS,2022-07-24,BLACKPINK individual contracts,0
BLACKPINK_20231229_INDIVIDUAL_CONTRACTS,2022-07-31,BLACKPINK individual contracts,0
BLACKPINK_20231229_INDIVIDUAL_CONTRACTS,2022-08-07,BLACKPINK individual contracts,0
BLACKPINK_20231229_INDIVIDUAL_CONTRACTS,2022-08-14,BLACKPINK individual contracts,0
BLACKPINK_20231229_INDIVIDUAL_CONTRACTS,2022-08-21,BLACKPINK individual contracts,0
BLACKPINK_20231229_INDIVIDUAL_CONTRACTS,2022-08-28,BLACKPINK individual contracts,0
BLACKPINK_20231229_INDIVIDUAL_CONTRACTS,2022-09-04,BLACKPINK individual contracts,0
BLACKPINK_20231229_INDIVIDUAL_CONTRACTS,2022-09-11,BLACKPINK individual contracts,0
BLACKPINK_20231229_INDIVIDUAL_CONTRACTS,2022-09-18,BLACKPINK individual contracts,0
BLACKPINK_20231229_INDIVIDUAL_CONTRACTS,2022-09-25,BLACKPINK individual contracts,0
BLACKPINK_20231229_INDIVIDUAL_CONTRACTS,2022-10-02,BLACKPINK individual contracts,0
BLACKPINK_20231229_INDIVIDUAL_CONTRACTS,2022-10-09,BLACKPINK individual contracts,0
BLACKPINK_20231229_INDIVIDUAL_CONTRACTS,2022-10-16,BLACKPINK individual contracts,0
BLACKPINK_20231229_INDIVIDUAL_CONTRACTS,2022-10-23,BLACKPINK individual contracts,0
BLACKPINK_20231229_INDIVIDUAL_CONTRACTS,2022-10-30,BLACKPINK individual contracts,0
BLACKPINK_20231229_INDIVIDUAL_CONTRACTS,2022-11-06,BLACKPINK individual contracts,0
BLACKPINK_20231229_INDIVIDUAL_CONTRACTS,2022-11-13,BLACKPINK individual contracts,0
BLACKPINK_20231229_INDIVIDUAL_CONTRACTS,2022-11-20,BLACKPINK individual contracts,0
BLACKPINK_20231229_INDIVIDUAL_CONTRACTS,2022-11-27,BLACKPINK individual contracts,0
BLACKPINK_20231229_INDIVIDUAL_CONTRACTS,2022-12-04,BLACKPINK individual contracts,0
BLACKPINK_20231229_INDIVIDUAL_CONTRACTS,2022-12-11,BLACKPINK individual contracts,0
BLACKPINK_20231229_INDIVIDUAL_CONTRACTS,2022-12-18,BLACKPINK individual contracts,0
BLACKPINK_20231229_INDIVIDUAL_CONTRACTS,2022-12-25,BLACKPINK individual contracts,0
BLACKPINK_20231229_INDIVIDUAL_CONTRACTS,2023-01-01,BLACKPINK individual contracts,0
BLACKPINK_20231229_INDIVIDUAL_CONTRACTS,2023-01-08,BLACKPINK individual contracts,0
BLACKPINK_20231229_INDIVIDUAL_CONTRACTS,2023-01-15,BLACKPINK individual contracts,0
BLACKPINK_20231229_INDIVIDUAL_CONTRACTS,2023-01-22,BLACKPINK individual contracts,100
BLACKPINK_20231229_INDIVIDUAL_CONTRACTS,2023-01-29,BLACKPINK individual contracts,0
BLACKPINK_20231229_INDIVIDUAL_CONTRACTS,2023-02-05,BLACKPINK individual contracts,0
BLACKPINK_20231229_INDIVIDUAL_CONTRACTS,2023-02-12,BLACKPINK individual contracts,0
BLACKPINK_20231229_INDIVIDUAL_CONTRACTS,2023-02-19,BLACKPINK individual contracts,0
BLACKPINK_20231229_INDIVIDUAL_CONTRACTS,2023-02-26,BLACKPINK individual contracts,0
BLACKPINK_20231229_INDIVIDUAL_CONTRACTS,2023-03-05,BLACKPINK individual contracts,0
BLACKPINK_20231229_INDIVIDUAL_CONTRACTS,2023-03-12,BLACKPINK individual contracts,0
BLACKPINK_20231229_INDIVIDUAL_CONTRACTS,2023-03-19,BLACKPINK individual contracts,0
BLACKPINK_20231229_INDIVIDUAL_CONTRACTS,2023-03-26,BLACKPINK individual contracts,0
BLACKPINK_20231229_INDIVIDUAL_CONTRACTS,2023-04-02,BLACKPINK individual contracts,0
BLACKPINK_20231229_INDIVIDUAL_CONTRACTS,2023-04-09,BLACKPINK individual contracts,0
BLACKPINK_20231229_INDIVIDUAL_CONTRACTS,2023-04-16,BLACKPINK individual contracts,0
BLACKPINK_20231229_INDIVIDUAL_CONTRACTS,2023-04-23,BLACKPINK individual contracts,0
BLACKPINK_20231229_INDIVIDUAL_CONTRACTS,2023-04-30,BLACKPINK individual contracts,0
BLACKPINK_20231229_INDIVIDUAL_CONTRACTS,2023-05-07,BLACKPINK individual contracts,0
BLACKPINK_20231229_INDIVIDUAL_CONTRACTS,2023-05-14,BLACKPINK individual contracts,0
BLACKPINK_20231229_INDIVIDUAL_CONTRACTS,2023-05-21,BLACKPINK individual contracts,0
BLACKPINK_20231229_INDIVIDUAL_CONTRACTS,2023-05-28,BLACKPINK individual contracts,0
BLACKPINK_20231229_INDIVIDUAL_CONTRACTS,2023-06-04,BLACKPINK individual contracts,0
BLACKPINK_20231229_INDIVIDUAL_CONTRACTS,2023-06-11,BLACKPINK individual contracts,0
BLACKPINK_20231229_INDIVIDUAL_CONTRACTS,2023-06-18,BLACKPINK individual contracts,0
BLACKPINK_20231229_INDIVIDUAL_CONTRACTS,2023-06-25,BLACKPINK individual contracts,0
BLACKPINK_20231229_INDIVIDUAL_CONTRACTS,2023-07-02,BLACKPINK individual contracts,0
BLACKPINK_20231229_INDIVIDUAL_CONTRACTS,2023-07-09,BLACKPINK individual contracts,0
BLACKPINK_20231229_INDIVIDUAL_CONTRACTS,2023-07-16,BLACKPINK individual contracts,0
BLACKPINK_20231229_INDIVIDUAL_CONTRACTS,2023-07-23,BLACKPINK individual contracts,0
BLACKPINK_20231229_INDIVIDUAL_CONTRACTS,2023-07-30,BLACKPINK individual contracts,0
BLACKPINK_20231229_INDIVIDUAL_CONTRACTS,2023-08-06,BLACKPINK individual contracts,0
BLACKPINK_20231229_INDIVIDUAL_CONTRACTS,2023-08-13,BLACKPINK individual contracts,0
BLACKPINK_20231229_INDIVIDUAL_CONTRACTS,2023-08-20,BLACKPINK individual contracts,0
BLACKPINK_20231229_INDIVIDUAL_CONTRACTS,2023-08-27,BLACKPINK individual contracts,0
BLACKPINK_20231229_INDIVIDUAL_CONTRACTS,2023-09-03,BLACKPINK individual contracts,0
BLACKPINK_20231229_INDIVIDUAL_CONTRACTS,2023-09-10,BLACKPINK individual contracts,0
BLACKPINK_20231229_INDIVIDUAL_CONTRACTS,2023-09-17,BLACKPINK individual contracts,0
BLACKPINK_20231229_INDIVIDUAL_CONTRACTS,2023-09-24,BLACKPINK individual contracts,0
BLACKPINK_20231229_INDIVIDUAL_CONTRACTS,2023-10-01,BLACKPINK individual contracts,0
BLACKPINK_20231229_INDIVIDUAL_CONTRACTS,2023-10-08,BLACKPINK individual contracts,0
BLACKPINK_20231229_INDIVIDUAL_CONTRACTS,2023-10-15,BLACKPINK individual contracts,0
BLACKPINK_20231229_INDIVIDUAL_CONTRACTS,2023-10-22,BLACKPINK individual contracts,0
BLACKPINK_20231229_INDIVIDUAL_CONTRACTS,2023-10-29,BLACKPINK individual contracts,0
BLACKPINK_20231229_INDIVIDUAL_CONTRACTS,2023-11-05,BLACKPINK individual contracts,0
BLACKPINK_20231229_INDIVIDUAL_CONTRACTS,2023-11-12,BLACKPINK individual contracts,0
BLACKPINK_20231229_INDIVIDUAL_CONTRACTS,2023-11-19,BLACKPINK individual contracts,0
BLACKPINK_20231229_INDIVIDUAL_CONTRACTS,2023-11-26,BLACKPINK individual contracts,0
BLACKPINK_20231229_INDIVIDUAL_CONTRACTS,2023-12-03,BLACKPINK individual contracts,0
BLACKPINK_20231229_INDIVIDUAL_CONTRACTS,2023-12-10,BLACKPINK individual contracts,0
BLACKPINK_20231229_INDIVIDUAL_CONTRACTS,2023-12-17,BLACKPINK individual contracts,0
BLACKPINK_20231229_INDIVIDUAL_CONTRACTS,2023-12-24,BLACKPINK individual contracts,0
BLACKPINK_20231229_INDIVIDUAL_CONTRACTS,2023-12-31,BLACKPINK individual contracts,0
BLACKPINK_20231229_INDIVIDUAL_CONTRACTS,2024-01-07,BLACKPINK individual contracts,0
BLACKPINK_20231229_INDIVIDUAL_CONTRACTS,2024-01-14,BLACKPINK individual contracts,0
BLACKPINK_20231229_INDIVIDUAL_CONTRACTS,2024-01-21,BLACKPINK individual contracts,0
BLACKPINK_20231229_INDIVIDUAL_CONTRACTS,2024-01-28,BLACKPINK individual contracts,0
BLACKPINK_20231229_INDIVIDUAL_CONTRACTS,2024-02-04,BLACKPINK individual contracts,0
BLACKPINK_20231229_INDIVIDUAL_CONTRACTS,2024-02-11,BLACKPINK individual contracts,0
BLACKPINK_20231229_INDIVIDUAL_CONTRACTS,2024-02-18,BLACKPINK individual contracts,0
BLACKPINK_20231229_INDIVIDUAL_CONTRACTS,2024-02-25,BLACKPINK individual contracts,0
BLACKPINK_20231229_INDIVIDUAL_CONTRACTS,2024-03-03,BLACKPINK individual contracts,0
BLACKPINK_20231229_INDIVIDUAL_CONTRACTS,2024-03-10,BLACKPINK individual contracts,0
BLACKPINK_20231229_INDIVIDUAL_CONTRACTS,2024-03-17,BLACKPINK individual contracts,0
BLACKPINK_20231229_INDIVIDUAL_CONTRACTS,2024-03-24,BLACKPINK individual contracts,0
BLACKPINK_20231229_INDIVIDUAL_CONTRACTS,2024-03-31,BLACKPINK individual contracts,0
BLACKPINK_20231229_INDIVIDUAL_CONTRACTS,2024-04-07,BLACKPINK individual contracts,0
BLACKPINK_20231229_INDIVIDUAL_CONTRACTS,2024-04-14,BLACKPINK individual contracts,0
BLACKPINK_20231229_INDIVIDUAL_CONTRACTS,2024-04-21,BLACKPINK individual contracts,0
BLACKPINK_20231229_INDIVIDUAL_CONTRACTS,2024-04-28,BLACKPINK individual contracts,0
BLACKPINK_20231229_INDIVIDUAL_CONTRACTS,2024-05-05,BLACKPINK individual contracts,0
BLACKPINK_20231229_INDIVIDUAL_CONTRACTS,2024-05-12,BLACKPINK individual contracts,0
BLACKPINK_20231229_INDIVIDUAL_CONTRACTS,2024-05-19,BLACKPINK individual contracts,0
BLACKPINK_20231229_INDIVIDUAL_CONTRACTS,2024-05-26,BLACKPINK individual contracts,0
BLACKPINK_20231229_INDIVIDUAL_CONTRACTS,2024-06-02,BLACKPINK individual contracts,0
BLACKPINK_20231229_INDIVIDUAL_CONTRACTS,2024-06-09,BLACKPINK individual contracts,0
BLACKPINK_20231229_INDIVIDUAL_CONTRACTS,2024-06-16,BLACKPINK individual contracts,0
BLACKPINK_20231229_INDIVIDUAL_CONTRACTS,2024-06-23,BLACKPINK individual contracts,0
BLACKPINK_20231229_INDIVIDUAL_CONTRACTS,2024-06-30,BLACKPINK individual contracts,0
BLACKPINK_20231229_INDIVIDUAL_CONTRACTS,2024-07-07,BLACKPINK individual contracts,0
BLACKPINK_20231229_INDIVIDUAL_CONTRACTS,2024-07-14,BLACKPINK individual contracts,0
BLACKPINK_20231229_INDIVIDUAL_CONTRACTS,2024-07-21,BLACKPINK individual contracts,0
BLACKPINK_20231229_INDIVIDUAL_CONTRACTS,2024-07-28,BLACKPINK individual contracts,0
BLACKPINK_20231229_INDIVIDUAL_CONTRACTS,2024-08-04,BLACKPINK individual contracts,0
BLACKPINK_20231229_INDIVIDUAL_CONTRACTS,2024-08-11,BLACKPINK individual contracts,0
BLACKPINK_20231229_INDIVIDUAL_CONTRACTS,2024-08-18,BLACKPINK individual contracts,0
BLACKPINK_20231229_INDIVIDUAL_CONTRACTS,2024-08-25,BLACKPINK individual contracts,0
BLACKPINK_20231229_INDIVIDUAL_CONTRACTS,2024-09-01,BLACKPINK individual contracts,0
BLACKPINK_20231229_INDIVIDUAL_CONTRACTS,2024-09-08,BLACKPINK individual contracts,0
BLACKPINK_20231229_INDIVIDUAL_CONTRACTS,2024-09-15,BLACKPINK individual contracts,0
BLACKPINK_20231229_INDIVIDUAL_CONTRACTS,2024-09-22,BLACKPINK individual contracts,0
BLACKPINK_20231229_INDIVIDUAL_CONTRACTS,2024-09-29,BLACKPINK individual contracts,0
BLACKPINK_20231229_INDIVIDUAL_CONTRACTS,2024-10-06,BLACKPINK individual contracts,0
BLACKPINK_20231229_INDIVIDUAL_CONTRACTS,2024-10-13,BLACKPINK individual contracts,0
BLACKPINK_20231229_INDIVIDUAL_CONTRACTS,2024-10-20,BLACKPINK individual contracts,0
BLACKPINK_20231229_INDIVIDUAL_CONTRACTS,2024-10-27,BLACKPINK individual contracts,0
BLACKPINK_20231229_INDIVIDUAL_CONTRACTS,2024-11-03,BLACKPINK individual contracts,0
BLACKPINK_20231229_INDIVIDUAL_CONTRACTS,2024-11-10,BLACKPINK individual contracts,0
BLACKPINK_20231229_INDIVIDUAL_CONTRACTS,2024-11-17,BLACKPINK individual contracts,0
BLACKPINK_20231229_INDIVIDUAL_CONTRACTS,2024-11-24,BLACKPINK individual contracts,0
BLACKPINK_20231229_INDIVIDUAL_CONTRACTS,2024-12-01,BLACKPINK individual contracts,0
BLACKPINK_20231229_INDIVIDUAL_CONTRACTS,2024-12-08,BLACKPINK individual contracts,0
BLACKPINK_20231229_INDIVIDUAL_CONTRACTS,2024-12-15,BLACKPINK individual contracts,0
BLACKPINK_20231229_INDIVIDUAL_CONTRACTS,2024-12-22,BLACKPINK individual contracts,0
BLACKPINK_20231229_INDIVIDUAL_CONTRACTS,2024-12-29,BLACKPINK individual contracts,0
BLACKPINK_20231229_INDIVIDUAL_CONTRACTS,2025-01-05,BLACKPINK individual contracts,0
BLACKPINK_20231229_INDIVIDUAL_CONTRACTS,2025-01-12,BLACKPINK individual contracts,0
BLACKPINK_20231229_INDIVIDUAL_CONTRACTS,2025-01-19,BLACKPINK individual contracts,0
BLACKPINK_20231229_INDIVIDUAL_CONTRACTS,2025-01-26,BLACKPINK individual contracts,0
BLACKPINK_20231229_INDIVIDUAL_CONTRACTS,2025-02-02,BLACKPINK individual contracts,0
BLACKPINK_20231229_INDIVIDUAL_CONTRACTS,2025-02-09,BLACKPINK individual contracts,0
BLACKPINK_20231229_INDIVIDUAL_CONTRACTS,2025-02-16,BLACKPINK individual contracts,0
BLACKPINK_20231229_INDIVIDUAL_CONTRACTS,2025-02-23,BLACKPINK individual contracts,0
BLACKPINK_20231229_INDIVIDUAL_CONTRACTS,2025-03-02,BLACKPINK individual contracts,0
BLACKPINK_20231229_INDIVIDUAL_CONTRACTS,2025-03-09,BLACKPINK individual contracts,0
BLACKPINK_20231229_INDIVIDUAL_CONTRACTS,2025-03-16,BLACKPINK individual contracts,0
BLACKPINK_20231229_INDIVIDUAL_CONTRACTS,2025-03-23,BLACKPINK individual contracts,0
BLACKPINK_20231229_INDIVIDUAL_CONTRACTS,2025-03-30,BLACKPINK individual contracts,0
BLACKPINK_20231229_INDIVIDUAL_CONTRACTS,2025-04-06,BLACKPINK individual contracts,0
BLACKPINK_20231229_INDIVIDUAL_CONTRACTS,2025-04-13,BLACKPINK individual contracts,0
BLACKPINK_20231229_INDIVIDUAL_CONTRACTS,2025-04-20,BLACKPINK individual contracts,0
BLACKPINK_20231229_INDIVIDUAL_CONTRACTS,2025-04-27,BLACKPINK individual contracts,0
BLACKPINK_20231229_INDIVIDUAL_CONTRACTS,2025-05-04,BLACKPINK individual contracts,0
BLACKPINK_20231229_INDIVIDUAL_CONTRACTS,2025-05-11,BLACKPINK individual contracts,0
BLACKPINK_20231229_INDIVIDUAL_CONTRACTS,2025-05-18,BLACKPINK individual contracts,0
BLACKPINK_20231229_INDIVIDUAL_CONTRACTS,2025-05-25,BLACKPINK individual contracts,0
BLACKPINK_20231229_INDIVIDUAL_CONTRACTS,2025-06-01,BLACKPINK individual contracts,0
BLACKPINK_20231229_INDIVIDUAL_CONTRACTS,2025-06-08,BLACKPINK individual contracts,0
BLACKPINK_20231229_INDIVIDUAL_CONTRACTS,2025-06-15,BLACKPINK individual contracts,0
BLACKPINK_20231229_INDIVIDUAL_CONTRACTS,2025-06-22,BLACKPINK individual contracts,0
BLACKPINK_20231229_INDIVIDUAL_CONTRACTS,2025-06-29,BLACKPINK individual contracts,0
BLACKPINK_20231229_INDIVIDUAL_CONTRACTS,2025-07-06,BLACKPINK individual contracts,0
BLACKPINK_20231229_INDIVIDUAL_CONTRACTS,2025-07-13,BLACKPINK individual contracts,0
BLACKPINK_20231229_INDIVIDUAL_CONTRACTS,2025-07-20,BLACKPINK individual contracts,0
BLACKPINK_20231229_INDIVIDUAL_CONTRACTS,2025-07-27,BLACKPINK individual contracts,0
BLACKPINK_20231229_INDIVIDUAL_CONTRACTS,2025-08-03,BLACKPINK individual contracts,0
BLACKPINK_20231229_INDIVIDUAL_CONTRACTS,2025-08-10,BLACKPINK individual contracts,0
BLACKPINK_20231229_INDIVIDUAL_CONTRACTS,2025-08-17,BLACKPINK individual contracts,0
BLACKPINK_20231229_INDIVIDUAL_CONTRACTS,2025-08-24,BLACKPINK individual contracts,0
BLACKPINK_20231229_INDIVIDUAL_CONTRACTS,2025-08-31,BLACKPINK individual contracts,0
BLACKPINK_20231229_INDIVIDUAL_CONTRACTS,2025-09-07,BLACKPINK individual contracts,0
BLACKPINK_20231229_INDIVIDUAL_CONTRACTS,2025-09-14,BLACKPINK individual contracts,0
BLACKPINK_20231229_INDIVIDUAL_CONTRACTS,2025-09-21,BLACKPINK individual contracts,0
BLACKPINK_20231229_INDIVIDUAL_CONTRACTS,2025-09-28,BLACKPINK individual contracts,0
BLACKPINK_20231229_INDIVIDUAL_CONTRACTS,2025-10-05,BLACKPINK individual contracts,0
BLACKPINK_20231229_INDIVIDUAL_CONTRACTS,2025-10-12,BLACKPINK individual contracts,0
BLACKPINK_20231229_INDIVIDUAL_CONTRACTS,2025-10-19,BLACKPINK individual contracts,0
BLACKPINK_20231229_INDIVIDUAL_CONTRACTS,2025-10-26,BLACKPINK individual contracts,0
BLACKPINK_20231229_INDIVIDUAL_CONTRACTS,2025-11-02,BLACKPINK individual contracts,0
BLACKPINK_20231229_INDIVIDUAL_CONTRACTS,2025-11-09,BLACKPINK individual contracts,0
BLACKPINK_20231229_INDIVIDUAL_CONTRACTS,2025-11-16,BLACKPINK individual contracts,0
BLACKPINK_20231229_INDIVIDUAL_CONTRACTS,2025-11-23,BLACKPINK individual contracts,0
BLACKPINK_20231229_INDIVIDUAL_CONTRACTS,2025-11-30,BLACKPINK individual contracts,0
BLACKPINK_20231229_INDIVIDUAL_CONTRACTS,2025-12-07,BLACKPINK individual contracts,0
BLACKPINK_20231229_INDIVIDUAL_CONTRACTS,2025-12-14,BLACKPINK individual contracts,0
BLACKPINK_20231229_INDIVIDUAL_CONTRACTS,2025-12-21,BLACKPINK individual contracts,0
BLACKPINK_20231229_INDIVIDUAL_CONTRACTS,2025-12-28,BLACKPINK individual contracts,0
NEWJEANS_20220722_ATTENTION_DEBUT,2020-12-27,NewJeans Attention,0
NEWJEANS_20220722_ATTENTION_DEBUT,2021-01-03,NewJeans Attention,0
NEWJEANS_20220722_ATTENTION_DEBUT,2021-01-10,NewJeans Attention,0
NEWJEANS_20220722_ATTENTION_DEBUT,2021-01-17,NewJeans Attention,0
NEWJEANS_20220722_ATTENTION_DEBUT,2021-01-24,NewJeans Attention,0
NEWJEANS_20220722_ATTENTION_DEBUT,2021-01-31,NewJeans Attention,0
NEWJEANS_20220722_ATTENTION_DEBUT,2021-02-07,NewJeans Attention,0
NEWJEANS_20220722_ATTENTION_DEBUT,2021-02-14,NewJeans Attention,0
NEWJEANS_20220722_ATTENTION_DEBUT,2021-02-21,NewJeans Attention,0
NEWJEANS_20220722_ATTENTION_DEBUT,2021-02-28,NewJeans Attention,0
NEWJEANS_20220722_ATTENTION_DEBUT,2021-03-07,NewJeans Attention,0
NEWJEANS_20220722_ATTENTION_DEBUT,2021-03-14,NewJeans Attention,0
NEWJEANS_20220722_ATTENTION_DEBUT,2021-03-21,NewJeans Attention,0
NEWJEANS_20220722_ATTENTION_DEBUT,2021-03-28,NewJeans Attention,0
NEWJEANS_20220722_ATTENTION_DEBUT,2021-04-04,NewJeans Attention,0
NEWJEANS_20220722_ATTENTION_DEBUT,2021-04-11,NewJeans Attention,0
NEWJEANS_20220722_ATTENTION_DEBUT,2021-04-18,NewJeans Attention,0
NEWJEANS_20220722_ATTENTION_DEBUT,2021-04-25,NewJeans Attention,0
NEWJEANS_20220722_ATTENTION_DEBUT,2021-05-02,NewJeans Attention,0
NEWJEANS_20220722_ATTENTION_DEBUT,2021-05-09,NewJeans Attention,0
NEWJEANS_20220722_ATTENTION_DEBUT,2021-05-16,NewJeans Attention,0
NEWJEANS_20220722_ATTENTION_DEBUT,2021-05-23,NewJeans Attention,0
NEWJEANS_20220722_ATTENTION_DEBUT,2021-05-30,NewJeans Attention,0
NEWJEANS_20220722_ATTENTION_DEBUT,2021-06-06,NewJeans Attention,0
NEWJEANS_20220722_ATTENTION_DEBUT,2021-06-13,NewJeans Attention,0
NEWJEANS_20220722_ATTENTION_DEBUT,2021-06-20,NewJeans Attention,0
NEWJEANS_20220722_ATTENTION_DEBUT,2021-06-27,NewJeans Attention,0
NEWJEANS_20220722_ATTENTION_DEBUT,2021-07-04,NewJeans Attention,0
NEWJEANS_20220722_ATTENTION_DEBUT,2021-07-11,NewJeans Attention,0
NEWJEANS_20220722_ATTENTION_DEBUT,2021-07-18,NewJeans Attention,0
NEWJEANS_20220722_ATTENTION_DEBUT,2021-07-25,NewJeans Attention,0
NEWJEANS_20220722_ATTENTION_DEBUT,2021-08-01,NewJeans Attention,0
NEWJEANS_20220722_ATTENTION_DEBUT,2021-08-08,NewJeans Attention,0
NEWJEANS_20220722_ATTENTION_DEBUT,2021-08-15,NewJeans Attention,0
NEWJEANS_20220722_ATTENTION_DEBUT,2021-08-22,NewJeans Attention,0
NEWJEANS_20220722_ATTENTION_DEBUT,2021-08-29,NewJeans Attention,0
NEWJEANS_20220722_ATTENTION_DEBUT,2021-09-05,NewJeans Attention,0
NEWJEANS_20220722_ATTENTION_DEBUT,2021-09-12,NewJeans Attention,0
NEWJEANS_20220722_ATTENTION_DEBUT,2021-09-19,NewJeans Attention,0
NEWJEANS_20220722_ATTENTION_DEBUT,2021-09-26,NewJeans Attention,0
NEWJEANS_20220722_ATTENTION_DEBUT,2021-10-03,NewJeans Attention,0
NEWJEANS_20220722_ATTENTION_DEBUT,2021-10-10,NewJeans Attention,0
NEWJEANS_20220722_ATTENTION_DEBUT,2021-10-17,NewJeans Attention,0
NEWJEANS_20220722_ATTENTION_DEBUT,2021-10-24,NewJeans Attention,0
NEWJEANS_20220722_ATTENTION_DEBUT,2021-10-31,NewJeans Attention,0
NEWJEANS_20220722_ATTENTION_DEBUT,2021-11-07,NewJeans Attention,0
NEWJEANS_20220722_ATTENTION_DEBUT,2021-11-14,NewJeans Attention,0
NEWJEANS_20220722_ATTENTION_DEBUT,2021-11-21,NewJeans Attention,0
NEWJEANS_20220722_ATTENTION_DEBUT,2021-11-28,NewJeans Attention,0
NEWJEANS_20220722_ATTENTION_DEBUT,2021-12-05,NewJeans Attention,0
NEWJEANS_20220722_ATTENTION_DEBUT,2021-12-12,NewJeans Attention,0
NEWJEANS_20220722_ATTENTION_DEBUT,2021-12-19,NewJeans Attention,0
NEWJEANS_20220722_ATTENTION_DEBUT,2021-12-26,NewJeans Attention,0
NEWJEANS_20220722_ATTENTION_DEBUT,2022-01-02,NewJeans Attention,0
NEWJEANS_20220722_ATTENTION_DEBUT,2022-01-09,NewJeans Attention,0
NEWJEANS_20220722_ATTENTION_DEBUT,2022-01-16,NewJeans Attention,0
NEWJEANS_20220722_ATTENTION_DEBUT,2022-01-23,NewJeans Attention,0
NEWJEANS_20220722_ATTENTION_DEBUT,2022-01-30,NewJeans Attention,0
NEWJEANS_20220722_ATTENTION_DEBUT,2022-02-06,NewJeans Attention,0
NEWJEANS_20220722_ATTENTION_DEBUT,2022-02-13,NewJeans Attention,0
NEWJEANS_20220722_ATTENTION_DEBUT,2022-02-20,NewJeans Attention,0
NEWJEANS_20220722_ATTENTION_DEBUT,2022-02-27,NewJeans Attention,0
NEWJEANS_20220722_ATTENTION_DEBUT,2022-03-06,NewJeans Attention,0
NEWJEANS_20220722_ATTENTION_DEBUT,2022-03-13,NewJeans Attention,0
NEWJEANS_20220722_ATTENTION_DEBUT,2022-03-20,NewJeans Attention,0
NEWJEANS_20220722_ATTENTION_DEBUT,2022-03-27,NewJeans Attention,0
NEWJEANS_20220722_ATTENTION_DEBUT,2022-04-03,NewJeans Attention,0
NEWJEANS_20220722_ATTENTION_DEBUT,2022-04-10,NewJeans Attention,0
NEWJEANS_20220722_ATTENTION_DEBUT,2022-04-17,NewJeans Attention,0
NEWJEANS_20220722_ATTENTION_DEBUT,2022-04-24,NewJeans Attention,0
NEWJEANS_20220722_ATTENTION_DEBUT,2022-05-01,NewJeans Attention,0
NEWJEANS_20220722_ATTENTION_DEBUT,2022-05-08,NewJeans Attention,0
NEWJEANS_20220722_ATTENTION_DEBUT,2022-05-15,NewJeans Attention,0
NEWJEANS_20220722_ATTENTION_DEBUT,2022-05-22,NewJeans Attention,0
NEWJEANS_20220722_ATTENTION_DEBUT,2022-05-29,NewJeans Attention,0
NEWJEANS_20220722_ATTENTION_DEBUT,2022-06-05,NewJeans Attention,0
NEWJEANS_20220722_ATTENTION_DEBUT,2022-06-12,NewJeans Attention,0
NEWJEANS_20220722_ATTENTION_DEBUT,2022-06-19,NewJeans Attention,0
NEWJEANS_20220722_ATTENTION_DEBUT,2022-06-26,NewJeans Attention,0
NEWJEANS_20220722_ATTENTION_DEBUT,2022-07-03,NewJeans Attention,0
NEWJEANS_20220722_ATTENTION_DEBUT,2022-07-10,NewJeans Attention,0
NEWJEANS_20220722_ATTENTION_DEBUT,2022-07-17,NewJeans Attention,52
NEWJEANS_20220722_ATTENTION_DEBUT,2022-07-24,NewJeans Attention,74
NEWJEANS_20220722_ATTENTION_DEBUT,2022-07-31,NewJeans Attention,72
NEWJEANS_20220722_ATTENTION_DEBUT,2022-08-07,NewJeans Attention,92
NEWJEANS_20220722_ATTENTION_DEBUT,2022-08-14,NewJeans Attention,100
NEWJEANS_20220722_ATTENTION_DEBUT,2022-08-21,NewJeans Attention,71
NEWJEANS_20220722_ATTENTION_DEBUT,2022-08-28,NewJeans Attention,78
NEWJEANS_20220722_ATTENTION_DEBUT,2022-09-04,NewJeans Attention,60
NEWJEANS_20220722_ATTENTION_DEBUT,2022-09-11,NewJeans Attention,67
NEWJEANS_20220722_ATTENTION_DEBUT,2022-09-18,NewJeans Attention,62
NEWJEANS_20220722_ATTENTION_DEBUT,2022-09-25,NewJeans Attention,65
NEWJEANS_20220722_ATTENTION_DEBUT,2022-10-02,NewJeans Attention,57
NEWJEANS_20220722_ATTENTION_DEBUT,2022-10-09,NewJeans Attention,51
NEWJEANS_20220722_ATTENTION_DEBUT,2022-10-16,NewJeans Attention,43
NEWJEANS_20220722_ATTENTION_DEBUT,2022-10-23,NewJeans Attention,31
NEWJEANS_20220722_ATTENTION_DEBUT,2022-10-30,NewJeans Attention,40
NEWJEANS_20220722_ATTENTION_DEBUT,2022-11-06,NewJeans Attention,44
NEWJEANS_20220722_ATTENTION_DEBUT,2022-11-13,NewJeans Attention,37
NEWJEANS_20220722_ATTENTION_DEBUT,2022-11-20,NewJeans Attention,34
NEWJEANS_20220722_ATTENTION_DEBUT,2022-11-27,NewJeans Attention,46
NEWJEANS_20220722_ATTENTION_DEBUT,2022-12-04,NewJeans Attention,49
NEWJEANS_20220722_ATTENTION_DEBUT,2022-12-11,NewJeans Attention,46
NEWJEANS_20220722_ATTENTION_DEBUT,2022-12-18,NewJeans Attention,60
NEWJEANS_20220722_ATTENTION_DEBUT,2022-12-25,NewJeans Attention,76
NEWJEANS_20220722_ATTENTION_DEBUT,2023-01-01,NewJeans Attention,88
NEWJEANS_20220722_ATTENTION_DEBUT,2023-01-08,NewJeans Attention,82
NEWJEANS_20220722_ATTENTION_DEBUT,2023-01-15,NewJeans Attention,70
NEWJEANS_20220722_ATTENTION_DEBUT,2023-01-22,NewJeans Attention,80
NEWJEANS_20220722_ATTENTION_DEBUT,2023-01-29,NewJeans Attention,75
NEWJEANS_20220722_ATTENTION_DEBUT,2023-02-05,NewJeans Attention,77
NEWJEANS_20220722_ATTENTION_DEBUT,2023-02-12,NewJeans Attention,76
NEWJEANS_20220722_ATTENTION_DEBUT,2023-02-19,NewJeans Attention,67
NEWJEANS_20220722_ATTENTION_DEBUT,2023-02-26,NewJeans Attention,61
NEWJEANS_20220722_ATTENTION_DEBUT,2023-03-05,NewJeans Attention,56
NEWJEANS_20220722_ATTENTION_DEBUT,2023-03-12,NewJeans Attention,43
NEWJEANS_20220722_ATTENTION_DEBUT,2023-03-19,NewJeans Attention,50
NEWJEANS_20220722_ATTENTION_DEBUT,2023-03-26,NewJeans Attention,48
NEWJEANS_20220722_ATTENTION_DEBUT,2023-04-02,NewJeans Attention,47
NEWJEANS_20220722_ATTENTION_DEBUT,2023-04-09,NewJeans Attention,41
NEWJEANS_20220722_ATTENTION_DEBUT,2023-04-16,NewJeans Attention,43
NEWJEANS_20220722_ATTENTION_DEBUT,2023-04-23,NewJeans Attention,41
NEWJEANS_20220722_ATTENTION_DEBUT,2023-04-30,NewJeans Attention,47
NEWJEANS_20220722_ATTENTION_DEBUT,2023-05-07,NewJeans Attention,41
NEWJEANS_20220722_ATTENTION_DEBUT,2023-05-14,NewJeans Attention,33
NEWJEANS_20220722_ATTENTION_DEBUT,2023-05-21,NewJeans Attention,32
NEWJEANS_20220722_ATTENTION_DEBUT,2023-05-28,NewJeans Attention,35
NEWJEANS_20220722_ATTENTION_DEBUT,2023-06-04,NewJeans Attention,28
NEWJEANS_20220722_ATTENTION_DEBUT,2023-06-11,NewJeans Attention,42
NEWJEANS_20220722_ATTENTION_DEBUT,2023-06-18,NewJeans Attention,39
NEWJEANS_20220722_ATTENTION_DEBUT,2023-06-25,NewJeans Attention,37
NEWJEANS_20220722_ATTENTION_DEBUT,2023-07-02,NewJeans Attention,46
NEWJEANS_20220722_ATTENTION_DEBUT,2023-07-09,NewJeans Attention,58
NEWJEANS_20220722_ATTENTION_DEBUT,2023-07-16,NewJeans Attention,60
NEWJEANS_20220722_ATTENTION_DEBUT,2023-07-23,NewJeans Attention,50
NEWJEANS_20220722_ATTENTION_DEBUT,2023-07-30,NewJeans Attention,45
NEWJEANS_20220722_ATTENTION_DEBUT,2023-08-06,NewJeans Attention,52
NEWJEANS_20220722_ATTENTION_DEBUT,2023-08-13,NewJeans Attention,49
NEWJEANS_20220722_ATTENTION_DEBUT,2023-08-20,NewJeans Attention,37
NEWJEANS_20220722_ATTENTION_DEBUT,2023-08-27,NewJeans Attention,40
NEWJEANS_20220722_ATTENTION_DEBUT,2023-09-03,NewJeans Attention,35
NEWJEANS_20220722_ATTENTION_DEBUT,2023-09-10,NewJeans Attention,35
NEWJEANS_20220722_ATTENTION_DEBUT,2023-09-17,NewJeans Attention,36
NEWJEANS_20220722_ATTENTION_DEBUT,2023-09-24,NewJeans Attention,22
NEWJEANS_20220722_ATTENTION_DEBUT,2023-10-01,NewJeans Attention,27
NEWJEANS_20220722_ATTENTION_DEBUT,2023-10-08,NewJeans Attention,29
NEWJEANS_20220722_ATTENTION_DEBUT,2023-10-15,NewJeans Attention,30
NEWJEANS_20220722_ATTENTION_DEBUT,2023-10-22,NewJeans Attention,24
NEWJEANS_20220722_ATTENTION_DEBUT,2023-10-29,NewJeans Attention,20
NEWJEANS_20220722_ATTENTION_DEBUT,2023-11-05,NewJeans Attention,23
NEWJEANS_20220722_ATTENTION_DEBUT,2023-11-12,NewJeans Attention,27
NEWJEANS_20220722_ATTENTION_DEBUT,2023-11-19,NewJeans Attention,25
NEWJEANS_20220722_ATTENTION_DEBUT,2023-11-26,NewJeans Attention,38
NEWJEANS_20220722_ATTENTION_DEBUT,2023-12-03,NewJeans Attention,28
NEWJEANS_20220722_ATTENTION_DEBUT,2023-12-10,NewJeans Attention,26
NEWJEANS_20220722_ATTENTION_DEBUT,2023-12-17,NewJeans Attention,34
NEWJEANS_20220722_ATTENTION_DEBUT,2023-12-24,NewJeans Attention,36
NEWJEANS_20220722_ATTENTION_DEBUT,2023-12-31,NewJeans Attention,39
NEWJEANS_20220722_ATTENTION_DEBUT,2024-01-07,NewJeans Attention,35
NEWJEANS_20220722_ATTENTION_DEBUT,2024-01-14,NewJeans Attention,34
NEWJEANS_20220722_ATTENTION_DEBUT,2024-01-21,NewJeans Attention,32
NEWJEANS_20220722_ATTENTION_DEBUT,2024-01-28,NewJeans Attention,28
NEWJEANS_20220722_ATTENTION_DEBUT,2024-02-04,NewJeans Attention,20
NEWJEANS_20220722_ATTENTION_DEBUT,2024-02-11,NewJeans Attention,21
NEWJEANS_20220722_ATTENTION_DEBUT,2024-02-18,NewJeans Attention,25
NEWJEANS_20220722_ATTENTION_DEBUT,2024-02-25,NewJeans Attention,26
NEWJEANS_20220722_ATTENTION_DEBUT,2024-03-03,NewJeans Attention,35
NEWJEANS_20220722_ATTENTION_DEBUT,2024-03-10,NewJeans Attention,23
NEWJEANS_20220722_ATTENTION_DEBUT,2024-03-17,NewJeans Attention,31
NEWJEANS_20220722_ATTENTION_DEBUT,2024-03-24,NewJeans Attention,44
NEWJEANS_20220722_ATTENTION_DEBUT,2024-03-31,NewJeans Attention,41
NEWJEANS_20220722_ATTENTION_DEBUT,2024-04-07,NewJeans Attention,31
NEWJEANS_20220722_ATTENTION_DEBUT,2024-04-14,NewJeans Attention,26
NEWJEANS_20220722_ATTENTION_DEBUT,2024-04-21,NewJeans Attention,40
NEWJEANS_20220722_ATTENTION_DEBUT,2024-04-28,NewJeans Attention,40
NEWJEANS_20220722_ATTENTION_DEBUT,2024-05-05,NewJeans Attention,39
NEWJEANS_20220722_ATTENTION_DEBUT,2024-05-12,NewJeans Attention,38
NEWJEANS_20220722_ATTENTION_DEBUT,2024-05-19,NewJeans Attention,27
NEWJEANS_20220722_ATTENTION_DEBUT,2024-05-26,NewJeans Attention,80
NEWJEANS_20220722_ATTENTION_DEBUT,2024-06-02,NewJeans Attention,27
NEWJEANS_20220722_ATTENTION_DEBUT,2024-06-09,NewJeans Attention,37
NEWJEANS_20220722_ATTENTION_DEBUT,2024-06-16,NewJeans Attention,38
NEWJEANS_20220722_ATTENTION_DEBUT,2024-06-23,NewJeans Attention,36
NEWJEANS_20220722_ATTENTION_DEBUT,2024-06-30,NewJeans Attention,42
NEWJEANS_20220722_ATTENTION_DEBUT,2024-07-07,NewJeans Attention,40
NEWJEANS_20220722_ATTENTION_DEBUT,2024-07-14,NewJeans Attention,23
NEWJEANS_20220722_ATTENTION_DEBUT,2024-07-21,NewJeans Attention,52
NEWJEANS_20220722_ATTENTION_DEBUT,2024-07-28,NewJeans Attention,38
NEWJEANS_20220722_ATTENTION_DEBUT,2024-08-04,NewJeans Attention,38
NEWJEANS_20220722_ATTENTION_DEBUT,2024-08-11,NewJeans Attention,46
NEWJEANS_20220722_ATTENTION_DEBUT,2024-08-18,NewJeans Attention,31
NEWJEANS_20220722_ATTENTION_DEBUT,2024-08-25,NewJeans Attention,36
NEWJEANS_20220722_ATTENTION_DEBUT,2024-09-01,NewJeans Attention,28
NEWJEANS_20220722_ATTENTION_DEBUT,2024-09-08,NewJeans Attention,27
NEWJEANS_20220722_ATTENTION_DEBUT,2024-09-15,NewJeans Attention,33
NEWJEANS_20220722_ATTENTION_DEBUT,2024-09-22,NewJeans Attention,26
NEWJEANS_20220722_ATTENTION_DEBUT,2024-09-29,NewJeans Attention,28
NEWJEANS_20220722_ATTENTION_DEBUT,2024-10-06,NewJeans Attention,24
NEWJEANS_20220722_ATTENTION_DEBUT,2024-10-13,NewJeans Attention,25
NEWJEANS_20220722_ATTENTION_DEBUT,2024-10-20,NewJeans Attention,27
NEWJEANS_20220722_ATTENTION_DEBUT,2024-10-27,NewJeans Attention,24
NEWJEANS_20220722_ATTENTION_DEBUT,2024-11-03,NewJeans Attention,23
NEWJEANS_20220722_ATTENTION_DEBUT,2024-11-10,NewJeans Attention,18
NEWJEANS_20220722_ATTENTION_DEBUT,2024-11-17,NewJeans Attention,27
NEWJEANS_20220722_ATTENTION_DEBUT,2024-11-24,NewJeans Attention,28
NEWJEANS_20220722_ATTENTION_DEBUT,2024-12-01,NewJeans Attention,20
NEWJEANS_20220722_ATTENTION_DEBUT,2024-12-08,NewJeans Attention,25
NEWJEANS_20220722_ATTENTION_DEBUT,2024-12-15,NewJeans Attention,21
NEWJEANS_20220722_ATTENTION_DEBUT,2024-12-22,NewJeans Attention,25
NEWJEANS_20220722_ATTENTION_DEBUT,2024-12-29,NewJeans Attention,17
NEWJEANS_20220722_ATTENTION_DEBUT,2025-01-05,NewJeans Attention,18
NEWJEANS_20220722_ATTENTION_DEBUT,2025-01-12,NewJeans Attention,23
NEWJEANS_20220722_ATTENTION_DEBUT,2025-01-19,NewJeans Attention,24
NEWJEANS_20220722_ATTENTION_DEBUT,2025-01-26,NewJeans Attention,29
NEWJEANS_20220722_ATTENTION_DEBUT,2025-02-02,NewJeans Attention,27
NEWJEANS_20220722_ATTENTION_DEBUT,2025-02-09,NewJeans Attention,24
NEWJEANS_20220722_ATTENTION_DEBUT,2025-02-16,NewJeans Attention,26
NEWJEANS_20220722_ATTENTION_DEBUT,2025-02-23,NewJeans Attention,16
NEWJEANS_20220722_ATTENTION_DEBUT,2025-03-02,NewJeans Attention,27
NEWJEANS_20220722_ATTENTION_DEBUT,2025-03-09,NewJeans Attention,19
NEWJEANS_20220722_ATTENTION_DEBUT,2025-03-16,NewJeans Attention,23
NEWJEANS_20220722_ATTENTION_DEBUT,2025-03-23,NewJeans Attention,20
NEWJEANS_20220722_ATTENTION_DEBUT,2025-03-30,NewJeans Attention,19
NEWJEANS_20220722_ATTENTION_DEBUT,2025-04-06,NewJeans Attention,25
NEWJEANS_20220722_ATTENTION_DEBUT,2025-04-13,NewJeans Attention,17
NEWJEANS_20220722_ATTENTION_DEBUT,2025-04-20,NewJeans Attention,22
NEWJEANS_20220722_ATTENTION_DEBUT,2025-04-27,NewJeans Attention,22
NEWJEANS_20220722_ATTENTION_DEBUT,2025-05-04,NewJeans Attention,23
NEWJEANS_20220722_ATTENTION_DEBUT,2025-05-11,NewJeans Attention,17
NEWJEANS_20220722_ATTENTION_DEBUT,2025-05-18,NewJeans Attention,22
NEWJEANS_20220722_ATTENTION_DEBUT,2025-05-25,NewJeans Attention,23
NEWJEANS_20220722_ATTENTION_DEBUT,2025-06-01,NewJeans Attention,23
NEWJEANS_20220722_ATTENTION_DEBUT,2025-06-08,NewJeans Attention,20
NEWJEANS_20220722_ATTENTION_DEBUT,2025-06-15,NewJeans Attention,28
NEWJEANS_20220722_ATTENTION_DEBUT,2025-06-22,NewJeans Attention,24
NEWJEANS_20220722_ATTENTION_DEBUT,2025-06-29,NewJeans Attention,23
NEWJEANS_20220722_ATTENTION_DEBUT,2025-07-06,NewJeans Attention,23
NEWJEANS_20220722_ATTENTION_DEBUT,2025-07-13,NewJeans Attention,34
NEWJEANS_20220722_ATTENTION_DEBUT,2025-07-20,NewJeans Attention,40
NEWJEANS_20220722_ATTENTION_DEBUT,2025-07-27,NewJeans Attention,30
NEWJEANS_20220722_ATTENTION_DEBUT,2025-08-03,NewJeans Attention,32
NEWJEANS_20220722_ATTENTION_DEBUT,2025-08-10,NewJeans Attention,39
NEWJEANS_20220722_ATTENTION_DEBUT,2025-08-17,NewJeans Attention,31
NEWJEANS_20220722_ATTENTION_DEBUT,2025-08-24,NewJeans Attention,37
NEWJEANS_20220722_ATTENTION_DEBUT,2025-08-31,NewJeans Attention,36
NEWJEANS_20220722_ATTENTION_DEBUT,2025-09-07,NewJeans Attention,27
NEWJEANS_20220722_ATTENTION_DEBUT,2025-09-14,NewJeans Attention,35
NEWJEANS_20220722_ATTENTION_DEBUT,2025-09-21,NewJeans Attention,28
NEWJEANS_20220722_ATTENTION_DEBUT,2025-09-28,NewJeans Attention,25
NEWJEANS_20220722_ATTENTION_DEBUT,2025-10-05,NewJeans Attention,30
NEWJEANS_20220722_ATTENTION_DEBUT,2025-10-12,NewJeans Attention,34
NEWJEANS_20220722_ATTENTION_DEBUT,2025-10-19,NewJeans Attention,29
NEWJEANS_20220722_ATTENTION_DEBUT,2025-10-26,NewJeans Attention,27
NEWJEANS_20220722_ATTENTION_DEBUT,2025-11-02,NewJeans Attention,28
NEWJEANS_20220722_ATTENTION_DEBUT,2025-11-09,NewJeans Attention,42
NEWJEANS_20220722_ATTENTION_DEBUT,2025-11-16,NewJeans Attention,24
NEWJEANS_20220722_ATTENTION_DEBUT,2025-11-23,NewJeans Attention,31
NEWJEANS_20220722_ATTENTION_DEBUT,2025-11-30,NewJeans Attention,29
NEWJEANS_20220722_ATTENTION_DEBUT,2025-12-07,NewJeans Attention,27
NEWJEANS_20220722_ATTENTION_DEBUT,2025-12-14,NewJeans Attention,32
NEWJEANS_20220722_ATTENTION_DEBUT,2025-12-21,NewJeans Attention,23
NEWJEANS_20220722_ATTENTION_DEBUT,2025-12-28,NewJeans Attention,40
NEWJEANS_20221219_DITTO,2020-12-27,NewJeans Ditto,0
NEWJEANS_20221219_DITTO,2021-01-03,NewJeans Ditto,0
NEWJEANS_20221219_DITTO,2021-01-10,NewJeans Ditto,0
NEWJEANS_20221219_DITTO,2021-01-17,NewJeans Ditto,0
NEWJEANS_20221219_DITTO,2021-01-24,NewJeans Ditto,0
NEWJEANS_20221219_DITTO,2021-01-31,NewJeans Ditto,0
NEWJEANS_20221219_DITTO,2021-02-07,NewJeans Ditto,0
NEWJEANS_20221219_DITTO,2021-02-14,NewJeans Ditto,0
NEWJEANS_20221219_DITTO,2021-02-21,NewJeans Ditto,0
NEWJEANS_20221219_DITTO,2021-02-28,NewJeans Ditto,0
NEWJEANS_20221219_DITTO,2021-03-07,NewJeans Ditto,0
NEWJEANS_20221219_DITTO,2021-03-14,NewJeans Ditto,0
NEWJEANS_20221219_DITTO,2021-03-21,NewJeans Ditto,0
NEWJEANS_20221219_DITTO,2021-03-28,NewJeans Ditto,0
NEWJEANS_20221219_DITTO,2021-04-04,NewJeans Ditto,0
NEWJEANS_20221219_DITTO,2021-04-11,NewJeans Ditto,0
NEWJEANS_20221219_DITTO,2021-04-18,NewJeans Ditto,0
NEWJEANS_20221219_DITTO,2021-04-25,NewJeans Ditto,0
NEWJEANS_20221219_DITTO,2021-05-02,NewJeans Ditto,0
NEWJEANS_20221219_DITTO,2021-05-09,NewJeans Ditto,0
NEWJEANS_20221219_DITTO,2021-05-16,NewJeans Ditto,0
NEWJEANS_20221219_DITTO,2021-05-23,NewJeans Ditto,0
NEWJEANS_20221219_DITTO,2021-05-30,NewJeans Ditto,0
NEWJEANS_20221219_DITTO,2021-06-06,NewJeans Ditto,0
NEWJEANS_20221219_DITTO,2021-06-13,NewJeans Ditto,0
NEWJEANS_20221219_DITTO,2021-06-20,NewJeans Ditto,0
NEWJEANS_20221219_DITTO,2021-06-27,NewJeans Ditto,0
NEWJEANS_20221219_DITTO,2021-07-04,NewJeans Ditto,0
NEWJEANS_20221219_DITTO,2021-07-11,NewJeans Ditto,0
NEWJEANS_20221219_DITTO,2021-07-18,NewJeans Ditto,0
NEWJEANS_20221219_DITTO,2021-07-25,NewJeans Ditto,0
NEWJEANS_20221219_DITTO,2021-08-01,NewJeans Ditto,0
NEWJEANS_20221219_DITTO,2021-08-08,NewJeans Ditto,0
NEWJEANS_20221219_DITTO,2021-08-15,NewJeans Ditto,0
NEWJEANS_20221219_DITTO,2021-08-22,NewJeans Ditto,0
NEWJEANS_20221219_DITTO,2021-08-29,NewJeans Ditto,0
NEWJEANS_20221219_DITTO,2021-09-05,NewJeans Ditto,0
NEWJEANS_20221219_DITTO,2021-09-12,NewJeans Ditto,0
NEWJEANS_20221219_DITTO,2021-09-19,NewJeans Ditto,0
NEWJEANS_20221219_DITTO,2021-09-26,NewJeans Ditto,0
NEWJEANS_20221219_DITTO,2021-10-03,NewJeans Ditto,1
NEWJEANS_20221219_DITTO,2021-10-10,NewJeans Ditto,0
NEWJEANS_20221219_DITTO,2021-10-17,NewJeans Ditto,1
NEWJEANS_20221219_DITTO,2021-10-24,NewJeans Ditto,0
NEWJEANS_20221219_DITTO,2021-10-31,NewJeans Ditto,1
NEWJEANS_20221219_DITTO,2021-11-07,NewJeans Ditto,0
NEWJEANS_20221219_DITTO,2021-11-14,NewJeans Ditto,0
NEWJEANS_20221219_DITTO,2021-11-21,NewJeans Ditto,0
NEWJEANS_20221219_DITTO,2021-11-28,NewJeans Ditto,0
NEWJEANS_20221219_DITTO,2021-12-05,NewJeans Ditto,0
NEWJEANS_20221219_DITTO,2021-12-12,NewJeans Ditto,0
NEWJEANS_20221219_DITTO,2021-12-19,NewJeans Ditto,0
NEWJEANS_20221219_DITTO,2021-12-26,NewJeans Ditto,0
NEWJEANS_20221219_DITTO,2022-01-02,NewJeans Ditto,0
NEWJEANS_20221219_DITTO,2022-01-09,NewJeans Ditto,0
NEWJEANS_20221219_DITTO,2022-01-16,NewJeans Ditto,0
NEWJEANS_20221219_DITTO,2022-01-23,NewJeans Ditto,0
NEWJEANS_20221219_DITTO,2022-01-30,NewJeans Ditto,0
NEWJEANS_20221219_DITTO,2022-02-06,NewJeans Ditto,0
NEWJEANS_20221219_DITTO,2022-02-13,NewJeans Ditto,0
NEWJEANS_20221219_DITTO,2022-02-20,NewJeans Ditto,0
NEWJEANS_20221219_DITTO,2022-02-27,NewJeans Ditto,0
NEWJEANS_20221219_DITTO,2022-03-06,NewJeans Ditto,0
NEWJEANS_20221219_DITTO,2022-03-13,NewJeans Ditto,0
NEWJEANS_20221219_DITTO,2022-03-20,NewJeans Ditto,0
NEWJEANS_20221219_DITTO,2022-03-27,NewJeans Ditto,0
NEWJEANS_20221219_DITTO,2022-04-03,NewJeans Ditto,0
NEWJEANS_20221219_DITTO,2022-04-10,NewJeans Ditto,0
NEWJEANS_20221219_DITTO,2022-04-17,NewJeans Ditto,0
NEWJEANS_20221219_DITTO,2022-04-24,NewJeans Ditto,0
NEWJEANS_20221219_DITTO,2022-05-01,NewJeans Ditto,0
NEWJEANS_20221219_DITTO,2022-05-08,NewJeans Ditto,0
NEWJEANS_20221219_DITTO,2022-05-15,NewJeans Ditto,0
NEWJEANS_20221219_DITTO,2022-05-22,NewJeans Ditto,0
NEWJEANS_20221219_DITTO,2022-05-29,NewJeans Ditto,0
NEWJEANS_20221219_DITTO,2022-06-05,NewJeans Ditto,0
NEWJEANS_20221219_DITTO,2022-06-12,NewJeans Ditto,0
NEWJEANS_20221219_DITTO,2022-06-19,NewJeans Ditto,0
NEWJEANS_20221219_DITTO,2022-06-26,NewJeans Ditto,0
NEWJEANS_20221219_DITTO,2022-07-03,NewJeans Ditto,0
NEWJEANS_20221219_DITTO,2022-07-10,NewJeans Ditto,0
NEWJEANS_20221219_DITTO,2022-07-17,NewJeans Ditto,0
NEWJEANS_20221219_DITTO,2022-07-24,NewJeans Ditto,0
NEWJEANS_20221219_DITTO,2022-07-31,NewJeans Ditto,0
NEWJEANS_20221219_DITTO,2022-08-07,NewJeans Ditto,0
NEWJEANS_20221219_DITTO,2022-08-14,NewJeans Ditto,0
NEWJEANS_20221219_DITTO,2022-08-21,NewJeans Ditto,0
NEWJEANS_20221219_DITTO,2022-08-28,NewJeans Ditto,0
NEWJEANS_20221219_DITTO,2022-09-04,NewJeans Ditto,0
NEWJEANS_20221219_DITTO,2022-09-11,NewJeans Ditto,0
NEWJEANS_20221219_DITTO,2022-09-18,NewJeans Ditto,0
NEWJEANS_20221219_DITTO,2022-09-25,NewJeans Ditto,0
NEWJEANS_20221219_DITTO,2022-10-02,NewJeans Ditto,0
NEWJEANS_20221219_DITTO,2022-10-09,NewJeans Ditto,0
NEWJEANS_20221219_DITTO,2022-10-16,NewJeans Ditto,0
NEWJEANS_20221219_DITTO,2022-10-23,NewJeans Ditto,0
NEWJEANS_20221219_DITTO,2022-10-30,NewJeans Ditto,0
NEWJEANS_20221219_DITTO,2022-11-06,NewJeans Ditto,0
NEWJEANS_20221219_DITTO,2022-11-13,NewJeans Ditto,0
NEWJEANS_20221219_DITTO,2022-11-20,NewJeans Ditto,0
NEWJEANS_20221219_DITTO,2022-11-27,NewJeans Ditto,0
NEWJEANS_20221219_DITTO,2022-12-04,NewJeans Ditto,0
NEWJEANS_20221219_DITTO,2022-12-11,NewJeans Ditto,1
NEWJEANS_20221219_DITTO,2022-12-18,NewJeans Ditto,100
NEWJEANS_20221219_DITTO,2022-12-25,NewJeans Ditto,63
NEWJEANS_20221219_DITTO,2023-01-01,NewJeans Ditto,58
NEWJEANS_20221219_DITTO,2023-01-08,NewJeans Ditto,41
NEWJEANS_20221219_DITTO,2023-01-15,NewJeans Ditto,41
NEWJEANS_20221219_DITTO,2023-01-22,NewJeans Ditto,35
NEWJEANS_20221219_DITTO,2023-01-29,NewJeans Ditto,39
NEWJEANS_20221219_DITTO,2023-02-05,NewJeans Ditto,30
NEWJEANS_20221219_DITTO,2023-02-12,NewJeans Ditto,29
NEWJEANS_20221219_DITTO,2023-02-19,NewJeans Ditto,25
NEWJEANS_20221219_DITTO,2023-02-26,NewJeans Ditto,22
NEWJEANS_20221219_DITTO,2023-03-05,NewJeans Ditto,20
NEWJEANS_20221219_DITTO,2023-03-12,NewJeans Ditto,17
NEWJEANS_20221219_DITTO,2023-03-19,NewJeans Ditto,16
NEWJEANS_20221219_DITTO,2023-03-26,NewJeans Ditto,13
NEWJEANS_20221219_DITTO,2023-04-02,NewJeans Ditto,14
NEWJEANS_20221219_DITTO,2023-04-09,NewJeans Ditto,12
NEWJEANS_20221219_DITTO,2023-04-16,NewJeans Ditto,10
NEWJEANS_20221219_DITTO,2023-04-23,NewJeans Ditto,11
NEWJEANS_20221219_DITTO,2023-04-30,NewJeans Ditto,11
NEWJEANS_20221219_DITTO,2023-05-07,NewJeans Ditto,8
NEWJEANS_20221219_DITTO,2023-05-14,NewJeans Ditto,8
NEWJEANS_20221219_DITTO,2023-05-21,NewJeans Ditto,7
NEWJEANS_20221219_DITTO,2023-05-28,NewJeans Ditto,7
NEWJEANS_20221219_DITTO,2023-06-04,NewJeans Ditto,6
NEWJEANS_20221219_DITTO,2023-06-11,NewJeans Ditto,6
NEWJEANS_20221219_DITTO,2023-06-18,NewJeans Ditto,7
NEWJEANS_20221219_DITTO,2023-06-25,NewJeans Ditto,8
NEWJEANS_20221219_DITTO,2023-07-02,NewJeans Ditto,9
NEWJEANS_20221219_DITTO,2023-07-09,NewJeans Ditto,10
NEWJEANS_20221219_DITTO,2023-07-16,NewJeans Ditto,9
NEWJEANS_20221219_DITTO,2023-07-23,NewJeans Ditto,9
NEWJEANS_20221219_DITTO,2023-07-30,NewJeans Ditto,10
NEWJEANS_20221219_DITTO,2023-08-06,NewJeans Ditto,9
NEWJEANS_20221219_DITTO,2023-08-13,NewJeans Ditto,7
NEWJEANS_20221219_DITTO,2023-08-20,NewJeans Ditto,8
NEWJEANS_20221219_DITTO,2023-08-27,NewJeans Ditto,7
NEWJEANS_20221219_DITTO,2023-09-03,NewJeans Ditto,7
NEWJEANS_20221219_DITTO,2023-09-10,NewJeans Ditto,6
NEWJEANS_20221219_DITTO,2023-09-17,NewJeans Ditto,5
NEWJEANS_20221219_DITTO,2023-09-24,NewJeans Ditto,6
NEWJEANS_20221219_DITTO,2023-10-01,NewJeans Ditto,6
NEWJEANS_20221219_DITTO,2023-10-08,NewJeans Ditto,5
NEWJEANS_20221219_DITTO,2023-10-15,NewJeans Ditto,7
NEWJEANS_20221219_DITTO,2023-10-22,NewJeans Ditto,7
NEWJEANS_20221219_DITTO,2023-10-29,NewJeans Ditto,6
NEWJEANS_20221219_DITTO,2023-11-05,NewJeans Ditto,7
NEWJEANS_20221219_DITTO,2023-11-12,NewJeans Ditto,6
NEWJEANS_20221219_DITTO,2023-11-19,NewJeans Ditto,6
NEWJEANS_20221219_DITTO,2023-11-26,NewJeans Ditto,10
NEWJEANS_20221219_DITTO,2023-12-03,NewJeans Ditto,8
NEWJEANS_20221219_DITTO,2023-12-10,NewJeans Ditto,8
NEWJEANS_20221219_DITTO,2023-12-17,NewJeans Ditto,11
NEWJEANS_20221219_DITTO,2023-12-24,NewJeans Ditto,9
NEWJEANS_20221219_DITTO,2023-12-31,NewJeans Ditto,11
NEWJEANS_20221219_DITTO,2024-01-07,NewJeans Ditto,9
NEWJEANS_20221219_DITTO,2024-01-14,NewJeans Ditto,6
NEWJEANS_20221219_DITTO,2024-01-21,NewJeans Ditto,7
NEWJEANS_20221219_DITTO,2024-01-28,NewJeans Ditto,6
NEWJEANS_20221219_DITTO,2024-02-04,NewJeans Ditto,6
NEWJEANS_20221219_DITTO,2024-02-11,NewJeans Ditto,5
NEWJEANS_20221219_DITTO,2024-02-18,NewJeans Ditto,5
NEWJEANS_20221219_DITTO,2024-02-25,NewJeans Ditto,4
NEWJEANS_20221219_DITTO,2024-03-03,NewJeans Ditto,5
NEWJEANS_20221219_DITTO,2024-03-10,NewJeans Ditto,5
NEWJEANS_20221219_DITTO,2024-03-17,NewJeans Ditto,5
NEWJEANS_20221219_DITTO,2024-03-24,NewJeans Ditto,5
NEWJEANS_20221219_DITTO,2024-03-31,NewJeans Ditto,5
NEWJEANS_20221219_DITTO,2024-04-07,NewJeans Ditto,4
NEWJEANS_20221219_DITTO,2024-04-14,NewJeans Ditto,5
NEWJEANS_20221219_DITTO,2024-04-21,NewJeans Ditto,6
NEWJEANS_20221219_DITTO,2024-04-28,NewJeans Ditto,6
NEWJEANS_20221219_DITTO,2024-05-05,NewJeans Ditto,5
NEWJEANS_20221219_DITTO,2024-05-12,NewJeans Ditto,4
NEWJEANS_20221219_DITTO,2024-05-19,NewJeans Ditto,4
NEWJEANS_20221219_DITTO,2024-05-26,NewJeans Ditto,5
NEWJEANS_20221219_DITTO,2024-06-02,NewJeans Ditto,4
NEWJEANS_20221219_DITTO,2024-06-09,NewJeans Ditto,4
NEWJEANS_20221219_DITTO,2024-06-16,NewJeans Ditto,5
NEWJEANS_20221219_DITTO,2024-06-23,NewJeans Ditto,4
NEWJEANS_20221219_DITTO,2024-06-30,NewJeans Ditto,5
NEWJEANS_20221219_DITTO,2024-07-07,NewJeans Ditto,5
NEWJEANS_20221219_DITTO,2024-07-14,NewJeans Ditto,4
NEWJEANS_20221219_DITTO,2024-07-21,NewJeans Ditto,4
NEWJEANS_20221219_DITTO,2024-07-28,NewJeans Ditto,4
NEWJEANS_20221219_DITTO,2024-08-04,NewJeans Ditto,4
NEWJEANS_20221219_DITTO,2024-08-11,NewJeans Ditto,4
NEWJEANS_20221219_DITTO,2024-08-18,NewJeans Ditto,5
NEWJEANS_20221219_DITTO,2024-08-25,NewJeans Ditto,5
NEWJEANS_20221219_DITTO,2024-09-01,NewJeans Ditto,5
NEWJEANS_20221219_DITTO,2024-09-08,NewJeans Ditto,5
NEWJEANS_20221219_DITTO,2024-09-15,NewJeans Ditto,5
NEWJEANS_20221219_DITTO,2024-09-22,NewJeans Ditto,4
NEWJEANS_20221219_DITTO,2024-09-29,NewJeans Ditto,4
NEWJEANS_20221219_DITTO,2024-10-06,NewJeans Ditto,4
NEWJEANS_20221219_DITTO,2024-10-13,NewJeans Ditto,4
NEWJEANS_20221219_DITTO,2024-10-20,NewJeans Ditto,4
NEWJEANS_20221219_DITTO,2024-10-27,NewJeans Ditto,3
NEWJEANS_20221219_DITTO,2024-11-03,NewJeans Ditto,5
NEWJEANS_20221219_DITTO,2024-11-10,NewJeans Ditto,4
NEWJEANS_20221219_DITTO,2024-11-17,NewJeans Ditto,5
NEWJEANS_20221219_DITTO,2024-11-24,NewJeans Ditto,6
NEWJEANS_20221219_DITTO,2024-12-01,NewJeans Ditto,7
NEWJEANS_20221219_DITTO,2024-12-08,NewJeans Ditto,5
NEWJEANS_20221219_DITTO,2024-12-15,NewJeans Ditto,5
NEWJEANS_20221219_DITTO,2024-12-22,NewJeans Ditto,5
NEWJEANS_20221219_DITTO,2024-12-29,NewJeans Ditto,4
NEWJEANS_20221219_DITTO,2025-01-05,NewJeans Ditto,4
NEWJEANS_20221219_DITTO,2025-01-12,NewJeans Ditto,4
NEWJEANS_20221219_DITTO,2025-01-19,NewJeans Ditto,4
NEWJEANS_20221219_DITTO,2025-01-26,NewJeans Ditto,4
NEWJEANS_20221219_DITTO,2025-02-02,NewJeans Ditto,4
NEWJEANS_20221219_DITTO,2025-02-09,NewJeans Ditto,4
NEWJEANS_20221219_DITTO,2025-02-16,NewJeans Ditto,4
NEWJEANS_20221219_DITTO,2025-02-23,NewJeans Ditto,3
NEWJEANS_20221219_DITTO,2025-03-02,NewJeans Ditto,3
NEWJEANS_20221219_DITTO,2025-03-09,NewJeans Ditto,4
NEWJEANS_20221219_DITTO,2025-03-16,NewJeans Ditto,3
NEWJEANS_20221219_DITTO,2025-03-23,NewJeans Ditto,3
NEWJEANS_20221219_DITTO,2025-03-30,NewJeans Ditto,2
NEWJEANS_20221219_DITTO,2025-04-06,NewJeans Ditto,3
NEWJEANS_20221219_DITTO,2025-04-13,NewJeans Ditto,3
NEWJEANS_20221219_DITTO,2025-04-20,NewJeans Ditto,3
NEWJEANS_20221219_DITTO,2025-04-27,NewJeans Ditto,3
NEWJEANS_20221219_DITTO,2025-05-04,NewJeans Ditto,2
NEWJEANS_20221219_DITTO,2025-05-11,NewJeans Ditto,2
NEWJEANS_20221219_DITTO,2025-05-18,NewJeans Ditto,3
NEWJEANS_20221219_DITTO,2025-05-25,NewJeans Ditto,3
NEWJEANS_20221219_DITTO,2025-06-01,NewJeans Ditto,4
NEWJEANS_20221219_DITTO,2025-06-08,NewJeans Ditto,3
NEWJEANS_20221219_DITTO,2025-06-15,NewJeans Ditto,3
NEWJEANS_20221219_DITTO,2025-06-22,NewJeans Ditto,3
NEWJEANS_20221219_DITTO,2025-06-29,NewJeans Ditto,3
NEWJEANS_20221219_DITTO,2025-07-06,NewJeans Ditto,3
NEWJEANS_20221219_DITTO,2025-07-13,NewJeans Ditto,4
NEWJEANS_20221219_DITTO,2025-07-20,NewJeans Ditto,5
NEWJEANS_20221219_DITTO,2025-07-27,NewJeans Ditto,5
NEWJEANS_20221219_DITTO,2025-08-03,NewJeans Ditto,5
NEWJEANS_20221219_DITTO,2025-08-10,NewJeans Ditto,5
NEWJEANS_20221219_DITTO,2025-08-17,NewJeans Ditto,5
NEWJEANS_20221219_DITTO,2025-08-24,NewJeans Ditto,4
NEWJEANS_20221219_DITTO,2025-08-31,NewJeans Ditto,4
NEWJEANS_20221219_DITTO,2025-09-07,NewJeans Ditto,4
NEWJEANS_20221219_DITTO,2025-09-14,NewJeans Ditto,5
NEWJEANS_20221219_DITTO,2025-09-21,NewJeans Ditto,5
NEWJEANS_20221219_DITTO,2025-09-28,NewJeans Ditto,4
NEWJEANS_20221219_DITTO,2025-10-05,NewJeans Ditto,5
NEWJEANS_20221219_DITTO,2025-10-12,NewJeans Ditto,5
NEWJEANS_20221219_DITTO,2025-10-19,NewJeans Ditto,5
NEWJEANS_20221219_DITTO,2025-10-26,NewJeans Ditto,6
NEWJEANS_20221219_DITTO,2025-11-02,NewJeans Ditto,6
NEWJEANS_20221219_DITTO,2025-11-09,NewJeans Ditto,7
NEWJEANS_20221219_DITTO,2025-11-16,NewJeans Ditto,6
NEWJEANS_20221219_DITTO,2025-11-23,NewJeans Ditto,6
NEWJEANS_20221219_DITTO,2025-11-30,NewJeans Ditto,6
NEWJEANS_20221219_DITTO,2025-12-07,NewJeans Ditto,5
NEWJEANS_20221219_DITTO,2025-12-14,NewJeans Ditto,6
NEWJEANS_20221219_DITTO,2025-12-21,NewJeans Ditto,5
NEWJEANS_20221219_DITTO,2025-12-28,NewJeans Ditto,8
NEWJEANS_20230803_GET_UP_BB200_NO1,2020-12-27,NewJeans Get Up Billboard 200,0
NEWJEANS_20230803_GET_UP_BB200_NO1,2021-01-03,NewJeans Get Up Billboard 200,0
NEWJEANS_20230803_GET_UP_BB200_NO1,2021-01-10,NewJeans Get Up Billboard 200,0
NEWJEANS_20230803_GET_UP_BB200_NO1,2021-01-17,NewJeans Get Up Billboard 200,0
NEWJEANS_20230803_GET_UP_BB200_NO1,2021-01-24,NewJeans Get Up Billboard 200,0
NEWJEANS_20230803_GET_UP_BB200_NO1,2021-01-31,NewJeans Get Up Billboard 200,0
NEWJEANS_20230803_GET_UP_BB200_NO1,2021-02-07,NewJeans Get Up Billboard 200,0
NEWJEANS_20230803_GET_UP_BB200_NO1,2021-02-14,NewJeans Get Up Billboard 200,0
NEWJEANS_20230803_GET_UP_BB200_NO1,2021-02-21,NewJeans Get Up Billboard 200,0
NEWJEANS_20230803_GET_UP_BB200_NO1,2021-02-28,NewJeans Get Up Billboard 200,0
NEWJEANS_20230803_GET_UP_BB200_NO1,2021-03-07,NewJeans Get Up Billboard 200,0
NEWJEANS_20230803_GET_UP_BB200_NO1,2021-03-14,NewJeans Get Up Billboard 200,0
NEWJEANS_20230803_GET_UP_BB200_NO1,2021-03-21,NewJeans Get Up Billboard 200,0
NEWJEANS_20230803_GET_UP_BB200_NO1,2021-03-28,NewJeans Get Up Billboard 200,0
NEWJEANS_20230803_GET_UP_BB200_NO1,2021-04-04,NewJeans Get Up Billboard 200,0
NEWJEANS_20230803_GET_UP_BB200_NO1,2021-04-11,NewJeans Get Up Billboard 200,0
NEWJEANS_20230803_GET_UP_BB200_NO1,2021-04-18,NewJeans Get Up Billboard 200,0
NEWJEANS_20230803_GET_UP_BB200_NO1,2021-04-25,NewJeans Get Up Billboard 200,0
NEWJEANS_20230803_GET_UP_BB200_NO1,2021-05-02,NewJeans Get Up Billboard 200,0
NEWJEANS_20230803_GET_UP_BB200_NO1,2021-05-09,NewJeans Get Up Billboard 200,0
NEWJEANS_20230803_GET_UP_BB200_NO1,2021-05-16,NewJeans Get Up Billboard 200,0
NEWJEANS_20230803_GET_UP_BB200_NO1,2021-05-23,NewJeans Get Up Billboard 200,0
NEWJEANS_20230803_GET_UP_BB200_NO1,2021-05-30,NewJeans Get Up Billboard 200,0
NEWJEANS_20230803_GET_UP_BB200_NO1,2021-06-06,NewJeans Get Up Billboard 200,0
NEWJEANS_20230803_GET_UP_BB200_NO1,2021-06-13,NewJeans Get Up Billboard 200,0
NEWJEANS_20230803_GET_UP_BB200_NO1,2021-06-20,NewJeans Get Up Billboard 200,0
NEWJEANS_20230803_GET_UP_BB200_NO1,2021-06-27,NewJeans Get Up Billboard 200,0
NEWJEANS_20230803_GET_UP_BB200_NO1,2021-07-04,NewJeans Get Up Billboard 200,0
NEWJEANS_20230803_GET_UP_BB200_NO1,2021-07-11,NewJeans Get Up Billboard 200,0
NEWJEANS_20230803_GET_UP_BB200_NO1,2021-07-18,NewJeans Get Up Billboard 200,0
NEWJEANS_20230803_GET_UP_BB200_NO1,2021-07-25,NewJeans Get Up Billboard 200,0
NEWJEANS_20230803_GET_UP_BB200_NO1,2021-08-01,NewJeans Get Up Billboard 200,0
NEWJEANS_20230803_GET_UP_BB200_NO1,2021-08-08,NewJeans Get Up Billboard 200,0
NEWJEANS_20230803_GET_UP_BB200_NO1,2021-08-15,NewJeans Get Up Billboard 200,0
NEWJEANS_20230803_GET_UP_BB200_NO1,2021-08-22,NewJeans Get Up Billboard 200,0
NEWJEANS_20230803_GET_UP_BB200_NO1,2021-08-29,NewJeans Get Up Billboard 200,0
NEWJEANS_20230803_GET_UP_BB200_NO1,2021-09-05,NewJeans Get Up Billboard 200,0
NEWJEANS_20230803_GET_UP_BB200_NO1,2021-09-12,NewJeans Get Up Billboard 200,0
NEWJEANS_20230803_GET_UP_BB200_NO1,2021-09-19,NewJeans Get Up Billboard 200,0
NEWJEANS_20230803_GET_UP_BB200_NO1,2021-09-26,NewJeans Get Up Billboard 200,0
NEWJEANS_20230803_GET_UP_BB200_NO1,2021-10-03,NewJeans Get Up Billboard 200,0
NEWJEANS_20230803_GET_UP_BB200_NO1,2021-10-10,NewJeans Get Up Billboard 200,0
NEWJEANS_20230803_GET_UP_BB200_NO1,2021-10-17,NewJeans Get Up Billboard 200,0
NEWJEANS_20230803_GET_UP_BB200_NO1,2021-10-24,NewJeans Get Up Billboard 200,0
NEWJEANS_20230803_GET_UP_BB200_NO1,2021-10-31,NewJeans Get Up Billboard 200,0
NEWJEANS_20230803_GET_UP_BB200_NO1,2021-11-07,NewJeans Get Up Billboard 200,0
NEWJEANS_20230803_GET_UP_BB200_NO1,2021-11-14,NewJeans Get Up Billboard 200,0
NEWJEANS_20230803_GET_UP_BB200_NO1,2021-11-21,NewJeans Get Up Billboard 200,0
NEWJEANS_20230803_GET_UP_BB200_NO1,2021-11-28,NewJeans Get Up Billboard 200,0
NEWJEANS_20230803_GET_UP_BB200_NO1,2021-12-05,NewJeans Get Up Billboard 200,0
NEWJEANS_20230803_GET_UP_BB200_NO1,2021-12-12,NewJeans Get Up Billboard 200,0
NEWJEANS_20230803_GET_UP_BB200_NO1,2021-12-19,NewJeans Get Up Billboard 200,0
NEWJEANS_20230803_GET_UP_BB200_NO1,2021-12-26,NewJeans Get Up Billboard 200,0
NEWJEANS_20230803_GET_UP_BB200_NO1,2022-01-02,NewJeans Get Up Billboard 200,0
NEWJEANS_20230803_GET_UP_BB200_NO1,2022-01-09,NewJeans Get Up Billboard 200,0
NEWJEANS_20230803_GET_UP_BB200_NO1,2022-01-16,NewJeans Get Up Billboard 200,0
NEWJEANS_20230803_GET_UP_BB200_NO1,2022-01-23,NewJeans Get Up Billboard 200,0
NEWJEANS_20230803_GET_UP_BB200_NO1,2022-01-30,NewJeans Get Up Billboard 200,0
NEWJEANS_20230803_GET_UP_BB200_NO1,2022-02-06,NewJeans Get Up Billboard 200,0
NEWJEANS_20230803_GET_UP_BB200_NO1,2022-02-13,NewJeans Get Up Billboard 200,0
NEWJEANS_20230803_GET_UP_BB200_NO1,2022-02-20,NewJeans Get Up Billboard 200,0
NEWJEANS_20230803_GET_UP_BB200_NO1,2022-02-27,NewJeans Get Up Billboard 200,0
NEWJEANS_20230803_GET_UP_BB200_NO1,2022-03-06,NewJeans Get Up Billboard 200,0
NEWJEANS_20230803_GET_UP_BB200_NO1,2022-03-13,NewJeans Get Up Billboard 200,0
NEWJEANS_20230803_GET_UP_BB200_NO1,2022-03-20,NewJeans Get Up Billboard 200,0
NEWJEANS_20230803_GET_UP_BB200_NO1,2022-03-27,NewJeans Get Up Billboard 200,0
NEWJEANS_20230803_GET_UP_BB200_NO1,2022-04-03,NewJeans Get Up Billboard 200,0
NEWJEANS_20230803_GET_UP_BB200_NO1,2022-04-10,NewJeans Get Up Billboard 200,0
NEWJEANS_20230803_GET_UP_BB200_NO1,2022-04-17,NewJeans Get Up Billboard 200,0
NEWJEANS_20230803_GET_UP_BB200_NO1,2022-04-24,NewJeans Get Up Billboard 200,0
NEWJEANS_20230803_GET_UP_BB200_NO1,2022-05-01,NewJeans Get Up Billboard 200,0
NEWJEANS_20230803_GET_UP_BB200_NO1,2022-05-08,NewJeans Get Up Billboard 200,0
NEWJEANS_20230803_GET_UP_BB200_NO1,2022-05-15,NewJeans Get Up Billboard 200,0
NEWJEANS_20230803_GET_UP_BB200_NO1,2022-05-22,NewJeans Get Up Billboard 200,0
NEWJEANS_20230803_GET_UP_BB200_NO1,2022-05-29,NewJeans Get Up Billboard 200,0
NEWJEANS_20230803_GET_UP_BB200_NO1,2022-06-05,NewJeans Get Up Billboard 200,0
NEWJEANS_20230803_GET_UP_BB200_NO1,2022-06-12,NewJeans Get Up Billboard 200,0
NEWJEANS_20230803_GET_UP_BB200_NO1,2022-06-19,NewJeans Get Up Billboard 200,0
NEWJEANS_20230803_GET_UP_BB200_NO1,2022-06-26,NewJeans Get Up Billboard 200,0
NEWJEANS_20230803_GET_UP_BB200_NO1,2022-07-03,NewJeans Get Up Billboard 200,0
NEWJEANS_20230803_GET_UP_BB200_NO1,2022-07-10,NewJeans Get Up Billboard 200,0
NEWJEANS_20230803_GET_UP_BB200_NO1,2022-07-17,NewJeans Get Up Billboard 200,0
NEWJEANS_20230803_GET_UP_BB200_NO1,2022-07-24,NewJeans Get Up Billboard 200,0
NEWJEANS_20230803_GET_UP_BB200_NO1,2022-07-31,NewJeans Get Up Billboard 200,0
NEWJEANS_20230803_GET_UP_BB200_NO1,2022-08-07,NewJeans Get Up Billboard 200,0
NEWJEANS_20230803_GET_UP_BB200_NO1,2022-08-14,NewJeans Get Up Billboard 200,0
NEWJEANS_20230803_GET_UP_BB200_NO1,2022-08-21,NewJeans Get Up Billboard 200,0
NEWJEANS_20230803_GET_UP_BB200_NO1,2022-08-28,NewJeans Get Up Billboard 200,0
NEWJEANS_20230803_GET_UP_BB200_NO1,2022-09-04,NewJeans Get Up Billboard 200,0
NEWJEANS_20230803_GET_UP_BB200_NO1,2022-09-11,NewJeans Get Up Billboard 200,0
NEWJEANS_20230803_GET_UP_BB200_NO1,2022-09-18,NewJeans Get Up Billboard 200,0
NEWJEANS_20230803_GET_UP_BB200_NO1,2022-09-25,NewJeans Get Up Billboard 200,0
NEWJEANS_20230803_GET_UP_BB200_NO1,2022-10-02,NewJeans Get Up Billboard 200,0
NEWJEANS_20230803_GET_UP_BB200_NO1,2022-10-09,NewJeans Get Up Billboard 200,0
NEWJEANS_20230803_GET_UP_BB200_NO1,2022-10-16,NewJeans Get Up Billboard 200,0
NEWJEANS_20230803_GET_UP_BB200_NO1,2022-10-23,NewJeans Get Up Billboard 200,0
NEWJEANS_20230803_GET_UP_BB200_NO1,2022-10-30,NewJeans Get Up Billboard 200,0
NEWJEANS_20230803_GET_UP_BB200_NO1,2022-11-06,NewJeans Get Up Billboard 200,0
NEWJEANS_20230803_GET_UP_BB200_NO1,2022-11-13,NewJeans Get Up Billboard 200,0
NEWJEANS_20230803_GET_UP_BB200_NO1,2022-11-20,NewJeans Get Up Billboard 200,0
NEWJEANS_20230803_GET_UP_BB200_NO1,2022-11-27,NewJeans Get Up Billboard 200,0
NEWJEANS_20230803_GET_UP_BB200_NO1,2022-12-04,NewJeans Get Up Billboard 200,0
NEWJEANS_20230803_GET_UP_BB200_NO1,2022-12-11,NewJeans Get Up Billboard 200,0
NEWJEANS_20230803_GET_UP_BB200_NO1,2022-12-18,NewJeans Get Up Billboard 200,0
NEWJEANS_20230803_GET_UP_BB200_NO1,2022-12-25,NewJeans Get Up Billboard 200,0
NEWJEANS_20230803_GET_UP_BB200_NO1,2023-01-01,NewJeans Get Up Billboard 200,0
NEWJEANS_20230803_GET_UP_BB200_NO1,2023-01-08,NewJeans Get Up Billboard 200,0
NEWJEANS_20230803_GET_UP_BB200_NO1,2023-01-15,NewJeans Get Up Billboard 200,0
NEWJEANS_20230803_GET_UP_BB200_NO1,2023-01-22,NewJeans Get Up Billboard 200,0
NEWJEANS_20230803_GET_UP_BB200_NO1,2023-01-29,NewJeans Get Up Billboard 200,0
NEWJEANS_20230803_GET_UP_BB200_NO1,2023-02-05,NewJeans Get Up Billboard 200,0
NEWJEANS_20230803_GET_UP_BB200_NO1,2023-02-12,NewJeans Get Up Billboard 200,0
NEWJEANS_20230803_GET_UP_BB200_NO1,2023-02-19,NewJeans Get Up Billboard 200,0
NEWJEANS_20230803_GET_UP_BB200_NO1,2023-02-26,NewJeans Get Up Billboard 200,0
NEWJEANS_20230803_GET_UP_BB200_NO1,2023-03-05,NewJeans Get Up Billboard 200,0
NEWJEANS_20230803_GET_UP_BB200_NO1,2023-03-12,NewJeans Get Up Billboard 200,0
NEWJEANS_20230803_GET_UP_BB200_NO1,2023-03-19,NewJeans Get Up Billboard 200,0
NEWJEANS_20230803_GET_UP_BB200_NO1,2023-03-26,NewJeans Get Up Billboard 200,0
NEWJEANS_20230803_GET_UP_BB200_NO1,2023-04-02,NewJeans Get Up Billboard 200,0
NEWJEANS_20230803_GET_UP_BB200_NO1,2023-04-09,NewJeans Get Up Billboard 200,100
NEWJEANS_20230803_GET_UP_BB200_NO1,2023-04-16,NewJeans Get Up Billboard 200,0
NEWJEANS_20230803_GET_UP_BB200_NO1,2023-04-23,NewJeans Get Up Billboard 200,0
NEWJEANS_20230803_GET_UP_BB200_NO1,2023-04-30,NewJeans Get Up Billboard 200,0
NEWJEANS_20230803_GET_UP_BB200_NO1,2023-05-07,NewJeans Get Up Billboard 200,0
NEWJEANS_20230803_GET_UP_BB200_NO1,2023-05-14,NewJeans Get Up Billboard 200,0
NEWJEANS_20230803_GET_UP_BB200_NO1,2023-05-21,NewJeans Get Up Billboard 200,0
NEWJEANS_20230803_GET_UP_BB200_NO1,2023-05-28,NewJeans Get Up Billboard 200,0
NEWJEANS_20230803_GET_UP_BB200_NO1,2023-06-04,NewJeans Get Up Billboard 200,0
NEWJEANS_20230803_GET_UP_BB200_NO1,2023-06-11,NewJeans Get Up Billboard 200,0
NEWJEANS_20230803_GET_UP_BB200_NO1,2023-06-18,NewJeans Get Up Billboard 200,0
NEWJEANS_20230803_GET_UP_BB200_NO1,2023-06-25,NewJeans Get Up Billboard 200,0
NEWJEANS_20230803_GET_UP_BB200_NO1,2023-07-02,NewJeans Get Up Billboard 200,0
NEWJEANS_20230803_GET_UP_BB200_NO1,2023-07-09,NewJeans Get Up Billboard 200,0
NEWJEANS_20230803_GET_UP_BB200_NO1,2023-07-16,NewJeans Get Up Billboard 200,0
NEWJEANS_20230803_GET_UP_BB200_NO1,2023-07-23,NewJeans Get Up Billboard 200,0
NEWJEANS_20230803_GET_UP_BB200_NO1,2023-07-30,NewJeans Get Up Billboard 200,0
NEWJEANS_20230803_GET_UP_BB200_NO1,2023-08-06,NewJeans Get Up Billboard 200,0
NEWJEANS_20230803_GET_UP_BB200_NO1,2023-08-13,NewJeans Get Up Billboard 200,0
NEWJEANS_20230803_GET_UP_BB200_NO1,2023-08-20,NewJeans Get Up Billboard 200,0
NEWJEANS_20230803_GET_UP_BB200_NO1,2023-08-27,NewJeans Get Up Billboard 200,0
NEWJEANS_20230803_GET_UP_BB200_NO1,2023-09-03,NewJeans Get Up Billboard 200,0
NEWJEANS_20230803_GET_UP_BB200_NO1,2023-09-10,NewJeans Get Up Billboard 200,0
NEWJEANS_20230803_GET_UP_BB200_NO1,2023-09-17,NewJeans Get Up Billboard 200,0
NEWJEANS_20230803_GET_UP_BB200_NO1,2023-09-24,NewJeans Get Up Billboard 200,0
NEWJEANS_20230803_GET_UP_BB200_NO1,2023-10-01,NewJeans Get Up Billboard 200,0
NEWJEANS_20230803_GET_UP_BB200_NO1,2023-10-08,NewJeans Get Up Billboard 200,0
NEWJEANS_20230803_GET_UP_BB200_NO1,2023-10-15,NewJeans Get Up Billboard 200,0
NEWJEANS_20230803_GET_UP_BB200_NO1,2023-10-22,NewJeans Get Up Billboard 200,0
NEWJEANS_20230803_GET_UP_BB200_NO1,2023-10-29,NewJeans Get Up Billboard 200,0
NEWJEANS_20230803_GET_UP_BB200_NO1,2023-11-05,NewJeans Get Up Billboard 200,0
NEWJEANS_20230803_GET_UP_BB200_NO1,2023-11-12,NewJeans Get Up Billboard 200,0
NEWJEANS_20230803_GET_UP_BB200_NO1,2023-11-19,NewJeans Get Up Billboard 200,0
NEWJEANS_20230803_GET_UP_BB200_NO1,2023-11-26,NewJeans Get Up Billboard 200,0
NEWJEANS_20230803_GET_UP_BB200_NO1,2023-12-03,NewJeans Get Up Billboard 200,0
NEWJEANS_20230803_GET_UP_BB200_NO1,2023-12-10,NewJeans Get Up Billboard 200,0
NEWJEANS_20230803_GET_UP_BB200_NO1,2023-12-17,NewJeans Get Up Billboard 200,0
NEWJEANS_20230803_GET_UP_BB200_NO1,2023-12-24,NewJeans Get Up Billboard 200,0
NEWJEANS_20230803_GET_UP_BB200_NO1,2023-12-31,NewJeans Get Up Billboard 200,0
NEWJEANS_20230803_GET_UP_BB200_NO1,2024-01-07,NewJeans Get Up Billboard 200,0
NEWJEANS_20230803_GET_UP_BB200_NO1,2024-01-14,NewJeans Get Up Billboard 200,0
NEWJEANS_20230803_GET_UP_BB200_NO1,2024-01-21,NewJeans Get Up Billboard 200,0
NEWJEANS_20230803_GET_UP_BB200_NO1,2024-01-28,NewJeans Get Up Billboard 200,0
NEWJEANS_20230803_GET_UP_BB200_NO1,2024-02-04,NewJeans Get Up Billboard 200,0
NEWJEANS_20230803_GET_UP_BB200_NO1,2024-02-11,NewJeans Get Up Billboard 200,0
NEWJEANS_20230803_GET_UP_BB200_NO1,2024-02-18,NewJeans Get Up Billboard 200,0
NEWJEANS_20230803_GET_UP_BB200_NO1,2024-02-25,NewJeans Get Up Billboard 200,0
NEWJEANS_20230803_GET_UP_BB200_NO1,2024-03-03,NewJeans Get Up Billboard 200,0
NEWJEANS_20230803_GET_UP_BB200_NO1,2024-03-10,NewJeans Get Up Billboard 200,0
NEWJEANS_20230803_GET_UP_BB200_NO1,2024-03-17,NewJeans Get Up Billboard 200,0
NEWJEANS_20230803_GET_UP_BB200_NO1,2024-03-24,NewJeans Get Up Billboard 200,0
NEWJEANS_20230803_GET_UP_BB200_NO1,2024-03-31,NewJeans Get Up Billboard 200,0
NEWJEANS_20230803_GET_UP_BB200_NO1,2024-04-07,NewJeans Get Up Billboard 200,0
NEWJEANS_20230803_GET_UP_BB200_NO1,2024-04-14,NewJeans Get Up Billboard 200,0
NEWJEANS_20230803_GET_UP_BB200_NO1,2024-04-21,NewJeans Get Up Billboard 200,0
NEWJEANS_20230803_GET_UP_BB200_NO1,2024-04-28,NewJeans Get Up Billboard 200,0
NEWJEANS_20230803_GET_UP_BB200_NO1,2024-05-05,NewJeans Get Up Billboard 200,0
NEWJEANS_20230803_GET_UP_BB200_NO1,2024-05-12,NewJeans Get Up Billboard 200,0
NEWJEANS_20230803_GET_UP_BB200_NO1,2024-05-19,NewJeans Get Up Billboard 200,0
NEWJEANS_20230803_GET_UP_BB200_NO1,2024-05-26,NewJeans Get Up Billboard 200,0
NEWJEANS_20230803_GET_UP_BB200_NO1,2024-06-02,NewJeans Get Up Billboard 200,0
NEWJEANS_20230803_GET_UP_BB200_NO1,2024-06-09,NewJeans Get Up Billboard 200,0
NEWJEANS_20230803_GET_UP_BB200_NO1,2024-06-16,NewJeans Get Up Billboard 200,0
NEWJEANS_20230803_GET_UP_BB200_NO1,2024-06-23,NewJeans Get Up Billboard 200,0
NEWJEANS_20230803_GET_UP_BB200_NO1,2024-06-30,NewJeans Get Up Billboard 200,0
NEWJEANS_20230803_GET_UP_BB200_NO1,2024-07-07,NewJeans Get Up Billboard 200,0
NEWJEANS_20230803_GET_UP_BB200_NO1,2024-07-14,NewJeans Get Up Billboard 200,0
NEWJEANS_20230803_GET_UP_BB200_NO1,2024-07-21,NewJeans Get Up Billboard 200,0
NEWJEANS_20230803_GET_UP_BB200_NO1,2024-07-28,NewJeans Get Up Billboard 200,0
NEWJEANS_20230803_GET_UP_BB200_NO1,2024-08-04,NewJeans Get Up Billboard 200,0
NEWJEANS_20230803_GET_UP_BB200_NO1,2024-08-11,NewJeans Get Up Billboard 200,0
NEWJEANS_20230803_GET_UP_BB200_NO1,2024-08-18,NewJeans Get Up Billboard 200,0
NEWJEANS_20230803_GET_UP_BB200_NO1,2024-08-25,NewJeans Get Up Billboard 200,0
NEWJEANS_20230803_GET_UP_BB200_NO1,2024-09-01,NewJeans Get Up Billboard 200,0
NEWJEANS_20230803_GET_UP_BB200_NO1,2024-09-08,NewJeans Get Up Billboard 200,0
NEWJEANS_20230803_GET_UP_BB200_NO1,2024-09-15,NewJeans Get Up Billboard 200,0
NEWJEANS_20230803_GET_UP_BB200_NO1,2024-09-22,NewJeans Get Up Billboard 200,0
NEWJEANS_20230803_GET_UP_BB200_NO1,2024-09-29,NewJeans Get Up Billboard 200,0
NEWJEANS_20230803_GET_UP_BB200_NO1,2024-10-06,NewJeans Get Up Billboard 200,0
NEWJEANS_20230803_GET_UP_BB200_NO1,2024-10-13,NewJeans Get Up Billboard 200,0
NEWJEANS_20230803_GET_UP_BB200_NO1,2024-10-20,NewJeans Get Up Billboard 200,0
NEWJEANS_20230803_GET_UP_BB200_NO1,2024-10-27,NewJeans Get Up Billboard 200,0
NEWJEANS_20230803_GET_UP_BB200_NO1,2024-11-03,NewJeans Get Up Billboard 200,0
NEWJEANS_20230803_GET_UP_BB200_NO1,2024-11-10,NewJeans Get Up Billboard 200,0
NEWJEANS_20230803_GET_UP_BB200_NO1,2024-11-17,NewJeans Get Up Billboard 200,0
NEWJEANS_20230803_GET_UP_BB200_NO1,2024-11-24,NewJeans Get Up Billboard 200,0
NEWJEANS_20230803_GET_UP_BB200_NO1,2024-12-01,NewJeans Get Up Billboard 200,0
NEWJEANS_20230803_GET_UP_BB200_NO1,2024-12-08,NewJeans Get Up Billboard 200,0
NEWJEANS_20230803_GET_UP_BB200_NO1,2024-12-15,NewJeans Get Up Billboard 200,0
NEWJEANS_20230803_GET_UP_BB200_NO1,2024-12-22,NewJeans Get Up Billboard 200,0
NEWJEANS_20230803_GET_UP_BB200_NO1,2024-12-29,NewJeans Get Up Billboard 200,0
NEWJEANS_20230803_GET_UP_BB200_NO1,2025-01-05,NewJeans Get Up Billboard 200,0
NEWJEANS_20230803_GET_UP_BB200_NO1,2025-01-12,NewJeans Get Up Billboard 200,0
NEWJEANS_20230803_GET_UP_BB200_NO1,2025-01-19,NewJeans Get Up Billboard 200,0
NEWJEANS_20230803_GET_UP_BB200_NO1,2025-01-26,NewJeans Get Up Billboard 200,0
NEWJEANS_20230803_GET_UP_BB200_NO1,2025-02-02,NewJeans Get Up Billboard 200,0
NEWJEANS_20230803_GET_UP_BB200_NO1,2025-02-09,NewJeans Get Up Billboard 200,0
NEWJEANS_20230803_GET_UP_BB200_NO1,2025-02-16,NewJeans Get Up Billboard 200,0
NEWJEANS_20230803_GET_UP_BB200_NO1,2025-02-23,NewJeans Get Up Billboard 200,0
NEWJEANS_20230803_GET_UP_BB200_NO1,2025-03-02,NewJeans Get Up Billboard 200,0
NEWJEANS_20230803_GET_UP_BB200_NO1,2025-03-09,NewJeans Get Up Billboard 200,0
NEWJEANS_20230803_GET_UP_BB200_NO1,2025-03-16,NewJeans Get Up Billboard 200,0
NEWJEANS_20230803_GET_UP_BB200_NO1,2025-03-23,NewJeans Get Up Billboard 200,0
NEWJEANS_20230803_GET_UP_BB200_NO1,2025-03-30,NewJeans Get Up Billboard 200,0
NEWJEANS_20230803_GET_UP_BB200_NO1,2025-04-06,NewJeans Get Up Billboard 200,0
NEWJEANS_20230803_GET_UP_BB200_NO1,2025-04-13,NewJeans Get Up Billboard 200,0
NEWJEANS_20230803_GET_UP_BB200_NO1,2025-04-20,NewJeans Get Up Billboard 200,0
NEWJEANS_20230803_GET_UP_BB200_NO1,2025-04-27,NewJeans Get Up Billboard 200,0
NEWJEANS_20230803_GET_UP_BB200_NO1,2025-05-04,NewJeans Get Up Billboard 200,0
NEWJEANS_20230803_GET_UP_BB200_NO1,2025-05-11,NewJeans Get Up Billboard 200,0
NEWJEANS_20230803_GET_UP_BB200_NO1,2025-05-18,NewJeans Get Up Billboard 200,0
NEWJEANS_20230803_GET_UP_BB200_NO1,2025-05-25,NewJeans Get Up Billboard 200,0
NEWJEANS_20230803_GET_UP_BB200_NO1,2025-06-01,NewJeans Get Up Billboard 200,0
NEWJEANS_20230803_GET_UP_BB200_NO1,2025-06-08,NewJeans Get Up Billboard 200,0
NEWJEANS_20230803_GET_UP_BB200_NO1,2025-06-15,NewJeans Get Up Billboard 200,0
NEWJEANS_20230803_GET_UP_BB200_NO1,2025-06-22,NewJeans Get Up Billboard 200,0
NEWJEANS_20230803_GET_UP_BB200_NO1,2025-06-29,NewJeans Get Up Billboard 200,0
NEWJEANS_20230803_GET_UP_BB200_NO1,2025-07-06,NewJeans Get Up Billboard 200,0
NEWJEANS_20230803_GET_UP_BB200_NO1,2025-07-13,NewJeans Get Up Billboard 200,0
NEWJEANS_20230803_GET_UP_BB200_NO1,2025-07-20,NewJeans Get Up Billboard 200,0
NEWJEANS_20230803_GET_UP_BB200_NO1,2025-07-27,NewJeans Get Up Billboard 200,0
NEWJEANS_20230803_GET_UP_BB200_NO1,2025-08-03,NewJeans Get Up Billboard 200,0
NEWJEANS_20230803_GET_UP_BB200_NO1,2025-08-10,NewJeans Get Up Billboard 200,0
NEWJEANS_20230803_GET_UP_BB200_NO1,2025-08-17,NewJeans Get Up Billboard 200,0
NEWJEANS_20230803_GET_UP_BB200_NO1,2025-08-24,NewJeans Get Up Billboard 200,0
NEWJEANS_20230803_GET_UP_BB200_NO1,2025-08-31,NewJeans Get Up Billboard 200,0
NEWJEANS_20230803_GET_UP_BB200_NO1,2025-09-07,NewJeans Get Up Billboard 200,0
NEWJEANS_20230803_GET_UP_BB200_NO1,2025-09-14,NewJeans Get Up Billboard 200,0
NEWJEANS_20230803_GET_UP_BB200_NO1,2025-09-21,NewJeans Get Up Billboard 200,0
NEWJEANS_20230803_GET_UP_BB200_NO1,2025-09-28,NewJeans Get Up Billboard 200,0
NEWJEANS_20230803_GET_UP_BB200_NO1,2025-10-05,NewJeans Get Up Billboard 200,0
NEWJEANS_20230803_GET_UP_BB200_NO1,2025-10-12,NewJeans Get Up Billboard 200,0
NEWJEANS_20230803_GET_UP_BB200_NO1,2025-10-19,NewJeans Get Up Billboard 200,0
NEWJEANS_20230803_GET_UP_BB200_NO1,2025-10-26,NewJeans Get Up Billboard 200,0
NEWJEANS_20230803_GET_UP_BB200_NO1,2025-11-02,NewJeans Get Up Billboard 200,0
NEWJEANS_20230803_GET_UP_BB200_NO1,2025-11-09,NewJeans Get Up Billboard 200,0
NEWJEANS_20230803_GET_UP_BB200_NO1,2025-11-16,NewJeans Get Up Billboard 200,0
NEWJEANS_20230803_GET_UP_BB200_NO1,2025-11-23,NewJeans Get Up Billboard 200,0
NEWJEANS_20230803_GET_UP_BB200_NO1,2025-11-30,NewJeans Get Up Billboard 200,0
NEWJEANS_20230803_GET_UP_BB200_NO1,2025-12-07,NewJeans Get Up Billboard 200,0
NEWJEANS_20230803_GET_UP_BB200_NO1,2025-12-14,NewJeans Get Up Billboard 200,0
NEWJEANS_20230803_GET_UP_BB200_NO1,2025-12-21,NewJeans Get Up Billboard 200,0
NEWJEANS_20230803_GET_UP_BB200_NO1,2025-12-28,NewJeans Get Up Billboard 200,0
NEWJEANS_20240422_HYBE_ADOR_DISPUTE,2020-12-27,HYBE ADOR NewJeans,0
NEWJEANS_20240422_HYBE_ADOR_DISPUTE,2021-01-03,HYBE ADOR NewJeans,0
NEWJEANS_20240422_HYBE_ADOR_DISPUTE,2021-01-10,HYBE ADOR NewJeans,0
NEWJEANS_20240422_HYBE_ADOR_DISPUTE,2021-01-17,HYBE ADOR NewJeans,0
NEWJEANS_20240422_HYBE_ADOR_DISPUTE,2021-01-24,HYBE ADOR NewJeans,0
NEWJEANS_20240422_HYBE_ADOR_DISPUTE,2021-01-31,HYBE ADOR NewJeans,0
NEWJEANS_20240422_HYBE_ADOR_DISPUTE,2021-02-07,HYBE ADOR NewJeans,0
NEWJEANS_20240422_HYBE_ADOR_DISPUTE,2021-02-14,HYBE ADOR NewJeans,0
NEWJEANS_20240422_HYBE_ADOR_DISPUTE,2021-02-21,HYBE ADOR NewJeans,0
NEWJEANS_20240422_HYBE_ADOR_DISPUTE,2021-02-28,HYBE ADOR NewJeans,0
NEWJEANS_20240422_HYBE_ADOR_DISPUTE,2021-03-07,HYBE ADOR NewJeans,0
NEWJEANS_20240422_HYBE_ADOR_DISPUTE,2021-03-14,HYBE ADOR NewJeans,0
NEWJEANS_20240422_HYBE_ADOR_DISPUTE,2021-03-21,HYBE ADOR NewJeans,0
NEWJEANS_20240422_HYBE_ADOR_DISPUTE,2021-03-28,HYBE ADOR NewJeans,0
NEWJEANS_20240422_HYBE_ADOR_DISPUTE,2021-04-04,HYBE ADOR NewJeans,0
NEWJEANS_20240422_HYBE_ADOR_DISPUTE,2021-04-11,HYBE ADOR NewJeans,0
NEWJEANS_20240422_HYBE_ADOR_DISPUTE,2021-04-18,HYBE ADOR NewJeans,0
NEWJEANS_20240422_HYBE_ADOR_DISPUTE,2021-04-25,HYBE ADOR NewJeans,0
NEWJEANS_20240422_HYBE_ADOR_DISPUTE,2021-05-02,HYBE ADOR NewJeans,0
NEWJEANS_20240422_HYBE_ADOR_DISPUTE,2021-05-09,HYBE ADOR NewJeans,0
NEWJEANS_20240422_HYBE_ADOR_DISPUTE,2021-05-16,HYBE ADOR NewJeans,0
NEWJEANS_20240422_HYBE_ADOR_DISPUTE,2021-05-23,HYBE ADOR NewJeans,0
NEWJEANS_20240422_HYBE_ADOR_DISPUTE,2021-05-30,HYBE ADOR NewJeans,0
NEWJEANS_20240422_HYBE_ADOR_DISPUTE,2021-06-06,HYBE ADOR NewJeans,0
NEWJEANS_20240422_HYBE_ADOR_DISPUTE,2021-06-13,HYBE ADOR NewJeans,0
NEWJEANS_20240422_HYBE_ADOR_DISPUTE,2021-06-20,HYBE ADOR NewJeans,0
NEWJEANS_20240422_HYBE_ADOR_DISPUTE,2021-06-27,HYBE ADOR NewJeans,0
NEWJEANS_20240422_HYBE_ADOR_DISPUTE,2021-07-04,HYBE ADOR NewJeans,0
NEWJEANS_20240422_HYBE_ADOR_DISPUTE,2021-07-11,HYBE ADOR NewJeans,0
NEWJEANS_20240422_HYBE_ADOR_DISPUTE,2021-07-18,HYBE ADOR NewJeans,0
NEWJEANS_20240422_HYBE_ADOR_DISPUTE,2021-07-25,HYBE ADOR NewJeans,0
NEWJEANS_20240422_HYBE_ADOR_DISPUTE,2021-08-01,HYBE ADOR NewJeans,0
NEWJEANS_20240422_HYBE_ADOR_DISPUTE,2021-08-08,HYBE ADOR NewJeans,0
NEWJEANS_20240422_HYBE_ADOR_DISPUTE,2021-08-15,HYBE ADOR NewJeans,0
NEWJEANS_20240422_HYBE_ADOR_DISPUTE,2021-08-22,HYBE ADOR NewJeans,0
NEWJEANS_20240422_HYBE_ADOR_DISPUTE,2021-08-29,HYBE ADOR NewJeans,0
NEWJEANS_20240422_HYBE_ADOR_DISPUTE,2021-09-05,HYBE ADOR NewJeans,0
NEWJEANS_20240422_HYBE_ADOR_DISPUTE,2021-09-12,HYBE ADOR NewJeans,0
NEWJEANS_20240422_HYBE_ADOR_DISPUTE,2021-09-19,HYBE ADOR NewJeans,0
NEWJEANS_20240422_HYBE_ADOR_DISPUTE,2021-09-26,HYBE ADOR NewJeans,0
NEWJEANS_20240422_HYBE_ADOR_DISPUTE,2021-10-03,HYBE ADOR NewJeans,0
NEWJEANS_20240422_HYBE_ADOR_DISPUTE,2021-10-10,HYBE ADOR NewJeans,0
NEWJEANS_20240422_HYBE_ADOR_DISPUTE,2021-10-17,HYBE ADOR NewJeans,0
NEWJEANS_20240422_HYBE_ADOR_DISPUTE,2021-10-24,HYBE ADOR NewJeans,0
NEWJEANS_20240422_HYBE_ADOR_DISPUTE,2021-10-31,HYBE ADOR NewJeans,0
NEWJEANS_20240422_HYBE_ADOR_DISPUTE,2021-11-07,HYBE ADOR NewJeans,0
NEWJEANS_20240422_HYBE_ADOR_DISPUTE,2021-11-14,HYBE ADOR NewJeans,0
NEWJEANS_20240422_HYBE_ADOR_DISPUTE,2021-11-21,HYBE ADOR NewJeans,0
NEWJEANS_20240422_HYBE_ADOR_DISPUTE,2021-11-28,HYBE ADOR NewJeans,0
NEWJEANS_20240422_HYBE_ADOR_DISPUTE,2021-12-05,HYBE ADOR NewJeans,0
NEWJEANS_20240422_HYBE_ADOR_DISPUTE,2021-12-12,HYBE ADOR NewJeans,0
NEWJEANS_20240422_HYBE_ADOR_DISPUTE,2021-12-19,HYBE ADOR NewJeans,0
NEWJEANS_20240422_HYBE_ADOR_DISPUTE,2021-12-26,HYBE ADOR NewJeans,0
NEWJEANS_20240422_HYBE_ADOR_DISPUTE,2022-01-02,HYBE ADOR NewJeans,0
NEWJEANS_20240422_HYBE_ADOR_DISPUTE,2022-01-09,HYBE ADOR NewJeans,0
NEWJEANS_20240422_HYBE_ADOR_DISPUTE,2022-01-16,HYBE ADOR NewJeans,0
NEWJEANS_20240422_HYBE_ADOR_DISPUTE,2022-01-23,HYBE ADOR NewJeans,0
NEWJEANS_20240422_HYBE_ADOR_DISPUTE,2022-01-30,HYBE ADOR NewJeans,0
NEWJEANS_20240422_HYBE_ADOR_DISPUTE,2022-02-06,HYBE ADOR NewJeans,0
NEWJEANS_20240422_HYBE_ADOR_DISPUTE,2022-02-13,HYBE ADOR NewJeans,0
NEWJEANS_20240422_HYBE_ADOR_DISPUTE,2022-02-20,HYBE ADOR NewJeans,0
NEWJEANS_20240422_HYBE_ADOR_DISPUTE,2022-02-27,HYBE ADOR NewJeans,0
NEWJEANS_20240422_HYBE_ADOR_DISPUTE,2022-03-06,HYBE ADOR NewJeans,0
NEWJEANS_20240422_HYBE_ADOR_DISPUTE,2022-03-13,HYBE ADOR NewJeans,0
NEWJEANS_20240422_HYBE_ADOR_DISPUTE,2022-03-20,HYBE ADOR NewJeans,0
NEWJEANS_20240422_HYBE_ADOR_DISPUTE,2022-03-27,HYBE ADOR NewJeans,0
NEWJEANS_20240422_HYBE_ADOR_DISPUTE,2022-04-03,HYBE ADOR NewJeans,0
NEWJEANS_20240422_HYBE_ADOR_DISPUTE,2022-04-10,HYBE ADOR NewJeans,0
NEWJEANS_20240422_HYBE_ADOR_DISPUTE,2022-04-17,HYBE ADOR NewJeans,0
NEWJEANS_20240422_HYBE_ADOR_DISPUTE,2022-04-24,HYBE ADOR NewJeans,0
NEWJEANS_20240422_HYBE_ADOR_DISPUTE,2022-05-01,HYBE ADOR NewJeans,0
NEWJEANS_20240422_HYBE_ADOR_DISPUTE,2022-05-08,HYBE ADOR NewJeans,0
NEWJEANS_20240422_HYBE_ADOR_DISPUTE,2022-05-15,HYBE ADOR NewJeans,0
NEWJEANS_20240422_HYBE_ADOR_DISPUTE,2022-05-22,HYBE ADOR NewJeans,0
NEWJEANS_20240422_HYBE_ADOR_DISPUTE,2022-05-29,HYBE ADOR NewJeans,0
NEWJEANS_20240422_HYBE_ADOR_DISPUTE,2022-06-05,HYBE ADOR NewJeans,0
NEWJEANS_20240422_HYBE_ADOR_DISPUTE,2022-06-12,HYBE ADOR NewJeans,0
NEWJEANS_20240422_HYBE_ADOR_DISPUTE,2022-06-19,HYBE ADOR NewJeans,0
NEWJEANS_20240422_HYBE_ADOR_DISPUTE,2022-06-26,HYBE ADOR NewJeans,0
NEWJEANS_20240422_HYBE_ADOR_DISPUTE,2022-07-03,HYBE ADOR NewJeans,0
NEWJEANS_20240422_HYBE_ADOR_DISPUTE,2022-07-10,HYBE ADOR NewJeans,0
NEWJEANS_20240422_HYBE_ADOR_DISPUTE,2022-07-17,HYBE ADOR NewJeans,23
NEWJEANS_20240422_HYBE_ADOR_DISPUTE,2022-07-24,HYBE ADOR NewJeans,8
NEWJEANS_20240422_HYBE_ADOR_DISPUTE,2022-07-31,HYBE ADOR NewJeans,0
NEWJEANS_20240422_HYBE_ADOR_DISPUTE,2022-08-07,HYBE ADOR NewJeans,0
NEWJEANS_20240422_HYBE_ADOR_DISPUTE,2022-08-14,HYBE ADOR NewJeans,0
NEWJEANS_20240422_HYBE_ADOR_DISPUTE,2022-08-21,HYBE ADOR NewJeans,0
NEWJEANS_20240422_HYBE_ADOR_DISPUTE,2022-08-28,HYBE ADOR NewJeans,0
NEWJEANS_20240422_HYBE_ADOR_DISPUTE,2022-09-04,HYBE ADOR NewJeans,0
NEWJEANS_20240422_HYBE_ADOR_DISPUTE,2022-09-11,HYBE ADOR NewJeans,0
NEWJEANS_20240422_HYBE_ADOR_DISPUTE,2022-09-18,HYBE ADOR NewJeans,0
NEWJEANS_20240422_HYBE_ADOR_DISPUTE,2022-09-25,HYBE ADOR NewJeans,0
NEWJEANS_20240422_HYBE_ADOR_DISPUTE,2022-10-02,HYBE ADOR NewJeans,0
NEWJEANS_20240422_HYBE_ADOR_DISPUTE,2022-10-09,HYBE ADOR NewJeans,0
NEWJEANS_20240422_HYBE_ADOR_DISPUTE,2022-10-16,HYBE ADOR NewJeans,0
NEWJEANS_20240422_HYBE_ADOR_DISPUTE,2022-10-23,HYBE ADOR NewJeans,0
NEWJEANS_20240422_HYBE_ADOR_DISPUTE,2022-10-30,HYBE ADOR NewJeans,0
NEWJEANS_20240422_HYBE_ADOR_DISPUTE,2022-11-06,HYBE ADOR NewJeans,0
NEWJEANS_20240422_HYBE_ADOR_DISPUTE,2022-11-13,HYBE ADOR NewJeans,0
NEWJEANS_20240422_HYBE_ADOR_DISPUTE,2022-11-20,HYBE ADOR NewJeans,0
NEWJEANS_20240422_HYBE_ADOR_DISPUTE,2022-11-27,HYBE ADOR NewJeans,0
NEWJEANS_20240422_HYBE_ADOR_DISPUTE,2022-12-04,HYBE ADOR NewJeans,0
NEWJEANS_20240422_HYBE_ADOR_DISPUTE,2022-12-11,HYBE ADOR NewJeans,0
NEWJEANS_20240422_HYBE_ADOR_DISPUTE,2022-12-18,HYBE ADOR NewJeans,0
NEWJEANS_20240422_HYBE_ADOR_DISPUTE,2022-12-25,HYBE ADOR NewJeans,0
NEWJEANS_20240422_HYBE_ADOR_DISPUTE,2023-01-01,HYBE ADOR NewJeans,0
NEWJEANS_20240422_HYBE_ADOR_DISPUTE,2023-01-08,HYBE ADOR NewJeans,0
NEWJEANS_20240422_HYBE_ADOR_DISPUTE,2023-01-15,HYBE ADOR NewJeans,0
NEWJEANS_20240422_HYBE_ADOR_DISPUTE,2023-01-22,HYBE ADOR NewJeans,0
NEWJEANS_20240422_HYBE_ADOR_DISPUTE,2023-01-29,HYBE ADOR NewJeans,0
NEWJEANS_20240422_HYBE_ADOR_DISPUTE,2023-02-05,HYBE ADOR NewJeans,0
NEWJEANS_20240422_HYBE_ADOR_DISPUTE,2023-02-12,HYBE ADOR NewJeans,0
NEWJEANS_20240422_HYBE_ADOR_DISPUTE,2023-02-19,HYBE ADOR NewJeans,0
NEWJEANS_20240422_HYBE_ADOR_DISPUTE,2023-02-26,HYBE ADOR NewJeans,0
NEWJEANS_20240422_HYBE_ADOR_DISPUTE,2023-03-05,HYBE ADOR NewJeans,0
NEWJEANS_20240422_HYBE_ADOR_DISPUTE,2023-03-12,HYBE ADOR NewJeans,0
NEWJEANS_20240422_HYBE_ADOR_DISPUTE,2023-03-19,HYBE ADOR NewJeans,0
NEWJEANS_20240422_HYBE_ADOR_DISPUTE,2023-03-26,HYBE ADOR NewJeans,0
NEWJEANS_20240422_HYBE_ADOR_DISPUTE,2023-04-02,HYBE ADOR NewJeans,0
NEWJEANS_20240422_HYBE_ADOR_DISPUTE,2023-04-09,HYBE ADOR NewJeans,0
NEWJEANS_20240422_HYBE_ADOR_DISPUTE,2023-04-16,HYBE ADOR NewJeans,0
NEWJEANS_20240422_HYBE_ADOR_DISPUTE,2023-04-23,HYBE ADOR NewJeans,0
NEWJEANS_20240422_HYBE_ADOR_DISPUTE,2023-04-30,HYBE ADOR NewJeans,0
NEWJEANS_20240422_HYBE_ADOR_DISPUTE,2023-05-07,HYBE ADOR NewJeans,0
NEWJEANS_20240422_HYBE_ADOR_DISPUTE,2023-05-14,HYBE ADOR NewJeans,0
NEWJEANS_20240422_HYBE_ADOR_DISPUTE,2023-05-21,HYBE ADOR NewJeans,0
NEWJEANS_20240422_HYBE_ADOR_DISPUTE,2023-05-28,HYBE ADOR NewJeans,0
NEWJEANS_20240422_HYBE_ADOR_DISPUTE,2023-06-04,HYBE ADOR NewJeans,0
NEWJEANS_20240422_HYBE_ADOR_DISPUTE,2023-06-11,HYBE ADOR NewJeans,0
NEWJEANS_20240422_HYBE_ADOR_DISPUTE,2023-06-18,HYBE ADOR NewJeans,0
NEWJEANS_20240422_HYBE_ADOR_DISPUTE,2023-06-25,HYBE ADOR NewJeans,0
NEWJEANS_20240422_HYBE_ADOR_DISPUTE,2023-07-02,HYBE ADOR NewJeans,0
NEWJEANS_20240422_HYBE_ADOR_DISPUTE,2023-07-09,HYBE ADOR NewJeans,0
NEWJEANS_20240422_HYBE_ADOR_DISPUTE,2023-07-16,HYBE ADOR NewJeans,0
NEWJEANS_20240422_HYBE_ADOR_DISPUTE,2023-07-23,HYBE ADOR NewJeans,0
NEWJEANS_20240422_HYBE_ADOR_DISPUTE,2023-07-30,HYBE ADOR NewJeans,0
NEWJEANS_20240422_HYBE_ADOR_DISPUTE,2023-08-06,HYBE ADOR NewJeans,0
NEWJEANS_20240422_HYBE_ADOR_DISPUTE,2023-08-13,HYBE ADOR NewJeans,0
NEWJEANS_20240422_HYBE_ADOR_DISPUTE,2023-08-20,HYBE ADOR NewJeans,0
NEWJEANS_20240422_HYBE_ADOR_DISPUTE,2023-08-27,HYBE ADOR NewJeans,0
NEWJEANS_20240422_HYBE_ADOR_DISPUTE,2023-09-03,HYBE ADOR NewJeans,0
NEWJEANS_20240422_HYBE_ADOR_DISPUTE,2023-09-10,HYBE ADOR NewJeans,0
NEWJEANS_20240422_HYBE_ADOR_DISPUTE,2023-09-17,HYBE ADOR NewJeans,0
NEWJEANS_20240422_HYBE_ADOR_DISPUTE,2023-09-24,HYBE ADOR NewJeans,0
NEWJEANS_20240422_HYBE_ADOR_DISPUTE,2023-10-01,HYBE ADOR NewJeans,0
NEWJEANS_20240422_HYBE_ADOR_DISPUTE,2023-10-08,HYBE ADOR NewJeans,0
NEWJEANS_20240422_HYBE_ADOR_DISPUTE,2023-10-15,HYBE ADOR NewJeans,0
NEWJEANS_20240422_HYBE_ADOR_DISPUTE,2023-10-22,HYBE ADOR NewJeans,0
NEWJEANS_20240422_HYBE_ADOR_DISPUTE,2023-10-29,HYBE ADOR NewJeans,0
NEWJEANS_20240422_HYBE_ADOR_DISPUTE,2023-11-05,HYBE ADOR NewJeans,0
NEWJEANS_20240422_HYBE_ADOR_DISPUTE,2023-11-12,HYBE ADOR NewJeans,0
NEWJEANS_20240422_HYBE_ADOR_DISPUTE,2023-11-19,HYBE ADOR NewJeans,0
NEWJEANS_20240422_HYBE_ADOR_DISPUTE,2023-11-26,HYBE ADOR NewJeans,0
NEWJEANS_20240422_HYBE_ADOR_DISPUTE,2023-12-03,HYBE ADOR NewJeans,0
NEWJEANS_20240422_HYBE_ADOR_DISPUTE,2023-12-10,HYBE ADOR NewJeans,0
NEWJEANS_20240422_HYBE_ADOR_DISPUTE,2023-12-17,HYBE ADOR NewJeans,0
NEWJEANS_20240422_HYBE_ADOR_DISPUTE,2023-12-24,HYBE ADOR NewJeans,0
NEWJEANS_20240422_HYBE_ADOR_DISPUTE,2023-12-31,HYBE ADOR NewJeans,0
NEWJEANS_20240422_HYBE_ADOR_DISPUTE,2024-01-07,HYBE ADOR NewJeans,0
NEWJEANS_20240422_HYBE_ADOR_DISPUTE,2024-01-14,HYBE ADOR NewJeans,0
NEWJEANS_20240422_HYBE_ADOR_DISPUTE,2024-01-21,HYBE ADOR NewJeans,0
NEWJEANS_20240422_HYBE_ADOR_DISPUTE,2024-01-28,HYBE ADOR NewJeans,0
NEWJEANS_20240422_HYBE_ADOR_DISPUTE,2024-02-04,HYBE ADOR NewJeans,0
NEWJEANS_20240422_HYBE_ADOR_DISPUTE,2024-02-11,HYBE ADOR NewJeans,0
NEWJEANS_20240422_HYBE_ADOR_DISPUTE,2024-02-18,HYBE ADOR NewJeans,0
NEWJEANS_20240422_HYBE_ADOR_DISPUTE,2024-02-25,HYBE ADOR NewJeans,0
NEWJEANS_20240422_HYBE_ADOR_DISPUTE,2024-03-03,HYBE ADOR NewJeans,0
NEWJEANS_20240422_HYBE_ADOR_DISPUTE,2024-03-10,HYBE ADOR NewJeans,0
NEWJEANS_20240422_HYBE_ADOR_DISPUTE,2024-03-17,HYBE ADOR NewJeans,0
NEWJEANS_20240422_HYBE_ADOR_DISPUTE,2024-03-24,HYBE ADOR NewJeans,0
NEWJEANS_20240422_HYBE_ADOR_DISPUTE,2024-03-31,HYBE ADOR NewJeans,0
NEWJEANS_20240422_HYBE_ADOR_DISPUTE,2024-04-07,HYBE ADOR NewJeans,10
NEWJEANS_20240422_HYBE_ADOR_DISPUTE,2024-04-14,HYBE ADOR NewJeans,0
NEWJEANS_20240422_HYBE_ADOR_DISPUTE,2024-04-21,HYBE ADOR NewJeans,35
NEWJEANS_20240422_HYBE_ADOR_DISPUTE,2024-04-28,HYBE ADOR NewJeans,12
NEWJEANS_20240422_HYBE_ADOR_DISPUTE,2024-05-05,HYBE ADOR NewJeans,0
NEWJEANS_20240422_HYBE_ADOR_DISPUTE,2024-05-12,HYBE ADOR NewJeans,9
NEWJEANS_20240422_HYBE_ADOR_DISPUTE,2024-05-19,HYBE ADOR NewJeans,0
NEWJEANS_20240422_HYBE_ADOR_DISPUTE,2024-05-26,HYBE ADOR NewJeans,0
NEWJEANS_20240422_HYBE_ADOR_DISPUTE,2024-06-02,HYBE ADOR NewJeans,0
NEWJEANS_20240422_HYBE_ADOR_DISPUTE,2024-06-09,HYBE ADOR NewJeans,0
NEWJEANS_20240422_HYBE_ADOR_DISPUTE,2024-06-16,HYBE ADOR NewJeans,0
NEWJEANS_20240422_HYBE_ADOR_DISPUTE,2024-06-23,HYBE ADOR NewJeans,0
NEWJEANS_20240422_HYBE_ADOR_DISPUTE,2024-06-30,HYBE ADOR NewJeans,0
NEWJEANS_20240422_HYBE_ADOR_DISPUTE,2024-07-07,HYBE ADOR NewJeans,0
NEWJEANS_20240422_HYBE_ADOR_DISPUTE,2024-07-14,HYBE ADOR NewJeans,0
NEWJEANS_20240422_HYBE_ADOR_DISPUTE,2024-07-21,HYBE ADOR NewJeans,0
NEWJEANS_20240422_HYBE_ADOR_DISPUTE,2024-07-28,HYBE ADOR NewJeans,0
NEWJEANS_20240422_HYBE_ADOR_DISPUTE,2024-08-04,HYBE ADOR NewJeans,0
NEWJEANS_20240422_HYBE_ADOR_DISPUTE,2024-08-11,HYBE ADOR NewJeans,0
NEWJEANS_20240422_HYBE_ADOR_DISPUTE,2024-08-18,HYBE ADOR NewJeans,0
NEWJEANS_20240422_HYBE_ADOR_DISPUTE,2024-08-25,HYBE ADOR NewJeans,0
NEWJEANS_20240422_HYBE_ADOR_DISPUTE,2024-09-01,HYBE ADOR NewJeans,10
NEWJEANS_20240422_HYBE_ADOR_DISPUTE,2024-09-08,HYBE ADOR NewJeans,23
NEWJEANS_20240422_HYBE_ADOR_DISPUTE,2024-09-15,HYBE ADOR NewJeans,10
NEWJEANS_20240422_HYBE_ADOR_DISPUTE,2024-09-22,HYBE ADOR NewJeans,0
NEWJEANS_20240422_HYBE_ADOR_DISPUTE,2024-09-29,HYBE ADOR NewJeans,0
NEWJEANS_20240422_HYBE_ADOR_DISPUTE,2024-10-06,HYBE ADOR NewJeans,0
NEWJEANS_20240422_HYBE_ADOR_DISPUTE,2024-10-13,HYBE ADOR NewJeans,0
NEWJEANS_20240422_HYBE_ADOR_DISPUTE,2024-10-20,HYBE ADOR NewJeans,0
NEWJEANS_20240422_HYBE_ADOR_DISPUTE,2024-10-27,HYBE ADOR NewJeans,0
NEWJEANS_20240422_HYBE_ADOR_DISPUTE,2024-11-03,HYBE ADOR NewJeans,0
NEWJEANS_20240422_HYBE_ADOR_DISPUTE,2024-11-10,HYBE ADOR NewJeans,0
NEWJEANS_20240422_HYBE_ADOR_DISPUTE,2024-11-17,HYBE ADOR NewJeans,10
NEWJEANS_20240422_HYBE_ADOR_DISPUTE,2024-11-24,HYBE ADOR NewJeans,31
NEWJEANS_20240422_HYBE_ADOR_DISPUTE,2024-12-01,HYBE ADOR NewJeans,17
NEWJEANS_20240422_HYBE_ADOR_DISPUTE,2024-12-08,HYBE ADOR NewJeans,0
NEWJEANS_20240422_HYBE_ADOR_DISPUTE,2024-12-15,HYBE ADOR NewJeans,0
NEWJEANS_20240422_HYBE_ADOR_DISPUTE,2024-12-22,HYBE ADOR NewJeans,0
NEWJEANS_20240422_HYBE_ADOR_DISPUTE,2024-12-29,HYBE ADOR NewJeans,0
NEWJEANS_20240422_HYBE_ADOR_DISPUTE,2025-01-05,HYBE ADOR NewJeans,0
NEWJEANS_20240422_HYBE_ADOR_DISPUTE,2025-01-12,HYBE ADOR NewJeans,0
NEWJEANS_20240422_HYBE_ADOR_DISPUTE,2025-01-19,HYBE ADOR NewJeans,0
NEWJEANS_20240422_HYBE_ADOR_DISPUTE,2025-01-26,HYBE ADOR NewJeans,0
NEWJEANS_20240422_HYBE_ADOR_DISPUTE,2025-02-02,HYBE ADOR NewJeans,10
NEWJEANS_20240422_HYBE_ADOR_DISPUTE,2025-02-09,HYBE ADOR NewJeans,0
NEWJEANS_20240422_HYBE_ADOR_DISPUTE,2025-02-16,HYBE ADOR NewJeans,0
NEWJEANS_20240422_HYBE_ADOR_DISPUTE,2025-02-23,HYBE ADOR NewJeans,0
NEWJEANS_20240422_HYBE_ADOR_DISPUTE,2025-03-02,HYBE ADOR NewJeans,0
NEWJEANS_20240422_HYBE_ADOR_DISPUTE,2025-03-09,HYBE ADOR NewJeans,0
NEWJEANS_20240422_HYBE_ADOR_DISPUTE,2025-03-16,HYBE ADOR NewJeans,0
NEWJEANS_20240422_HYBE_ADOR_DISPUTE,2025-03-23,HYBE ADOR NewJeans,0
NEWJEANS_20240422_HYBE_ADOR_DISPUTE,2025-03-30,HYBE ADOR NewJeans,0
NEWJEANS_20240422_HYBE_ADOR_DISPUTE,2025-04-06,HYBE ADOR NewJeans,0
NEWJEANS_20240422_HYBE_ADOR_DISPUTE,2025-04-13,HYBE ADOR NewJeans,0
NEWJEANS_20240422_HYBE_ADOR_DISPUTE,2025-04-20,HYBE ADOR NewJeans,0
NEWJEANS_20240422_HYBE_ADOR_DISPUTE,2025-04-27,HYBE ADOR NewJeans,0
NEWJEANS_20240422_HYBE_ADOR_DISPUTE,2025-05-04,HYBE ADOR NewJeans,0
NEWJEANS_20240422_HYBE_ADOR_DISPUTE,2025-05-11,HYBE ADOR NewJeans,10
NEWJEANS_20240422_HYBE_ADOR_DISPUTE,2025-05-18,HYBE ADOR NewJeans,0
NEWJEANS_20240422_HYBE_ADOR_DISPUTE,2025-05-25,HYBE ADOR NewJeans,0
NEWJEANS_20240422_HYBE_ADOR_DISPUTE,2025-06-01,HYBE ADOR NewJeans,0
NEWJEANS_20240422_HYBE_ADOR_DISPUTE,2025-06-08,HYBE ADOR NewJeans,0
NEWJEANS_20240422_HYBE_ADOR_DISPUTE,2025-06-15,HYBE ADOR NewJeans,0
NEWJEANS_20240422_HYBE_ADOR_DISPUTE,2025-06-22,HYBE ADOR NewJeans,0
NEWJEANS_20240422_HYBE_ADOR_DISPUTE,2025-06-29,HYBE ADOR NewJeans,0
NEWJEANS_20240422_HYBE_ADOR_DISPUTE,2025-07-06,HYBE ADOR NewJeans,0
NEWJEANS_20240422_HYBE_ADOR_DISPUTE,2025-07-13,HYBE ADOR NewJeans,11
NEWJEANS_20240422_HYBE_ADOR_DISPUTE,2025-07-20,HYBE ADOR NewJeans,15
NEWJEANS_20240422_HYBE_ADOR_DISPUTE,2025-07-27,HYBE ADOR NewJeans,13
NEWJEANS_20240422_HYBE_ADOR_DISPUTE,2025-08-03,HYBE ADOR NewJeans,15
NEWJEANS_20240422_HYBE_ADOR_DISPUTE,2025-08-10,HYBE ADOR NewJeans,28
NEWJEANS_20240422_HYBE_ADOR_DISPUTE,2025-08-17,HYBE ADOR NewJeans,16
NEWJEANS_20240422_HYBE_ADOR_DISPUTE,2025-08-24,HYBE ADOR NewJeans,0
NEWJEANS_20240422_HYBE_ADOR_DISPUTE,2025-08-31,HYBE ADOR NewJeans,22
NEWJEANS_20240422_HYBE_ADOR_DISPUTE,2025-09-07,HYBE ADOR NewJeans,24
NEWJEANS_20240422_HYBE_ADOR_DISPUTE,2025-09-14,HYBE ADOR NewJeans,14
NEWJEANS_20240422_HYBE_ADOR_DISPUTE,2025-09-21,HYBE ADOR NewJeans,0
NEWJEANS_20240422_HYBE_ADOR_DISPUTE,2025-09-28,HYBE ADOR NewJeans,15
NEWJEANS_20240422_HYBE_ADOR_DISPUTE,2025-10-05,HYBE ADOR NewJeans,17
NEWJEANS_20240422_HYBE_ADOR_DISPUTE,2025-10-12,HYBE ADOR NewJeans,13
NEWJEANS_20240422_HYBE_ADOR_DISPUTE,2025-10-19,HYBE ADOR NewJeans,17
NEWJEANS_20240422_HYBE_ADOR_DISPUTE,2025-10-26,HYBE ADOR NewJeans,100
NEWJEANS_20240422_HYBE_ADOR_DISPUTE,2025-11-02,HYBE ADOR NewJeans,32
NEWJEANS_20240422_HYBE_ADOR_DISPUTE,2025-11-09,HYBE ADOR NewJeans,50
NEWJEANS_20240422_HYBE_ADOR_DISPUTE,2025-11-16,HYBE ADOR NewJeans,20
NEWJEANS_20240422_HYBE_ADOR_DISPUTE,2025-11-23,HYBE ADOR NewJeans,12
NEWJEANS_20240422_HYBE_ADOR_DISPUTE,2025-11-30,HYBE ADOR NewJeans,13
NEWJEANS_20240422_HYBE_ADOR_DISPUTE,2025-12-07,HYBE ADOR NewJeans,13
NEWJEANS_20240422_HYBE_ADOR_DISPUTE,2025-12-14,HYBE ADOR NewJeans,10
NEWJEANS_20240422_HYBE_ADOR_DISPUTE,2025-12-21,HYBE ADOR NewJeans,20
NEWJEANS_20240422_HYBE_ADOR_DISPUTE,2025-12-28,HYBE ADOR NewJeans,90
NEWJEANS_20241128_CONTRACT_TERMINATION,2020-12-27,NewJeans contract termination,0
NEWJEANS_20241128_CONTRACT_TERMINATION,2021-01-03,NewJeans contract termination,0
NEWJEANS_20241128_CONTRACT_TERMINATION,2021-01-10,NewJeans contract termination,0
NEWJEANS_20241128_CONTRACT_TERMINATION,2021-01-17,NewJeans contract termination,0
NEWJEANS_20241128_CONTRACT_TERMINATION,2021-01-24,NewJeans contract termination,0
NEWJEANS_20241128_CONTRACT_TERMINATION,2021-01-31,NewJeans contract termination,0
NEWJEANS_20241128_CONTRACT_TERMINATION,2021-02-07,NewJeans contract termination,0
NEWJEANS_20241128_CONTRACT_TERMINATION,2021-02-14,NewJeans contract termination,0
NEWJEANS_20241128_CONTRACT_TERMINATION,2021-02-21,NewJeans contract termination,0
NEWJEANS_20241128_CONTRACT_TERMINATION,2021-02-28,NewJeans contract termination,0
NEWJEANS_20241128_CONTRACT_TERMINATION,2021-03-07,NewJeans contract termination,0
NEWJEANS_20241128_CONTRACT_TERMINATION,2021-03-14,NewJeans contract termination,0
NEWJEANS_20241128_CONTRACT_TERMINATION,2021-03-21,NewJeans contract termination,0
NEWJEANS_20241128_CONTRACT_TERMINATION,2021-03-28,NewJeans contract termination,0
NEWJEANS_20241128_CONTRACT_TERMINATION,2021-04-04,NewJeans contract termination,0
NEWJEANS_20241128_CONTRACT_TERMINATION,2021-04-11,NewJeans contract termination,0
NEWJEANS_20241128_CONTRACT_TERMINATION,2021-04-18,NewJeans contract termination,0
NEWJEANS_20241128_CONTRACT_TERMINATION,2021-04-25,NewJeans contract termination,0
NEWJEANS_20241128_CONTRACT_TERMINATION,2021-05-02,NewJeans contract termination,0
NEWJEANS_20241128_CONTRACT_TERMINATION,2021-05-09,NewJeans contract termination,0
NEWJEANS_20241128_CONTRACT_TERMINATION,2021-05-16,NewJeans contract termination,0
NEWJEANS_20241128_CONTRACT_TERMINATION,2021-05-23,NewJeans contract termination,0
NEWJEANS_20241128_CONTRACT_TERMINATION,2021-05-30,NewJeans contract termination,0
NEWJEANS_20241128_CONTRACT_TERMINATION,2021-06-06,NewJeans contract termination,0
NEWJEANS_20241128_CONTRACT_TERMINATION,2021-06-13,NewJeans contract termination,0
NEWJEANS_20241128_CONTRACT_TERMINATION,2021-06-20,NewJeans contract termination,0
NEWJEANS_20241128_CONTRACT_TERMINATION,2021-06-27,NewJeans contract termination,0
NEWJEANS_20241128_CONTRACT_TERMINATION,2021-07-04,NewJeans contract termination,0
NEWJEANS_20241128_CONTRACT_TERMINATION,2021-07-11,NewJeans contract termination,0
NEWJEANS_20241128_CONTRACT_TERMINATION,2021-07-18,NewJeans contract termination,0
NEWJEANS_20241128_CONTRACT_TERMINATION,2021-07-25,NewJeans contract termination,0
NEWJEANS_20241128_CONTRACT_TERMINATION,2021-08-01,NewJeans contract termination,0
NEWJEANS_20241128_CONTRACT_TERMINATION,2021-08-08,NewJeans contract termination,0
NEWJEANS_20241128_CONTRACT_TERMINATION,2021-08-15,NewJeans contract termination,0
NEWJEANS_20241128_CONTRACT_TERMINATION,2021-08-22,NewJeans contract termination,0
NEWJEANS_20241128_CONTRACT_TERMINATION,2021-08-29,NewJeans contract termination,0
NEWJEANS_20241128_CONTRACT_TERMINATION,2021-09-05,NewJeans contract termination,0
NEWJEANS_20241128_CONTRACT_TERMINATION,2021-09-12,NewJeans contract termination,0
NEWJEANS_20241128_CONTRACT_TERMINATION,2021-09-19,NewJeans contract termination,0
NEWJEANS_20241128_CONTRACT_TERMINATION,2021-09-26,NewJeans contract termination,0
NEWJEANS_20241128_CONTRACT_TERMINATION,2021-10-03,NewJeans contract termination,0
NEWJEANS_20241128_CONTRACT_TERMINATION,2021-10-10,NewJeans contract termination,0
NEWJEANS_20241128_CONTRACT_TERMINATION,2021-10-17,NewJeans contract termination,0
NEWJEANS_20241128_CONTRACT_TERMINATION,2021-10-24,NewJeans contract termination,0
NEWJEANS_20241128_CONTRACT_TERMINATION,2021-10-31,NewJeans contract termination,0
NEWJEANS_20241128_CONTRACT_TERMINATION,2021-11-07,NewJeans contract termination,0
NEWJEANS_20241128_CONTRACT_TERMINATION,2021-11-14,NewJeans contract termination,0
NEWJEANS_20241128_CONTRACT_TERMINATION,2021-11-21,NewJeans contract termination,0
NEWJEANS_20241128_CONTRACT_TERMINATION,2021-11-28,NewJeans contract termination,0
NEWJEANS_20241128_CONTRACT_TERMINATION,2021-12-05,NewJeans contract termination,0
NEWJEANS_20241128_CONTRACT_TERMINATION,2021-12-12,NewJeans contract termination,0
NEWJEANS_20241128_CONTRACT_TERMINATION,2021-12-19,NewJeans contract termination,0
NEWJEANS_20241128_CONTRACT_TERMINATION,2021-12-26,NewJeans contract termination,0
NEWJEANS_20241128_CONTRACT_TERMINATION,2022-01-02,NewJeans contract termination,0
NEWJEANS_20241128_CONTRACT_TERMINATION,2022-01-09,NewJeans contract termination,0
NEWJEANS_20241128_CONTRACT_TERMINATION,2022-01-16,NewJeans contract termination,0
NEWJEANS_20241128_CONTRACT_TERMINATION,2022-01-23,NewJeans contract termination,0
NEWJEANS_20241128_CONTRACT_TERMINATION,2022-01-30,NewJeans contract termination,0
NEWJEANS_20241128_CONTRACT_TERMINATION,2022-02-06,NewJeans contract termination,0
NEWJEANS_20241128_CONTRACT_TERMINATION,2022-02-13,NewJeans contract termination,0
NEWJEANS_20241128_CONTRACT_TERMINATION,2022-02-20,NewJeans contract termination,0
NEWJEANS_20241128_CONTRACT_TERMINATION,2022-02-27,NewJeans contract termination,0
NEWJEANS_20241128_CONTRACT_TERMINATION,2022-03-06,NewJeans contract termination,0
NEWJEANS_20241128_CONTRACT_TERMINATION,2022-03-13,NewJeans contract termination,0
NEWJEANS_20241128_CONTRACT_TERMINATION,2022-03-20,NewJeans contract termination,0
NEWJEANS_20241128_CONTRACT_TERMINATION,2022-03-27,NewJeans contract termination,0
NEWJEANS_20241128_CONTRACT_TERMINATION,2022-04-03,NewJeans contract termination,0
NEWJEANS_20241128_CONTRACT_TERMINATION,2022-04-10,NewJeans contract termination,0
NEWJEANS_20241128_CONTRACT_TERMINATION,2022-04-17,NewJeans contract termination,0
NEWJEANS_20241128_CONTRACT_TERMINATION,2022-04-24,NewJeans contract termination,0
NEWJEANS_20241128_CONTRACT_TERMINATION,2022-05-01,NewJeans contract termination,0
NEWJEANS_20241128_CONTRACT_TERMINATION,2022-05-08,NewJeans contract termination,0
NEWJEANS_20241128_CONTRACT_TERMINATION,2022-05-15,NewJeans contract termination,0
NEWJEANS_20241128_CONTRACT_TERMINATION,2022-05-22,NewJeans contract termination,0
NEWJEANS_20241128_CONTRACT_TERMINATION,2022-05-29,NewJeans contract termination,0
NEWJEANS_20241128_CONTRACT_TERMINATION,2022-06-05,NewJeans contract termination,0
NEWJEANS_20241128_CONTRACT_TERMINATION,2022-06-12,NewJeans contract termination,0
NEWJEANS_20241128_CONTRACT_TERMINATION,2022-06-19,NewJeans contract termination,0
NEWJEANS_20241128_CONTRACT_TERMINATION,2022-06-26,NewJeans contract termination,0
NEWJEANS_20241128_CONTRACT_TERMINATION,2022-07-03,NewJeans contract termination,0
NEWJEANS_20241128_CONTRACT_TERMINATION,2022-07-10,NewJeans contract termination,0
NEWJEANS_20241128_CONTRACT_TERMINATION,2022-07-17,NewJeans contract termination,0
NEWJEANS_20241128_CONTRACT_TERMINATION,2022-07-24,NewJeans contract termination,0
NEWJEANS_20241128_CONTRACT_TERMINATION,2022-07-31,NewJeans contract termination,0
NEWJEANS_20241128_CONTRACT_TERMINATION,2022-08-07,NewJeans contract termination,0
NEWJEANS_20241128_CONTRACT_TERMINATION,2022-08-14,NewJeans contract termination,0
NEWJEANS_20241128_CONTRACT_TERMINATION,2022-08-21,NewJeans contract termination,0
NEWJEANS_20241128_CONTRACT_TERMINATION,2022-08-28,NewJeans contract termination,0
NEWJEANS_20241128_CONTRACT_TERMINATION,2022-09-04,NewJeans contract termination,0
NEWJEANS_20241128_CONTRACT_TERMINATION,2022-09-11,NewJeans contract termination,0
NEWJEANS_20241128_CONTRACT_TERMINATION,2022-09-18,NewJeans contract termination,0
NEWJEANS_20241128_CONTRACT_TERMINATION,2022-09-25,NewJeans contract termination,0
NEWJEANS_20241128_CONTRACT_TERMINATION,2022-10-02,NewJeans contract termination,0
NEWJEANS_20241128_CONTRACT_TERMINATION,2022-10-09,NewJeans contract termination,0
NEWJEANS_20241128_CONTRACT_TERMINATION,2022-10-16,NewJeans contract termination,0
NEWJEANS_20241128_CONTRACT_TERMINATION,2022-10-23,NewJeans contract termination,0
NEWJEANS_20241128_CONTRACT_TERMINATION,2022-10-30,NewJeans contract termination,0
NEWJEANS_20241128_CONTRACT_TERMINATION,2022-11-06,NewJeans contract termination,0
NEWJEANS_20241128_CONTRACT_TERMINATION,2022-11-13,NewJeans contract termination,0
NEWJEANS_20241128_CONTRACT_TERMINATION,2022-11-20,NewJeans contract termination,0
NEWJEANS_20241128_CONTRACT_TERMINATION,2022-11-27,NewJeans contract termination,0
NEWJEANS_20241128_CONTRACT_TERMINATION,2022-12-04,NewJeans contract termination,0
NEWJEANS_20241128_CONTRACT_TERMINATION,2022-12-11,NewJeans contract termination,0
NEWJEANS_20241128_CONTRACT_TERMINATION,2022-12-18,NewJeans contract termination,0
NEWJEANS_20241128_CONTRACT_TERMINATION,2022-12-25,NewJeans contract termination,0
NEWJEANS_20241128_CONTRACT_TERMINATION,2023-01-01,NewJeans contract termination,0
NEWJEANS_20241128_CONTRACT_TERMINATION,2023-01-08,NewJeans contract termination,0
NEWJEANS_20241128_CONTRACT_TERMINATION,2023-01-15,NewJeans contract termination,0
NEWJEANS_20241128_CONTRACT_TERMINATION,2023-01-22,NewJeans contract termination,0
NEWJEANS_20241128_CONTRACT_TERMINATION,2023-01-29,NewJeans contract termination,0
NEWJEANS_20241128_CONTRACT_TERMINATION,2023-02-05,NewJeans contract termination,0
NEWJEANS_20241128_CONTRACT_TERMINATION,2023-02-12,NewJeans contract termination,0
NEWJEANS_20241128_CONTRACT_TERMINATION,2023-02-19,NewJeans contract termination,0
NEWJEANS_20241128_CONTRACT_TERMINATION,2023-02-26,NewJeans contract termination,0
NEWJEANS_20241128_CONTRACT_TERMINATION,2023-03-05,NewJeans contract termination,0
NEWJEANS_20241128_CONTRACT_TERMINATION,2023-03-12,NewJeans contract termination,0
NEWJEANS_20241128_CONTRACT_TERMINATION,2023-03-19,NewJeans contract termination,0
NEWJEANS_20241128_CONTRACT_TERMINATION,2023-03-26,NewJeans contract termination,0
NEWJEANS_20241128_CONTRACT_TERMINATION,2023-04-02,NewJeans contract termination,0
NEWJEANS_20241128_CONTRACT_TERMINATION,2023-04-09,NewJeans contract termination,0
NEWJEANS_20241128_CONTRACT_TERMINATION,2023-04-16,NewJeans contract termination,0
NEWJEANS_20241128_CONTRACT_TERMINATION,2023-04-23,NewJeans contract termination,0
NEWJEANS_20241128_CONTRACT_TERMINATION,2023-04-30,NewJeans contract termination,0
NEWJEANS_20241128_CONTRACT_TERMINATION,2023-05-07,NewJeans contract termination,0
NEWJEANS_20241128_CONTRACT_TERMINATION,2023-05-14,NewJeans contract termination,0
NEWJEANS_20241128_CONTRACT_TERMINATION,2023-05-21,NewJeans contract termination,0
NEWJEANS_20241128_CONTRACT_TERMINATION,2023-05-28,NewJeans contract termination,0
NEWJEANS_20241128_CONTRACT_TERMINATION,2023-06-04,NewJeans contract termination,0
NEWJEANS_20241128_CONTRACT_TERMINATION,2023-06-11,NewJeans contract termination,0
NEWJEANS_20241128_CONTRACT_TERMINATION,2023-06-18,NewJeans contract termination,0
NEWJEANS_20241128_CONTRACT_TERMINATION,2023-06-25,NewJeans contract termination,0
NEWJEANS_20241128_CONTRACT_TERMINATION,2023-07-02,NewJeans contract termination,0
NEWJEANS_20241128_CONTRACT_TERMINATION,2023-07-09,NewJeans contract termination,0
NEWJEANS_20241128_CONTRACT_TERMINATION,2023-07-16,NewJeans contract termination,0
NEWJEANS_20241128_CONTRACT_TERMINATION,2023-07-23,NewJeans contract termination,0
NEWJEANS_20241128_CONTRACT_TERMINATION,2023-07-30,NewJeans contract termination,0
NEWJEANS_20241128_CONTRACT_TERMINATION,2023-08-06,NewJeans contract termination,0
NEWJEANS_20241128_CONTRACT_TERMINATION,2023-08-13,NewJeans contract termination,0
NEWJEANS_20241128_CONTRACT_TERMINATION,2023-08-20,NewJeans contract termination,0
NEWJEANS_20241128_CONTRACT_TERMINATION,2023-08-27,NewJeans contract termination,0
NEWJEANS_20241128_CONTRACT_TERMINATION,2023-09-03,NewJeans contract termination,0
NEWJEANS_20241128_CONTRACT_TERMINATION,2023-09-10,NewJeans contract termination,0
NEWJEANS_20241128_CONTRACT_TERMINATION,2023-09-17,NewJeans contract termination,0
NEWJEANS_20241128_CONTRACT_TERMINATION,2023-09-24,NewJeans contract termination,0
NEWJEANS_20241128_CONTRACT_TERMINATION,2023-10-01,NewJeans contract termination,0
NEWJEANS_20241128_CONTRACT_TERMINATION,2023-10-08,NewJeans contract termination,0
NEWJEANS_20241128_CONTRACT_TERMINATION,2023-10-15,NewJeans contract termination,0
NEWJEANS_20241128_CONTRACT_TERMINATION,2023-10-22,NewJeans contract termination,0
NEWJEANS_20241128_CONTRACT_TERMINATION,2023-10-29,NewJeans contract termination,0
NEWJEANS_20241128_CONTRACT_TERMINATION,2023-11-05,NewJeans contract termination,0
NEWJEANS_20241128_CONTRACT_TERMINATION,2023-11-12,NewJeans contract termination,0
NEWJEANS_20241128_CONTRACT_TERMINATION,2023-11-19,NewJeans contract termination,0
NEWJEANS_20241128_CONTRACT_TERMINATION,2023-11-26,NewJeans contract termination,0
NEWJEANS_20241128_CONTRACT_TERMINATION,2023-12-03,NewJeans contract termination,0
NEWJEANS_20241128_CONTRACT_TERMINATION,2023-12-10,NewJeans contract termination,0
NEWJEANS_20241128_CONTRACT_TERMINATION,2023-12-17,NewJeans contract termination,0
NEWJEANS_20241128_CONTRACT_TERMINATION,2023-12-24,NewJeans contract termination,0
NEWJEANS_20241128_CONTRACT_TERMINATION,2023-12-31,NewJeans contract termination,0
NEWJEANS_20241128_CONTRACT_TERMINATION,2024-01-07,NewJeans contract termination,0
NEWJEANS_20241128_CONTRACT_TERMINATION,2024-01-14,NewJeans contract termination,0
NEWJEANS_20241128_CONTRACT_TERMINATION,2024-01-21,NewJeans contract termination,0
NEWJEANS_20241128_CONTRACT_TERMINATION,2024-01-28,NewJeans contract termination,0
NEWJEANS_20241128_CONTRACT_TERMINATION,2024-02-04,NewJeans contract termination,0
NEWJEANS_20241128_CONTRACT_TERMINATION,2024-02-11,NewJeans contract termination,0
NEWJEANS_20241128_CONTRACT_TERMINATION,2024-02-18,NewJeans contract termination,0
NEWJEANS_20241128_CONTRACT_TERMINATION,2024-02-25,NewJeans contract termination,0
NEWJEANS_20241128_CONTRACT_TERMINATION,2024-03-03,NewJeans contract termination,0
NEWJEANS_20241128_CONTRACT_TERMINATION,2024-03-10,NewJeans contract termination,0
NEWJEANS_20241128_CONTRACT_TERMINATION,2024-03-17,NewJeans contract termination,0
NEWJEANS_20241128_CONTRACT_TERMINATION,2024-03-24,NewJeans contract termination,0
NEWJEANS_20241128_CONTRACT_TERMINATION,2024-03-31,NewJeans contract termination,0
NEWJEANS_20241128_CONTRACT_TERMINATION,2024-04-07,NewJeans contract termination,0
NEWJEANS_20241128_CONTRACT_TERMINATION,2024-04-14,NewJeans contract termination,0
NEWJEANS_20241128_CONTRACT_TERMINATION,2024-04-21,NewJeans contract termination,0
NEWJEANS_20241128_CONTRACT_TERMINATION,2024-04-28,NewJeans contract termination,0
NEWJEANS_20241128_CONTRACT_TERMINATION,2024-05-05,NewJeans contract termination,0
NEWJEANS_20241128_CONTRACT_TERMINATION,2024-05-12,NewJeans contract termination,0
NEWJEANS_20241128_CONTRACT_TERMINATION,2024-05-19,NewJeans contract termination,0
NEWJEANS_20241128_CONTRACT_TERMINATION,2024-05-26,NewJeans contract termination,0
NEWJEANS_20241128_CONTRACT_TERMINATION,2024-06-02,NewJeans contract termination,0
NEWJEANS_20241128_CONTRACT_TERMINATION,2024-06-09,NewJeans contract termination,0
NEWJEANS_20241128_CONTRACT_TERMINATION,2024-06-16,NewJeans contract termination,12
NEWJEANS_20241128_CONTRACT_TERMINATION,2024-06-23,NewJeans contract termination,0
NEWJEANS_20241128_CONTRACT_TERMINATION,2024-06-30,NewJeans contract termination,0
NEWJEANS_20241128_CONTRACT_TERMINATION,2024-07-07,NewJeans contract termination,0
NEWJEANS_20241128_CONTRACT_TERMINATION,2024-07-14,NewJeans contract termination,0
NEWJEANS_20241128_CONTRACT_TERMINATION,2024-07-21,NewJeans contract termination,0
NEWJEANS_20241128_CONTRACT_TERMINATION,2024-07-28,NewJeans contract termination,0
NEWJEANS_20241128_CONTRACT_TERMINATION,2024-08-04,NewJeans contract termination,0
NEWJEANS_20241128_CONTRACT_TERMINATION,2024-08-11,NewJeans contract termination,0
NEWJEANS_20241128_CONTRACT_TERMINATION,2024-08-18,NewJeans contract termination,0
NEWJEANS_20241128_CONTRACT_TERMINATION,2024-08-25,NewJeans contract termination,0
NEWJEANS_20241128_CONTRACT_TERMINATION,2024-09-01,NewJeans contract termination,0
NEWJEANS_20241128_CONTRACT_TERMINATION,2024-09-08,NewJeans contract termination,0
NEWJEANS_20241128_CONTRACT_TERMINATION,2024-09-15,NewJeans contract termination,0
NEWJEANS_20241128_CONTRACT_TERMINATION,2024-09-22,NewJeans contract termination,0
NEWJEANS_20241128_CONTRACT_TERMINATION,2024-09-29,NewJeans contract termination,0
NEWJEANS_20241128_CONTRACT_TERMINATION,2024-10-06,NewJeans contract termination,0
NEWJEANS_20241128_CONTRACT_TERMINATION,2024-10-13,NewJeans contract termination,0
NEWJEANS_20241128_CONTRACT_TERMINATION,2024-10-20,NewJeans contract termination,0
NEWJEANS_20241128_CONTRACT_TERMINATION,2024-10-27,NewJeans contract termination,0
NEWJEANS_20241128_CONTRACT_TERMINATION,2024-11-03,NewJeans contract termination,0
NEWJEANS_20241128_CONTRACT_TERMINATION,2024-11-10,NewJeans contract termination,0
NEWJEANS_20241128_CONTRACT_TERMINATION,2024-11-17,NewJeans contract termination,0
NEWJEANS_20241128_CONTRACT_TERMINATION,2024-11-24,NewJeans contract termination,100
NEWJEANS_20241128_CONTRACT_TERMINATION,2024-12-01,NewJeans contract termination,0
NEWJEANS_20241128_CONTRACT_TERMINATION,2024-12-08,NewJeans contract termination,0
NEWJEANS_20241128_CONTRACT_TERMINATION,2024-12-15,NewJeans contract termination,0
NEWJEANS_20241128_CONTRACT_TERMINATION,2024-12-22,NewJeans contract termination,0
NEWJEANS_20241128_CONTRACT_TERMINATION,2024-12-29,NewJeans contract termination,0
NEWJEANS_20241128_CONTRACT_TERMINATION,2025-01-05,NewJeans contract termination,0
NEWJEANS_20241128_CONTRACT_TERMINATION,2025-01-12,NewJeans contract termination,0
NEWJEANS_20241128_CONTRACT_TERMINATION,2025-01-19,NewJeans contract termination,0
NEWJEANS_20241128_CONTRACT_TERMINATION,2025-01-26,NewJeans contract termination,0
NEWJEANS_20241128_CONTRACT_TERMINATION,2025-02-02,NewJeans contract termination,0
NEWJEANS_20241128_CONTRACT_TERMINATION,2025-02-09,NewJeans contract termination,0
NEWJEANS_20241128_CONTRACT_TERMINATION,2025-02-16,NewJeans contract termination,0
NEWJEANS_20241128_CONTRACT_TERMINATION,2025-02-23,NewJeans contract termination,0
NEWJEANS_20241128_CONTRACT_TERMINATION,2025-03-02,NewJeans contract termination,0
NEWJEANS_20241128_CONTRACT_TERMINATION,2025-03-09,NewJeans contract termination,0
NEWJEANS_20241128_CONTRACT_TERMINATION,2025-03-16,NewJeans contract termination,0
NEWJEANS_20241128_CONTRACT_TERMINATION,2025-03-23,NewJeans contract termination,0
NEWJEANS_20241128_CONTRACT_TERMINATION,2025-03-30,NewJeans contract termination,0
NEWJEANS_20241128_CONTRACT_TERMINATION,2025-04-06,NewJeans contract termination,10
NEWJEANS_20241128_CONTRACT_TERMINATION,2025-04-13,NewJeans contract termination,0
NEWJEANS_20241128_CONTRACT_TERMINATION,2025-04-20,NewJeans contract termination,0
NEWJEANS_20241128_CONTRACT_TERMINATION,2025-04-27,NewJeans contract termination,0
NEWJEANS_20241128_CONTRACT_TERMINATION,2025-05-04,NewJeans contract termination,0
NEWJEANS_20241128_CONTRACT_TERMINATION,2025-05-11,NewJeans contract termination,0
NEWJEANS_20241128_CONTRACT_TERMINATION,2025-05-18,NewJeans contract termination,0
NEWJEANS_20241128_CONTRACT_TERMINATION,2025-05-25,NewJeans contract termination,0
NEWJEANS_20241128_CONTRACT_TERMINATION,2025-06-01,NewJeans contract termination,0
NEWJEANS_20241128_CONTRACT_TERMINATION,2025-06-08,NewJeans contract termination,0
NEWJEANS_20241128_CONTRACT_TERMINATION,2025-06-15,NewJeans contract termination,0
NEWJEANS_20241128_CONTRACT_TERMINATION,2025-06-22,NewJeans contract termination,0
NEWJEANS_20241128_CONTRACT_TERMINATION,2025-06-29,NewJeans contract termination,0
NEWJEANS_20241128_CONTRACT_TERMINATION,2025-07-06,NewJeans contract termination,0
NEWJEANS_20241128_CONTRACT_TERMINATION,2025-07-13,NewJeans contract termination,0
NEWJEANS_20241128_CONTRACT_TERMINATION,2025-07-20,NewJeans contract termination,0
NEWJEANS_20241128_CONTRACT_TERMINATION,2025-07-27,NewJeans contract termination,0
NEWJEANS_20241128_CONTRACT_TERMINATION,2025-08-03,NewJeans contract termination,0
NEWJEANS_20241128_CONTRACT_TERMINATION,2025-08-10,NewJeans contract termination,0
NEWJEANS_20241128_CONTRACT_TERMINATION,2025-08-17,NewJeans contract termination,0
NEWJEANS_20241128_CONTRACT_TERMINATION,2025-08-24,NewJeans contract termination,0
NEWJEANS_20241128_CONTRACT_TERMINATION,2025-08-31,NewJeans contract termination,0
NEWJEANS_20241128_CONTRACT_TERMINATION,2025-09-07,NewJeans contract termination,0
NEWJEANS_20241128_CONTRACT_TERMINATION,2025-09-14,NewJeans contract termination,0
NEWJEANS_20241128_CONTRACT_TERMINATION,2025-09-21,NewJeans contract termination,0
NEWJEANS_20241128_CONTRACT_TERMINATION,2025-09-28,NewJeans contract termination,0
NEWJEANS_20241128_CONTRACT_TERMINATION,2025-10-05,NewJeans contract termination,0
NEWJEANS_20241128_CONTRACT_TERMINATION,2025-10-12,NewJeans contract termination,0
NEWJEANS_20241128_CONTRACT_TERMINATION,2025-10-19,NewJeans contract termination,0
NEWJEANS_20241128_CONTRACT_TERMINATION,2025-10-26,NewJeans contract termination,0
NEWJEANS_20241128_CONTRACT_TERMINATION,2025-11-02,NewJeans contract termination,0
NEWJEANS_20241128_CONTRACT_TERMINATION,2025-11-09,NewJeans contract termination,0
NEWJEANS_20241128_CONTRACT_TERMINATION,2025-11-16,NewJeans contract termination,0
NEWJEANS_20241128_CONTRACT_TERMINATION,2025-11-23,NewJeans contract termination,0
NEWJEANS_20241128_CONTRACT_TERMINATION,2025-11-30,NewJeans contract termination,0
NEWJEANS_20241128_CONTRACT_TERMINATION,2025-12-07,NewJeans contract termination,0
NEWJEANS_20241128_CONTRACT_TERMINATION,2025-12-14,NewJeans contract termination,0
NEWJEANS_20241128_CONTRACT_TERMINATION,2025-12-21,NewJeans contract termination,0
NEWJEANS_20241128_CONTRACT_TERMINATION,2025-12-28,NewJeans contract termination,78
LESSERAFIM_20220502_FEARLESS_DEBUT,2020-12-27,LE SSERAFIM Fearless,0
LESSERAFIM_20220502_FEARLESS_DEBUT,2021-01-03,LE SSERAFIM Fearless,0
LESSERAFIM_20220502_FEARLESS_DEBUT,2021-01-10,LE SSERAFIM Fearless,0
LESSERAFIM_20220502_FEARLESS_DEBUT,2021-01-17,LE SSERAFIM Fearless,0
LESSERAFIM_20220502_FEARLESS_DEBUT,2021-01-24,LE SSERAFIM Fearless,0
LESSERAFIM_20220502_FEARLESS_DEBUT,2021-01-31,LE SSERAFIM Fearless,0
LESSERAFIM_20220502_FEARLESS_DEBUT,2021-02-07,LE SSERAFIM Fearless,0
LESSERAFIM_20220502_FEARLESS_DEBUT,2021-02-14,LE SSERAFIM Fearless,0
LESSERAFIM_20220502_FEARLESS_DEBUT,2021-02-21,LE SSERAFIM Fearless,0
LESSERAFIM_20220502_FEARLESS_DEBUT,2021-02-28,LE SSERAFIM Fearless,0
LESSERAFIM_20220502_FEARLESS_DEBUT,2021-03-07,LE SSERAFIM Fearless,0
LESSERAFIM_20220502_FEARLESS_DEBUT,2021-03-14,LE SSERAFIM Fearless,0
LESSERAFIM_20220502_FEARLESS_DEBUT,2021-03-21,LE SSERAFIM Fearless,0
LESSERAFIM_20220502_FEARLESS_DEBUT,2021-03-28,LE SSERAFIM Fearless,0
LESSERAFIM_20220502_FEARLESS_DEBUT,2021-04-04,LE SSERAFIM Fearless,0
LESSERAFIM_20220502_FEARLESS_DEBUT,2021-04-11,LE SSERAFIM Fearless,0
LESSERAFIM_20220502_FEARLESS_DEBUT,2021-04-18,LE SSERAFIM Fearless,0
LESSERAFIM_20220502_FEARLESS_DEBUT,2021-04-25,LE SSERAFIM Fearless,0
LESSERAFIM_20220502_FEARLESS_DEBUT,2021-05-02,LE SSERAFIM Fearless,0
LESSERAFIM_20220502_FEARLESS_DEBUT,2021-05-09,LE SSERAFIM Fearless,0
LESSERAFIM_20220502_FEARLESS_DEBUT,2021-05-16,LE SSERAFIM Fearless,0
LESSERAFIM_20220502_FEARLESS_DEBUT,2021-05-23,LE SSERAFIM Fearless,0
LESSERAFIM_20220502_FEARLESS_DEBUT,2021-05-30,LE SSERAFIM Fearless,0
LESSERAFIM_20220502_FEARLESS_DEBUT,2021-06-06,LE SSERAFIM Fearless,0
LESSERAFIM_20220502_FEARLESS_DEBUT,2021-06-13,LE SSERAFIM Fearless,0
LESSERAFIM_20220502_FEARLESS_DEBUT,2021-06-20,LE SSERAFIM Fearless,0
LESSERAFIM_20220502_FEARLESS_DEBUT,2021-06-27,LE SSERAFIM Fearless,0
LESSERAFIM_20220502_FEARLESS_DEBUT,2021-07-04,LE SSERAFIM Fearless,0
LESSERAFIM_20220502_FEARLESS_DEBUT,2021-07-11,LE SSERAFIM Fearless,0
LESSERAFIM_20220502_FEARLESS_DEBUT,2021-07-18,LE SSERAFIM Fearless,0
LESSERAFIM_20220502_FEARLESS_DEBUT,2021-07-25,LE SSERAFIM Fearless,0
LESSERAFIM_20220502_FEARLESS_DEBUT,2021-08-01,LE SSERAFIM Fearless,0
LESSERAFIM_20220502_FEARLESS_DEBUT,2021-08-08,LE SSERAFIM Fearless,0
LESSERAFIM_20220502_FEARLESS_DEBUT,2021-08-15,LE SSERAFIM Fearless,0
LESSERAFIM_20220502_FEARLESS_DEBUT,2021-08-22,LE SSERAFIM Fearless,0
LESSERAFIM_20220502_FEARLESS_DEBUT,2021-08-29,LE SSERAFIM Fearless,0
LESSERAFIM_20220502_FEARLESS_DEBUT,2021-09-05,LE SSERAFIM Fearless,0
LESSERAFIM_20220502_FEARLESS_DEBUT,2021-09-12,LE SSERAFIM Fearless,0
LESSERAFIM_20220502_FEARLESS_DEBUT,2021-09-19,LE SSERAFIM Fearless,0
LESSERAFIM_20220502_FEARLESS_DEBUT,2021-09-26,LE SSERAFIM Fearless,0
LESSERAFIM_20220502_FEARLESS_DEBUT,2021-10-03,LE SSERAFIM Fearless,0
LESSERAFIM_20220502_FEARLESS_DEBUT,2021-10-10,LE SSERAFIM Fearless,0
LESSERAFIM_20220502_FEARLESS_DEBUT,2021-10-17,LE SSERAFIM Fearless,0
LESSERAFIM_20220502_FEARLESS_DEBUT,2021-10-24,LE SSERAFIM Fearless,0
LESSERAFIM_20220502_FEARLESS_DEBUT,2021-10-31,LE SSERAFIM Fearless,0
LESSERAFIM_20220502_FEARLESS_DEBUT,2021-11-07,LE SSERAFIM Fearless,0
LESSERAFIM_20220502_FEARLESS_DEBUT,2021-11-14,LE SSERAFIM Fearless,0
LESSERAFIM_20220502_FEARLESS_DEBUT,2021-11-21,LE SSERAFIM Fearless,0
LESSERAFIM_20220502_FEARLESS_DEBUT,2021-11-28,LE SSERAFIM Fearless,0
LESSERAFIM_20220502_FEARLESS_DEBUT,2021-12-05,LE SSERAFIM Fearless,0
LESSERAFIM_20220502_FEARLESS_DEBUT,2021-12-12,LE SSERAFIM Fearless,0
LESSERAFIM_20220502_FEARLESS_DEBUT,2021-12-19,LE SSERAFIM Fearless,0
LESSERAFIM_20220502_FEARLESS_DEBUT,2021-12-26,LE SSERAFIM Fearless,0
LESSERAFIM_20220502_FEARLESS_DEBUT,2022-01-02,LE SSERAFIM Fearless,0
LESSERAFIM_20220502_FEARLESS_DEBUT,2022-01-09,LE SSERAFIM Fearless,0
LESSERAFIM_20220502_FEARLESS_DEBUT,2022-01-16,LE SSERAFIM Fearless,0
LESSERAFIM_20220502_FEARLESS_DEBUT,2022-01-23,LE SSERAFIM Fearless,0
LESSERAFIM_20220502_FEARLESS_DEBUT,2022-01-30,LE SSERAFIM Fearless,0
LESSERAFIM_20220502_FEARLESS_DEBUT,2022-02-06,LE SSERAFIM Fearless,0
LESSERAFIM_20220502_FEARLESS_DEBUT,2022-02-13,LE SSERAFIM Fearless,0
LESSERAFIM_20220502_FEARLESS_DEBUT,2022-02-20,LE SSERAFIM Fearless,0
LESSERAFIM_20220502_FEARLESS_DEBUT,2022-02-27,LE SSERAFIM Fearless,0
LESSERAFIM_20220502_FEARLESS_DEBUT,2022-03-06,LE SSERAFIM Fearless,0
LESSERAFIM_20220502_FEARLESS_DEBUT,2022-03-13,LE SSERAFIM Fearless,0
LESSERAFIM_20220502_FEARLESS_DEBUT,2022-03-20,LE SSERAFIM Fearless,0
LESSERAFIM_20220502_FEARLESS_DEBUT,2022-03-27,LE SSERAFIM Fearless,0
LESSERAFIM_20220502_FEARLESS_DEBUT,2022-04-03,LE SSERAFIM Fearless,2
LESSERAFIM_20220502_FEARLESS_DEBUT,2022-04-10,LE SSERAFIM Fearless,3
LESSERAFIM_20220502_FEARLESS_DEBUT,2022-04-17,LE SSERAFIM Fearless,0
LESSERAFIM_20220502_FEARLESS_DEBUT,2022-04-24,LE SSERAFIM Fearless,2
LESSERAFIM_20220502_FEARLESS_DEBUT,2022-05-01,LE SSERAFIM Fearless,100
LESSERAFIM_20220502_FEARLESS_DEBUT,2022-05-08,LE SSERAFIM Fearless,60
LESSERAFIM_20220502_FEARLESS_DEBUT,2022-05-15,LE SSERAFIM Fearless,40
LESSERAFIM_20220502_FEARLESS_DEBUT,2022-05-22,LE SSERAFIM Fearless,49
LESSERAFIM_20220502_FEARLESS_DEBUT,2022-05-29,LE SSERAFIM Fearless,40
LESSERAFIM_20220502_FEARLESS_DEBUT,2022-06-05,LE SSERAFIM Fearless,25
LESSERAFIM_20220502_FEARLESS_DEBUT,2022-06-12,LE SSERAFIM Fearless,23
LESSERAFIM_20220502_FEARLESS_DEBUT,2022-06-19,LE SSERAFIM Fearless,21
LESSERAFIM_20220502_FEARLESS_DEBUT,2022-06-26,LE SSERAFIM Fearless,32
LESSERAFIM_20220502_FEARLESS_DEBUT,2022-07-03,LE SSERAFIM Fearless,31
LESSERAFIM_20220502_FEARLESS_DEBUT,2022-07-10,LE SSERAFIM Fearless,20
LESSERAFIM_20220502_FEARLESS_DEBUT,2022-07-17,LE SSERAFIM Fearless,19
LESSERAFIM_20220502_FEARLESS_DEBUT,2022-07-24,LE SSERAFIM Fearless,19
LESSERAFIM_20220502_FEARLESS_DEBUT,2022-07-31,LE SSERAFIM Fearless,17
LESSERAFIM_20220502_FEARLESS_DEBUT,2022-08-07,LE SSERAFIM Fearless,20
LESSERAFIM_20220502_FEARLESS_DEBUT,2022-08-14,LE SSERAFIM Fearless,21
LESSERAFIM_20220502_FEARLESS_DEBUT,2022-08-21,LE SSERAFIM Fearless,14
LESSERAFIM_20220502_FEARLESS_DEBUT,2022-08-28,LE SSERAFIM Fearless,14
LESSERAFIM_20220502_FEARLESS_DEBUT,2022-09-04,LE SSERAFIM Fearless,14
LESSERAFIM_20220502_FEARLESS_DEBUT,2022-09-11,LE SSERAFIM Fearless,12
LESSERAFIM_20220502_FEARLESS_DEBUT,2022-09-18,LE SSERAFIM Fearless,13
LESSERAFIM_20220502_FEARLESS_DEBUT,2022-09-25,LE SSERAFIM Fearless,11
LESSERAFIM_20220502_FEARLESS_DEBUT,2022-10-02,LE SSERAFIM Fearless,12
LESSERAFIM_20220502_FEARLESS_DEBUT,2022-10-09,LE SSERAFIM Fearless,11
LESSERAFIM_20220502_FEARLESS_DEBUT,2022-10-16,LE SSERAFIM Fearless,16
LESSERAFIM_20220502_FEARLESS_DEBUT,2022-10-23,LE SSERAFIM Fearless,17
LESSERAFIM_20220502_FEARLESS_DEBUT,2022-10-30,LE SSERAFIM Fearless,12
LESSERAFIM_20220502_FEARLESS_DEBUT,2022-11-06,LE SSERAFIM Fearless,11
LESSERAFIM_20220502_FEARLESS_DEBUT,2022-11-13,LE SSERAFIM Fearless,16
LESSERAFIM_20220502_FEARLESS_DEBUT,2022-11-20,LE SSERAFIM Fearless,15
LESSERAFIM_20220502_FEARLESS_DEBUT,2022-11-27,LE SSERAFIM Fearless,16
LESSERAFIM_20220502_FEARLESS_DEBUT,2022-12-04,LE SSERAFIM Fearless,15
LESSERAFIM_20220502_FEARLESS_DEBUT,2022-12-11,LE SSERAFIM Fearless,21
LESSERAFIM_20220502_FEARLESS_DEBUT,2022-12-18,LE SSERAFIM Fearless,18
LESSERAFIM_20220502_FEARLESS_DEBUT,2022-12-25,LE SSERAFIM Fearless,29
LESSERAFIM_20220502_FEARLESS_DEBUT,2023-01-01,LE SSERAFIM Fearless,24
LESSERAFIM_20220502_FEARLESS_DEBUT,2023-01-08,LE SSERAFIM Fearless,20
LESSERAFIM_20220502_FEARLESS_DEBUT,2023-01-15,LE SSERAFIM Fearless,18
LESSERAFIM_20220502_FEARLESS_DEBUT,2023-01-22,LE SSERAFIM Fearless,34
LESSERAFIM_20220502_FEARLESS_DEBUT,2023-01-29,LE SSERAFIM Fearless,33
LESSERAFIM_20220502_FEARLESS_DEBUT,2023-02-05,LE SSERAFIM Fearless,25
LESSERAFIM_20220502_FEARLESS_DEBUT,2023-02-12,LE SSERAFIM Fearless,21
LESSERAFIM_20220502_FEARLESS_DEBUT,2023-02-19,LE SSERAFIM Fearless,21
LESSERAFIM_20220502_FEARLESS_DEBUT,2023-02-26,LE SSERAFIM Fearless,19
LESSERAFIM_20220502_FEARLESS_DEBUT,2023-03-05,LE SSERAFIM Fearless,19
LESSERAFIM_20220502_FEARLESS_DEBUT,2023-03-12,LE SSERAFIM Fearless,15
LESSERAFIM_20220502_FEARLESS_DEBUT,2023-03-19,LE SSERAFIM Fearless,16
LESSERAFIM_20220502_FEARLESS_DEBUT,2023-03-26,LE SSERAFIM Fearless,13
LESSERAFIM_20220502_FEARLESS_DEBUT,2023-04-02,LE SSERAFIM Fearless,12
LESSERAFIM_20220502_FEARLESS_DEBUT,2023-04-09,LE SSERAFIM Fearless,17
LESSERAFIM_20220502_FEARLESS_DEBUT,2023-04-16,LE SSERAFIM Fearless,15
LESSERAFIM_20220502_FEARLESS_DEBUT,2023-04-23,LE SSERAFIM Fearless,17
LESSERAFIM_20220502_FEARLESS_DEBUT,2023-04-30,LE SSERAFIM Fearless,24
LESSERAFIM_20220502_FEARLESS_DEBUT,2023-05-07,LE SSERAFIM Fearless,19
LESSERAFIM_20220502_FEARLESS_DEBUT,2023-05-14,LE SSERAFIM Fearless,13
LESSERAFIM_20220502_FEARLESS_DEBUT,2023-05-21,LE SSERAFIM Fearless,15
LESSERAFIM_20220502_FEARLESS_DEBUT,2023-05-28,LE SSERAFIM Fearless,15
LESSERAFIM_20220502_FEARLESS_DEBUT,2023-06-04,LE SSERAFIM Fearless,18
LESSERAFIM_20220502_FEARLESS_DEBUT,2023-06-11,LE SSERAFIM Fearless,12
LESSERAFIM_20220502_FEARLESS_DEBUT,2023-06-18,LE SSERAFIM Fearless,15
LESSERAFIM_20220502_FEARLESS_DEBUT,2023-06-25,LE SSERAFIM Fearless,13
LESSERAFIM_20220502_FEARLESS_DEBUT,2023-07-02,LE SSERAFIM Fearless,13
LESSERAFIM_20220502_FEARLESS_DEBUT,2023-07-09,LE SSERAFIM Fearless,16
LESSERAFIM_20220502_FEARLESS_DEBUT,2023-07-16,LE SSERAFIM Fearless,15
LESSERAFIM_20220502_FEARLESS_DEBUT,2023-07-23,LE SSERAFIM Fearless,13
LESSERAFIM_20220502_FEARLESS_DEBUT,2023-07-30,LE SSERAFIM Fearless,12
LESSERAFIM_20220502_FEARLESS_DEBUT,2023-08-06,LE SSERAFIM Fearless,12
LESSERAFIM_20220502_FEARLESS_DEBUT,2023-08-13,LE SSERAFIM Fearless,16
LESSERAFIM_20220502_FEARLESS_DEBUT,2023-08-20,LE SSERAFIM Fearless,12
LESSERAFIM_20220502_FEARLESS_DEBUT,2023-08-27,LE SSERAFIM Fearless,11
LESSERAFIM_20220502_FEARLESS_DEBUT,2023-09-03,LE SSERAFIM Fearless,11
LESSERAFIM_20220502_FEARLESS_DEBUT,2023-09-10,LE SSERAFIM Fearless,12
LESSERAFIM_20220502_FEARLESS_DEBUT,2023-09-17,LE SSERAFIM Fearless,11
LESSERAFIM_20220502_FEARLESS_DEBUT,2023-09-24,LE SSERAFIM Fearless,10
LESSERAFIM_20220502_FEARLESS_DEBUT,2023-10-01,LE SSERAFIM Fearless,10
LESSERAFIM_20220502_FEARLESS_DEBUT,2023-10-08,LE SSERAFIM Fearless,9
LESSERAFIM_20220502_FEARLESS_DEBUT,2023-10-15,LE SSERAFIM Fearless,8
LESSERAFIM_20220502_FEARLESS_DEBUT,2023-10-22,LE SSERAFIM Fearless,10
LESSERAFIM_20220502_FEARLESS_DEBUT,2023-10-29,LE SSERAFIM Fearless,13
LESSERAFIM_20220502_FEARLESS_DEBUT,2023-11-05,LE SSERAFIM Fearless,10
LESSERAFIM_20220502_FEARLESS_DEBUT,2023-11-12,LE SSERAFIM Fearless,10
LESSERAFIM_20220502_FEARLESS_DEBUT,2023-11-19,LE SSERAFIM Fearless,14
LESSERAFIM_20220502_FEARLESS_DEBUT,2023-11-26,LE SSERAFIM Fearless,11
LESSERAFIM_20220502_FEARLESS_DEBUT,2023-12-03,LE SSERAFIM Fearless,9
LESSERAFIM_20220502_FEARLESS_DEBUT,2023-12-10,LE SSERAFIM Fearless,10
LESSERAFIM_20220502_FEARLESS_DEBUT,2023-12-17,LE SSERAFIM Fearless,11
LESSERAFIM_20220502_FEARLESS_DEBUT,2023-12-24,LE SSERAFIM Fearless,13
LESSERAFIM_20220502_FEARLESS_DEBUT,2023-12-31,LE SSERAFIM Fearless,10
LESSERAFIM_20220502_FEARLESS_DEBUT,2024-01-07,LE SSERAFIM Fearless,11
LESSERAFIM_20220502_FEARLESS_DEBUT,2024-01-14,LE SSERAFIM Fearless,13
LESSERAFIM_20220502_FEARLESS_DEBUT,2024-01-21,LE SSERAFIM Fearless,11
LESSERAFIM_20220502_FEARLESS_DEBUT,2024-01-28,LE SSERAFIM Fearless,11
LESSERAFIM_20220502_FEARLESS_DEBUT,2024-02-04,LE SSERAFIM Fearless,10
LESSERAFIM_20220502_FEARLESS_DEBUT,2024-02-11,LE SSERAFIM Fearless,9
LESSERAFIM_20220502_FEARLESS_DEBUT,2024-02-18,LE SSERAFIM Fearless,12
LESSERAFIM_20220502_FEARLESS_DEBUT,2024-02-25,LE SSERAFIM Fearless,12
LESSERAFIM_20220502_FEARLESS_DEBUT,2024-03-03,LE SSERAFIM Fearless,11
LESSERAFIM_20220502_FEARLESS_DEBUT,2024-03-10,LE SSERAFIM Fearless,11
LESSERAFIM_20220502_FEARLESS_DEBUT,2024-03-17,LE SSERAFIM Fearless,11
LESSERAFIM_20220502_FEARLESS_DEBUT,2024-03-24,LE SSERAFIM Fearless,11
LESSERAFIM_20220502_FEARLESS_DEBUT,2024-03-31,LE SSERAFIM Fearless,10
LESSERAFIM_20220502_FEARLESS_DEBUT,2024-04-07,LE SSERAFIM Fearless,9
LESSERAFIM_20220502_FEARLESS_DEBUT,2024-04-14,LE SSERAFIM Fearless,13
LESSERAFIM_20220502_FEARLESS_DEBUT,2024-04-21,LE SSERAFIM Fearless,12
LESSERAFIM_20220502_FEARLESS_DEBUT,2024-04-28,LE SSERAFIM Fearless,8
LESSERAFIM_20220502_FEARLESS_DEBUT,2024-05-05,LE SSERAFIM Fearless,6
LESSERAFIM_20220502_FEARLESS_DEBUT,2024-05-12,LE SSERAFIM Fearless,7
LESSERAFIM_20220502_FEARLESS_DEBUT,2024-05-19,LE SSERAFIM Fearless,9
LESSERAFIM_20220502_FEARLESS_DEBUT,2024-05-26,LE SSERAFIM Fearless,7
LESSERAFIM_20220502_FEARLESS_DEBUT,2024-06-02,LE SSERAFIM Fearless,6
LESSERAFIM_20220502_FEARLESS_DEBUT,2024-06-09,LE SSERAFIM Fearless,7
LESSERAFIM_20220502_FEARLESS_DEBUT,2024-06-16,LE SSERAFIM Fearless,8
LESSERAFIM_20220502_FEARLESS_DEBUT,2024-06-23,LE SSERAFIM Fearless,7
LESSERAFIM_20220502_FEARLESS_DEBUT,2024-06-30,LE SSERAFIM Fearless,6
LESSERAFIM_20220502_FEARLESS_DEBUT,2024-07-07,LE SSERAFIM Fearless,6
LESSERAFIM_20220502_FEARLESS_DEBUT,2024-07-14,LE SSERAFIM Fearless,7
LESSERAFIM_20220502_FEARLESS_DEBUT,2024-07-21,LE SSERAFIM Fearless,7
LESSERAFIM_20220502_FEARLESS_DEBUT,2024-07-28,LE SSERAFIM Fearless,7
LESSERAFIM_20220502_FEARLESS_DEBUT,2024-08-04,LE SSERAFIM Fearless,3
LESSERAFIM_20220502_FEARLESS_DEBUT,2024-08-11,LE SSERAFIM Fearless,8
LESSERAFIM_20220502_FEARLESS_DEBUT,2024-08-18,LE SSERAFIM Fearless,7
LESSERAFIM_20220502_FEARLESS_DEBUT,2024-08-25,LE SSERAFIM Fearless,7
LESSERAFIM_20220502_FEARLESS_DEBUT,2024-09-01,LE SSERAFIM Fearless,8
LESSERAFIM_20220502_FEARLESS_DEBUT,2024-09-08,LE SSERAFIM Fearless,7
LESSERAFIM_20220502_FEARLESS_DEBUT,2024-09-15,LE SSERAFIM Fearless,5
LESSERAFIM_20220502_FEARLESS_DEBUT,2024-09-22,LE SSERAFIM Fearless,4
LESSERAFIM_20220502_FEARLESS_DEBUT,2024-09-29,LE SSERAFIM Fearless,5
LESSERAFIM_20220502_FEARLESS_DEBUT,2024-10-06,LE SSERAFIM Fearless,7
LESSERAFIM_20220502_FEARLESS_DEBUT,2024-10-13,LE SSERAFIM Fearless,7
LESSERAFIM_20220502_FEARLESS_DEBUT,2024-10-20,LE SSERAFIM Fearless,7
LESSERAFIM_20220502_FEARLESS_DEBUT,2024-10-27,LE SSERAFIM Fearless,6
LESSERAFIM_20220502_FEARLESS_DEBUT,2024-11-03,LE SSERAFIM Fearless,7
LESSERAFIM_20220502_FEARLESS_DEBUT,2024-11-10,LE SSERAFIM Fearless,7
LESSERAFIM_20220502_FEARLESS_DEBUT,2024-11-17,LE SSERAFIM Fearless,7
LESSERAFIM_20220502_FEARLESS_DEBUT,2024-11-24,LE SSERAFIM Fearless,5
LESSERAFIM_20220502_FEARLESS_DEBUT,2024-12-01,LE SSERAFIM Fearless,4
LESSERAFIM_20220502_FEARLESS_DEBUT,2024-12-08,LE SSERAFIM Fearless,6
LESSERAFIM_20220502_FEARLESS_DEBUT,2024-12-15,LE SSERAFIM Fearless,7
LESSERAFIM_20220502_FEARLESS_DEBUT,2024-12-22,LE SSERAFIM Fearless,6
LESSERAFIM_20220502_FEARLESS_DEBUT,2024-12-29,LE SSERAFIM Fearless,5
LESSERAFIM_20220502_FEARLESS_DEBUT,2025-01-05,LE SSERAFIM Fearless,5
LESSERAFIM_20220502_FEARLESS_DEBUT,2025-01-12,LE SSERAFIM Fearless,8
LESSERAFIM_20220502_FEARLESS_DEBUT,2025-01-19,LE SSERAFIM Fearless,6
LESSERAFIM_20220502_FEARLESS_DEBUT,2025-01-26,LE SSERAFIM Fearless,5
LESSERAFIM_20220502_FEARLESS_DEBUT,2025-02-02,LE SSERAFIM Fearless,6
LESSERAFIM_20220502_FEARLESS_DEBUT,2025-02-09,LE SSERAFIM Fearless,5
LESSERAFIM_20220502_FEARLESS_DEBUT,2025-02-16,LE SSERAFIM Fearless,5
LESSERAFIM_20220502_FEARLESS_DEBUT,2025-02-23,LE SSERAFIM Fearless,5
LESSERAFIM_20220502_FEARLESS_DEBUT,2025-03-02,LE SSERAFIM Fearless,8
LESSERAFIM_20220502_FEARLESS_DEBUT,2025-03-09,LE SSERAFIM Fearless,7
LESSERAFIM_20220502_FEARLESS_DEBUT,2025-03-16,LE SSERAFIM Fearless,12
LESSERAFIM_20220502_FEARLESS_DEBUT,2025-03-23,LE SSERAFIM Fearless,7
LESSERAFIM_20220502_FEARLESS_DEBUT,2025-03-30,LE SSERAFIM Fearless,6
LESSERAFIM_20220502_FEARLESS_DEBUT,2025-04-06,LE SSERAFIM Fearless,5
LESSERAFIM_20220502_FEARLESS_DEBUT,2025-04-13,LE SSERAFIM Fearless,4
LESSERAFIM_20220502_FEARLESS_DEBUT,2025-04-20,LE SSERAFIM Fearless,6
LESSERAFIM_20220502_FEARLESS_DEBUT,2025-04-27,LE SSERAFIM Fearless,4
LESSERAFIM_20220502_FEARLESS_DEBUT,2025-05-04,LE SSERAFIM Fearless,5
LESSERAFIM_20220502_FEARLESS_DEBUT,2025-05-11,LE SSERAFIM Fearless,6
LESSERAFIM_20220502_FEARLESS_DEBUT,2025-05-18,LE SSERAFIM Fearless,6
LESSERAFIM_20220502_FEARLESS_DEBUT,2025-05-25,LE SSERAFIM Fearless,5
LESSERAFIM_20220502_FEARLESS_DEBUT,2025-06-01,LE SSERAFIM Fearless,6
LESSERAFIM_20220502_FEARLESS_DEBUT,2025-06-08,LE SSERAFIM Fearless,5
LESSERAFIM_20220502_FEARLESS_DEBUT,2025-06-15,LE SSERAFIM Fearless,8
LESSERAFIM_20220502_FEARLESS_DEBUT,2025-06-22,LE SSERAFIM Fearless,5
LESSERAFIM_20220502_FEARLESS_DEBUT,2025-06-29,LE SSERAFIM Fearless,6
LESSERAFIM_20220502_FEARLESS_DEBUT,2025-07-06,LE SSERAFIM Fearless,5
LESSERAFIM_20220502_FEARLESS_DEBUT,2025-07-13,LE SSERAFIM Fearless,5
LESSERAFIM_20220502_FEARLESS_DEBUT,2025-07-20,LE SSERAFIM Fearless,7
LESSERAFIM_20220502_FEARLESS_DEBUT,2025-07-27,LE SSERAFIM Fearless,6
LESSERAFIM_20220502_FEARLESS_DEBUT,2025-08-03,LE SSERAFIM Fearless,8
LESSERAFIM_20220502_FEARLESS_DEBUT,2025-08-10,LE SSERAFIM Fearless,9
LESSERAFIM_20220502_FEARLESS_DEBUT,2025-08-17,LE SSERAFIM Fearless,7
LESSERAFIM_20220502_FEARLESS_DEBUT,2025-08-24,LE SSERAFIM Fearless,9
LESSERAFIM_20220502_FEARLESS_DEBUT,2025-08-31,LE SSERAFIM Fearless,9
LESSERAFIM_20220502_FEARLESS_DEBUT,2025-09-07,LE SSERAFIM Fearless,8
LESSERAFIM_20220502_FEARLESS_DEBUT,2025-09-14,LE SSERAFIM Fearless,8
LESSERAFIM_20220502_FEARLESS_DEBUT,2025-09-21,LE SSERAFIM Fearless,8
LESSERAFIM_20220502_FEARLESS_DEBUT,2025-09-28,LE SSERAFIM Fearless,9
LESSERAFIM_20220502_FEARLESS_DEBUT,2025-10-05,LE SSERAFIM Fearless,6
LESSERAFIM_20220502_FEARLESS_DEBUT,2025-10-12,LE SSERAFIM Fearless,9
LESSERAFIM_20220502_FEARLESS_DEBUT,2025-10-19,LE SSERAFIM Fearless,9
LESSERAFIM_20220502_FEARLESS_DEBUT,2025-10-26,LE SSERAFIM Fearless,10
LESSERAFIM_20220502_FEARLESS_DEBUT,2025-11-02,LE SSERAFIM Fearless,11
LESSERAFIM_20220502_FEARLESS_DEBUT,2025-11-09,LE SSERAFIM Fearless,8
LESSERAFIM_20220502_FEARLESS_DEBUT,2025-11-16,LE SSERAFIM Fearless,11
LESSERAFIM_20220502_FEARLESS_DEBUT,2025-11-23,LE SSERAFIM Fearless,10
LESSERAFIM_20220502_FEARLESS_DEBUT,2025-11-30,LE SSERAFIM Fearless,8
LESSERAFIM_20220502_FEARLESS_DEBUT,2025-12-07,LE SSERAFIM Fearless,9
LESSERAFIM_20220502_FEARLESS_DEBUT,2025-12-14,LE SSERAFIM Fearless,7
LESSERAFIM_20220502_FEARLESS_DEBUT,2025-12-21,LE SSERAFIM Fearless,12
LESSERAFIM_20220502_FEARLESS_DEBUT,2025-12-28,LE SSERAFIM Fearless,10
LESSERAFIM_20220720_GARAM_TERMINATION,2020-12-27,Kim Garam LE SSERAFIM,0
LESSERAFIM_20220720_GARAM_TERMINATION,2021-01-03,Kim Garam LE SSERAFIM,0
LESSERAFIM_20220720_GARAM_TERMINATION,2021-01-10,Kim Garam LE SSERAFIM,0
LESSERAFIM_20220720_GARAM_TERMINATION,2021-01-17,Kim Garam LE SSERAFIM,0
LESSERAFIM_20220720_GARAM_TERMINATION,2021-01-24,Kim Garam LE SSERAFIM,0
LESSERAFIM_20220720_GARAM_TERMINATION,2021-01-31,Kim Garam LE SSERAFIM,0
LESSERAFIM_20220720_GARAM_TERMINATION,2021-02-07,Kim Garam LE SSERAFIM,0
LESSERAFIM_20220720_GARAM_TERMINATION,2021-02-14,Kim Garam LE SSERAFIM,0
LESSERAFIM_20220720_GARAM_TERMINATION,2021-02-21,Kim Garam LE SSERAFIM,0
LESSERAFIM_20220720_GARAM_TERMINATION,2021-02-28,Kim Garam LE SSERAFIM,0
LESSERAFIM_20220720_GARAM_TERMINATION,2021-03-07,Kim Garam LE SSERAFIM,0
LESSERAFIM_20220720_GARAM_TERMINATION,2021-03-14,Kim Garam LE SSERAFIM,0
LESSERAFIM_20220720_GARAM_TERMINATION,2021-03-21,Kim Garam LE SSERAFIM,0
LESSERAFIM_20220720_GARAM_TERMINATION,2021-03-28,Kim Garam LE SSERAFIM,0
LESSERAFIM_20220720_GARAM_TERMINATION,2021-04-04,Kim Garam LE SSERAFIM,0
LESSERAFIM_20220720_GARAM_TERMINATION,2021-04-11,Kim Garam LE SSERAFIM,0
LESSERAFIM_20220720_GARAM_TERMINATION,2021-04-18,Kim Garam LE SSERAFIM,0
LESSERAFIM_20220720_GARAM_TERMINATION,2021-04-25,Kim Garam LE SSERAFIM,0
LESSERAFIM_20220720_GARAM_TERMINATION,2021-05-02,Kim Garam LE SSERAFIM,0
LESSERAFIM_20220720_GARAM_TERMINATION,2021-05-09,Kim Garam LE SSERAFIM,0
LESSERAFIM_20220720_GARAM_TERMINATION,2021-05-16,Kim Garam LE SSERAFIM,0
LESSERAFIM_20220720_GARAM_TERMINATION,2021-05-23,Kim Garam LE SSERAFIM,0
LESSERAFIM_20220720_GARAM_TERMINATION,2021-05-30,Kim Garam LE SSERAFIM,0
LESSERAFIM_20220720_GARAM_TERMINATION,2021-06-06,Kim Garam LE SSERAFIM,0
LESSERAFIM_20220720_GARAM_TERMINATION,2021-06-13,Kim Garam LE SSERAFIM,0
LESSERAFIM_20220720_GARAM_TERMINATION,2021-06-20,Kim Garam LE SSERAFIM,0
LESSERAFIM_20220720_GARAM_TERMINATION,2021-06-27,Kim Garam LE SSERAFIM,0
LESSERAFIM_20220720_GARAM_TERMINATION,2021-07-04,Kim Garam LE SSERAFIM,0
LESSERAFIM_20220720_GARAM_TERMINATION,2021-07-11,Kim Garam LE SSERAFIM,0
LESSERAFIM_20220720_GARAM_TERMINATION,2021-07-18,Kim Garam LE SSERAFIM,0
LESSERAFIM_20220720_GARAM_TERMINATION,2021-07-25,Kim Garam LE SSERAFIM,0
LESSERAFIM_20220720_GARAM_TERMINATION,2021-08-01,Kim Garam LE SSERAFIM,0
LESSERAFIM_20220720_GARAM_TERMINATION,2021-08-08,Kim Garam LE SSERAFIM,0
LESSERAFIM_20220720_GARAM_TERMINATION,2021-08-15,Kim Garam LE SSERAFIM,0
LESSERAFIM_20220720_GARAM_TERMINATION,2021-08-22,Kim Garam LE SSERAFIM,0
LESSERAFIM_20220720_GARAM_TERMINATION,2021-08-29,Kim Garam LE SSERAFIM,0
LESSERAFIM_20220720_GARAM_TERMINATION,2021-09-05,Kim Garam LE SSERAFIM,0
LESSERAFIM_20220720_GARAM_TERMINATION,2021-09-12,Kim Garam LE SSERAFIM,0
LESSERAFIM_20220720_GARAM_TERMINATION,2021-09-19,Kim Garam LE SSERAFIM,0
LESSERAFIM_20220720_GARAM_TERMINATION,2021-09-26,Kim Garam LE SSERAFIM,0
LESSERAFIM_20220720_GARAM_TERMINATION,2021-10-03,Kim Garam LE SSERAFIM,0
LESSERAFIM_20220720_GARAM_TERMINATION,2021-10-10,Kim Garam LE SSERAFIM,0
LESSERAFIM_20220720_GARAM_TERMINATION,2021-10-17,Kim Garam LE SSERAFIM,0
LESSERAFIM_20220720_GARAM_TERMINATION,2021-10-24,Kim Garam LE SSERAFIM,0
LESSERAFIM_20220720_GARAM_TERMINATION,2021-10-31,Kim Garam LE SSERAFIM,0
LESSERAFIM_20220720_GARAM_TERMINATION,2021-11-07,Kim Garam LE SSERAFIM,0
LESSERAFIM_20220720_GARAM_TERMINATION,2021-11-14,Kim Garam LE SSERAFIM,0
LESSERAFIM_20220720_GARAM_TERMINATION,2021-11-21,Kim Garam LE SSERAFIM,0
LESSERAFIM_20220720_GARAM_TERMINATION,2021-11-28,Kim Garam LE SSERAFIM,0
LESSERAFIM_20220720_GARAM_TERMINATION,2021-12-05,Kim Garam LE SSERAFIM,0
LESSERAFIM_20220720_GARAM_TERMINATION,2021-12-12,Kim Garam LE SSERAFIM,0
LESSERAFIM_20220720_GARAM_TERMINATION,2021-12-19,Kim Garam LE SSERAFIM,0
LESSERAFIM_20220720_GARAM_TERMINATION,2021-12-26,Kim Garam LE SSERAFIM,0
LESSERAFIM_20220720_GARAM_TERMINATION,2022-01-02,Kim Garam LE SSERAFIM,0
LESSERAFIM_20220720_GARAM_TERMINATION,2022-01-09,Kim Garam LE SSERAFIM,0
LESSERAFIM_20220720_GARAM_TERMINATION,2022-01-16,Kim Garam LE SSERAFIM,0
LESSERAFIM_20220720_GARAM_TERMINATION,2022-01-23,Kim Garam LE SSERAFIM,0
LESSERAFIM_20220720_GARAM_TERMINATION,2022-01-30,Kim Garam LE SSERAFIM,0
LESSERAFIM_20220720_GARAM_TERMINATION,2022-02-06,Kim Garam LE SSERAFIM,0
LESSERAFIM_20220720_GARAM_TERMINATION,2022-02-13,Kim Garam LE SSERAFIM,0
LESSERAFIM_20220720_GARAM_TERMINATION,2022-02-20,Kim Garam LE SSERAFIM,0
LESSERAFIM_20220720_GARAM_TERMINATION,2022-02-27,Kim Garam LE SSERAFIM,0
LESSERAFIM_20220720_GARAM_TERMINATION,2022-03-06,Kim Garam LE SSERAFIM,0
LESSERAFIM_20220720_GARAM_TERMINATION,2022-03-13,Kim Garam LE SSERAFIM,0
LESSERAFIM_20220720_GARAM_TERMINATION,2022-03-20,Kim Garam LE SSERAFIM,0
LESSERAFIM_20220720_GARAM_TERMINATION,2022-03-27,Kim Garam LE SSERAFIM,0
LESSERAFIM_20220720_GARAM_TERMINATION,2022-04-03,Kim Garam LE SSERAFIM,9
LESSERAFIM_20220720_GARAM_TERMINATION,2022-04-10,Kim Garam LE SSERAFIM,3
LESSERAFIM_20220720_GARAM_TERMINATION,2022-04-17,Kim Garam LE SSERAFIM,1
LESSERAFIM_20220720_GARAM_TERMINATION,2022-04-24,Kim Garam LE SSERAFIM,0
LESSERAFIM_20220720_GARAM_TERMINATION,2022-05-01,Kim Garam LE SSERAFIM,4
LESSERAFIM_20220720_GARAM_TERMINATION,2022-05-08,Kim Garam LE SSERAFIM,4
LESSERAFIM_20220720_GARAM_TERMINATION,2022-05-15,Kim Garam LE SSERAFIM,9
LESSERAFIM_20220720_GARAM_TERMINATION,2022-05-22,Kim Garam LE SSERAFIM,12
LESSERAFIM_20220720_GARAM_TERMINATION,2022-05-29,Kim Garam LE SSERAFIM,5
LESSERAFIM_20220720_GARAM_TERMINATION,2022-06-05,Kim Garam LE SSERAFIM,4
LESSERAFIM_20220720_GARAM_TERMINATION,2022-06-12,Kim Garam LE SSERAFIM,1
LESSERAFIM_20220720_GARAM_TERMINATION,2022-06-19,Kim Garam LE SSERAFIM,1
LESSERAFIM_20220720_GARAM_TERMINATION,2022-06-26,Kim Garam LE SSERAFIM,2
LESSERAFIM_20220720_GARAM_TERMINATION,2022-07-03,Kim Garam LE SSERAFIM,2
LESSERAFIM_20220720_GARAM_TERMINATION,2022-07-10,Kim Garam LE SSERAFIM,2
LESSERAFIM_20220720_GARAM_TERMINATION,2022-07-17,Kim Garam LE SSERAFIM,100
LESSERAFIM_20220720_GARAM_TERMINATION,2022-07-24,Kim Garam LE SSERAFIM,5
LESSERAFIM_20220720_GARAM_TERMINATION,2022-07-31,Kim Garam LE SSERAFIM,17
LESSERAFIM_20220720_GARAM_TERMINATION,2022-08-07,Kim Garam LE SSERAFIM,6
LESSERAFIM_20220720_GARAM_TERMINATION,2022-08-14,Kim Garam LE SSERAFIM,3
LESSERAFIM_20220720_GARAM_TERMINATION,2022-08-21,Kim Garam LE SSERAFIM,3
LESSERAFIM_20220720_GARAM_TERMINATION,2022-08-28,Kim Garam LE SSERAFIM,2
LESSERAFIM_20220720_GARAM_TERMINATION,2022-09-04,Kim Garam LE SSERAFIM,0
LESSERAFIM_20220720_GARAM_TERMINATION,2022-09-11,Kim Garam LE SSERAFIM,1
LESSERAFIM_20220720_GARAM_TERMINATION,2022-09-18,Kim Garam LE SSERAFIM,2
LESSERAFIM_20220720_GARAM_TERMINATION,2022-09-25,Kim Garam LE SSERAFIM,0
LESSERAFIM_20220720_GARAM_TERMINATION,2022-10-02,Kim Garam LE SSERAFIM,0
LESSERAFIM_20220720_GARAM_TERMINATION,2022-10-09,Kim Garam LE SSERAFIM,1
LESSERAFIM_20220720_GARAM_TERMINATION,2022-10-16,Kim Garam LE SSERAFIM,6
LESSERAFIM_20220720_GARAM_TERMINATION,2022-10-23,Kim Garam LE SSERAFIM,4
LESSERAFIM_20220720_GARAM_TERMINATION,2022-10-30,Kim Garam LE SSERAFIM,3
LESSERAFIM_20220720_GARAM_TERMINATION,2022-11-06,Kim Garam LE SSERAFIM,3
LESSERAFIM_20220720_GARAM_TERMINATION,2022-11-13,Kim Garam LE SSERAFIM,4
LESSERAFIM_20220720_GARAM_TERMINATION,2022-11-20,Kim Garam LE SSERAFIM,3
LESSERAFIM_20220720_GARAM_TERMINATION,2022-11-27,Kim Garam LE SSERAFIM,2
LESSERAFIM_20220720_GARAM_TERMINATION,2022-12-04,Kim Garam LE SSERAFIM,2
LESSERAFIM_20220720_GARAM_TERMINATION,2022-12-11,Kim Garam LE SSERAFIM,3
LESSERAFIM_20220720_GARAM_TERMINATION,2022-12-18,Kim Garam LE SSERAFIM,3
LESSERAFIM_20220720_GARAM_TERMINATION,2022-12-25,Kim Garam LE SSERAFIM,3
LESSERAFIM_20220720_GARAM_TERMINATION,2023-01-01,Kim Garam LE SSERAFIM,3
LESSERAFIM_20220720_GARAM_TERMINATION,2023-01-08,Kim Garam LE SSERAFIM,2
LESSERAFIM_20220720_GARAM_TERMINATION,2023-01-15,Kim Garam LE SSERAFIM,3
LESSERAFIM_20220720_GARAM_TERMINATION,2023-01-22,Kim Garam LE SSERAFIM,3
LESSERAFIM_20220720_GARAM_TERMINATION,2023-01-29,Kim Garam LE SSERAFIM,2
LESSERAFIM_20220720_GARAM_TERMINATION,2023-02-05,Kim Garam LE SSERAFIM,3
LESSERAFIM_20220720_GARAM_TERMINATION,2023-02-12,Kim Garam LE SSERAFIM,1
LESSERAFIM_20220720_GARAM_TERMINATION,2023-02-19,Kim Garam LE SSERAFIM,3
LESSERAFIM_20220720_GARAM_TERMINATION,2023-02-26,Kim Garam LE SSERAFIM,2
LESSERAFIM_20220720_GARAM_TERMINATION,2023-03-05,Kim Garam LE SSERAFIM,2
LESSERAFIM_20220720_GARAM_TERMINATION,2023-03-12,Kim Garam LE SSERAFIM,1
LESSERAFIM_20220720_GARAM_TERMINATION,2023-03-19,Kim Garam LE SSERAFIM,2
LESSERAFIM_20220720_GARAM_TERMINATION,2023-03-26,Kim Garam LE SSERAFIM,0
LESSERAFIM_20220720_GARAM_TERMINATION,2023-04-02,Kim Garam LE SSERAFIM,2
LESSERAFIM_20220720_GARAM_TERMINATION,2023-04-09,Kim Garam LE SSERAFIM,2
LESSERAFIM_20220720_GARAM_TERMINATION,2023-04-16,Kim Garam LE SSERAFIM,2
LESSERAFIM_20220720_GARAM_TERMINATION,2023-04-23,Kim Garam LE SSERAFIM,2
LESSERAFIM_20220720_GARAM_TERMINATION,2023-04-30,Kim Garam LE SSERAFIM,3
LESSERAFIM_20220720_GARAM_TERMINATION,2023-05-07,Kim Garam LE SSERAFIM,3
LESSERAFIM_20220720_GARAM_TERMINATION,2023-05-14,Kim Garam LE SSERAFIM,3
LESSERAFIM_20220720_GARAM_TERMINATION,2023-05-21,Kim Garam LE SSERAFIM,3
LESSERAFIM_20220720_GARAM_TERMINATION,2023-05-28,Kim Garam LE SSERAFIM,2
LESSERAFIM_20220720_GARAM_TERMINATION,2023-06-04,Kim Garam LE SSERAFIM,2
LESSERAFIM_20220720_GARAM_TERMINATION,2023-06-11,Kim Garam LE SSERAFIM,2
LESSERAFIM_20220720_GARAM_TERMINATION,2023-06-18,Kim Garam LE SSERAFIM,2
LESSERAFIM_20220720_GARAM_TERMINATION,2023-06-25,Kim Garam LE SSERAFIM,2
LESSERAFIM_20220720_GARAM_TERMINATION,2023-07-02,Kim Garam LE SSERAFIM,2
LESSERAFIM_20220720_GARAM_TERMINATION,2023-07-09,Kim Garam LE SSERAFIM,2
LESSERAFIM_20220720_GARAM_TERMINATION,2023-07-16,Kim Garam LE SSERAFIM,1
LESSERAFIM_20220720_GARAM_TERMINATION,2023-07-23,Kim Garam LE SSERAFIM,2
LESSERAFIM_20220720_GARAM_TERMINATION,2023-07-30,Kim Garam LE SSERAFIM,1
LESSERAFIM_20220720_GARAM_TERMINATION,2023-08-06,Kim Garam LE SSERAFIM,2
LESSERAFIM_20220720_GARAM_TERMINATION,2023-08-13,Kim Garam LE SSERAFIM,2
LESSERAFIM_20220720_GARAM_TERMINATION,2023-08-20,Kim Garam LE SSERAFIM,1
LESSERAFIM_20220720_GARAM_TERMINATION,2023-08-27,Kim Garam LE SSERAFIM,1
LESSERAFIM_20220720_GARAM_TERMINATION,2023-09-03,Kim Garam LE SSERAFIM,1
LESSERAFIM_20220720_GARAM_TERMINATION,2023-09-10,Kim Garam LE SSERAFIM,1
LESSERAFIM_20220720_GARAM_TERMINATION,2023-09-17,Kim Garam LE SSERAFIM,1
LESSERAFIM_20220720_GARAM_TERMINATION,2023-09-24,Kim Garam LE SSERAFIM,1
LESSERAFIM_20220720_GARAM_TERMINATION,2023-10-01,Kim Garam LE SSERAFIM,0
LESSERAFIM_20220720_GARAM_TERMINATION,2023-10-08,Kim Garam LE SSERAFIM,1
LESSERAFIM_20220720_GARAM_TERMINATION,2023-10-15,Kim Garam LE SSERAFIM,1
LESSERAFIM_20220720_GARAM_TERMINATION,2023-10-22,Kim Garam LE SSERAFIM,1
LESSERAFIM_20220720_GARAM_TERMINATION,2023-10-29,Kim Garam LE SSERAFIM,2
LESSERAFIM_20220720_GARAM_TERMINATION,2023-11-05,Kim Garam LE SSERAFIM,2
LESSERAFIM_20220720_GARAM_TERMINATION,2023-11-12,Kim Garam LE SSERAFIM,2
LESSERAFIM_20220720_GARAM_TERMINATION,2023-11-19,Kim Garam LE SSERAFIM,2
LESSERAFIM_20220720_GARAM_TERMINATION,2023-11-26,Kim Garam LE SSERAFIM,2
LESSERAFIM_20220720_GARAM_TERMINATION,2023-12-03,Kim Garam LE SSERAFIM,3
LESSERAFIM_20220720_GARAM_TERMINATION,2023-12-10,Kim Garam LE SSERAFIM,2
LESSERAFIM_20220720_GARAM_TERMINATION,2023-12-17,Kim Garam LE SSERAFIM,2
LESSERAFIM_20220720_GARAM_TERMINATION,2023-12-24,Kim Garam LE SSERAFIM,2
LESSERAFIM_20220720_GARAM_TERMINATION,2023-12-31,Kim Garam LE SSERAFIM,3
LESSERAFIM_20220720_GARAM_TERMINATION,2024-01-07,Kim Garam LE SSERAFIM,2
LESSERAFIM_20220720_GARAM_TERMINATION,2024-01-14,Kim Garam LE SSERAFIM,0
LESSERAFIM_20220720_GARAM_TERMINATION,2024-01-21,Kim Garam LE SSERAFIM,1
LESSERAFIM_20220720_GARAM_TERMINATION,2024-01-28,Kim Garam LE SSERAFIM,2
LESSERAFIM_20220720_GARAM_TERMINATION,2024-02-04,Kim Garam LE SSERAFIM,3
LESSERAFIM_20220720_GARAM_TERMINATION,2024-02-11,Kim Garam LE SSERAFIM,0
LESSERAFIM_20220720_GARAM_TERMINATION,2024-02-18,Kim Garam LE SSERAFIM,1
LESSERAFIM_20220720_GARAM_TERMINATION,2024-02-25,Kim Garam LE SSERAFIM,2
LESSERAFIM_20220720_GARAM_TERMINATION,2024-03-03,Kim Garam LE SSERAFIM,3
LESSERAFIM_20220720_GARAM_TERMINATION,2024-03-10,Kim Garam LE SSERAFIM,2
LESSERAFIM_20220720_GARAM_TERMINATION,2024-03-17,Kim Garam LE SSERAFIM,2
LESSERAFIM_20220720_GARAM_TERMINATION,2024-03-24,Kim Garam LE SSERAFIM,2
LESSERAFIM_20220720_GARAM_TERMINATION,2024-03-31,Kim Garam LE SSERAFIM,2
LESSERAFIM_20220720_GARAM_TERMINATION,2024-04-07,Kim Garam LE SSERAFIM,2
LESSERAFIM_20220720_GARAM_TERMINATION,2024-04-14,Kim Garam LE SSERAFIM,2
LESSERAFIM_20220720_GARAM_TERMINATION,2024-04-21,Kim Garam LE SSERAFIM,2
LESSERAFIM_20220720_GARAM_TERMINATION,2024-04-28,Kim Garam LE SSERAFIM,2
LESSERAFIM_20220720_GARAM_TERMINATION,2024-05-05,Kim Garam LE SSERAFIM,1
LESSERAFIM_20220720_GARAM_TERMINATION,2024-05-12,Kim Garam LE SSERAFIM,0
LESSERAFIM_20220720_GARAM_TERMINATION,2024-05-19,Kim Garam LE SSERAFIM,0
LESSERAFIM_20220720_GARAM_TERMINATION,2024-05-26,Kim Garam LE SSERAFIM,0
LESSERAFIM_20220720_GARAM_TERMINATION,2024-06-02,Kim Garam LE SSERAFIM,0
LESSERAFIM_20220720_GARAM_TERMINATION,2024-06-09,Kim Garam LE SSERAFIM,0
LESSERAFIM_20220720_GARAM_TERMINATION,2024-06-16,Kim Garam LE SSERAFIM,0
LESSERAFIM_20220720_GARAM_TERMINATION,2024-06-23,Kim Garam LE SSERAFIM,0
LESSERAFIM_20220720_GARAM_TERMINATION,2024-06-30,Kim Garam LE SSERAFIM,0
LESSERAFIM_20220720_GARAM_TERMINATION,2024-07-07,Kim Garam LE SSERAFIM,1
LESSERAFIM_20220720_GARAM_TERMINATION,2024-07-14,Kim Garam LE SSERAFIM,0
LESSERAFIM_20220720_GARAM_TERMINATION,2024-07-21,Kim Garam LE SSERAFIM,0
LESSERAFIM_20220720_GARAM_TERMINATION,2024-07-28,Kim Garam LE SSERAFIM,0
LESSERAFIM_20220720_GARAM_TERMINATION,2024-08-04,Kim Garam LE SSERAFIM,0
LESSERAFIM_20220720_GARAM_TERMINATION,2024-08-11,Kim Garam LE SSERAFIM,0
LESSERAFIM_20220720_GARAM_TERMINATION,2024-08-18,Kim Garam LE SSERAFIM,0
LESSERAFIM_20220720_GARAM_TERMINATION,2024-08-25,Kim Garam LE SSERAFIM,1
LESSERAFIM_20220720_GARAM_TERMINATION,2024-09-01,Kim Garam LE SSERAFIM,2
LESSERAFIM_20220720_GARAM_TERMINATION,2024-09-08,Kim Garam LE SSERAFIM,1
LESSERAFIM_20220720_GARAM_TERMINATION,2024-09-15,Kim Garam LE SSERAFIM,2
LESSERAFIM_20220720_GARAM_TERMINATION,2024-09-22,Kim Garam LE SSERAFIM,1
LESSERAFIM_20220720_GARAM_TERMINATION,2024-09-29,Kim Garam LE SSERAFIM,0
LESSERAFIM_20220720_GARAM_TERMINATION,2024-10-06,Kim Garam LE SSERAFIM,0
LESSERAFIM_20220720_GARAM_TERMINATION,2024-10-13,Kim Garam LE SSERAFIM,2
LESSERAFIM_20220720_GARAM_TERMINATION,2024-10-20,Kim Garam LE SSERAFIM,0
LESSERAFIM_20220720_GARAM_TERMINATION,2024-10-27,Kim Garam LE SSERAFIM,0
LESSERAFIM_20220720_GARAM_TERMINATION,2024-11-03,Kim Garam LE SSERAFIM,0
LESSERAFIM_20220720_GARAM_TERMINATION,2024-11-10,Kim Garam LE SSERAFIM,1
LESSERAFIM_20220720_GARAM_TERMINATION,2024-11-17,Kim Garam LE SSERAFIM,0
LESSERAFIM_20220720_GARAM_TERMINATION,2024-11-24,Kim Garam LE SSERAFIM,0
LESSERAFIM_20220720_GARAM_TERMINATION,2024-12-01,Kim Garam LE SSERAFIM,0
LESSERAFIM_20220720_GARAM_TERMINATION,2024-12-08,Kim Garam LE SSERAFIM,0
LESSERAFIM_20220720_GARAM_TERMINATION,2024-12-15,Kim Garam LE SSERAFIM,1
LESSERAFIM_20220720_GARAM_TERMINATION,2024-12-22,Kim Garam LE SSERAFIM,1
LESSERAFIM_20220720_GARAM_TERMINATION,2024-12-29,Kim Garam LE SSERAFIM,0
LESSERAFIM_20220720_GARAM_TERMINATION,2025-01-05,Kim Garam LE SSERAFIM,0
LESSERAFIM_20220720_GARAM_TERMINATION,2025-01-12,Kim Garam LE SSERAFIM,0
LESSERAFIM_20220720_GARAM_TERMINATION,2025-01-19,Kim Garam LE SSERAFIM,0
LESSERAFIM_20220720_GARAM_TERMINATION,2025-01-26,Kim Garam LE SSERAFIM,0
LESSERAFIM_20220720_GARAM_TERMINATION,2025-02-02,Kim Garam LE SSERAFIM,0
LESSERAFIM_20220720_GARAM_TERMINATION,2025-02-09,Kim Garam LE SSERAFIM,0
LESSERAFIM_20220720_GARAM_TERMINATION,2025-02-16,Kim Garam LE SSERAFIM,0
LESSERAFIM_20220720_GARAM_TERMINATION,2025-02-23,Kim Garam LE SSERAFIM,0
LESSERAFIM_20220720_GARAM_TERMINATION,2025-03-02,Kim Garam LE SSERAFIM,1
LESSERAFIM_20220720_GARAM_TERMINATION,2025-03-09,Kim Garam LE SSERAFIM,0
LESSERAFIM_20220720_GARAM_TERMINATION,2025-03-16,Kim Garam LE SSERAFIM,0
LESSERAFIM_20220720_GARAM_TERMINATION,2025-03-23,Kim Garam LE SSERAFIM,0
LESSERAFIM_20220720_GARAM_TERMINATION,2025-03-30,Kim Garam LE SSERAFIM,0
LESSERAFIM_20220720_GARAM_TERMINATION,2025-04-06,Kim Garam LE SSERAFIM,1
LESSERAFIM_20220720_GARAM_TERMINATION,2025-04-13,Kim Garam LE SSERAFIM,2
LESSERAFIM_20220720_GARAM_TERMINATION,2025-04-20,Kim Garam LE SSERAFIM,1
LESSERAFIM_20220720_GARAM_TERMINATION,2025-04-27,Kim Garam LE SSERAFIM,1
LESSERAFIM_20220720_GARAM_TERMINATION,2025-05-04,Kim Garam LE SSERAFIM,1
LESSERAFIM_20220720_GARAM_TERMINATION,2025-05-11,Kim Garam LE SSERAFIM,1
LESSERAFIM_20220720_GARAM_TERMINATION,2025-05-18,Kim Garam LE SSERAFIM,2
LESSERAFIM_20220720_GARAM_TERMINATION,2025-05-25,Kim Garam LE SSERAFIM,2
LESSERAFIM_20220720_GARAM_TERMINATION,2025-06-01,Kim Garam LE SSERAFIM,0
LESSERAFIM_20220720_GARAM_TERMINATION,2025-06-08,Kim Garam LE SSERAFIM,0
LESSERAFIM_20220720_GARAM_TERMINATION,2025-06-15,Kim Garam LE SSERAFIM,0
LESSERAFIM_20220720_GARAM_TERMINATION,2025-06-22,Kim Garam LE SSERAFIM,1
LESSERAFIM_20220720_GARAM_TERMINATION,2025-06-29,Kim Garam LE SSERAFIM,0
LESSERAFIM_20220720_GARAM_TERMINATION,2025-07-06,Kim Garam LE SSERAFIM,0
LESSERAFIM_20220720_GARAM_TERMINATION,2025-07-13,Kim Garam LE SSERAFIM,1
LESSERAFIM_20220720_GARAM_TERMINATION,2025-07-20,Kim Garam LE SSERAFIM,0
LESSERAFIM_20220720_GARAM_TERMINATION,2025-07-27,Kim Garam LE SSERAFIM,2
LESSERAFIM_20220720_GARAM_TERMINATION,2025-08-03,Kim Garam LE SSERAFIM,2
LESSERAFIM_20220720_GARAM_TERMINATION,2025-08-10,Kim Garam LE SSERAFIM,1
LESSERAFIM_20220720_GARAM_TERMINATION,2025-08-17,Kim Garam LE SSERAFIM,1
LESSERAFIM_20220720_GARAM_TERMINATION,2025-08-24,Kim Garam LE SSERAFIM,0
LESSERAFIM_20220720_GARAM_TERMINATION,2025-08-31,Kim Garam LE SSERAFIM,0
LESSERAFIM_20220720_GARAM_TERMINATION,2025-09-07,Kim Garam LE SSERAFIM,1
LESSERAFIM_20220720_GARAM_TERMINATION,2025-09-14,Kim Garam LE SSERAFIM,2
LESSERAFIM_20220720_GARAM_TERMINATION,2025-09-21,Kim Garam LE SSERAFIM,1
LESSERAFIM_20220720_GARAM_TERMINATION,2025-09-28,Kim Garam LE SSERAFIM,2
LESSERAFIM_20220720_GARAM_TERMINATION,2025-10-05,Kim Garam LE SSERAFIM,2
LESSERAFIM_20220720_GARAM_TERMINATION,2025-10-12,Kim Garam LE SSERAFIM,2
LESSERAFIM_20220720_GARAM_TERMINATION,2025-10-19,Kim Garam LE SSERAFIM,1
LESSERAFIM_20220720_GARAM_TERMINATION,2025-10-26,Kim Garam LE SSERAFIM,0
LESSERAFIM_20220720_GARAM_TERMINATION,2025-11-02,Kim Garam LE SSERAFIM,1
LESSERAFIM_20220720_GARAM_TERMINATION,2025-11-09,Kim Garam LE SSERAFIM,1
LESSERAFIM_20220720_GARAM_TERMINATION,2025-11-16,Kim Garam LE SSERAFIM,2
LESSERAFIM_20220720_GARAM_TERMINATION,2025-11-23,Kim Garam LE SSERAFIM,1
LESSERAFIM_20220720_GARAM_TERMINATION,2025-11-30,Kim Garam LE SSERAFIM,2
LESSERAFIM_20220720_GARAM_TERMINATION,2025-12-07,Kim Garam LE SSERAFIM,2
LESSERAFIM_20220720_GARAM_TERMINATION,2025-12-14,Kim Garam LE SSERAFIM,1
LESSERAFIM_20220720_GARAM_TERMINATION,2025-12-21,Kim Garam LE SSERAFIM,1
LESSERAFIM_20220720_GARAM_TERMINATION,2025-12-28,Kim Garam LE SSERAFIM,2
LESSERAFIM_20221017_ANTIFRAGILE,2020-12-27,LE SSERAFIM Antifragile,0
LESSERAFIM_20221017_ANTIFRAGILE,2021-01-03,LE SSERAFIM Antifragile,0
LESSERAFIM_20221017_ANTIFRAGILE,2021-01-10,LE SSERAFIM Antifragile,0
LESSERAFIM_20221017_ANTIFRAGILE,2021-01-17,LE SSERAFIM Antifragile,0
LESSERAFIM_20221017_ANTIFRAGILE,2021-01-24,LE SSERAFIM Antifragile,0
LESSERAFIM_20221017_ANTIFRAGILE,2021-01-31,LE SSERAFIM Antifragile,0
LESSERAFIM_20221017_ANTIFRAGILE,2021-02-07,LE SSERAFIM Antifragile,0
LESSERAFIM_20221017_ANTIFRAGILE,2021-02-14,LE SSERAFIM Antifragile,0
LESSERAFIM_20221017_ANTIFRAGILE,2021-02-21,LE SSERAFIM Antifragile,0
LESSERAFIM_20221017_ANTIFRAGILE,2021-02-28,LE SSERAFIM Antifragile,0
LESSERAFIM_20221017_ANTIFRAGILE,2021-03-07,LE SSERAFIM Antifragile,0
LESSERAFIM_20221017_ANTIFRAGILE,2021-03-14,LE SSERAFIM Antifragile,0
LESSERAFIM_20221017_ANTIFRAGILE,2021-03-21,LE SSERAFIM Antifragile,0
LESSERAFIM_20221017_ANTIFRAGILE,2021-03-28,LE SSERAFIM Antifragile,0
LESSERAFIM_20221017_ANTIFRAGILE,2021-04-04,LE SSERAFIM Antifragile,0
LESSERAFIM_20221017_ANTIFRAGILE,2021-04-11,LE SSERAFIM Antifragile,0
LESSERAFIM_20221017_ANTIFRAGILE,2021-04-18,LE SSERAFIM Antifragile,0
LESSERAFIM_20221017_ANTIFRAGILE,2021-04-25,LE SSERAFIM Antifragile,0
LESSERAFIM_20221017_ANTIFRAGILE,2021-05-02,LE SSERAFIM Antifragile,0
LESSERAFIM_20221017_ANTIFRAGILE,2021-05-09,LE SSERAFIM Antifragile,0
LESSERAFIM_20221017_ANTIFRAGILE,2021-05-16,LE SSERAFIM Antifragile,0
LESSERAFIM_20221017_ANTIFRAGILE,2021-05-23,LE SSERAFIM Antifragile,0
LESSERAFIM_20221017_ANTIFRAGILE,2021-05-30,LE SSERAFIM Antifragile,0
LESSERAFIM_20221017_ANTIFRAGILE,2021-06-06,LE SSERAFIM Antifragile,0
LESSERAFIM_20221017_ANTIFRAGILE,2021-06-13,LE SSERAFIM Antifragile,0
LESSERAFIM_20221017_ANTIFRAGILE,2021-06-20,LE SSERAFIM Antifragile,0
LESSERAFIM_20221017_ANTIFRAGILE,2021-06-27,LE SSERAFIM Antifragile,0
LESSERAFIM_20221017_ANTIFRAGILE,2021-07-04,LE SSERAFIM Antifragile,0
LESSERAFIM_20221017_ANTIFRAGILE,2021-07-11,LE SSERAFIM Antifragile,0
LESSERAFIM_20221017_ANTIFRAGILE,2021-07-18,LE SSERAFIM Antifragile,0
LESSERAFIM_20221017_ANTIFRAGILE,2021-07-25,LE SSERAFIM Antifragile,0
LESSERAFIM_20221017_ANTIFRAGILE,2021-08-01,LE SSERAFIM Antifragile,0
LESSERAFIM_20221017_ANTIFRAGILE,2021-08-08,LE SSERAFIM Antifragile,0
LESSERAFIM_20221017_ANTIFRAGILE,2021-08-15,LE SSERAFIM Antifragile,0
LESSERAFIM_20221017_ANTIFRAGILE,2021-08-22,LE SSERAFIM Antifragile,0
LESSERAFIM_20221017_ANTIFRAGILE,2021-08-29,LE SSERAFIM Antifragile,0
LESSERAFIM_20221017_ANTIFRAGILE,2021-09-05,LE SSERAFIM Antifragile,0
LESSERAFIM_20221017_ANTIFRAGILE,2021-09-12,LE SSERAFIM Antifragile,0
LESSERAFIM_20221017_ANTIFRAGILE,2021-09-19,LE SSERAFIM Antifragile,0
LESSERAFIM_20221017_ANTIFRAGILE,2021-09-26,LE SSERAFIM Antifragile,0
LESSERAFIM_20221017_ANTIFRAGILE,2021-10-03,LE SSERAFIM Antifragile,0
LESSERAFIM_20221017_ANTIFRAGILE,2021-10-10,LE SSERAFIM Antifragile,0
LESSERAFIM_20221017_ANTIFRAGILE,2021-10-17,LE SSERAFIM Antifragile,0
LESSERAFIM_20221017_ANTIFRAGILE,2021-10-24,LE SSERAFIM Antifragile,0
LESSERAFIM_20221017_ANTIFRAGILE,2021-10-31,LE SSERAFIM Antifragile,0
LESSERAFIM_20221017_ANTIFRAGILE,2021-11-07,LE SSERAFIM Antifragile,0
LESSERAFIM_20221017_ANTIFRAGILE,2021-11-14,LE SSERAFIM Antifragile,0
LESSERAFIM_20221017_ANTIFRAGILE,2021-11-21,LE SSERAFIM Antifragile,0
LESSERAFIM_20221017_ANTIFRAGILE,2021-11-28,LE SSERAFIM Antifragile,0
LESSERAFIM_20221017_ANTIFRAGILE,2021-12-05,LE SSERAFIM Antifragile,0
LESSERAFIM_20221017_ANTIFRAGILE,2021-12-12,LE SSERAFIM Antifragile,0
LESSERAFIM_20221017_ANTIFRAGILE,2021-12-19,LE SSERAFIM Antifragile,0
LESSERAFIM_20221017_ANTIFRAGILE,2021-12-26,LE SSERAFIM Antifragile,0
LESSERAFIM_20221017_ANTIFRAGILE,2022-01-02,LE SSERAFIM Antifragile,0
LESSERAFIM_20221017_ANTIFRAGILE,2022-01-09,LE SSERAFIM Antifragile,0
LESSERAFIM_20221017_ANTIFRAGILE,2022-01-16,LE SSERAFIM Antifragile,0
LESSERAFIM_20221017_ANTIFRAGILE,2022-01-23,LE SSERAFIM Antifragile,0
LESSERAFIM_20221017_ANTIFRAGILE,2022-01-30,LE SSERAFIM Antifragile,0
LESSERAFIM_20221017_ANTIFRAGILE,2022-02-06,LE SSERAFIM Antifragile,0
LESSERAFIM_20221017_ANTIFRAGILE,2022-02-13,LE SSERAFIM Antifragile,0
LESSERAFIM_20221017_ANTIFRAGILE,2022-02-20,LE SSERAFIM Antifragile,0
LESSERAFIM_20221017_ANTIFRAGILE,2022-02-27,LE SSERAFIM Antifragile,0
LESSERAFIM_20221017_ANTIFRAGILE,2022-03-06,LE SSERAFIM Antifragile,0
LESSERAFIM_20221017_ANTIFRAGILE,2022-03-13,LE SSERAFIM Antifragile,0
LESSERAFIM_20221017_ANTIFRAGILE,2022-03-20,LE SSERAFIM Antifragile,0
LESSERAFIM_20221017_ANTIFRAGILE,2022-03-27,LE SSERAFIM Antifragile,1
LESSERAFIM_20221017_ANTIFRAGILE,2022-04-03,LE SSERAFIM Antifragile,0
LESSERAFIM_20221017_ANTIFRAGILE,2022-04-10,LE SSERAFIM Antifragile,0
LESSERAFIM_20221017_ANTIFRAGILE,2022-04-17,LE SSERAFIM Antifragile,0
LESSERAFIM_20221017_ANTIFRAGILE,2022-04-24,LE SSERAFIM Antifragile,0
LESSERAFIM_20221017_ANTIFRAGILE,2022-05-01,LE SSERAFIM Antifragile,0
LESSERAFIM_20221017_ANTIFRAGILE,2022-05-08,LE SSERAFIM Antifragile,0
LESSERAFIM_20221017_ANTIFRAGILE,2022-05-15,LE SSERAFIM Antifragile,0
LESSERAFIM_20221017_ANTIFRAGILE,2022-05-22,LE SSERAFIM Antifragile,0
LESSERAFIM_20221017_ANTIFRAGILE,2022-05-29,LE SSERAFIM Antifragile,0
LESSERAFIM_20221017_ANTIFRAGILE,2022-06-05,LE SSERAFIM Antifragile,0
LESSERAFIM_20221017_ANTIFRAGILE,2022-06-12,LE SSERAFIM Antifragile,0
LESSERAFIM_20221017_ANTIFRAGILE,2022-06-19,LE SSERAFIM Antifragile,0
LESSERAFIM_20221017_ANTIFRAGILE,2022-06-26,LE SSERAFIM Antifragile,0
LESSERAFIM_20221017_ANTIFRAGILE,2022-07-03,LE SSERAFIM Antifragile,0
LESSERAFIM_20221017_ANTIFRAGILE,2022-07-10,LE SSERAFIM Antifragile,0
LESSERAFIM_20221017_ANTIFRAGILE,2022-07-17,LE SSERAFIM Antifragile,0
LESSERAFIM_20221017_ANTIFRAGILE,2022-07-24,LE SSERAFIM Antifragile,0
LESSERAFIM_20221017_ANTIFRAGILE,2022-07-31,LE SSERAFIM Antifragile,0
LESSERAFIM_20221017_ANTIFRAGILE,2022-08-07,LE SSERAFIM Antifragile,0
LESSERAFIM_20221017_ANTIFRAGILE,2022-08-14,LE SSERAFIM Antifragile,0
LESSERAFIM_20221017_ANTIFRAGILE,2022-08-21,LE SSERAFIM Antifragile,0
LESSERAFIM_20221017_ANTIFRAGILE,2022-08-28,LE SSERAFIM Antifragile,0
LESSERAFIM_20221017_ANTIFRAGILE,2022-09-04,LE SSERAFIM Antifragile,0
LESSERAFIM_20221017_ANTIFRAGILE,2022-09-11,LE SSERAFIM Antifragile,0
LESSERAFIM_20221017_ANTIFRAGILE,2022-09-18,LE SSERAFIM Antifragile,1
LESSERAFIM_20221017_ANTIFRAGILE,2022-09-25,LE SSERAFIM Antifragile,3
LESSERAFIM_20221017_ANTIFRAGILE,2022-10-02,LE SSERAFIM Antifragile,5
LESSERAFIM_20221017_ANTIFRAGILE,2022-10-09,LE SSERAFIM Antifragile,9
LESSERAFIM_20221017_ANTIFRAGILE,2022-10-16,LE SSERAFIM Antifragile,100
LESSERAFIM_20221017_ANTIFRAGILE,2022-10-23,LE SSERAFIM Antifragile,48
LESSERAFIM_20221017_ANTIFRAGILE,2022-10-30,LE SSERAFIM Antifragile,37
LESSERAFIM_20221017_ANTIFRAGILE,2022-11-06,LE SSERAFIM Antifragile,34
LESSERAFIM_20221017_ANTIFRAGILE,2022-11-13,LE SSERAFIM Antifragile,31
LESSERAFIM_20221017_ANTIFRAGILE,2022-11-20,LE SSERAFIM Antifragile,27
LESSERAFIM_20221017_ANTIFRAGILE,2022-11-27,LE SSERAFIM Antifragile,30
LESSERAFIM_20221017_ANTIFRAGILE,2022-12-04,LE SSERAFIM Antifragile,30
LESSERAFIM_20221017_ANTIFRAGILE,2022-12-11,LE SSERAFIM Antifragile,31
LESSERAFIM_20221017_ANTIFRAGILE,2022-12-18,LE SSERAFIM Antifragile,32
LESSERAFIM_20221017_ANTIFRAGILE,2022-12-25,LE SSERAFIM Antifragile,36
LESSERAFIM_20221017_ANTIFRAGILE,2023-01-01,LE SSERAFIM Antifragile,28
LESSERAFIM_20221017_ANTIFRAGILE,2023-01-08,LE SSERAFIM Antifragile,29
LESSERAFIM_20221017_ANTIFRAGILE,2023-01-15,LE SSERAFIM Antifragile,26
LESSERAFIM_20221017_ANTIFRAGILE,2023-01-22,LE SSERAFIM Antifragile,27
LESSERAFIM_20221017_ANTIFRAGILE,2023-01-29,LE SSERAFIM Antifragile,25
LESSERAFIM_20221017_ANTIFRAGILE,2023-02-05,LE SSERAFIM Antifragile,23
LESSERAFIM_20221017_ANTIFRAGILE,2023-02-12,LE SSERAFIM Antifragile,24
LESSERAFIM_20221017_ANTIFRAGILE,2023-02-19,LE SSERAFIM Antifragile,22
LESSERAFIM_20221017_ANTIFRAGILE,2023-02-26,LE SSERAFIM Antifragile,20
LESSERAFIM_20221017_ANTIFRAGILE,2023-03-05,LE SSERAFIM Antifragile,18
LESSERAFIM_20221017_ANTIFRAGILE,2023-03-12,LE SSERAFIM Antifragile,16
LESSERAFIM_20221017_ANTIFRAGILE,2023-03-19,LE SSERAFIM Antifragile,15
LESSERAFIM_20221017_ANTIFRAGILE,2023-03-26,LE SSERAFIM Antifragile,13
LESSERAFIM_20221017_ANTIFRAGILE,2023-04-02,LE SSERAFIM Antifragile,14
LESSERAFIM_20221017_ANTIFRAGILE,2023-04-09,LE SSERAFIM Antifragile,16
LESSERAFIM_20221017_ANTIFRAGILE,2023-04-16,LE SSERAFIM Antifragile,12
LESSERAFIM_20221017_ANTIFRAGILE,2023-04-23,LE SSERAFIM Antifragile,14
LESSERAFIM_20221017_ANTIFRAGILE,2023-04-30,LE SSERAFIM Antifragile,17
LESSERAFIM_20221017_ANTIFRAGILE,2023-05-07,LE SSERAFIM Antifragile,16
LESSERAFIM_20221017_ANTIFRAGILE,2023-05-14,LE SSERAFIM Antifragile,12
LESSERAFIM_20221017_ANTIFRAGILE,2023-05-21,LE SSERAFIM Antifragile,12
LESSERAFIM_20221017_ANTIFRAGILE,2023-05-28,LE SSERAFIM Antifragile,10
LESSERAFIM_20221017_ANTIFRAGILE,2023-06-04,LE SSERAFIM Antifragile,11
LESSERAFIM_20221017_ANTIFRAGILE,2023-06-11,LE SSERAFIM Antifragile,9
LESSERAFIM_20221017_ANTIFRAGILE,2023-06-18,LE SSERAFIM Antifragile,9
LESSERAFIM_20221017_ANTIFRAGILE,2023-06-25,LE SSERAFIM Antifragile,9
LESSERAFIM_20221017_ANTIFRAGILE,2023-07-02,LE SSERAFIM Antifragile,9
LESSERAFIM_20221017_ANTIFRAGILE,2023-07-09,LE SSERAFIM Antifragile,9
LESSERAFIM_20221017_ANTIFRAGILE,2023-07-16,LE SSERAFIM Antifragile,9
LESSERAFIM_20221017_ANTIFRAGILE,2023-07-23,LE SSERAFIM Antifragile,8
LESSERAFIM_20221017_ANTIFRAGILE,2023-07-30,LE SSERAFIM Antifragile,8
LESSERAFIM_20221017_ANTIFRAGILE,2023-08-06,LE SSERAFIM Antifragile,8
LESSERAFIM_20221017_ANTIFRAGILE,2023-08-13,LE SSERAFIM Antifragile,9
LESSERAFIM_20221017_ANTIFRAGILE,2023-08-20,LE SSERAFIM Antifragile,8
LESSERAFIM_20221017_ANTIFRAGILE,2023-08-27,LE SSERAFIM Antifragile,7
LESSERAFIM_20221017_ANTIFRAGILE,2023-09-03,LE SSERAFIM Antifragile,7
LESSERAFIM_20221017_ANTIFRAGILE,2023-09-10,LE SSERAFIM Antifragile,6
LESSERAFIM_20221017_ANTIFRAGILE,2023-09-17,LE SSERAFIM Antifragile,6
LESSERAFIM_20221017_ANTIFRAGILE,2023-09-24,LE SSERAFIM Antifragile,6
LESSERAFIM_20221017_ANTIFRAGILE,2023-10-01,LE SSERAFIM Antifragile,6
LESSERAFIM_20221017_ANTIFRAGILE,2023-10-08,LE SSERAFIM Antifragile,6
LESSERAFIM_20221017_ANTIFRAGILE,2023-10-15,LE SSERAFIM Antifragile,6
LESSERAFIM_20221017_ANTIFRAGILE,2023-10-22,LE SSERAFIM Antifragile,5
LESSERAFIM_20221017_ANTIFRAGILE,2023-10-29,LE SSERAFIM Antifragile,5
LESSERAFIM_20221017_ANTIFRAGILE,2023-11-05,LE SSERAFIM Antifragile,6
LESSERAFIM_20221017_ANTIFRAGILE,2023-11-12,LE SSERAFIM Antifragile,7
LESSERAFIM_20221017_ANTIFRAGILE,2023-11-19,LE SSERAFIM Antifragile,6
LESSERAFIM_20221017_ANTIFRAGILE,2023-11-26,LE SSERAFIM Antifragile,5
LESSERAFIM_20221017_ANTIFRAGILE,2023-12-03,LE SSERAFIM Antifragile,6
LESSERAFIM_20221017_ANTIFRAGILE,2023-12-10,LE SSERAFIM Antifragile,6
LESSERAFIM_20221017_ANTIFRAGILE,2023-12-17,LE SSERAFIM Antifragile,5
LESSERAFIM_20221017_ANTIFRAGILE,2023-12-24,LE SSERAFIM Antifragile,7
LESSERAFIM_20221017_ANTIFRAGILE,2023-12-31,LE SSERAFIM Antifragile,6
LESSERAFIM_20221017_ANTIFRAGILE,2024-01-07,LE SSERAFIM Antifragile,5
LESSERAFIM_20221017_ANTIFRAGILE,2024-01-14,LE SSERAFIM Antifragile,7
LESSERAFIM_20221017_ANTIFRAGILE,2024-01-21,LE SSERAFIM Antifragile,6
LESSERAFIM_20221017_ANTIFRAGILE,2024-01-28,LE SSERAFIM Antifragile,7
LESSERAFIM_20221017_ANTIFRAGILE,2024-02-04,LE SSERAFIM Antifragile,5
LESSERAFIM_20221017_ANTIFRAGILE,2024-02-11,LE SSERAFIM Antifragile,6
LESSERAFIM_20221017_ANTIFRAGILE,2024-02-18,LE SSERAFIM Antifragile,6
LESSERAFIM_20221017_ANTIFRAGILE,2024-02-25,LE SSERAFIM Antifragile,6
LESSERAFIM_20221017_ANTIFRAGILE,2024-03-03,LE SSERAFIM Antifragile,6
LESSERAFIM_20221017_ANTIFRAGILE,2024-03-10,LE SSERAFIM Antifragile,6
LESSERAFIM_20221017_ANTIFRAGILE,2024-03-17,LE SSERAFIM Antifragile,5
LESSERAFIM_20221017_ANTIFRAGILE,2024-03-24,LE SSERAFIM Antifragile,6
LESSERAFIM_20221017_ANTIFRAGILE,2024-03-31,LE SSERAFIM Antifragile,5
LESSERAFIM_20221017_ANTIFRAGILE,2024-04-07,LE SSERAFIM Antifragile,6
LESSERAFIM_20221017_ANTIFRAGILE,2024-04-14,LE SSERAFIM Antifragile,5
LESSERAFIM_20221017_ANTIFRAGILE,2024-04-21,LE SSERAFIM Antifragile,5
LESSERAFIM_20221017_ANTIFRAGILE,2024-04-28,LE SSERAFIM Antifragile,4
LESSERAFIM_20221017_ANTIFRAGILE,2024-05-05,LE SSERAFIM Antifragile,3
LESSERAFIM_20221017_ANTIFRAGILE,2024-05-12,LE SSERAFIM Antifragile,4
LESSERAFIM_20221017_ANTIFRAGILE,2024-05-19,LE SSERAFIM Antifragile,4
LESSERAFIM_20221017_ANTIFRAGILE,2024-05-26,LE SSERAFIM Antifragile,3
LESSERAFIM_20221017_ANTIFRAGILE,2024-06-02,LE SSERAFIM Antifragile,3
LESSERAFIM_20221017_ANTIFRAGILE,2024-06-09,LE SSERAFIM Antifragile,4
LESSERAFIM_20221017_ANTIFRAGILE,2024-06-16,LE SSERAFIM Antifragile,4
LESSERAFIM_20221017_ANTIFRAGILE,2024-06-23,LE SSERAFIM Antifragile,5
LESSERAFIM_20221017_ANTIFRAGILE,2024-06-30,LE SSERAFIM Antifragile,3
LESSERAFIM_20221017_ANTIFRAGILE,2024-07-07,LE SSERAFIM Antifragile,4
LESSERAFIM_20221017_ANTIFRAGILE,2024-07-14,LE SSERAFIM Antifragile,3
LESSERAFIM_20221017_ANTIFRAGILE,2024-07-21,LE SSERAFIM Antifragile,2
LESSERAFIM_20221017_ANTIFRAGILE,2024-07-28,LE SSERAFIM Antifragile,5
LESSERAFIM_20221017_ANTIFRAGILE,2024-08-04,LE SSERAFIM Antifragile,4
LESSERAFIM_20221017_ANTIFRAGILE,2024-08-11,LE SSERAFIM Antifragile,4
LESSERAFIM_20221017_ANTIFRAGILE,2024-08-18,LE SSERAFIM Antifragile,3
LESSERAFIM_20221017_ANTIFRAGILE,2024-08-25,LE SSERAFIM Antifragile,4
LESSERAFIM_20221017_ANTIFRAGILE,2024-09-01,LE SSERAFIM Antifragile,4
LESSERAFIM_20221017_ANTIFRAGILE,2024-09-08,LE SSERAFIM Antifragile,2
LESSERAFIM_20221017_ANTIFRAGILE,2024-09-15,LE SSERAFIM Antifragile,4
LESSERAFIM_20221017_ANTIFRAGILE,2024-09-22,LE SSERAFIM Antifragile,3
LESSERAFIM_20221017_ANTIFRAGILE,2024-09-29,LE SSERAFIM Antifragile,2
LESSERAFIM_20221017_ANTIFRAGILE,2024-10-06,LE SSERAFIM Antifragile,4
LESSERAFIM_20221017_ANTIFRAGILE,2024-10-13,LE SSERAFIM Antifragile,3
LESSERAFIM_20221017_ANTIFRAGILE,2024-10-20,LE SSERAFIM Antifragile,2
LESSERAFIM_20221017_ANTIFRAGILE,2024-10-27,LE SSERAFIM Antifragile,3
LESSERAFIM_20221017_ANTIFRAGILE,2024-11-03,LE SSERAFIM Antifragile,3
LESSERAFIM_20221017_ANTIFRAGILE,2024-11-10,LE SSERAFIM Antifragile,3
LESSERAFIM_20221017_ANTIFRAGILE,2024-11-17,LE SSERAFIM Antifragile,3
LESSERAFIM_20221017_ANTIFRAGILE,2024-11-24,LE SSERAFIM Antifragile,3
LESSERAFIM_20221017_ANTIFRAGILE,2024-12-01,LE SSERAFIM Antifragile,3
LESSERAFIM_20221017_ANTIFRAGILE,2024-12-08,LE SSERAFIM Antifragile,4
LESSERAFIM_20221017_ANTIFRAGILE,2024-12-15,LE SSERAFIM Antifragile,3
LESSERAFIM_20221017_ANTIFRAGILE,2024-12-22,LE SSERAFIM Antifragile,3
LESSERAFIM_20221017_ANTIFRAGILE,2024-12-29,LE SSERAFIM Antifragile,3
LESSERAFIM_20221017_ANTIFRAGILE,2025-01-05,LE SSERAFIM Antifragile,3
LESSERAFIM_20221017_ANTIFRAGILE,2025-01-12,LE SSERAFIM Antifragile,4
LESSERAFIM_20221017_ANTIFRAGILE,2025-01-19,LE SSERAFIM Antifragile,2
LESSERAFIM_20221017_ANTIFRAGILE,2025-01-26,LE SSERAFIM Antifragile,3
LESSERAFIM_20221017_ANTIFRAGILE,2025-02-02,LE SSERAFIM Antifragile,3
LESSERAFIM_20221017_ANTIFRAGILE,2025-02-09,LE SSERAFIM Antifragile,3
LESSERAFIM_20221017_ANTIFRAGILE,2025-02-16,LE SSERAFIM Antifragile,3
LESSERAFIM_20221017_ANTIFRAGILE,2025-02-23,LE SSERAFIM Antifragile,3
LESSERAFIM_20221017_ANTIFRAGILE,2025-03-02,LE SSERAFIM Antifragile,3
LESSERAFIM_20221017_ANTIFRAGILE,2025-03-09,LE SSERAFIM Antifragile,2
LESSERAFIM_20221017_ANTIFRAGILE,2025-03-16,LE SSERAFIM Antifragile,4
LESSERAFIM_20221017_ANTIFRAGILE,2025-03-23,LE SSERAFIM Antifragile,3
LESSERAFIM_20221017_ANTIFRAGILE,2025-03-30,LE SSERAFIM Antifragile,3
LESSERAFIM_20221017_ANTIFRAGILE,2025-04-06,LE SSERAFIM Antifragile,4
LESSERAFIM_20221017_ANTIFRAGILE,2025-04-13,LE SSERAFIM Antifragile,4
LESSERAFIM_20221017_ANTIFRAGILE,2025-04-20,LE SSERAFIM Antifragile,3
LESSERAFIM_20221017_ANTIFRAGILE,2025-04-27,LE SSERAFIM Antifragile,3
LESSERAFIM_20221017_ANTIFRAGILE,2025-05-04,LE SSERAFIM Antifragile,3
LESSERAFIM_20221017_ANTIFRAGILE,2025-05-11,LE SSERAFIM Antifragile,2
LESSERAFIM_20221017_ANTIFRAGILE,2025-05-18,LE SSERAFIM Antifragile,3
LESSERAFIM_20221017_ANTIFRAGILE,2025-05-25,LE SSERAFIM Antifragile,3
LESSERAFIM_20221017_ANTIFRAGILE,2025-06-01,LE SSERAFIM Antifragile,2
LESSERAFIM_20221017_ANTIFRAGILE,2025-06-08,LE SSERAFIM Antifragile,3
LESSERAFIM_20221017_ANTIFRAGILE,2025-06-15,LE SSERAFIM Antifragile,3
LESSERAFIM_20221017_ANTIFRAGILE,2025-06-22,LE SSERAFIM Antifragile,2
LESSERAFIM_20221017_ANTIFRAGILE,2025-06-29,LE SSERAFIM Antifragile,3
LESSERAFIM_20221017_ANTIFRAGILE,2025-07-06,LE SSERAFIM Antifragile,3
LESSERAFIM_20221017_ANTIFRAGILE,2025-07-13,LE SSERAFIM Antifragile,4
LESSERAFIM_20221017_ANTIFRAGILE,2025-07-20,LE SSERAFIM Antifragile,5
LESSERAFIM_20221017_ANTIFRAGILE,2025-07-27,LE SSERAFIM Antifragile,5
LESSERAFIM_20221017_ANTIFRAGILE,2025-08-03,LE SSERAFIM Antifragile,5
LESSERAFIM_20221017_ANTIFRAGILE,2025-08-10,LE SSERAFIM Antifragile,6
LESSERAFIM_20221017_ANTIFRAGILE,2025-08-17,LE SSERAFIM Antifragile,5
LESSERAFIM_20221017_ANTIFRAGILE,2025-08-24,LE SSERAFIM Antifragile,6
LESSERAFIM_20221017_ANTIFRAGILE,2025-08-31,LE SSERAFIM Antifragile,6
LESSERAFIM_20221017_ANTIFRAGILE,2025-09-07,LE SSERAFIM Antifragile,6
LESSERAFIM_20221017_ANTIFRAGILE,2025-09-14,LE SSERAFIM Antifragile,6
LESSERAFIM_20221017_ANTIFRAGILE,2025-09-21,LE SSERAFIM Antifragile,6
LESSERAFIM_20221017_ANTIFRAGILE,2025-09-28,LE SSERAFIM Antifragile,6
LESSERAFIM_20221017_ANTIFRAGILE,2025-10-05,LE SSERAFIM Antifragile,5
LESSERAFIM_20221017_ANTIFRAGILE,2025-10-12,LE SSERAFIM Antifragile,5
LESSERAFIM_20221017_ANTIFRAGILE,2025-10-19,LE SSERAFIM Antifragile,5
LESSERAFIM_20221017_ANTIFRAGILE,2025-10-26,LE SSERAFIM Antifragile,4
LESSERAFIM_20221017_ANTIFRAGILE,2025-11-02,LE SSERAFIM Antifragile,6
LESSERAFIM_20221017_ANTIFRAGILE,2025-11-09,LE SSERAFIM Antifragile,7
LESSERAFIM_20221017_ANTIFRAGILE,2025-11-16,LE SSERAFIM Antifragile,5
LESSERAFIM_20221017_ANTIFRAGILE,2025-11-23,LE SSERAFIM Antifragile,5
LESSERAFIM_20221017_ANTIFRAGILE,2025-11-30,LE SSERAFIM Antifragile,5
LESSERAFIM_20221017_ANTIFRAGILE,2025-12-07,LE SSERAFIM Antifragile,5
LESSERAFIM_20221017_ANTIFRAGILE,2025-12-14,LE SSERAFIM Antifragile,5
LESSERAFIM_20221017_ANTIFRAGILE,2025-12-21,LE SSERAFIM Antifragile,5
LESSERAFIM_20221017_ANTIFRAGILE,2025-12-28,LE SSERAFIM Antifragile,4
LESSERAFIM_20240305_EASY_HOT100,2020-12-27,LE SSERAFIM Easy Hot 100,0
LESSERAFIM_20240305_EASY_HOT100,2021-01-03,LE SSERAFIM Easy Hot 100,0
LESSERAFIM_20240305_EASY_HOT100,2021-01-10,LE SSERAFIM Easy Hot 100,0
LESSERAFIM_20240305_EASY_HOT100,2021-01-17,LE SSERAFIM Easy Hot 100,0
LESSERAFIM_20240305_EASY_HOT100,2021-01-24,LE SSERAFIM Easy Hot 100,0
LESSERAFIM_20240305_EASY_HOT100,2021-01-31,LE SSERAFIM Easy Hot 100,0
LESSERAFIM_20240305_EASY_HOT100,2021-02-07,LE SSERAFIM Easy Hot 100,0
LESSERAFIM_20240305_EASY_HOT100,2021-02-14,LE SSERAFIM Easy Hot 100,0
LESSERAFIM_20240305_EASY_HOT100,2021-02-21,LE SSERAFIM Easy Hot 100,0
LESSERAFIM_20240305_EASY_HOT100,2021-02-28,LE SSERAFIM Easy Hot 100,0
LESSERAFIM_20240305_EASY_HOT100,2021-03-07,LE SSERAFIM Easy Hot 100,0
LESSERAFIM_20240305_EASY_HOT100,2021-03-14,LE SSERAFIM Easy Hot 100,0
LESSERAFIM_20240305_EASY_HOT100,2021-03-21,LE SSERAFIM Easy Hot 100,0
LESSERAFIM_20240305_EASY_HOT100,2021-03-28,LE SSERAFIM Easy Hot 100,0
LESSERAFIM_20240305_EASY_HOT100,2021-04-04,LE SSERAFIM Easy Hot 100,0
LESSERAFIM_20240305_EASY_HOT100,2021-04-11,LE SSERAFIM Easy Hot 100,0
LESSERAFIM_20240305_EASY_HOT100,2021-04-18,LE SSERAFIM Easy Hot 100,0
LESSERAFIM_20240305_EASY_HOT100,2021-04-25,LE SSERAFIM Easy Hot 100,0
LESSERAFIM_20240305_EASY_HOT100,2021-05-02,LE SSERAFIM Easy Hot 100,0
LESSERAFIM_20240305_EASY_HOT100,2021-05-09,LE SSERAFIM Easy Hot 100,0
LESSERAFIM_20240305_EASY_HOT100,2021-05-16,LE SSERAFIM Easy Hot 100,0
LESSERAFIM_20240305_EASY_HOT100,2021-05-23,LE SSERAFIM Easy Hot 100,0
LESSERAFIM_20240305_EASY_HOT100,2021-05-30,LE SSERAFIM Easy Hot 100,0
LESSERAFIM_20240305_EASY_HOT100,2021-06-06,LE SSERAFIM Easy Hot 100,0
LESSERAFIM_20240305_EASY_HOT100,2021-06-13,LE SSERAFIM Easy Hot 100,0
LESSERAFIM_20240305_EASY_HOT100,2021-06-20,LE SSERAFIM Easy Hot 100,0
LESSERAFIM_20240305_EASY_HOT100,2021-06-27,LE SSERAFIM Easy Hot 100,0
LESSERAFIM_20240305_EASY_HOT100,2021-07-04,LE SSERAFIM Easy Hot 100,0
LESSERAFIM_20240305_EASY_HOT100,2021-07-11,LE SSERAFIM Easy Hot 100,0
LESSERAFIM_20240305_EASY_HOT100,2021-07-18,LE SSERAFIM Easy Hot 100,0
LESSERAFIM_20240305_EASY_HOT100,2021-07-25,LE SSERAFIM Easy Hot 100,0
LESSERAFIM_20240305_EASY_HOT100,2021-08-01,LE SSERAFIM Easy Hot 100,0
LESSERAFIM_20240305_EASY_HOT100,2021-08-08,LE SSERAFIM Easy Hot 100,0
LESSERAFIM_20240305_EASY_HOT100,2021-08-15,LE SSERAFIM Easy Hot 100,0
LESSERAFIM_20240305_EASY_HOT100,2021-08-22,LE SSERAFIM Easy Hot 100,0
LESSERAFIM_20240305_EASY_HOT100,2021-08-29,LE SSERAFIM Easy Hot 100,0
LESSERAFIM_20240305_EASY_HOT100,2021-09-05,LE SSERAFIM Easy Hot 100,0
LESSERAFIM_20240305_EASY_HOT100,2021-09-12,LE SSERAFIM Easy Hot 100,0
LESSERAFIM_20240305_EASY_HOT100,2021-09-19,LE SSERAFIM Easy Hot 100,0
LESSERAFIM_20240305_EASY_HOT100,2021-09-26,LE SSERAFIM Easy Hot 100,0
LESSERAFIM_20240305_EASY_HOT100,2021-10-03,LE SSERAFIM Easy Hot 100,0
LESSERAFIM_20240305_EASY_HOT100,2021-10-10,LE SSERAFIM Easy Hot 100,0
LESSERAFIM_20240305_EASY_HOT100,2021-10-17,LE SSERAFIM Easy Hot 100,0
LESSERAFIM_20240305_EASY_HOT100,2021-10-24,LE SSERAFIM Easy Hot 100,0
LESSERAFIM_20240305_EASY_HOT100,2021-10-31,LE SSERAFIM Easy Hot 100,0
LESSERAFIM_20240305_EASY_HOT100,2021-11-07,LE SSERAFIM Easy Hot 100,0
LESSERAFIM_20240305_EASY_HOT100,2021-11-14,LE SSERAFIM Easy Hot 100,0
LESSERAFIM_20240305_EASY_HOT100,2021-11-21,LE SSERAFIM Easy Hot 100,0
LESSERAFIM_20240305_EASY_HOT100,2021-11-28,LE SSERAFIM Easy Hot 100,0
LESSERAFIM_20240305_EASY_HOT100,2021-12-05,LE SSERAFIM Easy Hot 100,0
LESSERAFIM_20240305_EASY_HOT100,2021-12-12,LE SSERAFIM Easy Hot 100,0
LESSERAFIM_20240305_EASY_HOT100,2021-12-19,LE SSERAFIM Easy Hot 100,0
LESSERAFIM_20240305_EASY_HOT100,2021-12-26,LE SSERAFIM Easy Hot 100,0
LESSERAFIM_20240305_EASY_HOT100,2022-01-02,LE SSERAFIM Easy Hot 100,0
LESSERAFIM_20240305_EASY_HOT100,2022-01-09,LE SSERAFIM Easy Hot 100,0
LESSERAFIM_20240305_EASY_HOT100,2022-01-16,LE SSERAFIM Easy Hot 100,0
LESSERAFIM_20240305_EASY_HOT100,2022-01-23,LE SSERAFIM Easy Hot 100,0
LESSERAFIM_20240305_EASY_HOT100,2022-01-30,LE SSERAFIM Easy Hot 100,0
LESSERAFIM_20240305_EASY_HOT100,2022-02-06,LE SSERAFIM Easy Hot 100,0
LESSERAFIM_20240305_EASY_HOT100,2022-02-13,LE SSERAFIM Easy Hot 100,0
LESSERAFIM_20240305_EASY_HOT100,2022-02-20,LE SSERAFIM Easy Hot 100,0
LESSERAFIM_20240305_EASY_HOT100,2022-02-27,LE SSERAFIM Easy Hot 100,0
LESSERAFIM_20240305_EASY_HOT100,2022-03-06,LE SSERAFIM Easy Hot 100,0
LESSERAFIM_20240305_EASY_HOT100,2022-03-13,LE SSERAFIM Easy Hot 100,0
LESSERAFIM_20240305_EASY_HOT100,2022-03-20,LE SSERAFIM Easy Hot 100,0
LESSERAFIM_20240305_EASY_HOT100,2022-03-27,LE SSERAFIM Easy Hot 100,0
LESSERAFIM_20240305_EASY_HOT100,2022-04-03,LE SSERAFIM Easy Hot 100,0
LESSERAFIM_20240305_EASY_HOT100,2022-04-10,LE SSERAFIM Easy Hot 100,0
LESSERAFIM_20240305_EASY_HOT100,2022-04-17,LE SSERAFIM Easy Hot 100,0
LESSERAFIM_20240305_EASY_HOT100,2022-04-24,LE SSERAFIM Easy Hot 100,0
LESSERAFIM_20240305_EASY_HOT100,2022-05-01,LE SSERAFIM Easy Hot 100,0
LESSERAFIM_20240305_EASY_HOT100,2022-05-08,LE SSERAFIM Easy Hot 100,0
LESSERAFIM_20240305_EASY_HOT100,2022-05-15,LE SSERAFIM Easy Hot 100,0
LESSERAFIM_20240305_EASY_HOT100,2022-05-22,LE SSERAFIM Easy Hot 100,0
LESSERAFIM_20240305_EASY_HOT100,2022-05-29,LE SSERAFIM Easy Hot 100,0
LESSERAFIM_20240305_EASY_HOT100,2022-06-05,LE SSERAFIM Easy Hot 100,0
LESSERAFIM_20240305_EASY_HOT100,2022-06-12,LE SSERAFIM Easy Hot 100,0
LESSERAFIM_20240305_EASY_HOT100,2022-06-19,LE SSERAFIM Easy Hot 100,0
LESSERAFIM_20240305_EASY_HOT100,2022-06-26,LE SSERAFIM Easy Hot 100,0
LESSERAFIM_20240305_EASY_HOT100,2022-07-03,LE SSERAFIM Easy Hot 100,0
LESSERAFIM_20240305_EASY_HOT100,2022-07-10,LE SSERAFIM Easy Hot 100,0
LESSERAFIM_20240305_EASY_HOT100,2022-07-17,LE SSERAFIM Easy Hot 100,0
LESSERAFIM_20240305_EASY_HOT100,2022-07-24,LE SSERAFIM Easy Hot 100,0
LESSERAFIM_20240305_EASY_HOT100,2022-07-31,LE SSERAFIM Easy Hot 100,0
LESSERAFIM_20240305_EASY_HOT100,2022-08-07,LE SSERAFIM Easy Hot 100,0
LESSERAFIM_20240305_EASY_HOT100,2022-08-14,LE SSERAFIM Easy Hot 100,0
LESSERAFIM_20240305_EASY_HOT100,2022-08-21,LE SSERAFIM Easy Hot 100,0
LESSERAFIM_20240305_EASY_HOT100,2022-08-28,LE SSERAFIM Easy Hot 100,0
LESSERAFIM_20240305_EASY_HOT100,2022-09-04,LE SSERAFIM Easy Hot 100,0
LESSERAFIM_20240305_EASY_HOT100,2022-09-11,LE SSERAFIM Easy Hot 100,0
LESSERAFIM_20240305_EASY_HOT100,2022-09-18,LE SSERAFIM Easy Hot 100,0
LESSERAFIM_20240305_EASY_HOT100,2022-09-25,LE SSERAFIM Easy Hot 100,0
LESSERAFIM_20240305_EASY_HOT100,2022-10-02,LE SSERAFIM Easy Hot 100,0
LESSERAFIM_20240305_EASY_HOT100,2022-10-09,LE SSERAFIM Easy Hot 100,0
LESSERAFIM_20240305_EASY_HOT100,2022-10-16,LE SSERAFIM Easy Hot 100,0
LESSERAFIM_20240305_EASY_HOT100,2022-10-23,LE SSERAFIM Easy Hot 100,0
LESSERAFIM_20240305_EASY_HOT100,2022-10-30,LE SSERAFIM Easy Hot 100,0
LESSERAFIM_20240305_EASY_HOT100,2022-11-06,LE SSERAFIM Easy Hot 100,0
LESSERAFIM_20240305_EASY_HOT100,2022-11-13,LE SSERAFIM Easy Hot 100,0
LESSERAFIM_20240305_EASY_HOT100,2022-11-20,LE SSERAFIM Easy Hot 100,0
LESSERAFIM_20240305_EASY_HOT100,2022-11-27,LE SSERAFIM Easy Hot 100,0
LESSERAFIM_20240305_EASY_HOT100,2022-12-04,LE SSERAFIM Easy Hot 100,0
LESSERAFIM_20240305_EASY_HOT100,2022-12-11,LE SSERAFIM Easy Hot 100,0
LESSERAFIM_20240305_EASY_HOT100,2022-12-18,LE SSERAFIM Easy Hot 100,0
LESSERAFIM_20240305_EASY_HOT100,2022-12-25,LE SSERAFIM Easy Hot 100,0
LESSERAFIM_20240305_EASY_HOT100,2023-01-01,LE SSERAFIM Easy Hot 100,0
LESSERAFIM_20240305_EASY_HOT100,2023-01-08,LE SSERAFIM Easy Hot 100,0
LESSERAFIM_20240305_EASY_HOT100,2023-01-15,LE SSERAFIM Easy Hot 100,0
LESSERAFIM_20240305_EASY_HOT100,2023-01-22,LE SSERAFIM Easy Hot 100,0
LESSERAFIM_20240305_EASY_HOT100,2023-01-29,LE SSERAFIM Easy Hot 100,0
LESSERAFIM_20240305_EASY_HOT100,2023-02-05,LE SSERAFIM Easy Hot 100,0
LESSERAFIM_20240305_EASY_HOT100,2023-02-12,LE SSERAFIM Easy Hot 100,0
LESSERAFIM_20240305_EASY_HOT100,2023-02-19,LE SSERAFIM Easy Hot 100,0
LESSERAFIM_20240305_EASY_HOT100,2023-02-26,LE SSERAFIM Easy Hot 100,0
LESSERAFIM_20240305_EASY_HOT100,2023-03-05,LE SSERAFIM Easy Hot 100,0
LESSERAFIM_20240305_EASY_HOT100,2023-03-12,LE SSERAFIM Easy Hot 100,0
LESSERAFIM_20240305_EASY_HOT100,2023-03-19,LE SSERAFIM Easy Hot 100,0
LESSERAFIM_20240305_EASY_HOT100,2023-03-26,LE SSERAFIM Easy Hot 100,0
LESSERAFIM_20240305_EASY_HOT100,2023-04-02,LE SSERAFIM Easy Hot 100,0
LESSERAFIM_20240305_EASY_HOT100,2023-04-09,LE SSERAFIM Easy Hot 100,0
LESSERAFIM_20240305_EASY_HOT100,2023-04-16,LE SSERAFIM Easy Hot 100,0
LESSERAFIM_20240305_EASY_HOT100,2023-04-23,LE SSERAFIM Easy Hot 100,0
LESSERAFIM_20240305_EASY_HOT100,2023-04-30,LE SSERAFIM Easy Hot 100,0
LESSERAFIM_20240305_EASY_HOT100,2023-05-07,LE SSERAFIM Easy Hot 100,0
LESSERAFIM_20240305_EASY_HOT100,2023-05-14,LE SSERAFIM Easy Hot 100,0
LESSERAFIM_20240305_EASY_HOT100,2023-05-21,LE SSERAFIM Easy Hot 100,0
LESSERAFIM_20240305_EASY_HOT100,2023-05-28,LE SSERAFIM Easy Hot 100,0
LESSERAFIM_20240305_EASY_HOT100,2023-06-04,LE SSERAFIM Easy Hot 100,0
LESSERAFIM_20240305_EASY_HOT100,2023-06-11,LE SSERAFIM Easy Hot 100,0
LESSERAFIM_20240305_EASY_HOT100,2023-06-18,LE SSERAFIM Easy Hot 100,0
LESSERAFIM_20240305_EASY_HOT100,2023-06-25,LE SSERAFIM Easy Hot 100,0
LESSERAFIM_20240305_EASY_HOT100,2023-07-02,LE SSERAFIM Easy Hot 100,0
LESSERAFIM_20240305_EASY_HOT100,2023-07-09,LE SSERAFIM Easy Hot 100,0
LESSERAFIM_20240305_EASY_HOT100,2023-07-16,LE SSERAFIM Easy Hot 100,0
LESSERAFIM_20240305_EASY_HOT100,2023-07-23,LE SSERAFIM Easy Hot 100,0
LESSERAFIM_20240305_EASY_HOT100,2023-07-30,LE SSERAFIM Easy Hot 100,0
LESSERAFIM_20240305_EASY_HOT100,2023-08-06,LE SSERAFIM Easy Hot 100,0
LESSERAFIM_20240305_EASY_HOT100,2023-08-13,LE SSERAFIM Easy Hot 100,0
LESSERAFIM_20240305_EASY_HOT100,2023-08-20,LE SSERAFIM Easy Hot 100,0
LESSERAFIM_20240305_EASY_HOT100,2023-08-27,LE SSERAFIM Easy Hot 100,0
LESSERAFIM_20240305_EASY_HOT100,2023-09-03,LE SSERAFIM Easy Hot 100,0
LESSERAFIM_20240305_EASY_HOT100,2023-09-10,LE SSERAFIM Easy Hot 100,0
LESSERAFIM_20240305_EASY_HOT100,2023-09-17,LE SSERAFIM Easy Hot 100,0
LESSERAFIM_20240305_EASY_HOT100,2023-09-24,LE SSERAFIM Easy Hot 100,0
LESSERAFIM_20240305_EASY_HOT100,2023-10-01,LE SSERAFIM Easy Hot 100,0
LESSERAFIM_20240305_EASY_HOT100,2023-10-08,LE SSERAFIM Easy Hot 100,0
LESSERAFIM_20240305_EASY_HOT100,2023-10-15,LE SSERAFIM Easy Hot 100,0
LESSERAFIM_20240305_EASY_HOT100,2023-10-22,LE SSERAFIM Easy Hot 100,0
LESSERAFIM_20240305_EASY_HOT100,2023-10-29,LE SSERAFIM Easy Hot 100,0
LESSERAFIM_20240305_EASY_HOT100,2023-11-05,LE SSERAFIM Easy Hot 100,0
LESSERAFIM_20240305_EASY_HOT100,2023-11-12,LE SSERAFIM Easy Hot 100,0
LESSERAFIM_20240305_EASY_HOT100,2023-11-19,LE SSERAFIM Easy Hot 100,0
LESSERAFIM_20240305_EASY_HOT100,2023-11-26,LE SSERAFIM Easy Hot 100,0
LESSERAFIM_20240305_EASY_HOT100,2023-12-03,LE SSERAFIM Easy Hot 100,0
LESSERAFIM_20240305_EASY_HOT100,2023-12-10,LE SSERAFIM Easy Hot 100,0
LESSERAFIM_20240305_EASY_HOT100,2023-12-17,LE SSERAFIM Easy Hot 100,0
LESSERAFIM_20240305_EASY_HOT100,2023-12-24,LE SSERAFIM Easy Hot 100,0
LESSERAFIM_20240305_EASY_HOT100,2023-12-31,LE SSERAFIM Easy Hot 100,0
LESSERAFIM_20240305_EASY_HOT100,2024-01-07,LE SSERAFIM Easy Hot 100,0
LESSERAFIM_20240305_EASY_HOT100,2024-01-14,LE SSERAFIM Easy Hot 100,0
LESSERAFIM_20240305_EASY_HOT100,2024-01-21,LE SSERAFIM Easy Hot 100,0
LESSERAFIM_20240305_EASY_HOT100,2024-01-28,LE SSERAFIM Easy Hot 100,0
LESSERAFIM_20240305_EASY_HOT100,2024-02-04,LE SSERAFIM Easy Hot 100,0
LESSERAFIM_20240305_EASY_HOT100,2024-02-11,LE SSERAFIM Easy Hot 100,0
LESSERAFIM_20240305_EASY_HOT100,2024-02-18,LE SSERAFIM Easy Hot 100,0
LESSERAFIM_20240305_EASY_HOT100,2024-02-25,LE SSERAFIM Easy Hot 100,0
LESSERAFIM_20240305_EASY_HOT100,2024-03-03,LE SSERAFIM Easy Hot 100,0
LESSERAFIM_20240305_EASY_HOT100,2024-03-10,LE SSERAFIM Easy Hot 100,0
LESSERAFIM_20240305_EASY_HOT100,2024-03-17,LE SSERAFIM Easy Hot 100,0
LESSERAFIM_20240305_EASY_HOT100,2024-03-24,LE SSERAFIM Easy Hot 100,0
LESSERAFIM_20240305_EASY_HOT100,2024-03-31,LE SSERAFIM Easy Hot 100,0
LESSERAFIM_20240305_EASY_HOT100,2024-04-07,LE SSERAFIM Easy Hot 100,0
LESSERAFIM_20240305_EASY_HOT100,2024-04-14,LE SSERAFIM Easy Hot 100,0
LESSERAFIM_20240305_EASY_HOT100,2024-04-21,LE SSERAFIM Easy Hot 100,0
LESSERAFIM_20240305_EASY_HOT100,2024-04-28,LE SSERAFIM Easy Hot 100,0
LESSERAFIM_20240305_EASY_HOT100,2024-05-05,LE SSERAFIM Easy Hot 100,0
LESSERAFIM_20240305_EASY_HOT100,2024-05-12,LE SSERAFIM Easy Hot 100,0
LESSERAFIM_20240305_EASY_HOT100,2024-05-19,LE SSERAFIM Easy Hot 100,0
LESSERAFIM_20240305_EASY_HOT100,2024-05-26,LE SSERAFIM Easy Hot 100,0
LESSERAFIM_20240305_EASY_HOT100,2024-06-02,LE SSERAFIM Easy Hot 100,0
LESSERAFIM_20240305_EASY_HOT100,2024-06-09,LE SSERAFIM Easy Hot 100,0
LESSERAFIM_20240305_EASY_HOT100,2024-06-16,LE SSERAFIM Easy Hot 100,0
LESSERAFIM_20240305_EASY_HOT100,2024-06-23,LE SSERAFIM Easy Hot 100,0
LESSERAFIM_20240305_EASY_HOT100,2024-06-30,LE SSERAFIM Easy Hot 100,0
LESSERAFIM_20240305_EASY_HOT100,2024-07-07,LE SSERAFIM Easy Hot 100,0
LESSERAFIM_20240305_EASY_HOT100,2024-07-14,LE SSERAFIM Easy Hot 100,0
LESSERAFIM_20240305_EASY_HOT100,2024-07-21,LE SSERAFIM Easy Hot 100,0
LESSERAFIM_20240305_EASY_HOT100,2024-07-28,LE SSERAFIM Easy Hot 100,0
LESSERAFIM_20240305_EASY_HOT100,2024-08-04,LE SSERAFIM Easy Hot 100,0
LESSERAFIM_20240305_EASY_HOT100,2024-08-11,LE SSERAFIM Easy Hot 100,0
LESSERAFIM_20240305_EASY_HOT100,2024-08-18,LE SSERAFIM Easy Hot 100,0
LESSERAFIM_20240305_EASY_HOT100,2024-08-25,LE SSERAFIM Easy Hot 100,0
LESSERAFIM_20240305_EASY_HOT100,2024-09-01,LE SSERAFIM Easy Hot 100,0
LESSERAFIM_20240305_EASY_HOT100,2024-09-08,LE SSERAFIM Easy Hot 100,0
LESSERAFIM_20240305_EASY_HOT100,2024-09-15,LE SSERAFIM Easy Hot 100,0
LESSERAFIM_20240305_EASY_HOT100,2024-09-22,LE SSERAFIM Easy Hot 100,0
LESSERAFIM_20240305_EASY_HOT100,2024-09-29,LE SSERAFIM Easy Hot 100,0
LESSERAFIM_20240305_EASY_HOT100,2024-10-06,LE SSERAFIM Easy Hot 100,0
LESSERAFIM_20240305_EASY_HOT100,2024-10-13,LE SSERAFIM Easy Hot 100,0
LESSERAFIM_20240305_EASY_HOT100,2024-10-20,LE SSERAFIM Easy Hot 100,0
LESSERAFIM_20240305_EASY_HOT100,2024-10-27,LE SSERAFIM Easy Hot 100,0
LESSERAFIM_20240305_EASY_HOT100,2024-11-03,LE SSERAFIM Easy Hot 100,0
LESSERAFIM_20240305_EASY_HOT100,2024-11-10,LE SSERAFIM Easy Hot 100,0
LESSERAFIM_20240305_EASY_HOT100,2024-11-17,LE SSERAFIM Easy Hot 100,0
LESSERAFIM_20240305_EASY_HOT100,2024-11-24,LE SSERAFIM Easy Hot 100,0
LESSERAFIM_20240305_EASY_HOT100,2024-12-01,LE SSERAFIM Easy Hot 100,0
LESSERAFIM_20240305_EASY_HOT100,2024-12-08,LE SSERAFIM Easy Hot 100,0
LESSERAFIM_20240305_EASY_HOT100,2024-12-15,LE SSERAFIM Easy Hot 100,0
LESSERAFIM_20240305_EASY_HOT100,2024-12-22,LE SSERAFIM Easy Hot 100,0
LESSERAFIM_20240305_EASY_HOT100,2024-12-29,LE SSERAFIM Easy Hot 100,0
LESSERAFIM_20240305_EASY_HOT100,2025-01-05,LE SSERAFIM Easy Hot 100,0
LESSERAFIM_20240305_EASY_HOT100,2025-01-12,LE SSERAFIM Easy Hot 100,0
LESSERAFIM_20240305_EASY_HOT100,2025-01-19,LE SSERAFIM Easy Hot 100,0
LESSERAFIM_20240305_EASY_HOT100,2025-01-26,LE SSERAFIM Easy Hot 100,0
LESSERAFIM_20240305_EASY_HOT100,2025-02-02,LE SSERAFIM Easy Hot 100,0
LESSERAFIM_20240305_EASY_HOT100,2025-02-09,LE SSERAFIM Easy Hot 100,0
LESSERAFIM_20240305_EASY_HOT100,2025-02-16,LE SSERAFIM Easy Hot 100,0
LESSERAFIM_20240305_EASY_HOT100,2025-02-23,LE SSERAFIM Easy Hot 100,0
LESSERAFIM_20240305_EASY_HOT100,2025-03-02,LE SSERAFIM Easy Hot 100,0
LESSERAFIM_20240305_EASY_HOT100,2025-03-09,LE SSERAFIM Easy Hot 100,0
LESSERAFIM_20240305_EASY_HOT100,2025-03-16,LE SSERAFIM Easy Hot 100,0
LESSERAFIM_20240305_EASY_HOT100,2025-03-23,LE SSERAFIM Easy Hot 100,0
LESSERAFIM_20240305_EASY_HOT100,2025-03-30,LE SSERAFIM Easy Hot 100,0
LESSERAFIM_20240305_EASY_HOT100,2025-04-06,LE SSERAFIM Easy Hot 100,0
LESSERAFIM_20240305_EASY_HOT100,2025-04-13,LE SSERAFIM Easy Hot 100,0
LESSERAFIM_20240305_EASY_HOT100,2025-04-20,LE SSERAFIM Easy Hot 100,0
LESSERAFIM_20240305_EASY_HOT100,2025-04-27,LE SSERAFIM Easy Hot 100,0
LESSERAFIM_20240305_EASY_HOT100,2025-05-04,LE SSERAFIM Easy Hot 100,0
LESSERAFIM_20240305_EASY_HOT100,2025-05-11,LE SSERAFIM Easy Hot 100,0
LESSERAFIM_20240305_EASY_HOT100,2025-05-18,LE SSERAFIM Easy Hot 100,0
LESSERAFIM_20240305_EASY_HOT100,2025-05-25,LE SSERAFIM Easy Hot 100,0
LESSERAFIM_20240305_EASY_HOT100,2025-06-01,LE SSERAFIM Easy Hot 100,0
LESSERAFIM_20240305_EASY_HOT100,2025-06-08,LE SSERAFIM Easy Hot 100,0
LESSERAFIM_20240305_EASY_HOT100,2025-06-15,LE SSERAFIM Easy Hot 100,0
LESSERAFIM_20240305_EASY_HOT100,2025-06-22,LE SSERAFIM Easy Hot 100,0
LESSERAFIM_20240305_EASY_HOT100,2025-06-29,LE SSERAFIM Easy Hot 100,0
LESSERAFIM_20240305_EASY_HOT100,2025-07-06,LE SSERAFIM Easy Hot 100,0
LESSERAFIM_20240305_EASY_HOT100,2025-07-13,LE SSERAFIM Easy Hot 100,0
LESSERAFIM_20240305_EASY_HOT100,2025-07-20,LE SSERAFIM Easy Hot 100,0
LESSERAFIM_20240305_EASY_HOT100,2025-07-27,LE SSERAFIM Easy Hot 100,0
LESSERAFIM_20240305_EASY_HOT100,2025-08-03,LE SSERAFIM Easy Hot 100,0
LESSERAFIM_20240305_EASY_HOT100,2025-08-10,LE SSERAFIM Easy Hot 100,0
LESSERAFIM_20240305_EASY_HOT100,2025-08-17,LE SSERAFIM Easy Hot 100,0
LESSERAFIM_20240305_EASY_HOT100,2025-08-24,LE SSERAFIM Easy Hot 100,0
LESSERAFIM_20240305_EASY_HOT100,2025-08-31,LE SSERAFIM Easy Hot 100,0
LESSERAFIM_20240305_EASY_HOT100,2025-09-07,LE SSERAFIM Easy Hot 100,0
LESSERAFIM_20240305_EASY_HOT100,2025-09-14,LE SSERAFIM Easy Hot 100,0
LESSERAFIM_20240305_EASY_HOT100,2025-09-21,LE SSERAFIM Easy Hot 100,0
LESSERAFIM_20240305_EASY_HOT100,2025-09-28,LE SSERAFIM Easy Hot 100,0
LESSERAFIM_20240305_EASY_HOT100,2025-10-05,LE SSERAFIM Easy Hot 100,0
LESSERAFIM_20240305_EASY_HOT100,2025-10-12,LE SSERAFIM Easy Hot 100,0
LESSERAFIM_20240305_EASY_HOT100,2025-10-19,LE SSERAFIM Easy Hot 100,0
LESSERAFIM_20240305_EASY_HOT100,2025-10-26,LE SSERAFIM Easy Hot 100,0
LESSERAFIM_20240305_EASY_HOT100,2025-11-02,LE SSERAFIM Easy Hot 100,0
LESSERAFIM_20240305_EASY_HOT100,2025-11-09,LE SSERAFIM Easy Hot 100,0
LESSERAFIM_20240305_EASY_HOT100,2025-11-16,LE SSERAFIM Easy Hot 100,0
LESSERAFIM_20240305_EASY_HOT100,2025-11-23,LE SSERAFIM Easy Hot 100,0
LESSERAFIM_20240305_EASY_HOT100,2025-11-30,LE SSERAFIM Easy Hot 100,0
LESSERAFIM_20240305_EASY_HOT100,2025-12-07,LE SSERAFIM Easy Hot 100,0
LESSERAFIM_20240305_EASY_HOT100,2025-12-14,LE SSERAFIM Easy Hot 100,100
LESSERAFIM_20240305_EASY_HOT100,2025-12-21,LE SSERAFIM Easy Hot 100,0
LESSERAFIM_20240305_EASY_HOT100,2025-12-28,LE SSERAFIM Easy Hot 100,0
